Title,URL handle,Description,Vendor,Tags,Published on online store,Status,SKU,Barcode,Option1 name,Option1 value,Price,Charge tax,Inventory tracker,Inventory quantity,Continue selling when out of stock,Weight value (grams),Weight unit for display,Requires shipping,Fulfillment service,Product image URL,Image position,Image alt text,Gift card
MOD. 1102 LONG SLEEVED FISHNET BODYSTOCKING BLACK OS,mod-1102-long-sleeved-fishnet-bodystocking-black-os,"<p>Domina la seducción manteniéndote cómoda y sexy con este mono de rejilla.</p>
<p>Lavar a mano. No usar lejía. No planchar.</p>
<p>Tejido: 95 % poliamida, 5 % elastano.</p>",MAPALÉ,llenceria,FALSE,draft,MAP5552,190602585552,Title,Default Title,26.95,TRUE,shopify,0,DENY,140,g,TRUE,manual,https://backoffice.saintsual.com/53276-superlarge_default_2x/mod-1102-long-sleeved-fishnet-bodystocking-black-os.jpg,1,MOD. 1102 LONG SLEEVED FISHNET BODYSTOCKING BLACK OS,FALSE
,mod-1102-long-sleeved-fishnet-bodystocking-black-os,,,,,,,,,,,,,,,,,,,https://backoffice.saintsual.com/53275-superlarge_default_2x/mod-1102-long-sleeved-fishnet-bodystocking-black-os.jpg,2,MOD. 1102 LONG SLEEVED FISHNET BODYSTOCKING BLACK OS,
,mod-1102-long-sleeved-fishnet-bodystocking-black-os,,,,,,,,,,,,,,,,,,,https://backoffice.saintsual.com/53277-superlarge_default_2x/mod-1102-long-sleeved-fishnet-bodystocking-black-os.jpg,3,MOD. 1102 LONG SLEEVED FISHNET BODYSTOCKING BLACK OS,
,mod-1102-long-sleeved-fishnet-bodystocking-black-os,,,,,,,,,,,,,,,,,,,https://backoffice.saintsual.com/53278-superlarge_default_2x/mod-1102-long-sleeved-fishnet-bodystocking-black-os.jpg,4,MOD. 1102 LONG SLEEVED FISHNET BODYSTOCKING BLACK OS,
MOD. 1102X LONG SLEEVED FISHNET BODYSTOCKING BLACK OSX,mod-1102x-long-sleeved-fishnet-bodystocking-black-osx,"<p>Domina la seducción manteniéndote cómoda y sexy con este mono de rejilla.</p>
<p>Lavar a mano. No usar lejía. No planchar.</p>
<p>Tejido: 95 % poliamida, 5 % elastano.</p>",MAPALÉ,llenceria,FALSE,draft,MAP5569,190602585569,Title,Default Title,27.95,TRUE,shopify,2,DENY,140.4,g,TRUE,manual,https://backoffice.saintsual.com/53281-superlarge_default_2x/mod-1102x-long-sleeved-fishnet-bodystocking-black-osx.jpg,1,MOD. 1102X LONG SLEEVED FISHNET BODYSTOCKING BLACK OSX,FALSE
,mod-1102x-long-sleeved-fishnet-bodystocking-black-osx,,,,,,,,,,,,,,,,,,,https://backoffice.saintsual.com/53280-superlarge_default_2x/mod-1102x-long-sleeved-fishnet-bodystocking-black-osx.jpg,2,MOD. 1102X LONG SLEEVED FISHNET BODYSTOCKING BLACK OSX,
,mod-1102x-long-sleeved-fishnet-bodystocking-black-osx,,,,,,,,,,,,,,,,,,,https://backoffice.saintsual.com/53279-superlarge_default_2x/mod-1102x-long-sleeved-fishnet-bodystocking-black-osx.jpg,3,MOD. 1102X LONG SLEEVED FISHNET BODYSTOCKING BLACK OSX,
MOD. 1103 FISHNET BODYSUIT BLACK OS,mod-1103-fishnet-bodysuit-black-os,"<p>Realza tu figura con este body de rejilla y detalles florales.</p>
<p>Lavar a mano. No usar lejía. No planchar.</p>
<p>Tejido: 95 % poliamida, 5 % elastano. Elástico plegable: 80 % poliamida, 20 % elastano.</p>",MAPALÉ,llenceria,FALSE,draft,MAP5576,190602585576,Title,Default Title,24.95,TRUE,shopify,0,DENY,90,g,TRUE,manual,https://backoffice.saintsual.com/53283-superlarge_default_2x/mod-1103-fishnet-bodysuit-black-os.jpg,1,MOD. 1103 FISHNET BODYSUIT BLACK OS,FALSE
,mod-1103-fishnet-bodysuit-black-os,,,,,,,,,,,,,,,,,,,https://backoffice.saintsual.com/53282-superlarge_default_2x/mod-1103-fishnet-bodysuit-black-os.jpg,2,MOD. 1103 FISHNET BODYSUIT BLACK OS,
,mod-1103-fishnet-bodysuit-black-os,,,,,,,,,,,,,,,,,,,https://backoffice.saintsual.com/53284-superlarge_default_2x/mod-1103-fishnet-bodysuit-black-os.jpg,3,MOD. 1103 FISHNET BODYSUIT BLACK OS,
MOD. 1103X FISHNET BODYSUIT BLACK OSX,mod-1103x-fishnet-bodysuit-black-osx,"<p>Realza tu figura con este body de rejilla y detalles florales.</p>
<p>Lavar a mano. No usar lejía. No planchar.</p>
<p>Tejido: 95 % poliamida, 5 % elastano. Elástico plegable: 80 % poliamida, 20 % elastano.</p>",MAPALÉ,llenceria,FALSE,draft,MAP5583,190602585583,Title,Default Title,26.95,TRUE,shopify,1,DENY,90,g,TRUE,manual,https://backoffice.saintsual.com/53285-superlarge_default_2x/mod-1103x-fishnet-bodysuit-black-osx.jpg,1,MOD. 1103X FISHNET BODYSUIT BLACK OSX,FALSE
,mod-1103x-fishnet-bodysuit-black-osx,,,,,,,,,,,,,,,,,,,https://backoffice.saintsual.com/53288-superlarge_default_2x/mod-1103x-fishnet-bodysuit-black-osx.jpg,2,MOD. 1103X FISHNET BODYSUIT BLACK OSX,
,mod-1103x-fishnet-bodysuit-black-osx,,,,,,,,,,,,,,,,,,,https://backoffice.saintsual.com/53294-superlarge_default_2x/mod-1103x-fishnet-bodysuit-black-osx.jpg,3,MOD. 1103X FISHNET BODYSUIT BLACK OSX,
"MOD. 1104 FISHNET STOCKING, NECKLINES & STRAPS BLACK OS",mod-1104-fishnet-stocking-necklines-straps-black-os,"<p>Marca tendencia con este icónico bañador de rejilla floral, con detalle de cordones en la espalda, ligas y medias integradas.</p>
<p>Lavar a mano. No usar lejía. No planchar.</p>
<p>Tejido: 94 % poliamida, 6 % elastano.</p>",MAPALÉ,llenceria,FALSE,draft,MAP5590,190602585590,Title,Default Title,28.95,TRUE,shopify,0,DENY,120,g,TRUE,manual,https://backoffice.saintsual.com/53289-superlarge_default_2x/mod-1104-fishnet-stocking-necklines-straps-black-os.jpg,1,"MOD. 1104 FISHNET STOCKING, NECKLINES & STRAPS BLACK OS",FALSE
,mod-1104-fishnet-stocking-necklines-straps-black-os,,,,,,,,,,,,,,,,,,,https://backoffice.saintsual.com/53286-superlarge_default_2x/mod-1104-fishnet-stocking-necklines-straps-black-os.jpg,2,"MOD. 1104 FISHNET STOCKING, NECKLINES & STRAPS BLACK OS",
,mod-1104-fishnet-stocking-necklines-straps-black-os,,,,,,,,,,,,,,,,,,,https://backoffice.saintsual.com/53292-superlarge_default_2x/mod-1104-fishnet-stocking-necklines-straps-black-os.jpg,3,"MOD. 1104 FISHNET STOCKING, NECKLINES & STRAPS BLACK OS",
"MOD. 1104X FISHNET STOCKING, NECKLINES & STRAPS BLACK OSX",mod-1104x-fishnet-stocking-necklines-straps-black-osx,"<p>Marca tendencia con este icónico bañador de rejilla floral, con detalle de cordones en la espalda, ligas y medias integradas.</p>
<p>Lavar a mano. No usar lejía. No planchar.</p>
<p>Tejido: 94 % poliamida, 6 % elastano.</p>",MAPALÉ,llenceria,FALSE,draft,MAP5606,190602585606,Title,Default Title,29.95,TRUE,shopify,1,DENY,120,g,TRUE,manual,https://backoffice.saintsual.com/53290-superlarge_default_2x/mod-1104x-fishnet-stocking-necklines-straps-black-osx.jpg,1,"MOD. 1104X FISHNET STOCKING, NECKLINES & STRAPS BLACK OSX",FALSE
,mod-1104x-fishnet-stocking-necklines-straps-black-osx,,,,,,,,,,,,,,,,,,,https://backoffice.saintsual.com/53287-superlarge_default_2x/mod-1104x-fishnet-stocking-necklines-straps-black-osx.jpg,2,"MOD. 1104X FISHNET STOCKING, NECKLINES & STRAPS BLACK OSX",
,mod-1104x-fishnet-stocking-necklines-straps-black-osx,,,,,,,,,,,,,,,,,,,https://backoffice.saintsual.com/53291-superlarge_default_2x/mod-1104x-fishnet-stocking-necklines-straps-black-osx.jpg,3,"MOD. 1104X FISHNET STOCKING, NECKLINES & STRAPS BLACK OSX",
"MOD. 1105 FISHNET STOCKING, NECKLINES & STRAPS BLACK OS",mod-1105-fishnet-stocking-necklines-straps-black-os,"<p>Resalta tus curvas con este diseño de malla y detalles florales, con liguero y medias integradas.</p>
<p>Lavar a mano. No usar lejía. No planchar.</p>
<p>Tejido: 94 % poliamida, 6 % elastano.</p>",MAPALÉ,llenceria,FALSE,draft,MAP5613,190602585613,Title,Default Title,28.95,TRUE,shopify,0,DENY,110,g,TRUE,manual,https://backoffice.saintsual.com/53299-superlarge_default_2x/mod-1105-fishnet-stocking-necklines-straps-black-os.jpg,1,"MOD. 1105 FISHNET STOCKING, NECKLINES & STRAPS BLACK OS",FALSE
,mod-1105-fishnet-stocking-necklines-straps-black-os,,,,,,,,,,,,,,,,,,,https://backoffice.saintsual.com/53296-superlarge_default_2x/mod-1105-fishnet-stocking-necklines-straps-black-os.jpg,2,"MOD. 1105 FISHNET STOCKING, NECKLINES & STRAPS BLACK OS",
,mod-1105-fishnet-stocking-necklines-straps-black-os,,,,,,,,,,,,,,,,,,,https://backoffice.saintsual.com/53293-superlarge_default_2x/mod-1105-fishnet-stocking-necklines-straps-black-os.jpg,3,"MOD. 1105 FISHNET STOCKING, NECKLINES & STRAPS BLACK OS",
,mod-1105-fishnet-stocking-necklines-straps-black-os,,,,,,,,,,,,,,,,,,,https://backoffice.saintsual.com/53303-superlarge_default_2x/mod-1105-fishnet-stocking-necklines-straps-black-os.jpg,4,"MOD. 1105 FISHNET STOCKING, NECKLINES & STRAPS BLACK OS",
,mod-1105-fishnet-stocking-necklines-straps-black-os,,,,,,,,,,,,,,,,,,,https://backoffice.saintsual.com/53304-superlarge_default_2x/mod-1105-fishnet-stocking-necklines-straps-black-os.jpg,5,"MOD. 1105 FISHNET STOCKING, NECKLINES & STRAPS BLACK OS",
,mod-1105-fishnet-stocking-necklines-straps-black-os,,,,,,,,,,,,,,,,,,,https://backoffice.saintsual.com/53305-superlarge_default_2x/mod-1105-fishnet-stocking-necklines-straps-black-os.jpg,6,"MOD. 1105 FISHNET STOCKING, NECKLINES & STRAPS BLACK OS",
"MOD. 1105 FISHNET STOCKING, NECKLINES & STRAPS NEON PINK OS",mod-1105-fishnet-stocking-necklines-straps-neon-pink-os,"<p>Resalta tus curvas con este diseño de malla y detalles florales, con liguero y medias integradas.</p>
<p>Lavar a mano. No usar lejía. No planchar.</p>
<p>Tejido: 95 % poliamida, 5 % elastano. Elástico plegable: 80 % poliamida, 20 % elastano.</p>",MAPALÉ,llenceria,FALSE,draft,MAP3760,190602203760,Title,Default Title,28.95,TRUE,shopify,0,DENY,110,g,TRUE,manual,https://backoffice.saintsual.com/53297-superlarge_default_2x/mod-1105-fishnet-stocking-necklines-straps-neon-pink-os.jpg,1,"MOD. 1105 FISHNET STOCKING, NECKLINES & STRAPS NEON PINK OS",FALSE
,mod-1105-fishnet-stocking-necklines-straps-neon-pink-os,,,,,,,,,,,,,,,,,,,https://backoffice.saintsual.com/53295-superlarge_default_2x/mod-1105-fishnet-stocking-necklines-straps-neon-pink-os.jpg,2,"MOD. 1105 FISHNET STOCKING, NECKLINES & STRAPS NEON PINK OS",
"MOD. 1105X FISHNET STOCKING, NECKLINES & STRAPS BLACK OSX",mod-1105x-fishnet-stocking-necklines-straps-black-osx,"<p>Resalta tus curvas con este diseño de malla y detalles florales, con liguero y medias integradas.</p>
<p>Lavar a mano. No usar lejía. No planchar.</p>
<p>Tejido: 94 % poliamida, 6 % elastano.</p>",MAPALÉ,llenceria,FALSE,draft,MAP5620,190602585620,Title,Default Title,29.95,TRUE,shopify,2,DENY,110,g,TRUE,manual,https://backoffice.saintsual.com/53300-superlarge_default_2x/mod-1105x-fishnet-stocking-necklines-straps-black-osx.jpg,1,"MOD. 1105X FISHNET STOCKING, NECKLINES & STRAPS BLACK OSX",FALSE
,mod-1105x-fishnet-stocking-necklines-straps-black-osx,,,,,,,,,,,,,,,,,,,https://backoffice.saintsual.com/53298-superlarge_default_2x/mod-1105x-fishnet-stocking-necklines-straps-black-osx.jpg,2,"MOD. 1105X FISHNET STOCKING, NECKLINES & STRAPS BLACK OSX",
"MOD. 1105X FISHNET STOCKING, NECKLINES & STRAPS NEON PINK OSX",mod-1105x-fishnet-stocking-necklines-straps-neon-pink-osx,"<p>Resalta tus curvas con este diseño de malla y detalles florales, con liguero y medias integradas.</p>
<p>Lavar a mano. No usar lejía. No planchar.</p>
<p>Tejido: 95 % poliamida, 5 % elastano. Elástico plegable: 80 % poliamida, 20 % elastano.</p>",MAPALÉ,llenceria,FALSE,draft,MAP3777,190602203777,Title,Default Title,29.95,TRUE,shopify,1,DENY,110,g,TRUE,manual,https://backoffice.saintsual.com/53302-superlarge_default_2x/mod-1105x-fishnet-stocking-necklines-straps-neon-pink-osx.jpg,1,"MOD. 1105X FISHNET STOCKING, NECKLINES & STRAPS NEON PINK OSX",FALSE
,mod-1105x-fishnet-stocking-necklines-straps-neon-pink-osx,,,,,,,,,,,,,,,,,,,https://backoffice.saintsual.com/53301-superlarge_default_2x/mod-1105x-fishnet-stocking-necklines-straps-neon-pink-osx.jpg,2,"MOD. 1105X FISHNET STOCKING, NECKLINES & STRAPS NEON PINK OSX",
MOD. 1114 BOW FISHNET BODYSTOCKING BLACK/RED OS,mod-1114-bow-fishnet-bodystocking-black-red-os,"<p>Bodystocking de rejilla seductor con detalles de lazos rojos en contraste que le dan un toque femenino.</p>
<p>Lavar a mano. No usar lejía. No planchar.</p>
<p>Tejido: 95 % poliamida, 5 % elastano.</p>
<p>Lazo: 100 % poliéster. Elástico plegable: 80 % poliamida, 20 % elastano.</p>",MAPALÉ,llenceria,FALSE,draft,MAP3937,190602203937,Title,Default Title,24.95,TRUE,shopify,0,DENY,120,g,TRUE,manual,https://backoffice.saintsual.com/53488-superlarge_default_2x/mod-1114-bow-fishnet-bodystocking-black-red-os.jpg,1,MOD. 1114 BOW FISHNET BODYSTOCKING BLACK/RED OS,FALSE
,mod-1114-bow-fishnet-bodystocking-black-red-os,,,,,,,,,,,,,,,,,,,https://backoffice.saintsual.com/53489-superlarge_default_2x/mod-1114-bow-fishnet-bodystocking-black-red-os.jpg,2,MOD. 1114 BOW FISHNET BODYSTOCKING BLACK/RED OS,
,mod-1114-bow-fishnet-bodystocking-black-red-os,,,,,,,,,,,,,,,,,,,https://backoffice.saintsual.com/53490-superlarge_default_2x/mod-1114-bow-fishnet-bodystocking-black-red-os.jpg,3,MOD. 1114 BOW FISHNET BODYSTOCKING BLACK/RED OS,
MOD. 1117 LONG SLEEVE FLORAL FISHNET DRESS BLACK OS,mod-1117-long-sleeve-floral-fishnet-dress-black-os,"<p>Vestido de rejilla de manga larga con estampado floral y diseño de rejilla que realza las curvas.</p>
<p>Lavar a mano. No usar lejía. No planchar.</p>
<p>Tejido: 95 % poliamida, 5 % elastano.</p>",MAPALÉ,llenceria,FALSE,draft,MAP3883,190602203883,Title,Default Title,24.95,TRUE,shopify,0,DENY,150,g,TRUE,manual,https://backoffice.saintsual.com/53470-superlarge_default_2x/mod-1117-long-sleeve-floral-fishnet-dress-black-os.jpg,1,MOD. 1117 LONG SLEEVE FLORAL FISHNET DRESS BLACK OS,FALSE
,mod-1117-long-sleeve-floral-fishnet-dress-black-os,,,,,,,,,,,,,,,,,,,https://backoffice.saintsual.com/53471-superlarge_default_2x/mod-1117-long-sleeve-floral-fishnet-dress-black-os.jpg,2,MOD. 1117 LONG SLEEVE FLORAL FISHNET DRESS BLACK OS,
MOD. 1132 FISHNET BODYSTOCKING BLACK/RHINESTONE OS,mod-1132-fishnet-bodystocking-black-rhinestone-os,"<p>Bodystocking sexy con copas de red floral transparente, escote amplio y corpiño semitransparente con detalle de corsé y pedrería (braguita no incluida).</p>
<p>Lavar a mano. No usar lejía. No planchar.</p>
<p>Tejido: 95 % poliamida, 5 % elastano.</p>",MAPALÉ,llenceria,FALSE,draft,MAP4026,190602204026,Title,Default Title,24.95,TRUE,shopify,0,DENY,120,g,TRUE,manual,https://backoffice.saintsual.com/53455-superlarge_default_2x/mod-1132-fishnet-bodystocking-black-rhinestone-os.jpg,1,MOD. 1132 FISHNET BODYSTOCKING BLACK/RHINESTONE OS,FALSE
,mod-1132-fishnet-bodystocking-black-rhinestone-os,,,,,,,,,,,,,,,,,,,https://backoffice.saintsual.com/53454-superlarge_default_2x/mod-1132-fishnet-bodystocking-black-rhinestone-os.jpg,2,MOD. 1132 FISHNET BODYSTOCKING BLACK/RHINESTONE OS,
MOD. 6475 COSTUME SEXY CHEETAH AS SHOWN S/M,mod-6475-costume-sexy-cheetah-as-shown-s-m,"<p>Saca tu lado más salvaje con este sexy disfraz de guepardo.</p>
<p>Body estampado, guantes y tocado.</p>
<p>Lavar a mano. No usar lejía. No planchar.</p>
<p>78 % poliéster, 22 % elastano.</p>",MAPALÉ,llenceria,FALSE,draft,MAP9550,190602589550,Title,Default Title,46.95,TRUE,shopify,0,DENY,90,g,TRUE,manual,https://backoffice.saintsual.com/53406-superlarge_default_2x/mod-6475-costume-sexy-cheetah-as-shown-s-m.jpg,1,MOD. 6475 COSTUME SEXY CHEETAH AS SHOWN S/M,FALSE
,mod-6475-costume-sexy-cheetah-as-shown-s-m,,,,,,,,,,,,,,,,,,,https://backoffice.saintsual.com/53405-superlarge_default_2x/mod-6475-costume-sexy-cheetah-as-shown-s-m.jpg,2,MOD. 6475 COSTUME SEXY CHEETAH AS SHOWN S/M,
MOD. 6475 COSTUME SEXY CHEETAH AS SHOWN L/XL,mod-6475-costume-sexy-cheetah-as-shown-l-xl,"<p>Saca tu lado más salvaje con este sexy disfraz de guepardo.</p>
<p>Body estampado, guantes y tocado.</p>
<p>Lavar a mano. No usar lejía. No planchar.</p>
<p>78 % poliéster, 22 % elastano.</p>
<p></p>",MAPALÉ,llenceria,FALSE,draft,MAP9567,190602589567,Title,Default Title,46.95,TRUE,shopify,0,DENY,100,g,TRUE,manual,https://backoffice.saintsual.com/53418-superlarge_default_2x/mod-6475-costume-sexy-cheetah-as-shown-l-xl.jpg,1,MOD. 6475 COSTUME SEXY CHEETAH AS SHOWN L/XL,FALSE
,mod-6475-costume-sexy-cheetah-as-shown-l-xl,,,,,,,,,,,,,,,,,,,https://backoffice.saintsual.com/53409-superlarge_default_2x/mod-6475-costume-sexy-cheetah-as-shown-l-xl.jpg,2,MOD. 6475 COSTUME SEXY CHEETAH AS SHOWN L/XL,
MOD. 6481 COSTUME SCHOOL GIRL AS SHOWN S/M,mod-6481-costume-school-girl-as-shown-s-m,"<p>Disfraz de colegiala sexy. Incluye top transparente con lazo, falda con aberturas y lazo.</p>
<p>Lavar a mano. No usar lejía. No planchar.</p>
<p>93 % poliéster, 7 % elastano / 100 % poliamida, 93 % poliéster, 7 % elastano.</p>
<p></p>",MAPALÉ,llenceria,FALSE,draft,MAP9697,190602589697,Title,Default Title,46.95,TRUE,shopify,0,DENY,160,g,TRUE,manual,https://backoffice.saintsual.com/53399-superlarge_default_2x/mod-6481-costume-school-girl-as-shown-s-m.jpg,1,MOD. 6481 COSTUME SCHOOL GIRL AS SHOWN S/M,FALSE
,mod-6481-costume-school-girl-as-shown-s-m,,,,,,,,,,,,,,,,,,,https://backoffice.saintsual.com/53400-superlarge_default_2x/mod-6481-costume-school-girl-as-shown-s-m.jpg,2,MOD. 6481 COSTUME SCHOOL GIRL AS SHOWN S/M,
,mod-6481-costume-school-girl-as-shown-s-m,,,,,,,,,,,,,,,,,,,https://backoffice.saintsual.com/53402-superlarge_default_2x/mod-6481-costume-school-girl-as-shown-s-m.jpg,3,MOD. 6481 COSTUME SCHOOL GIRL AS SHOWN S/M,
MOD. 6481 COSTUME SCHOOL GIRL AS SHOWN L/XL,mod-6481-costume-school-girl-as-shown-l-xl,"<p>Disfraz de colegiala sexy. Incluye top transparente con lazo, falda con aberturas y lazo.</p>
<p>Lavar a mano. No usar lejía. No planchar.</p>
<p>93 % poliéster, 7 % elastano / 100 % poliamida, 93 % poliéster, 7 % elastano.</p>",MAPALÉ,llenceria,FALSE,draft,MAP9703,190602589703,Title,Default Title,46.95,TRUE,shopify,0,DENY,170,g,TRUE,manual,https://backoffice.saintsual.com/53403-superlarge_default_2x/mod-6481-costume-school-girl-as-shown-l-xl.jpg,1,MOD. 6481 COSTUME SCHOOL GIRL AS SHOWN L/XL,FALSE
,mod-6481-costume-school-girl-as-shown-l-xl,,,,,,,,,,,,,,,,,,,https://backoffice.saintsual.com/53401-superlarge_default_2x/mod-6481-costume-school-girl-as-shown-l-xl.jpg,2,MOD. 6481 COSTUME SCHOOL GIRL AS SHOWN L/XL,
,mod-6481-costume-school-girl-as-shown-l-xl,,,,,,,,,,,,,,,,,,,https://backoffice.saintsual.com/53404-superlarge_default_2x/mod-6481-costume-school-girl-as-shown-l-xl.jpg,3,MOD. 6481 COSTUME SCHOOL GIRL AS SHOWN L/XL,
MOD. 6486 COSTUME NURSE AS SHOWN S/M,mod-6486-costume-nurse-as-shown-s-m,"<p>Cubrirás todas sus necesidades con este sexy disfraz de enfermera.</p>
<p>Body de malla a rayas con detalles de encaje, tirantes ajustables, tanga y tocado.</p>
<p>Lavar a mano. No usar lejía. No planchar.</p>
<p>88 % poliamida, 12 % elastano / 86 % poliamida, 14 % elastano.</p>",MAPALÉ,llenceria,FALSE,draft,MAP9772,190602589772,Title,Default Title,50.95,TRUE,shopify,0,DENY,100,g,TRUE,manual,https://backoffice.saintsual.com/53397-superlarge_default_2x/mod-6486-costume-nurse-as-shown-s-m.jpg,1,MOD. 6486 COSTUME NURSE AS SHOWN S/M,FALSE
,mod-6486-costume-nurse-as-shown-s-m,,,,,,,,,,,,,,,,,,,https://backoffice.saintsual.com/53398-superlarge_default_2x/mod-6486-costume-nurse-as-shown-s-m.jpg,2,MOD. 6486 COSTUME NURSE AS SHOWN S/M,
MOD. 6486 COSTUME NURSE AS SHOWN L/XL,mod-6486-costume-nurse-as-shown-l-xl,"<p>Cubrirás todas sus necesidades con este sexy disfraz de enfermera.</p>
<p>Body de malla a rayas con detalles de encaje, tirantes ajustables, tanga y tocado.</p>
<p>Lavar a mano. No usar lejía. No planchar.</p>
<p>88 % poliamida, 12 % elastano / 86 % poliamida, 14 % elastano.</p>",MAPALÉ,llenceria,FALSE,draft,MAP9789,190602589789,Title,Default Title,50.95,TRUE,shopify,3,DENY,100,g,TRUE,manual,https://backoffice.saintsual.com/53396-superlarge_default_2x/mod-6486-costume-nurse-as-shown-l-xl.jpg,1,MOD. 6486 COSTUME NURSE AS SHOWN L/XL,FALSE
,mod-6486-costume-nurse-as-shown-l-xl,,,,,,,,,,,,,,,,,,,https://backoffice.saintsual.com/53395-superlarge_default_2x/mod-6486-costume-nurse-as-shown-l-xl.jpg,2,MOD. 6486 COSTUME NURSE AS SHOWN L/XL,
MOD. 7548 ROMPER/BABYDOLL BLACK S,mod-7548-romper-babydoll-black-s,"<p>Este delicado encaje de pestañas se verá como una obra maestra en tu piel.</p>
<p>Este mono de encaje cuenta con tirantes ajustables y tanga a juego, creando una silueta semi ancha para un look exquisito y cómodo.</p>
<p>Lavar a mano. No usar lejía. No planchar.</p>
<p>100 % poliamida, 95 % poliamida, 5 % elastano.</p>",MAPALÉ,llenceria,FALSE,draft,MAP4081,190602104081,Title,Default Title,38.95,TRUE,shopify,5,DENY,110,g,TRUE,manual,https://backoffice.saintsual.com/53356-superlarge_default_2x/mod-7548-romper-babydoll-black-s.jpg,1,MOD. 7548 ROMPER/BABYDOLL BLACK S,FALSE
,mod-7548-romper-babydoll-black-s,,,,,,,,,,,,,,,,,,,https://backoffice.saintsual.com/53357-superlarge_default_2x/mod-7548-romper-babydoll-black-s.jpg,2,MOD. 7548 ROMPER/BABYDOLL BLACK S,
MOD. 7548 ROMPER/BABYDOLL BLACK M,mod-7548-romper-babydoll-black-m,"<p>Este delicado encaje de pestañas se verá como una obra maestra en tu piel.</p>
<p>Este mono de encaje cuenta con tirantes ajustables y tanga a juego, creando una silueta semi ancha para un look exquisito y cómodo.</p>
<p>Lavar a mano. No usar lejía. No planchar.</p>
<p>100 % poliamida, 95 % poliamida, 5 % elastano.</p>
<p></p>",MAPALÉ,llenceria,FALSE,draft,MAP4098,190602104098,Title,Default Title,38.95,TRUE,shopify,0,DENY,110,g,TRUE,manual,https://backoffice.saintsual.com/53370-superlarge_default_2x/mod-7548-romper-babydoll-black-m.jpg,1,MOD. 7548 ROMPER/BABYDOLL BLACK M,FALSE
,mod-7548-romper-babydoll-black-m,,,,,,,,,,,,,,,,,,,https://backoffice.saintsual.com/53355-superlarge_default_2x/mod-7548-romper-babydoll-black-m.jpg,2,MOD. 7548 ROMPER/BABYDOLL BLACK M,
MOD. 7548 ROMPER/BABYDOLL BLACK L,mod-7548-romper-babydoll-black-l,"<p>Este delicado encaje de pestañas se verá como una obra maestra en tu piel.</p>
<p>Este mono de encaje cuenta con tirantes ajustables y tanga a juego, creando una silueta semi ancha para un look exquisito y cómodo.</p>
<p>Lavar a mano. No usar lejía. No planchar.</p>
<p>100 % poliamida, 95 % poliamida, 5 % elastano.</p>
<p></p>",MAPALÉ,llenceria,FALSE,draft,MAP4104,190602104104,Title,Default Title,38.95,TRUE,shopify,2,DENY,110,g,TRUE,manual,https://backoffice.saintsual.com/53372-superlarge_default_2x/mod-7548-romper-babydoll-black-l.jpg,1,MOD. 7548 ROMPER/BABYDOLL BLACK L,FALSE
,mod-7548-romper-babydoll-black-l,,,,,,,,,,,,,,,,,,,https://backoffice.saintsual.com/53352-superlarge_default_2x/mod-7548-romper-babydoll-black-l.jpg,2,MOD. 7548 ROMPER/BABYDOLL BLACK L,
MOD. 7548 ROMPER/BABYDOLL BLACK XL,mod-7548-romper-babydoll-black-xl,"<p>Este delicado encaje de pestañas se verá como una obra maestra en tu piel.</p>
<p>Este mono de encaje cuenta con tirantes ajustables y tanga a juego, creando una silueta semi ancha para un look exquisito y cómodo.</p>
<p>Lavar a mano. No usar lejía. No planchar.</p>
<p>100 % poliamida, 95 % poliamida, 5 % elastano.</p>
<p></p>",MAPALÉ,llenceria,FALSE,draft,MAP4111,190602104111,Title,Default Title,38.95,TRUE,shopify,6,DENY,110,g,TRUE,manual,https://backoffice.saintsual.com/53376-superlarge_default_2x/mod-7548-romper-babydoll-black-xl.jpg,1,MOD. 7548 ROMPER/BABYDOLL BLACK XL,FALSE
,mod-7548-romper-babydoll-black-xl,,,,,,,,,,,,,,,,,,,https://backoffice.saintsual.com/53375-superlarge_default_2x/mod-7548-romper-babydoll-black-xl.jpg,2,MOD. 7548 ROMPER/BABYDOLL BLACK XL,
MOD. 7550 BABYDOLL BLACK S,mod-7550-babydoll-black-s,"<p>Luce tus curvas con este impresionante babydoll confeccionado con encaje de pestañas.</p>
<p>Con aros para mayor sujeción, tirantes ajustables y tanga a juego, es un conjunto espectacular.</p>
<p>Lavar a mano. No usar lejía. No planchar.</p>
<p>100 % poliamida.</p>",MAPALÉ,llenceria,FALSE,draft,MAP4166,190602104166,Title,Default Title,46.95,TRUE,shopify,0,DENY,130,g,TRUE,manual,https://backoffice.saintsual.com/53339-superlarge_default_2x/mod-7550-babydoll-black-s.jpg,1,MOD. 7550 BABYDOLL BLACK S,FALSE
,mod-7550-babydoll-black-s,,,,,,,,,,,,,,,,,,,https://backoffice.saintsual.com/53336-superlarge_default_2x/mod-7550-babydoll-black-s.jpg,2,MOD. 7550 BABYDOLL BLACK S,
,mod-7550-babydoll-black-s,,,,,,,,,,,,,,,,,,,https://backoffice.saintsual.com/53342-superlarge_default_2x/mod-7550-babydoll-black-s.jpg,3,MOD. 7550 BABYDOLL BLACK S,
,mod-7550-babydoll-black-s,,,,,,,,,,,,,,,,,,,https://backoffice.saintsual.com/53343-superlarge_default_2x/mod-7550-babydoll-black-s.jpg,4,MOD. 7550 BABYDOLL BLACK S,
MOD. 7550 BABYDOLL BLACK M,mod-7550-babydoll-black-m,"<p>Luce tus curvas con este impresionante babydoll confeccionado con encaje de pestañas.</p>
<p>Con aros para mayor sujeción, tirantes ajustables y tanga a juego, es un conjunto espectacular.</p>
<p>Lavar a mano. No usar lejía. No planchar.</p>
<p>100 % poliamida.</p>",MAPALÉ,llenceria,FALSE,draft,MAP4173,190602104173,Title,Default Title,46.95,TRUE,shopify,1,DENY,130,g,TRUE,manual,https://backoffice.saintsual.com/53338-superlarge_default_2x/mod-7550-babydoll-black-m.jpg,1,MOD. 7550 BABYDOLL BLACK M,FALSE
,mod-7550-babydoll-black-m,,,,,,,,,,,,,,,,,,,https://backoffice.saintsual.com/53333-superlarge_default_2x/mod-7550-babydoll-black-m.jpg,2,MOD. 7550 BABYDOLL BLACK M,
,mod-7550-babydoll-black-m,,,,,,,,,,,,,,,,,,,https://backoffice.saintsual.com/53340-superlarge_default_2x/mod-7550-babydoll-black-m.jpg,3,MOD. 7550 BABYDOLL BLACK M,
,mod-7550-babydoll-black-m,,,,,,,,,,,,,,,,,,,https://backoffice.saintsual.com/53341-superlarge_default_2x/mod-7550-babydoll-black-m.jpg,4,MOD. 7550 BABYDOLL BLACK M,
MOD. 7550 BABYDOLL BLACK L,mod-7550-babydoll-black-l,"<p>Luce tus curvas con este impresionante babydoll confeccionado con encaje de pestañas.</p>
<p>Con aros para mayor sujeción, tirantes ajustables y tanga a juego, es un conjunto espectacular.</p>
<p>Lavar a mano. No usar lejía. No planchar.</p>
<p>100 % poliamida.</p>",MAPALÉ,llenceria,FALSE,draft,MAP4180,190602104180,Title,Default Title,46.95,TRUE,shopify,0,DENY,130,g,TRUE,manual,https://backoffice.saintsual.com/53332-superlarge_default_2x/mod-7550-babydoll-black-l.jpg,1,MOD. 7550 BABYDOLL BLACK L,FALSE
,mod-7550-babydoll-black-l,,,,,,,,,,,,,,,,,,,https://backoffice.saintsual.com/53331-superlarge_default_2x/mod-7550-babydoll-black-l.jpg,2,MOD. 7550 BABYDOLL BLACK L,
,mod-7550-babydoll-black-l,,,,,,,,,,,,,,,,,,,https://backoffice.saintsual.com/53334-superlarge_default_2x/mod-7550-babydoll-black-l.jpg,3,MOD. 7550 BABYDOLL BLACK L,
,mod-7550-babydoll-black-l,,,,,,,,,,,,,,,,,,,https://backoffice.saintsual.com/53337-superlarge_default_2x/mod-7550-babydoll-black-l.jpg,4,MOD. 7550 BABYDOLL BLACK L,
MOD. 7550 BABYDOLL BLACK XL,mod-7550-babydoll-black-xl,"<p>Luce tus curvas con este impresionante babydoll confeccionado con encaje de pestañas.</p>
<p>Con aros para mayor sujeción, tirantes ajustables y tanga a juego, es un conjunto espectacular.</p>
<p>Lavar a mano. No usar lejía. No planchar.</p>
<p>100 % poliamida.</p>",MAPALÉ,llenceria,FALSE,draft,MAP4197,190602104197,Title,Default Title,46.95,TRUE,shopify,4,DENY,140,g,TRUE,manual,https://backoffice.saintsual.com/53329-superlarge_default_2x/mod-7550-babydoll-black-xl.jpg,1,MOD. 7550 BABYDOLL BLACK XL,FALSE
,mod-7550-babydoll-black-xl,,,,,,,,,,,,,,,,,,,https://backoffice.saintsual.com/53328-superlarge_default_2x/mod-7550-babydoll-black-xl.jpg,2,MOD. 7550 BABYDOLL BLACK XL,
,mod-7550-babydoll-black-xl,,,,,,,,,,,,,,,,,,,https://backoffice.saintsual.com/53330-superlarge_default_2x/mod-7550-babydoll-black-xl.jpg,3,MOD. 7550 BABYDOLL BLACK XL,
,mod-7550-babydoll-black-xl,,,,,,,,,,,,,,,,,,,https://backoffice.saintsual.com/53335-superlarge_default_2x/mod-7550-babydoll-black-xl.jpg,4,MOD. 7550 BABYDOLL BLACK XL,
MOD. 8844 TWO PIECE SET NUDE/BLACK S,mod-8844-two-piece-set-nude-black-s,"<p>Comodidad, sujeción y sensualidad: un conjunto de dos piezas que satisface todas tus necesidades.</p>
<p>Incluye un bralette de encaje bordado con tirantes ajustables y una tanga a juego.</p>
<p>Lavar a mano. No usar lejía. No planchar.</p>
<p>70 % poliéster, 30 % poliamida.</p>
<p></p>",MAPALÉ,llenceria,FALSE,draft,MAP3084,190602103084,Title,Default Title,36.95,TRUE,shopify,0,DENY,100,g,TRUE,manual,https://backoffice.saintsual.com/53323-superlarge_default_2x/mod-8844-two-piece-set-nude-black-s.jpg,1,MOD. 8844 TWO PIECE SET NUDE/BLACK S,FALSE
,mod-8844-two-piece-set-nude-black-s,,,,,,,,,,,,,,,,,,,https://backoffice.saintsual.com/53321-superlarge_default_2x/mod-8844-two-piece-set-nude-black-s.jpg,2,MOD. 8844 TWO PIECE SET NUDE/BLACK S,
MOD. 8844 TWO PIECE SET NUDE/BLACK M,mod-8844-two-piece-set-nude-black-m,"<p>Comodidad, sujeción y sensualidad: un conjunto de dos piezas que satisface todas tus necesidades.</p>
<p>Incluye un bralette de encaje bordado con tirantes ajustables y una tanga a juego.</p>
<p>Lavar a mano. No usar lejía. No planchar.</p>
<p>70 % poliéster, 30 % poliamida.</p>
<p></p>",MAPALÉ,llenceria,FALSE,draft,MAP3091,190602103091,Title,Default Title,36.95,TRUE,shopify,0,DENY,100,g,TRUE,manual,https://backoffice.saintsual.com/53320-superlarge_default_2x/mod-8844-two-piece-set-nude-black-m.jpg,1,MOD. 8844 TWO PIECE SET NUDE/BLACK M,FALSE
,mod-8844-two-piece-set-nude-black-m,,,,,,,,,,,,,,,,,,,https://backoffice.saintsual.com/53322-superlarge_default_2x/mod-8844-two-piece-set-nude-black-m.jpg,2,MOD. 8844 TWO PIECE SET NUDE/BLACK M,
MOD. 8844 TWO PIECE SET NUDE/BLACK L,mod-8844-two-piece-set-nude-black-l,"<p>Comodidad, sujeción y sensualidad: un conjunto de dos piezas que satisface todas tus necesidades.</p>
<p>Incluye un bralette de encaje bordado con tirantes ajustables y una tanga a juego.</p>
<p>Lavar a mano. No usar lejía. No planchar.</p>
<p>70 % poliéster, 30 % poliamida.</p>
<p></p>",MAPALÉ,llenceria,FALSE,draft,MAP3107,190602103107,Title,Default Title,36.95,TRUE,shopify,0,DENY,100,g,TRUE,manual,https://backoffice.saintsual.com/53319-superlarge_default_2x/mod-8844-two-piece-set-nude-black-l.jpg,1,MOD. 8844 TWO PIECE SET NUDE/BLACK L,FALSE
,mod-8844-two-piece-set-nude-black-l,,,,,,,,,,,,,,,,,,,https://backoffice.saintsual.com/53318-superlarge_default_2x/mod-8844-two-piece-set-nude-black-l.jpg,2,MOD. 8844 TWO PIECE SET NUDE/BLACK L,
MOD. 8844 TWO PIECE SET NUDE/BLACK XL,mod-8844-two-piece-set-nude-black-xl,"<p>Comodidad, sujeción y sensualidad: un conjunto de dos piezas que satisface todas tus necesidades.</p>
<p>Incluye un bralette de encaje bordado con tirantes ajustables y una tanga a juego.</p>
<p>Lavar a mano. No usar lejía. No planchar.</p>
<p>70 % poliéster, 30 % poliamida.</p>",MAPALÉ,llenceria,FALSE,draft,MAP3114,190602103114,Title,Default Title,36.95,TRUE,shopify,5,DENY,110,g,TRUE,manual,https://backoffice.saintsual.com/53317-superlarge_default_2x/mod-8844-two-piece-set-nude-black-xl.jpg,1,MOD. 8844 TWO PIECE SET NUDE/BLACK XL,FALSE
,mod-8844-two-piece-set-nude-black-xl,,,,,,,,,,,,,,,,,,,https://backoffice.saintsual.com/53316-superlarge_default_2x/mod-8844-two-piece-set-nude-black-xl.jpg,2,MOD. 8844 TWO PIECE SET NUDE/BLACK XL,
MOD. 1115 FLORAL FISHNET BODYSUIT BLACK OS,mod-1115-floral-fishnet-bodysuit-black-os,"<p>Un body versátil de rejilla que se puede llevar con escote halter o cruzado. Presenta detalles florales en la parte delantera y un atractivo diseño con cordones en la espalda.</p>
<p>Lavar a mano. No usar lejía. No planchar.</p>
<p>Tejido: 95 % poliamida, 5 % elastano.</p>
<p>Elástico plegable: 80 % poliamida, 20 % elastano.</p>",MAPALÉ,llenceria,FALSE,draft,MAP3814,190602203814,Title,Default Title,19.95,TRUE,shopify,0,DENY,60,g,TRUE,manual,https://backoffice.saintsual.com/53487-superlarge_default_2x/mod-1115-floral-fishnet-bodysuit-black-os.jpg,1,MOD. 1115 FLORAL FISHNET BODYSUIT BLACK OS,FALSE
,mod-1115-floral-fishnet-bodysuit-black-os,,,,,,,,,,,,,,,,,,,https://backoffice.saintsual.com/53486-superlarge_default_2x/mod-1115-floral-fishnet-bodysuit-black-os.jpg,2,MOD. 1115 FLORAL FISHNET BODYSUIT BLACK OS,
MOD. 1115 FLORAL FISHNET BODYSUIT CHERRY OS,mod-1115-floral-fishnet-bodysuit-cherry-os,"<p>Un body versátil de rejilla que se puede llevar con escote halter o cruzado. Presenta detalles florales en la parte delantera y un atractivo diseño con cordones en la espalda.</p>
<p>Lavar a mano. No usar lejía. No planchar.</p>
<p>Tejido: 95 % poliamida, 5 % elastano.</p>
<p>Elástico plegable: 80 % poliamida, 20 % elastano.</p>",MAPALÉ,llenceria,FALSE,draft,MAP3791,190602203791,Title,Default Title,19.95,TRUE,shopify,0,DENY,70,g,TRUE,manual,https://backoffice.saintsual.com/53484-superlarge_default_2x/mod-1115-floral-fishnet-bodysuit-cherry-os.jpg,1,MOD. 1115 FLORAL FISHNET BODYSUIT CHERRY OS,FALSE
,mod-1115-floral-fishnet-bodysuit-cherry-os,,,,,,,,,,,,,,,,,,,https://backoffice.saintsual.com/53485-superlarge_default_2x/mod-1115-floral-fishnet-bodysuit-cherry-os.jpg,2,MOD. 1115 FLORAL FISHNET BODYSUIT CHERRY OS,
MOD. 1115X FLORAL FISHNET BODYSUIT BLACK OSX,mod-1115x-floral-fishnet-bodysuit-black-osx,"<p>Un body versátil de rejilla que se puede llevar con escote halter o cruzado. Presenta detalles florales en la parte delantera y un atractivo diseño con cordones en la espalda.</p>
<p>Lavar a mano. No usar lejía. No planchar.</p>
<p>Tejido: 95 % poliamida, 5 % elastano.</p>
<p>Elástico plegable: 80 % poliamida, 20 % elastano.</p>",MAPALÉ,llenceria,FALSE,draft,MAP3821,190602203821,Title,Default Title,20.95,TRUE,shopify,0,DENY,70,g,TRUE,manual,https://backoffice.saintsual.com/53483-superlarge_default_2x/mod-1115x-floral-fishnet-bodysuit-black-osx.jpg,1,MOD. 1115X FLORAL FISHNET BODYSUIT BLACK OSX,FALSE
,mod-1115x-floral-fishnet-bodysuit-black-osx,,,,,,,,,,,,,,,,,,,https://backoffice.saintsual.com/53482-superlarge_default_2x/mod-1115x-floral-fishnet-bodysuit-black-osx.jpg,2,MOD. 1115X FLORAL FISHNET BODYSUIT BLACK OSX,
MOD. 1115X FLORAL FISHNET BODYSUIT CHERRY OSX,mod-1115x-floral-fishnet-bodysuit-cherry-osx,"<p>Un body versátil de rejilla que se puede llevar con escote halter o cruzado. Presenta detalles florales en la parte delantera y un atractivo diseño con cordones en la espalda.</p>
<p>Lavar a mano. No usar lejía. No planchar.</p>
<p>Tejido: 95 % poliamida, 5 % elastano.</p>
<p>Elástico plegable: 80 % poliamida, 20 % elastano.</p>",MAPALÉ,llenceria,FALSE,draft,MAP3807,190602203807,Title,Default Title,20.95,TRUE,shopify,0,DENY,70,g,TRUE,manual,https://backoffice.saintsual.com/53481-superlarge_default_2x/mod-1115x-floral-fishnet-bodysuit-cherry-osx.jpg,1,MOD. 1115X FLORAL FISHNET BODYSUIT CHERRY OSX,FALSE
,mod-1115x-floral-fishnet-bodysuit-cherry-osx,,,,,,,,,,,,,,,,,,,https://backoffice.saintsual.com/53480-superlarge_default_2x/mod-1115x-floral-fishnet-bodysuit-cherry-osx.jpg,2,MOD. 1115X FLORAL FISHNET BODYSUIT CHERRY OSX,
MOD. 1116 HALTER AND CROTCHLESS FLORAL BODYSTOCKING BLACK OS,mod-1116-halter-and-crotchless-floral-bodystocking-black-os,"<p>Bodystocking completo que se adapta a tus curvas como ningún otro, con detalles florales estratégicamente ubicados en la parte delantera y un sensual diseño de espalda baja.</p>
<p>Sin entrepierna.</p>
<p>Lavar a mano. No usar lejía. No planchar.</p>
<p>Tejido: 95 % poliamida, 5 % elastano. Elástico plegable: 80 % poliamida, 20 % elastano.</p>",MAPALÉ,llenceria,FALSE,draft,MAP3852,190602203852,Title,Default Title,19.95,TRUE,shopify,0,DENY,130,g,TRUE,manual,https://backoffice.saintsual.com/53478-superlarge_default_2x/mod-1116-halter-and-crotchless-floral-bodystocking-black-os.jpg,1,MOD. 1116 HALTER AND CROTCHLESS FLORAL BODYSTOCKING BLACK OS,FALSE
,mod-1116-halter-and-crotchless-floral-bodystocking-black-os,,,,,,,,,,,,,,,,,,,https://backoffice.saintsual.com/53479-superlarge_default_2x/mod-1116-halter-and-crotchless-floral-bodystocking-black-os.jpg,2,MOD. 1116 HALTER AND CROTCHLESS FLORAL BODYSTOCKING BLACK OS,
MOD. 1116 HALTER AND CROTCHLESS FLORAL BODYSTOCKING CHERRY OS,mod-1116-halter-and-crotchless-floral-bodystocking-cherry-os,"<p>Bodystocking completo que se adapta a tus curvas como ningún otro, con detalles florales estratégicamente ubicados en la parte delantera y un sensual diseño de espalda baja.</p>
<p>Sin entrepierna.</p>
<p>Lavar a mano. No usar lejía. No planchar.</p>
<p>Tejido: 95 % poliamida, 5 % elastano.</p>
<p>Elástico plegable: 80 % poliamida, 20 % elastano.</p>",MAPALÉ,llenceria,FALSE,draft,MAP3838,190602203838,Title,Default Title,19.95,TRUE,shopify,0,DENY,130,g,TRUE,manual,https://backoffice.saintsual.com/53476-superlarge_default_2x/mod-1116-halter-and-crotchless-floral-bodystocking-cherry-os.jpg,1,MOD. 1116 HALTER AND CROTCHLESS FLORAL BODYSTOCKING CHERRY OS,FALSE
,mod-1116-halter-and-crotchless-floral-bodystocking-cherry-os,,,,,,,,,,,,,,,,,,,https://backoffice.saintsual.com/53477-superlarge_default_2x/mod-1116-halter-and-crotchless-floral-bodystocking-cherry-os.jpg,2,MOD. 1116 HALTER AND CROTCHLESS FLORAL BODYSTOCKING CHERRY OS,
MOD. 1116X HALTER AND CROTCHLESS FLORAL BODYSTOCKING BLACK OSX,mod-1116x-halter-and-crotchless-floral-bodystocking-black-osx,"<p>Bodystocking completo que se adapta a tus curvas como ningún otro, con detalles florales estratégicamente ubicados en la parte delantera y un sensual diseño de espalda baja.</p>
<p>Sin entrepierna.</p>
<p>Lavar a mano. No usar lejía. No planchar.</p>
<p>Tejido: 95 % poliamida, 5 % elastano.</p>
<p>Elástico plegable: 80 % poliamida, 20 % elastano.</p>",MAPALÉ,llenceria,FALSE,draft,MAP3869,190602203869,Title,Default Title,20.95,TRUE,shopify,0,DENY,140,g,TRUE,manual,https://backoffice.saintsual.com/53475-superlarge_default_2x/mod-1116x-halter-and-crotchless-floral-bodystocking-black-osx.jpg,1,MOD. 1116X HALTER AND CROTCHLESS FLORAL BODYSTOCKING BLACK OSX,FALSE
,mod-1116x-halter-and-crotchless-floral-bodystocking-black-osx,,,,,,,,,,,,,,,,,,,https://backoffice.saintsual.com/53474-superlarge_default_2x/mod-1116x-halter-and-crotchless-floral-bodystocking-black-osx.jpg,2,MOD. 1116X HALTER AND CROTCHLESS FLORAL BODYSTOCKING BLACK OSX,
MOD. 1116X HALTER AND CROTCHLESS FLORAL BODYSTOCKING CHERRY OSX,mod-1116x-halter-and-crotchless-floral-bodystocking-cherry-osx,"<p>Bodystocking completo que se adapta a tus curvas como ningún otro, con detalles florales estratégicamente ubicados en la parte delantera y un sensual diseño de espalda baja.</p>
<p>Sin entrepierna.</p>
<p>Lavar a mano. No usar lejía. No planchar.</p>
<p>Tejido: 95 % poliamida, 5 % elastano.</p>
<p>Elástico plegable: 80 % poliamida, 20 % elastano.</p>",MAPALÉ,llenceria,FALSE,draft,MAP3845,190602203845,Title,Default Title,20.95,TRUE,shopify,0,DENY,140,g,TRUE,manual,https://backoffice.saintsual.com/53473-superlarge_default_2x/mod-1116x-halter-and-crotchless-floral-bodystocking-cherry-osx.jpg,1,MOD. 1116X HALTER AND CROTCHLESS FLORAL BODYSTOCKING CHERRY OSX,FALSE
,mod-1116x-halter-and-crotchless-floral-bodystocking-cherry-osx,,,,,,,,,,,,,,,,,,,https://backoffice.saintsual.com/53472-superlarge_default_2x/mod-1116x-halter-and-crotchless-floral-bodystocking-cherry-osx.jpg,2,MOD. 1116X HALTER AND CROTCHLESS FLORAL BODYSTOCKING CHERRY OSX,
MOD. 1119 LONG SLEEVE FISHNET BODYSUIT BLACK OS,mod-1119-long-sleeve-fishnet-bodysuit-black-os,"<p>Luce un estilo único con este body de rejilla de manga larga y corte alto que realza tus curvas.</p>
<p>Llévalo para una noche en la cama o combínalo con pezoneras o tu sujetador favorito para una salida nocturna atrevida.</p>
<p>Lavar a mano. No usar lejía. No planchar.</p>
<p>Tejido: 95 % poliamida, 5 % elastano.</p>",MAPALÉ,llenceria,FALSE,draft,MAP3685,190602203685,Title,Default Title,19.95,TRUE,shopify,0,DENY,70,g,TRUE,manual,https://backoffice.saintsual.com/53445-superlarge_default_2x/mod-1119-long-sleeve-fishnet-bodysuit-black-os.jpg,1,MOD. 1119 LONG SLEEVE FISHNET BODYSUIT BLACK OS,FALSE
,mod-1119-long-sleeve-fishnet-bodysuit-black-os,,,,,,,,,,,,,,,,,,,https://backoffice.saintsual.com/53446-superlarge_default_2x/mod-1119-long-sleeve-fishnet-bodysuit-black-os.jpg,2,MOD. 1119 LONG SLEEVE FISHNET BODYSUIT BLACK OS,
,mod-1119-long-sleeve-fishnet-bodysuit-black-os,,,,,,,,,,,,,,,,,,,https://backoffice.saintsual.com/53447-superlarge_default_2x/mod-1119-long-sleeve-fishnet-bodysuit-black-os.jpg,3,MOD. 1119 LONG SLEEVE FISHNET BODYSUIT BLACK OS,
MOD. 1119 LONG SLEEVE FISHNET BODYSUIT NEON PINK OS,mod-1119-long-sleeve-fishnet-bodysuit-neon-pink-os,"<p>Luce un estilo único con este body de rejilla de manga larga y corte alto que realza tus curvas.</p>
<p>Llévalo para una noche en la cama o combínalo con pezoneras o tu sujetador favorito para una salida nocturna atrevida.</p>
<p>Lavar a mano. No usar lejía.</p>
<p>No planchar. Tejido: 95 % poliamida, 5 % elastano.</p>",MAPALÉ,llenceria,FALSE,draft,MAP3708,190602203708,Title,Default Title,19.95,TRUE,shopify,0,DENY,60,g,TRUE,manual,https://backoffice.saintsual.com/53444-superlarge_default_2x/mod-1119-long-sleeve-fishnet-bodysuit-neon-pink-os.jpg,1,MOD. 1119 LONG SLEEVE FISHNET BODYSUIT NEON PINK OS,FALSE
,mod-1119-long-sleeve-fishnet-bodysuit-neon-pink-os,,,,,,,,,,,,,,,,,,,https://backoffice.saintsual.com/53443-superlarge_default_2x/mod-1119-long-sleeve-fishnet-bodysuit-neon-pink-os.jpg,2,MOD. 1119 LONG SLEEVE FISHNET BODYSUIT NEON PINK OS,
MOD. 1119X LONG SLEEVE FISHNET BODYSUIT BLACK OSX,mod-1119x-long-sleeve-fishnet-bodysuit-black-osx,"<p>Luce un estilo único con este body de rejilla de manga larga y corte alto que realza tus curvas.</p>
<p>Llévalo para una noche en la cama o combínalo con pezoneras o tu sujetador favorito para una salida nocturna atrevida.</p>
<p>Lavar a mano. No usar lejía. No planchar.</p>
<p>Tejido: 95 % poliamida, 5 % elastano.</p>",MAPALÉ,llenceria,FALSE,draft,MAP3692,190602203692,Title,Default Title,20.95,TRUE,shopify,0,DENY,70,g,TRUE,manual,https://backoffice.saintsual.com/53469-superlarge_default_2x/mod-1119x-long-sleeve-fishnet-bodysuit-black-osx.jpg,1,MOD. 1119X LONG SLEEVE FISHNET BODYSUIT BLACK OSX,FALSE
,mod-1119x-long-sleeve-fishnet-bodysuit-black-osx,,,,,,,,,,,,,,,,,,,https://backoffice.saintsual.com/53466-superlarge_default_2x/mod-1119x-long-sleeve-fishnet-bodysuit-black-osx.jpg,2,MOD. 1119X LONG SLEEVE FISHNET BODYSUIT BLACK OSX,
,mod-1119x-long-sleeve-fishnet-bodysuit-black-osx,,,,,,,,,,,,,,,,,,,https://backoffice.saintsual.com/53467-superlarge_default_2x/mod-1119x-long-sleeve-fishnet-bodysuit-black-osx.jpg,3,MOD. 1119X LONG SLEEVE FISHNET BODYSUIT BLACK OSX,
MOD. 1121 FISHNET AND LACE BODYSUIT SET BLACK/PURPLE OS,mod-1121-fishnet-and-lace-bodysuit-set-black-purple-os,"<p>Body romántico de rejilla con copas de encaje, ribetes en contraste y escote halter.</p>
<p>Completa el look con los guantes a juego incluidos.</p>
<p>Lavar a mano. No usar lejía. No planchar.</p>
<p>Tejido: 95 % poliamida, 5 % elastano</p>
<p>- Encaje: 60 % poliamida, 30 % rayón, 10 % elastano</p>
<p>- Elástico plegable: 70 % poliamida, 30 % elastano</p>",MAPALÉ,llenceria,FALSE,draft,MAP3975,190602203975,Title,Default Title,28.95,TRUE,shopify,0,DENY,120,g,TRUE,manual,https://backoffice.saintsual.com/53468-superlarge_default_2x/mod-1121-fishnet-and-lace-bodysuit-set-black-purple-os.jpg,1,MOD. 1121 FISHNET AND LACE BODYSUIT SET BLACK/PURPLE OS,FALSE
,mod-1121-fishnet-and-lace-bodysuit-set-black-purple-os,,,,,,,,,,,,,,,,,,,https://backoffice.saintsual.com/53463-superlarge_default_2x/mod-1121-fishnet-and-lace-bodysuit-set-black-purple-os.jpg,2,MOD. 1121 FISHNET AND LACE BODYSUIT SET BLACK/PURPLE OS,
,mod-1121-fishnet-and-lace-bodysuit-set-black-purple-os,,,,,,,,,,,,,,,,,,,https://backoffice.saintsual.com/53464-superlarge_default_2x/mod-1121-fishnet-and-lace-bodysuit-set-black-purple-os.jpg,3,MOD. 1121 FISHNET AND LACE BODYSUIT SET BLACK/PURPLE OS,
,mod-1121-fishnet-and-lace-bodysuit-set-black-purple-os,,,,,,,,,,,,,,,,,,,https://backoffice.saintsual.com/53465-superlarge_default_2x/mod-1121-fishnet-and-lace-bodysuit-set-black-purple-os.jpg,4,MOD. 1121 FISHNET AND LACE BODYSUIT SET BLACK/PURPLE OS,
MOD. 1122 FISHNET AND LACE BODYSTOCKING SET BLACK/PURPLE OS,mod-1122-fishnet-and-lace-bodystocking-set-black-purple-os,"<p>Luce tus curvas con este elegante body de rejilla con copas de encaje, ribetes en contraste, escote halter y espalda escotada.</p>
<p>Lavar a mano. No usar lejía. No planchar.</p>
<p>Tejido: 95 % poliamida, 5 % elastano</p>
<p>- Encaje: 60 % poliamida, 30 % rayón, 10 % elastano</p>
<p>- Elástico plegable: 70 % poliamida, 30 % elastano</p>",MAPALÉ,llenceria,FALSE,draft,MAP3982,190602203982,Title,Default Title,28.95,TRUE,shopify,0,DENY,120,g,TRUE,manual,https://backoffice.saintsual.com/53462-superlarge_default_2x/mod-1122-fishnet-and-lace-bodystocking-set-black-purple-os.jpg,1,MOD. 1122 FISHNET AND LACE BODYSTOCKING SET BLACK/PURPLE OS,FALSE
,mod-1122-fishnet-and-lace-bodystocking-set-black-purple-os,,,,,,,,,,,,,,,,,,,https://backoffice.saintsual.com/53461-superlarge_default_2x/mod-1122-fishnet-and-lace-bodystocking-set-black-purple-os.jpg,2,MOD. 1122 FISHNET AND LACE BODYSTOCKING SET BLACK/PURPLE OS,
MOD. 1123 FISHNET AND LACE DRESS STOCKING BLACK/PURPLE OS,mod-1123-fishnet-and-lace-dress-stocking-black-purple-os,"<p>Un vestido corto y seductor de rejilla con copas de encaje y ribetes en contraste.</p>
<p>Lavar a mano. No usar lejía. No planchar.</p>
<p>Tejido: 95 % poliamida, 5 % elastano.</p>
<p>Encaje: 60 % poliamida, 30 % rayón, 10 % elastano.</p>
<p>Elástico plegable: 70 % poliamida, 30 % elastano.</p>",MAPALÉ,llenceria,FALSE,draft,MAP3999,190602203999,Title,Default Title,28.95,TRUE,shopify,0,DENY,100,g,TRUE,manual,https://backoffice.saintsual.com/53459-superlarge_default_2x/mod-1123-fishnet-and-lace-dress-stocking-black-purple-os.jpg,1,MOD. 1123 FISHNET AND LACE DRESS STOCKING BLACK/PURPLE OS,FALSE
,mod-1123-fishnet-and-lace-dress-stocking-black-purple-os,,,,,,,,,,,,,,,,,,,https://backoffice.saintsual.com/53460-superlarge_default_2x/mod-1123-fishnet-and-lace-dress-stocking-black-purple-os.jpg,2,MOD. 1123 FISHNET AND LACE DRESS STOCKING BLACK/PURPLE OS,
MOD. 1131 LONG SLEEVE FISHNET RHINESTONE BODYSTOCKING BLACK/RHINESTONE OS,mod-1131-long-sleeve-fishnet-rhinestone-bodystocking-black-rhinestone-os,"<p>Un clásico bodystocking de rejilla de manga larga, reinventado con brillantes cristales para crear un look lujoso y deslumbrante.</p>
<p>Lavar a mano. No usar lejía. No planchar.</p>
<p>Tejido: 95 % poliamida, 5 % elastano.</p>",MAPALÉ,llenceria,FALSE,draft,MAP4002,190602204002,Title,Default Title,28.95,TRUE,shopify,3,DENY,160,g,TRUE,manual,https://backoffice.saintsual.com/53457-superlarge_default_2x/mod-1131-long-sleeve-fishnet-rhinestone-bodystocking-black-rhinestone-os.jpg,1,MOD. 1131 LONG SLEEVE FISHNET RHINESTONE BODYSTOCKING BLACK/RHINESTONE OS,FALSE
,mod-1131-long-sleeve-fishnet-rhinestone-bodystocking-black-rhinestone-os,,,,,,,,,,,,,,,,,,,https://backoffice.saintsual.com/53456-superlarge_default_2x/mod-1131-long-sleeve-fishnet-rhinestone-bodystocking-black-rhinestone-os.jpg,2,MOD. 1131 LONG SLEEVE FISHNET RHINESTONE BODYSTOCKING BLACK/RHINESTONE OS,
,mod-1131-long-sleeve-fishnet-rhinestone-bodystocking-black-rhinestone-os,,,,,,,,,,,,,,,,,,,https://backoffice.saintsual.com/53458-superlarge_default_2x/mod-1131-long-sleeve-fishnet-rhinestone-bodystocking-black-rhinestone-os.jpg,3,MOD. 1131 LONG SLEEVE FISHNET RHINESTONE BODYSTOCKING BLACK/RHINESTONE OS,
MOD. 2637 BODYSUIT BLACK S/M,mod-2637-bodysuit-black-s-m,"<p>Una prenda inspiradora con un diseño exquisito.</p>
<p>Body de malla a rayas con detalles de piel sintética, cintura ceñida, tirantes ajustables y cierre de gancho metálico en forma de Z, cierre de corchetes en la entrepierna y ligas integradas; braguita tipo tanga.</p>
<p>Lavar a mano. No usar lejía. No planchar.</p>
<p>- Tejido: 86 % poliéster, 14 % elastano</p>
<p>- Malla: 85 % poliamida, 15 % elastano</p>
<p>- Banda elástica visible: 86 % poliamida, 14 % elastano</p>
<p>- Elástico plegable: 79,20 % poliamida, 20,80 % elastano</p>
<p></p>",MAPALÉ,llenceria,FALSE,draft,MAP1796,190602211796,Title,Default Title,46.95,TRUE,shopify,0,DENY,120,g,TRUE,manual,https://backoffice.saintsual.com/53452-superlarge_default_2x/mod-2637-bodysuit-black-s-m.jpg,1,MOD. 2637 BODYSUIT BLACK S/M,FALSE
,mod-2637-bodysuit-black-s-m,,,,,,,,,,,,,,,,,,,https://backoffice.saintsual.com/53453-superlarge_default_2x/mod-2637-bodysuit-black-s-m.jpg,2,MOD. 2637 BODYSUIT BLACK S/M,
MOD. 2637 BODYSUIT BLACK M/L,mod-2637-bodysuit-black-m-l,"<p>Una prenda inspiradora con un diseño exquisito.</p>
<p>Body de malla a rayas con detalles de piel sintética, cintura ceñida, tirantes ajustables y cierre de gancho metálico en forma de Z, cierre de corchetes en la entrepierna y ligas integradas; braguita tipo tanga.</p>
<p>Lavar a mano. No usar lejía. No planchar.</p>
<p>- Tejido: 86 % poliéster, 14 % elastano</p>
<p>- Malla: 85 % poliamida, 15 % elastano</p>
<p>- Banda elástica visible: 86 % poliamida, 14 % elastano</p>
<p>- Elástico plegable: 79,20 % poliamida, 20,80 % elastano</p>",MAPALÉ,llenceria,FALSE,draft,MAP1802,190602211802,Title,Default Title,46.95,TRUE,shopify,3,DENY,130,g,TRUE,manual,https://backoffice.saintsual.com/53451-superlarge_default_2x/mod-2637-bodysuit-black-m-l.jpg,1,MOD. 2637 BODYSUIT BLACK M/L,FALSE
,mod-2637-bodysuit-black-m-l,,,,,,,,,,,,,,,,,,,https://backoffice.saintsual.com/53450-superlarge_default_2x/mod-2637-bodysuit-black-m-l.jpg,2,MOD. 2637 BODYSUIT BLACK M/L,
MOD. 2789 TWO PIECE SET BLACK OS,mod-2789-two-piece-set-black-os,"<p>Este versátil conjunto de dos piezas incluye un corsé que realza la figura con espalda ajustable con cordones y un tanga clásico.</p>
<p>Perfecto para el dormitorio o como un accesorio atrevido sobre una camisa abotonada o una camiseta oversize, combina sensualidad y un estilo vanguardista.</p>
<p>Lavar a mano. No usar lejía. No planchar.</p>
<p>Corsé: Tejido propio: 93 % poliéster, 7 % elastano.</p>
<p>Picot elástico: 78,51 % poliamida, 21,49 % elastano.</p>
<p>Cordoncillo elástico: 87,44 % poliamida, 12,56 % elastano.</p>
<p>Ribete interior: 100 % poliéster.</p>
<p>Braguita: Tejido propio: 95 % poliamida, 5 % elastano.</p>
<p>Elástico: 87,33 % poliamida, 12,67 % elastano.</p>",MAPALÉ,llenceria,FALSE,draft,MAP7096,190602207096,Title,Default Title,34.95,TRUE,shopify,4,DENY,100,g,TRUE,manual,https://backoffice.saintsual.com/53448-superlarge_default_2x/mod-2789-two-piece-set-black-os.jpg,1,MOD. 2789 TWO PIECE SET BLACK OS,FALSE
,mod-2789-two-piece-set-black-os,,,,,,,,,,,,,,,,,,,https://backoffice.saintsual.com/53449-superlarge_default_2x/mod-2789-two-piece-set-black-os.jpg,2,MOD. 2789 TWO PIECE SET BLACK OS,
MOD. 2790 TWO PIECE SET BLACK S/M,mod-2790-two-piece-set-black-s-m,"<p>Ya sea que quieras lucir tu silueta con confianza o combinar el corsé como un accesorio atrevido con tu atuendo, este versátil conjunto está diseñado para destacar.</p>
<p>El conjunto de dos piezas incluye un corsé con tirantes ajustables y un tanga clásico.</p>
<p>Lavar a mano. No usar lejía. No planchar.</p>
<p>Corsé: Elástico 78,42 % poliamida 21,58 % elastano.</p>
<p>Ribete interior 100 % poliéster.</p>
<p>Braguita: Tejido del mismo material 95 % poliamida 5 % elastano.</p>
<p>Elástico 87,33 % poliamida 12,67 % elastano.</p>",MAPALÉ,llenceria,FALSE,draft,MAP7102,190602207102,Title,Default Title,36.95,TRUE,shopify,0,DENY,100,g,TRUE,manual,https://backoffice.saintsual.com/53440-superlarge_default_2x/mod-2790-two-piece-set-black-s-m.jpg,1,MOD. 2790 TWO PIECE SET BLACK S/M,FALSE
,mod-2790-two-piece-set-black-s-m,,,,,,,,,,,,,,,,,,,https://backoffice.saintsual.com/53439-superlarge_default_2x/mod-2790-two-piece-set-black-s-m.jpg,2,MOD. 2790 TWO PIECE SET BLACK S/M,
MOD. 2790 TWO PIECE SET BLACK L/XL,mod-2790-two-piece-set-black-l-xl,"<p>Ya sea que quieras lucir tu silueta con confianza o combinar el corsé como un accesorio atrevido con tu atuendo, este versátil conjunto está diseñado para destacar.</p>
<p>El conjunto de dos piezas incluye un corsé con tirantes ajustables y un tanga clásico.</p>
<p>Lavar a mano. No usar lejía. No planchar.</p>
<p>Corsé: Elástico 78,42 % poliamida 21,58 % elastano.</p>
<p>Ribete interior 100 % poliéster.</p>
<p>Braguita: Tejido del mismo material 95 % poliamida 5 % elastano.</p>
<p>Elástico 87,33 % poliamida 12,67 % elastano.</p>
<p></p>",MAPALÉ,llenceria,FALSE,draft,MAP7119,190602207119,Title,Default Title,36.95,TRUE,shopify,5,DENY,100,g,TRUE,manual,https://backoffice.saintsual.com/53438-superlarge_default_2x/mod-2790-two-piece-set-black-l-xl.jpg,1,MOD. 2790 TWO PIECE SET BLACK L/XL,FALSE
,mod-2790-two-piece-set-black-l-xl,,,,,,,,,,,,,,,,,,,https://backoffice.saintsual.com/53437-superlarge_default_2x/mod-2790-two-piece-set-black-l-xl.jpg,2,MOD. 2790 TWO PIECE SET BLACK L/XL,
MOD. 2791 TWO PIECE SET BLACK S/M,mod-2791-two-piece-set-black-s-m,"<p>Saca tu lado más atrevido con este conjunto de dos piezas, que incluye un corsé de copa abierta con detalles de cordones delanteros y cierre de corchetes en la espalda.</p>
<p>El conjunto se completa con una tanga a juego, adornada con un detalle de cordones en la espalda.</p>
<p>Lavar a mano. No usar lejía. No planchar.</p>
<p>Corsé: Tejido del mismo material: 90 % poliamida, 10 % elastano.</p>
<p>Contraste: 95 % poliamida, 5 % elastano.</p>
<p>Elástico plegable: 87,33 % poliamida, 12,67 % elastano.</p>
<p>Elástico de picot: 78,51 % poliamida, 21,49 % elastano.</p>
<p>Cinta de satén con cordones: 100 % poliéster.</p>
<p>Braguita: Tejido del mismo material: 90 % poliamida, 10 % elastano.</p>
<p>Elástico plegable: 87,33 % poliamida, 12,67 % elastano.</p>
<p>Elástico de picot: 78,51 % poliamida, 21,49 % elastano.</p>
<p>Cinta de satén con cordones: 100 % poliéster.</p>
<p></p>",MAPALÉ,llenceria,FALSE,draft,MAP7126,190602207126,Title,Default Title,39.95,TRUE,shopify,0,DENY,100,g,TRUE,manual,https://backoffice.saintsual.com/53441-superlarge_default_2x/mod-2791-two-piece-set-black-s-m.jpg,1,MOD. 2791 TWO PIECE SET BLACK S/M,FALSE
,mod-2791-two-piece-set-black-s-m,,,,,,,,,,,,,,,,,,,https://backoffice.saintsual.com/53442-superlarge_default_2x/mod-2791-two-piece-set-black-s-m.jpg,2,MOD. 2791 TWO PIECE SET BLACK S/M,
MOD. 2791 TWO PIECE SET BLACK L/XL,mod-2791-two-piece-set-black-l-xl,"<p>Saca tu lado más atrevido con este conjunto de dos piezas, que incluye un corsé de copa abierta con detalles de cordones delanteros y cierre de corchetes en la espalda.</p>
<p>El conjunto se completa con una tanga a juego, adornada con un detalle de cordones en la espalda.</p>
<p>Lavar a mano. No usar lejía. No planchar.</p>
<p>Corsé: Tejido del mismo material: 90 % poliamida, 10 % elastano.</p>
<p>Contraste: 95 % poliamida, 5 % elastano.</p>
<p>Elástico plegable: 87,33 % poliamida, 12,67 % elastano.</p>
<p>Elástico de picot: 78,51 % poliamida, 21,49 % elastano.</p>
<p>Cinta de satén con cordones: 100 % poliéster.</p>
<p>Braguita: Tejido del mismo material: 90 % poliamida, 10 % elastano.</p>
<p>Elástico plegable: 87,33 % poliamida, 12,67 % elastano.</p>
<p>Elástico de picot: 78,51 % poliamida, 21,49 % elastano.</p>
<p>Cinta de satén con cordones: 100 % poliéster.</p>",MAPALÉ,llenceria,FALSE,draft,MAP7133,190602207133,Title,Default Title,39.95,TRUE,shopify,1,DENY,110,g,TRUE,manual,https://backoffice.saintsual.com/53434-superlarge_default_2x/mod-2791-two-piece-set-black-l-xl.jpg,1,MOD. 2791 TWO PIECE SET BLACK L/XL,FALSE
,mod-2791-two-piece-set-black-l-xl,,,,,,,,,,,,,,,,,,,https://backoffice.saintsual.com/53436-superlarge_default_2x/mod-2791-two-piece-set-black-l-xl.jpg,2,MOD. 2791 TWO PIECE SET BLACK L/XL,
MOD. 2792 TWO PIECE SET BLACK S/M,mod-2792-two-piece-set-black-s-m,"<p>Un conjunto atemporal de dos piezas, redefinido para hacerte sentir irresistible.</p>
<p>Incluye un sujetador de encaje con cierre de hebilla frontal y un tanga a juego.</p>
<p>Lavar a mano.No usar lejía. No planchar.</p>
<p>Top: Tejido propio: 88 % poliamida, 12 % elastano.</p>
<p>Contraste: 93 % poliéster, 7 % elastano.</p>
<p>Elástico de picot: 78,51 % poliamida, 21,49 % elastano.</p>
<p>Braguita: Tejido propio: 88 % poliamida, 12 % elastano.</p>
<p>Ribete: 93 % poliéster, 7 % elastano.</p>
<p>Elástico plegable: 87,33 % poliamida, 12,67 % elastano.</p>
<p></p>",MAPALÉ,llenceria,FALSE,draft,MAP7140,190602207140,Title,Default Title,50.95,TRUE,shopify,0,DENY,110,g,TRUE,manual,https://backoffice.saintsual.com/53430-superlarge_default_2x/mod-2792-two-piece-set-black-s-m.jpg,1,MOD. 2792 TWO PIECE SET BLACK S/M,FALSE
,mod-2792-two-piece-set-black-s-m,,,,,,,,,,,,,,,,,,,https://backoffice.saintsual.com/53431-superlarge_default_2x/mod-2792-two-piece-set-black-s-m.jpg,2,MOD. 2792 TWO PIECE SET BLACK S/M,
,mod-2792-two-piece-set-black-s-m,,,,,,,,,,,,,,,,,,,https://backoffice.saintsual.com/53432-superlarge_default_2x/mod-2792-two-piece-set-black-s-m.jpg,3,MOD. 2792 TWO PIECE SET BLACK S/M,
MOD. 2792 TWO PIECE SET BLACK L/XL,mod-2792-two-piece-set-black-l-xl,"<p>Un conjunto atemporal de dos piezas, redefinido para hacerte sentir irresistible.</p>
<p>Incluye un sujetador de encaje con cierre de hebilla frontal y un tanga a juego.</p>
<p>Lavar a mano.No usar lejía. No planchar.</p>
<p>Top: Tejido propio: 88 % poliamida, 12 % elastano.</p>
<p>Contraste: 93 % poliéster, 7 % elastano.</p>
<p>Elástico de picot: 78,51 % poliamida, 21,49 % elastano.</p>
<p>Braguita: Tejido propio: 88 % poliamida, 12 % elastano.</p>
<p>Ribete: 93 % poliéster, 7 % elastano.</p>
<p>Elástico plegable: 87,33 % poliamida, 12,67 % elastano.</p>",MAPALÉ,llenceria,FALSE,draft,MAP7157,190602207157,Title,Default Title,50.95,TRUE,shopify,1,DENY,120,g,TRUE,manual,https://backoffice.saintsual.com/53428-superlarge_default_2x/mod-2792-two-piece-set-black-l-xl.jpg,1,MOD. 2792 TWO PIECE SET BLACK L/XL,FALSE
,mod-2792-two-piece-set-black-l-xl,,,,,,,,,,,,,,,,,,,https://backoffice.saintsual.com/53427-superlarge_default_2x/mod-2792-two-piece-set-black-l-xl.jpg,2,MOD. 2792 TWO PIECE SET BLACK L/XL,
,mod-2792-two-piece-set-black-l-xl,,,,,,,,,,,,,,,,,,,https://backoffice.saintsual.com/53429-superlarge_default_2x/mod-2792-two-piece-set-black-l-xl.jpg,3,MOD. 2792 TWO PIECE SET BLACK L/XL,
MOD. 2794 BODYSUIT BLACK S/M,mod-2794-bodysuit-black-s-m,"<p>Este body con aros combina contrastes de rejilla y efecto mojado para un look atrevido y vanguardista.</p>
<p>Las bandas elásticas gruesas están estratégicamente ubicadas a lo largo de la prenda para moldear y acentuar la figura.</p>
<p>También cuenta con tirantes ajustables y cierre de corchetes en la entrepierna.</p>
<p>Lavar a mano. No usar lejía. No planchar. T</p>
<p>ejido propio: 93 % poliamida, 7 % elastano. Contraste: 97 % poliéster, 3 % elastano, 100 % poliuretano. Elástico recubierto: 89 % poliamida, 11 % elastano.</p>
<p></p>",MAPALÉ,llenceria,FALSE,draft,MAP7201,190602207201,Title,Default Title,46.95,TRUE,shopify,0,DENY,110,g,TRUE,manual,https://backoffice.saintsual.com/53425-superlarge_default_2x/mod-2794-bodysuit-black-s-m.jpg,1,MOD. 2794 BODYSUIT BLACK S/M,FALSE
,mod-2794-bodysuit-black-s-m,,,,,,,,,,,,,,,,,,,https://backoffice.saintsual.com/53426-superlarge_default_2x/mod-2794-bodysuit-black-s-m.jpg,2,MOD. 2794 BODYSUIT BLACK S/M,
MOD. 2794 BODYSUIT BLACK L/XL,mod-2794-bodysuit-black-l-xl,"<p>Este body con aros combina contrastes de rejilla y efecto mojado para un look atrevido y vanguardista.</p>
<p>Las bandas elásticas gruesas están estratégicamente ubicadas a lo largo de la prenda para moldear y acentuar la figura.</p>
<p>También cuenta con tirantes ajustables y cierre de corchetes en la entrepierna.</p>
<p>Lavar a mano. No usar lejía. No planchar. T</p>
<p>ejido propio: 93 % poliamida, 7 % elastano. Contraste: 97 % poliéster, 3 % elastano, 100 % poliuretano. Elástico recubierto: 89 % poliamida, 11 % elastano.</p>",MAPALÉ,llenceria,FALSE,draft,MAP7218,190602207218,Title,Default Title,46.95,TRUE,shopify,2,DENY,120,g,TRUE,manual,https://backoffice.saintsual.com/53423-superlarge_default_2x/mod-2794-bodysuit-black-l-xl.jpg,1,MOD. 2794 BODYSUIT BLACK L/XL,FALSE
,mod-2794-bodysuit-black-l-xl,,,,,,,,,,,,,,,,,,,https://backoffice.saintsual.com/53424-superlarge_default_2x/mod-2794-bodysuit-black-l-xl.jpg,2,MOD. 2794 BODYSUIT BLACK L/XL,
MOD. 2795 TWO PIECE SET BLACK S/M,mod-2795-two-piece-set-black-s-m,"<p>Este sensual y sofisticado conjunto de dos piezas incluye un top bustier con aros y cierre de corchetes en la espalda.</p>
<p>Se combina con una braguita a juego de cobertura media, ambos confeccionados en malla de alta calidad.</p>
<p>Lavar a mano. No usar lejía. No planchar.</p>
<p>Tejido propio: 93 % poliamida, 7 % elastano.</p>
<p>Contraste: 97 % poliéster, 3 % elastano, 100 % poliuretano.</p>",MAPALÉ,llenceria,FALSE,draft,MAP7225,190602207225,Title,Default Title,50.95,TRUE,shopify,0,DENY,140,g,TRUE,manual,https://backoffice.saintsual.com/53422-superlarge_default_2x/mod-2795-two-piece-set-black-s-m.jpg,1,MOD. 2795 TWO PIECE SET BLACK S/M,FALSE
,mod-2795-two-piece-set-black-s-m,,,,,,,,,,,,,,,,,,,https://backoffice.saintsual.com/53421-superlarge_default_2x/mod-2795-two-piece-set-black-s-m.jpg,2,MOD. 2795 TWO PIECE SET BLACK S/M,
MOD. 2795 TWO PIECE SET BLACK L/XL,mod-2795-two-piece-set-black-l-xl,"<p>Este sensual y sofisticado conjunto de dos piezas incluye un top bustier con aros y cierre de corchetes en la espalda.</p>
<p>Se combina con una braguita a juego de cobertura media, ambos confeccionados en malla de alta calidad.</p>
<p>Lavar a mano. No usar lejía. No planchar.</p>
<p>Tejido propio: 93 % poliamida, 7 % elastano.</p>
<p>Contraste: 97 % poliéster, 3 % elastano, 100 % poliuretano.</p>
<p></p>",MAPALÉ,llenceria,FALSE,draft,MAP7232,190602207232,Title,Default Title,50.95,TRUE,shopify,1,DENY,150,g,TRUE,manual,https://backoffice.saintsual.com/53419-superlarge_default_2x/mod-2795-two-piece-set-black-l-xl.jpg,1,MOD. 2795 TWO PIECE SET BLACK L/XL,FALSE
,mod-2795-two-piece-set-black-l-xl,,,,,,,,,,,,,,,,,,,https://backoffice.saintsual.com/53420-superlarge_default_2x/mod-2795-two-piece-set-black-l-xl.jpg,2,MOD. 2795 TWO PIECE SET BLACK L/XL,
MOD. 2796 TWO PIECE SET BLACK S/M,mod-2796-two-piece-set-black-s-m,"<p>Este versátil conjunto de dos piezas incluye un top con aros y varillas sintéticas para un look inspirado en un corsé y una braguita de cobertura media.</p>
<p>Perfecto para el dormitorio o para una salida nocturna.</p>
<p>Lavar a mano. No usar lejía. No planchar.</p>
<p>Tejido propio: 93 % poliamida, 7 % elastano. Contraste: 97 % poliéster, 3 % elastano, 100 % poliuretano. Elástico recubierto: 65 % poliéster, 35 % goma.</p>",MAPALÉ,llenceria,FALSE,draft,MAP7249,190602207249,Title,Default Title,46.95,TRUE,shopify,0,DENY,150,g,TRUE,manual,https://backoffice.saintsual.com/53416-superlarge_default_2x/mod-2796-two-piece-set-black-s-m.jpg,1,MOD. 2796 TWO PIECE SET BLACK S/M,FALSE
,mod-2796-two-piece-set-black-s-m,,,,,,,,,,,,,,,,,,,https://backoffice.saintsual.com/53415-superlarge_default_2x/mod-2796-two-piece-set-black-s-m.jpg,2,MOD. 2796 TWO PIECE SET BLACK S/M,
MOD. 2796 TWO PIECE SET BLACK L/XL,mod-2796-two-piece-set-black-l-xl,"<p>Este versátil conjunto de dos piezas incluye un top con aros y varillas sintéticas para un look inspirado en un corsé y una braguita de cobertura media.</p>
<p>Perfecto para el dormitorio o para una salida nocturna.</p>
<p>Lavar a mano. No usar lejía. No planchar.</p>
<p>Tejido propio: 93 % poliamida, 7 % elastano. Contraste: 97 % poliéster, 3 % elastano, 100 % poliuretano. Elástico recubierto: 65 % poliéster, 35 % goma.</p>
<p></p>",MAPALÉ,llenceria,FALSE,draft,MAP7256,190602207256,Title,Default Title,46.95,TRUE,shopify,0,DENY,160,g,TRUE,manual,https://backoffice.saintsual.com/53414-superlarge_default_2x/mod-2796-two-piece-set-black-l-xl.jpg,1,MOD. 2796 TWO PIECE SET BLACK L/XL,FALSE
,mod-2796-two-piece-set-black-l-xl,,,,,,,,,,,,,,,,,,,https://backoffice.saintsual.com/53412-superlarge_default_2x/mod-2796-two-piece-set-black-l-xl.jpg,2,MOD. 2796 TWO PIECE SET BLACK L/XL,
MOD. 2797 THREE PIECE SET BLACK S/M,mod-2797-three-piece-set-black-s-m,"<p>Conjunto único de tres piezas, diseñado para las más atrevidas y aventureras.</p>
<p>Incluye un top con tirantes ajustables, una cinturilla desmontable con divertidas esposas en la espalda y una tanga a juego.</p>
<p>Lavar a mano. No usar lejía. No planchar.</p>
<p>Top: Tejido propio: 97 % poliéster, 3 % elastano, 100 % poliuretano recubierto;</p>
<p>tirante elástico: 78,42 % poliamida, 21,58 % elastano;</p>
<p>banda inferior: 87 % poliamida, 13 % elastano.</p>
<p>Braguita: Tejido propio: 97 % poliéster, 3 % elastano, 100 % poliuretano recubierto; elástico: 78,42 % poliamida, 21,58 % elastano.</p>
<p>Cinturilla: Tejido propio: 97 % poliéster, 3 % elastano, 100 % poliuretano recubierto; elástico: 87 % poliamida, 13 % elastano.</p>",MAPALÉ,llenceria,FALSE,draft,MAP7263,190602207263,Title,Default Title,60.95,TRUE,shopify,3,DENY,170,g,TRUE,manual,https://backoffice.saintsual.com/53410-superlarge_default_2x/mod-2797-three-piece-set-black-s-m.jpg,1,MOD. 2797 THREE PIECE SET BLACK S/M,FALSE
,mod-2797-three-piece-set-black-s-m,,,,,,,,,,,,,,,,,,,https://backoffice.saintsual.com/53411-superlarge_default_2x/mod-2797-three-piece-set-black-s-m.jpg,2,MOD. 2797 THREE PIECE SET BLACK S/M,
,mod-2797-three-piece-set-black-s-m,,,,,,,,,,,,,,,,,,,https://backoffice.saintsual.com/53417-superlarge_default_2x/mod-2797-three-piece-set-black-s-m.jpg,3,MOD. 2797 THREE PIECE SET BLACK S/M,
MOD. 2797 THREE PIECE SET BLACK L/XL,mod-2797-three-piece-set-black-l-xl,"<p>Conjunto único de tres piezas, diseñado para las más atrevidas y aventureras.</p>
<p>Incluye un top con tirantes ajustables, una cinturilla desmontable con divertidas esposas en la espalda y una tanga a juego.</p>
<p>Lavar a mano. No usar lejía. No planchar.</p>
<p>Top: Tejido propio: 97 % poliéster, 3 % elastano, 100 % poliuretano recubierto;</p>
<p>tirante elástico: 78,42 % poliamida, 21,58 % elastano;</p>
<p>banda inferior: 87 % poliamida, 13 % elastano.</p>
<p>Braguita: Tejido propio: 97 % poliéster, 3 % elastano, 100 % poliuretano recubierto; elástico: 78,42 % poliamida, 21,58 % elastano.</p>
<p>Cinturilla: Tejido propio: 97 % poliéster, 3 % elastano, 100 % poliuretano recubierto; elástico: 87 % poliamida, 13 % elastano.</p>
<p></p>",MAPALÉ,llenceria,FALSE,draft,MAP7270,190602207270,Title,Default Title,60.95,TRUE,shopify,6,DENY,180,g,TRUE,manual,https://backoffice.saintsual.com/53407-superlarge_default_2x/mod-2797-three-piece-set-black-l-xl.jpg,1,MOD. 2797 THREE PIECE SET BLACK L/XL,FALSE
,mod-2797-three-piece-set-black-l-xl,,,,,,,,,,,,,,,,,,,https://backoffice.saintsual.com/53408-superlarge_default_2x/mod-2797-three-piece-set-black-l-xl.jpg,2,MOD. 2797 THREE PIECE SET BLACK L/XL,
,mod-2797-three-piece-set-black-l-xl,,,,,,,,,,,,,,,,,,,https://backoffice.saintsual.com/53413-superlarge_default_2x/mod-2797-three-piece-set-black-l-xl.jpg,3,MOD. 2797 THREE PIECE SET BLACK L/XL,
MOD. 7507 BABYDOLL RED S/M,mod-7507-babydoll-red-s-m,"<p>Un divertido babydoll con encaje y malla transparente en contraste. Incluye aros, tirantes ajustables, cierre de lazo en la espalda, ribetes de volantes y tanga a juego con corazón.</p>
<p>Corte semiajustado.</p>
<p>Lavar a mano. No usar lejía. No planchar.</p>
<p>Babydoll: Tejido propio: 95 % poliamida, 5 % elastano</p>
<p>- Encaje: 82,81 % poliamida, 17,19 % elastano</p>
<p>- Contraste: 86 % poliéster, 14 % elastano</p>
<p>- Elástico plegable: 87,33 % poliamida, 12,67 % elastano.</p>
<p>- Braguita: Tejido propio: 95 % poliamida, 5 % elastano</p>
<p>- Elástico plegable: 87,33 % poliamida, 12,67 % elastano.</p>
<p>- Cintura: Tejido propio: 86 % poliéster, 14 % elastano.</p>
<p></p>",MAPALÉ,llenceria,FALSE,draft,MAP7844,190602677844,Title,Default Title,58.95,TRUE,shopify,0,DENY,140,g,TRUE,manual,https://backoffice.saintsual.com/53381-superlarge_default_2x/mod-7507-babydoll-red-s-m.jpg,1,MOD. 7507 BABYDOLL RED S/M,FALSE
,mod-7507-babydoll-red-s-m,,,,,,,,,,,,,,,,,,,https://backoffice.saintsual.com/53380-superlarge_default_2x/mod-7507-babydoll-red-s-m.jpg,2,MOD. 7507 BABYDOLL RED S/M,
,mod-7507-babydoll-red-s-m,,,,,,,,,,,,,,,,,,,https://backoffice.saintsual.com/53384-superlarge_default_2x/mod-7507-babydoll-red-s-m.jpg,3,MOD. 7507 BABYDOLL RED S/M,
,mod-7507-babydoll-red-s-m,,,,,,,,,,,,,,,,,,,https://backoffice.saintsual.com/53383-superlarge_default_2x/mod-7507-babydoll-red-s-m.jpg,4,MOD. 7507 BABYDOLL RED S/M,
,mod-7507-babydoll-red-s-m,,,,,,,,,,,,,,,,,,,https://backoffice.saintsual.com/53386-superlarge_default_2x/mod-7507-babydoll-red-s-m.jpg,5,MOD. 7507 BABYDOLL RED S/M,
MOD. 7507 BABYDOLL RED L/XL,mod-7507-babydoll-red-l-xl,"<p>Un divertido babydoll con encaje y malla transparente en contraste. Incluye aros, tirantes ajustables, cierre de lazo en la espalda, ribetes de volantes y tanga a juego con corazón.</p>
<p>Corte semiajustado.</p>
<p>Lavar a mano. No usar lejía. No planchar.</p>
<p>Babydoll: Tejido propio: 95 % poliamida, 5 % elastano</p>
<p>- Encaje: 82,81 % poliamida, 17,19 % elastano</p>
<p>- Contraste: 86 % poliéster, 14 % elastano</p>
<p>- Elástico plegable: 87,33 % poliamida, 12,67 % elastano.</p>
<p>- Braguita: Tejido propio: 95 % poliamida, 5 % elastano</p>
<p>- Elástico plegable: 87,33 % poliamida, 12,67 % elastano.</p>
<p>- Cintura: Tejido propio: 86 % poliéster, 14 % elastano.</p>",MAPALÉ,llenceria,FALSE,draft,MAP7851,190602677851,Title,Default Title,58.95,TRUE,shopify,3,DENY,151,g,TRUE,manual,https://backoffice.saintsual.com/53378-superlarge_default_2x/mod-7507-babydoll-red-l-xl.jpg,1,MOD. 7507 BABYDOLL RED L/XL,FALSE
,mod-7507-babydoll-red-l-xl,,,,,,,,,,,,,,,,,,,https://backoffice.saintsual.com/53377-superlarge_default_2x/mod-7507-babydoll-red-l-xl.jpg,2,MOD. 7507 BABYDOLL RED L/XL,
,mod-7507-babydoll-red-l-xl,,,,,,,,,,,,,,,,,,,https://backoffice.saintsual.com/53379-superlarge_default_2x/mod-7507-babydoll-red-l-xl.jpg,3,MOD. 7507 BABYDOLL RED L/XL,
,mod-7507-babydoll-red-l-xl,,,,,,,,,,,,,,,,,,,https://backoffice.saintsual.com/53385-superlarge_default_2x/mod-7507-babydoll-red-l-xl.jpg,4,MOD. 7507 BABYDOLL RED L/XL,
,mod-7507-babydoll-red-l-xl,,,,,,,,,,,,,,,,,,,https://backoffice.saintsual.com/53382-superlarge_default_2x/mod-7507-babydoll-red-l-xl.jpg,5,MOD. 7507 BABYDOLL RED L/XL,
MOD. 7545 BABYDOLL NUDE/BLACK S,mod-7545-babydoll-nude-black-s,"<p>Experimenta la máxima sofisticación y el lujo con este exquisito babydoll confeccionado en encaje bordado y satén.</p>
<p>Presenta tirantes ajustables y aberturas laterales.</p>
<p>Corte semiajustado.</p>
<p>Lavar a mano. No usar lejía. No planchar.</p>
<p>- Babydoll: Tejido: 70 % poliéster, 30 % elastano</p>
<p>- Contraste: 93 % poliéster, 7 % elastano</p>
<p>- Elástico brillante en el tirante: 78 % poliamida, 22 % elastano</p>
<p>- Elástico interior: 70 % poliamida, 30 % elastano</p>",MAPALÉ,llenceria,FALSE,draft,MAP3220,190602103220,Title,Default Title,46.95,TRUE,shopify,5,DENY,140,g,TRUE,manual,https://backoffice.saintsual.com/53394-superlarge_default_2x/mod-7545-babydoll-nude-black-s.jpg,1,MOD. 7545 BABYDOLL NUDE/BLACK S,FALSE
,mod-7545-babydoll-nude-black-s,,,,,,,,,,,,,,,,,,,https://backoffice.saintsual.com/53392-superlarge_default_2x/mod-7545-babydoll-nude-black-s.jpg,2,MOD. 7545 BABYDOLL NUDE/BLACK S,
MOD. 7545 BABYDOLL NUDE/BLACK M,mod-7545-babydoll-nude-black-m,"<p>Experimenta la máxima sofisticación y el lujo con este exquisito babydoll confeccionado en encaje bordado y satén.</p>
<p>Presenta tirantes ajustables y aberturas laterales.</p>
<p>Corte semiajustado.</p>
<p>Lavar a mano. No usar lejía. No planchar.</p>
<p>- Babydoll: Tejido: 70 % poliéster, 30 % elastano</p>
<p>- Contraste: 93 % poliéster, 7 % elastano</p>
<p>- Elástico brillante en el tirante: 78 % poliamida, 22 % elastano</p>
<p>- Elástico interior: 70 % poliamida, 30 % elastano</p>",MAPALÉ,llenceria,FALSE,draft,MAP3237,190602103237,Title,Default Title,46.95,TRUE,shopify,6,DENY,150,g,TRUE,manual,https://backoffice.saintsual.com/53391-superlarge_default_2x/mod-7545-babydoll-nude-black-m.jpg,1,MOD. 7545 BABYDOLL NUDE/BLACK M,FALSE
,mod-7545-babydoll-nude-black-m,,,,,,,,,,,,,,,,,,,https://backoffice.saintsual.com/53390-superlarge_default_2x/mod-7545-babydoll-nude-black-m.jpg,2,MOD. 7545 BABYDOLL NUDE/BLACK M,
MOD. 7545 BABYDOLL NUDE/BLACK L,mod-7545-babydoll-nude-black-l,"<p>Experimenta la máxima sofisticación y el lujo con este exquisito babydoll confeccionado en encaje bordado y satén.</p>
<p>Presenta tirantes ajustables y aberturas laterales.</p>
<p>Corte semiajustado.</p>
<p>Lavar a mano. No usar lejía. No planchar.</p>
<p>- Babydoll: Tejido: 70 % poliéster, 30 % elastano</p>
<p>- Contraste: 93 % poliéster, 7 % elastano</p>
<p>- Elástico brillante en el tirante: 78 % poliamida, 22 % elastano</p>
<p>- Elástico interior: 70 % poliamida, 30 % elastano</p>
<p></p>",MAPALÉ,llenceria,FALSE,draft,MAP3244,190602103244,Title,Default Title,46.95,TRUE,shopify,5,DENY,150,g,TRUE,manual,https://backoffice.saintsual.com/53393-superlarge_default_2x/mod-7545-babydoll-nude-black-l.jpg,1,MOD. 7545 BABYDOLL NUDE/BLACK L,FALSE
,mod-7545-babydoll-nude-black-l,,,,,,,,,,,,,,,,,,,https://backoffice.saintsual.com/53389-superlarge_default_2x/mod-7545-babydoll-nude-black-l.jpg,2,MOD. 7545 BABYDOLL NUDE/BLACK L,
MOD. 7545 BABYDOLL NUDE/BLACK XL,mod-7545-babydoll-nude-black-xl,"<p>Experimenta la máxima sofisticación y el lujo con este exquisito babydoll confeccionado en encaje bordado y satén.</p>
<p>Presenta tirantes ajustables y aberturas laterales.</p>
<p>Corte semiajustado.</p>
<p>Lavar a mano. No usar lejía. No planchar.</p>
<p>- Babydoll: Tejido: 70 % poliéster, 30 % elastano</p>
<p>- Contraste: 93 % poliéster, 7 % elastano</p>
<p>- Elástico brillante en el tirante: 78 % poliamida, 22 % elastano</p>
<p>- Elástico interior: 70 % poliamida, 30 % elastano</p>
<p></p>",MAPALÉ,llenceria,FALSE,draft,MAP3251,190602103251,Title,Default Title,46.95,TRUE,shopify,7,DENY,150,g,TRUE,manual,https://backoffice.saintsual.com/53388-superlarge_default_2x/mod-7545-babydoll-nude-black-xl.jpg,1,MOD. 7545 BABYDOLL NUDE/BLACK XL,FALSE
,mod-7545-babydoll-nude-black-xl,,,,,,,,,,,,,,,,,,,https://backoffice.saintsual.com/53387-superlarge_default_2x/mod-7545-babydoll-nude-black-xl.jpg,2,MOD. 7545 BABYDOLL NUDE/BLACK XL,
MOD. 7549 BABYDOLL BLACK S,mod-7549-babydoll-black-s,"<p>Una silueta romántica con una estructura sensual, este babydoll está confeccionado con contrastes de encaje de pestaña y satén.</p>
<p>Con aros para mayor sujeción, diseño con cordones en la espalda, tirantes ajustables y tanga a juego, combina encanto y sofisticación.</p>
<p>Lavar a mano. No usar lejía. No planchar.</p>
<p>100 % poliamida, 86 % poliéster, 14 % elastano.</p>",MAPALÉ,llenceria,FALSE,draft,MAP4128,190602104128,Title,Default Title,55.95,TRUE,shopify,0,DENY,160,g,TRUE,manual,https://backoffice.saintsual.com/53360-superlarge_default_2x/mod-7549-babydoll-black-s.jpg,1,MOD. 7549 BABYDOLL BLACK S,FALSE
,mod-7549-babydoll-black-s,,,,,,,,,,,,,,,,,,,https://backoffice.saintsual.com/53354-superlarge_default_2x/mod-7549-babydoll-black-s.jpg,2,MOD. 7549 BABYDOLL BLACK S,
,mod-7549-babydoll-black-s,,,,,,,,,,,,,,,,,,,https://backoffice.saintsual.com/53364-superlarge_default_2x/mod-7549-babydoll-black-s.jpg,3,MOD. 7549 BABYDOLL BLACK S,
,mod-7549-babydoll-black-s,,,,,,,,,,,,,,,,,,,https://backoffice.saintsual.com/53365-superlarge_default_2x/mod-7549-babydoll-black-s.jpg,4,MOD. 7549 BABYDOLL BLACK S,
,mod-7549-babydoll-black-s,,,,,,,,,,,,,,,,,,,https://backoffice.saintsual.com/53368-superlarge_default_2x/mod-7549-babydoll-black-s.jpg,5,MOD. 7549 BABYDOLL BLACK S,
MOD. 7549 BABYDOLL BLACK M,mod-7549-babydoll-black-m,"<p>Una silueta romántica con una estructura sensual, este babydoll está confeccionado con contrastes de encaje de pestaña y satén.</p>
<p>Con aros para mayor sujeción, diseño con cordones en la espalda, tirantes ajustables y tanga a juego, combina encanto y sofisticación.</p>
<p>Lavar a mano. No usar lejía. No planchar.</p>
<p>100 % poliamida, 86 % poliéster, 14 % elastano.</p>
<p></p>",MAPALÉ,llenceria,FALSE,draft,MAP4135,190602104135,Title,Default Title,55.95,TRUE,shopify,6,DENY,160,g,TRUE,manual,https://backoffice.saintsual.com/53359-superlarge_default_2x/mod-7549-babydoll-black-m.jpg,1,MOD. 7549 BABYDOLL BLACK M,FALSE
,mod-7549-babydoll-black-m,,,,,,,,,,,,,,,,,,,https://backoffice.saintsual.com/53351-superlarge_default_2x/mod-7549-babydoll-black-m.jpg,2,MOD. 7549 BABYDOLL BLACK M,
,mod-7549-babydoll-black-m,,,,,,,,,,,,,,,,,,,https://backoffice.saintsual.com/53366-superlarge_default_2x/mod-7549-babydoll-black-m.jpg,3,MOD. 7549 BABYDOLL BLACK M,
,mod-7549-babydoll-black-m,,,,,,,,,,,,,,,,,,,https://backoffice.saintsual.com/53367-superlarge_default_2x/mod-7549-babydoll-black-m.jpg,4,MOD. 7549 BABYDOLL BLACK M,
,mod-7549-babydoll-black-m,,,,,,,,,,,,,,,,,,,https://backoffice.saintsual.com/53369-superlarge_default_2x/mod-7549-babydoll-black-m.jpg,5,MOD. 7549 BABYDOLL BLACK M,
MOD. 7549 BABYDOLL BLACK L,mod-7549-babydoll-black-l,"<p>Una silueta romántica con una estructura sensual, este babydoll está confeccionado con contrastes de encaje de pestaña y satén.</p>
<p>Con aros para mayor sujeción, diseño con cordones en la espalda, tirantes ajustables y tanga a juego, combina encanto y sofisticación.</p>
<p>Lavar a mano. No usar lejía. No planchar.</p>
<p>100 % poliamida, 86 % poliéster, 14 % elastano.</p>
<p></p>",MAPALÉ,llenceria,FALSE,draft,MAP4142,190602104142,Title,Default Title,55.95,TRUE,shopify,8,DENY,170,g,TRUE,manual,https://backoffice.saintsual.com/53348-superlarge_default_2x/mod-7549-babydoll-black-l.jpg,1,MOD. 7549 BABYDOLL BLACK L,FALSE
,mod-7549-babydoll-black-l,,,,,,,,,,,,,,,,,,,https://backoffice.saintsual.com/53349-superlarge_default_2x/mod-7549-babydoll-black-l.jpg,2,MOD. 7549 BABYDOLL BLACK L,
,mod-7549-babydoll-black-l,,,,,,,,,,,,,,,,,,,https://backoffice.saintsual.com/53371-superlarge_default_2x/mod-7549-babydoll-black-l.jpg,3,MOD. 7549 BABYDOLL BLACK L,
,mod-7549-babydoll-black-l,,,,,,,,,,,,,,,,,,,https://backoffice.saintsual.com/53373-superlarge_default_2x/mod-7549-babydoll-black-l.jpg,4,MOD. 7549 BABYDOLL BLACK L,
,mod-7549-babydoll-black-l,,,,,,,,,,,,,,,,,,,https://backoffice.saintsual.com/53374-superlarge_default_2x/mod-7549-babydoll-black-l.jpg,5,MOD. 7549 BABYDOLL BLACK L,
MOD. 7549 BABYDOLL BLACK XL,mod-7549-babydoll-black-xl,"<p>Una silueta romántica con una estructura sensual, este babydoll está confeccionado con contrastes de encaje de pestaña y satén.</p>
<p>Con aros para mayor sujeción, diseño con cordones en la espalda, tirantes ajustables y tanga a juego, combina encanto y sofisticación.</p>
<p>Lavar a mano. No usar lejía. No planchar.</p>
<p>100 % poliamida, 86 % poliéster, 14 % elastano.</p>
<p></p>",MAPALÉ,llenceria,FALSE,draft,MAP4159,190602104159,Title,Default Title,55.95,TRUE,shopify,8,DENY,180,g,TRUE,manual,https://backoffice.saintsual.com/53345-superlarge_default_2x/mod-7549-babydoll-black-xl.jpg,1,MOD. 7549 BABYDOLL BLACK XL,FALSE
,mod-7549-babydoll-black-xl,,,,,,,,,,,,,,,,,,,https://backoffice.saintsual.com/53344-superlarge_default_2x/mod-7549-babydoll-black-xl.jpg,2,MOD. 7549 BABYDOLL BLACK XL,
,mod-7549-babydoll-black-xl,,,,,,,,,,,,,,,,,,,https://backoffice.saintsual.com/53346-superlarge_default_2x/mod-7549-babydoll-black-xl.jpg,3,MOD. 7549 BABYDOLL BLACK XL,
,mod-7549-babydoll-black-xl,,,,,,,,,,,,,,,,,,,https://backoffice.saintsual.com/53347-superlarge_default_2x/mod-7549-babydoll-black-xl.jpg,4,MOD. 7549 BABYDOLL BLACK XL,
,mod-7549-babydoll-black-xl,,,,,,,,,,,,,,,,,,,https://backoffice.saintsual.com/53350-superlarge_default_2x/mod-7549-babydoll-black-xl.jpg,5,MOD. 7549 BABYDOLL BLACK XL,
MOD. 8221 THREE PIECE GARTER SET BLACK S/M,mod-8221-three-piece-garter-set-black-s-m,"<p>Conjunto de encaje de tres piezas con sujetador, tanga y liguero.</p>
<p>El liguero y el tanga presentan sensuales diseños de corazones, perfectos para una ocasión romántica. El top tiene lazos decorativos, tirantes ajustables y un broche en la espalda.</p>
<p>Medias no incluidas.</p>
<p>Lavar a mano. No usar lejía. No planchar.</p>
<p>89 % poliamida, 11 % elastano.</p>",MAPALÉ,llenceria,FALSE,draft,MAP3515,190602223515,Title,Default Title,55.95,TRUE,shopify,0,DENY,100,g,TRUE,manual,https://backoffice.saintsual.com/53327-superlarge_default_2x/mod-8221-three-piece-garter-set-black-s-m.jpg,1,MOD. 8221 THREE PIECE GARTER SET BLACK S/M,FALSE
,mod-8221-three-piece-garter-set-black-s-m,,,,,,,,,,,,,,,,,,,https://backoffice.saintsual.com/53326-superlarge_default_2x/mod-8221-three-piece-garter-set-black-s-m.jpg,2,MOD. 8221 THREE PIECE GARTER SET BLACK S/M,
MOD. 8221 THREE PIECE GARTER SET BLACK M/L,mod-8221-three-piece-garter-set-black-m-l,"<p>Conjunto de encaje de tres piezas con sujetador, tanga y liguero.</p>
<p>El liguero y el tanga presentan sensuales diseños de corazones, perfectos para una ocasión romántica. El top tiene lazos decorativos, tirantes ajustables y un broche en la espalda.</p>
<p>Medias no incluidas.</p>
<p>Lavar a mano. No usar lejía. No planchar.</p>
<p>89 % poliamida, 11 % elastano.</p>
<p></p>",MAPALÉ,llenceria,FALSE,draft,MAP3522,190602223522,Title,Default Title,55.95,TRUE,shopify,2,DENY,100,g,TRUE,manual,https://backoffice.saintsual.com/53325-superlarge_default_2x/mod-8221-three-piece-garter-set-black-m-l.jpg,1,MOD. 8221 THREE PIECE GARTER SET BLACK M/L,FALSE
,mod-8221-three-piece-garter-set-black-m-l,,,,,,,,,,,,,,,,,,,https://backoffice.saintsual.com/53324-superlarge_default_2x/mod-8221-three-piece-garter-set-black-m-l.jpg,2,MOD. 8221 THREE PIECE GARTER SET BLACK M/L,
MOD. 8846 BODYSUIT NUDE/BLACK S,mod-8846-bodysuit-nude-black-s,"<p>Realza tu vestuario para esos momentos especiales con este body con encaje bordado e inserciones de satén brillante. Diseñado para una sujeción óptima, incluye aros, tirantes ajustables y cierre de entrepierna ajustable.</p>
<p>Lavar a mano. No usar lejía. No planchar.</p>
<p>70 % poliéster, 30 % poliamida, 93 % poliéster, 7 % elastano.</p>
<p></p>",MAPALÉ,llenceria,FALSE,draft,MAP3169,190602103169,Title,Default Title,55.95,TRUE,shopify,3,DENY,140,g,TRUE,manual,https://backoffice.saintsual.com/53315-superlarge_default_2x/mod-8846-bodysuit-nude-black-s.jpg,1,MOD. 8846 BODYSUIT NUDE/BLACK S,FALSE
,mod-8846-bodysuit-nude-black-s,,,,,,,,,,,,,,,,,,,https://backoffice.saintsual.com/53314-superlarge_default_2x/mod-8846-bodysuit-nude-black-s.jpg,2,MOD. 8846 BODYSUIT NUDE/BLACK S,
MOD. 8846 BODYSUIT NUDE/BLACK M,mod-8846-bodysuit-nude-black-m,"<p>Realza tu vestuario para esos momentos especiales con este body con encaje bordado e inserciones de satén brillante. Diseñado para una sujeción óptima, incluye aros, tirantes ajustables y cierre de entrepierna ajustable.</p>
<p>Lavar a mano. No usar lejía. No planchar.</p>
<p>70 % poliéster, 30 % poliamida, 93 % poliéster, 7 % elastano.</p>
<p></p>",MAPALÉ,llenceria,FALSE,draft,MAP3176,190602103176,Title,Default Title,55.95,TRUE,shopify,3,DENY,150,g,TRUE,manual,https://backoffice.saintsual.com/53313-superlarge_default_2x/mod-8846-bodysuit-nude-black-m.jpg,1,MOD. 8846 BODYSUIT NUDE/BLACK M,FALSE
,mod-8846-bodysuit-nude-black-m,,,,,,,,,,,,,,,,,,,https://backoffice.saintsual.com/53312-superlarge_default_2x/mod-8846-bodysuit-nude-black-m.jpg,2,MOD. 8846 BODYSUIT NUDE/BLACK M,
MOD. 8846 BODYSUIT NUDE/BLACK L,mod-8846-bodysuit-nude-black-l,"<p>Realza tu vestuario para esos momentos especiales con este body con encaje bordado e inserciones de satén brillante. Diseñado para una sujeción óptima, incluye aros, tirantes ajustables y cierre de entrepierna ajustable.</p>
<p>Lavar a mano. No usar lejía. No planchar.</p>
<p>70 % poliéster, 30 % poliamida, 93 % poliéster, 7 % elastano.</p>
<p></p>",MAPALÉ,llenceria,FALSE,draft,MAP3183,190602103183,Title,Default Title,55.95,TRUE,shopify,2,DENY,150,g,TRUE,manual,https://backoffice.saintsual.com/53311-superlarge_default_2x/mod-8846-bodysuit-nude-black-l.jpg,1,MOD. 8846 BODYSUIT NUDE/BLACK L,FALSE
,mod-8846-bodysuit-nude-black-l,,,,,,,,,,,,,,,,,,,https://backoffice.saintsual.com/53310-superlarge_default_2x/mod-8846-bodysuit-nude-black-l.jpg,2,MOD. 8846 BODYSUIT NUDE/BLACK L,
MOD. 8846 BODYSUIT NUDE/BLACK XL,mod-8846-bodysuit-nude-black-xl,"<p>Realza tu vestuario para esos momentos especiales con este body con encaje bordado e inserciones de satén brillante. Diseñado para una sujeción óptima, incluye aros, tirantes ajustables y cierre de entrepierna ajustable.</p>
<p>Lavar a mano. No usar lejía. No planchar.</p>
<p>70 % poliéster, 30 % poliamida, 93 % poliéster, 7 % elastano.</p>",MAPALÉ,llenceria,FALSE,draft,MAP3190,190602103190,Title,Default Title,55.95,TRUE,shopify,5,DENY,150,g,TRUE,manual,https://backoffice.saintsual.com/53309-superlarge_default_2x/mod-8846-bodysuit-nude-black-xl.jpg,1,MOD. 8846 BODYSUIT NUDE/BLACK XL,FALSE
,mod-8846-bodysuit-nude-black-xl,,,,,,,,,,,,,,,,,,,https://backoffice.saintsual.com/53308-superlarge_default_2x/mod-8846-bodysuit-nude-black-xl.jpg,2,MOD. 8846 BODYSUIT NUDE/BLACK XL,
MOD. 1133 FLORAL FISHNET BODYSUIT SET BLACK/RED OS,mod-1133-floral-fishnet-bodysuit-set-black-red-os,"<p>Dale un toque extra de chispa a tu noche con este atrevido bodystocking con copas semitransparentes de red floral, tirantes halter y detalles de lazos de satén. Incluye puños con volantes (no incluye las medias del modelo 1129).</p>
<p>Lavar a mano. No usar blanqueador. No planchar.</p>
<p>Composión: Self Fabric: 95% Polyamide 5% Elastane - Bow: 100% Polyester - Ruffle Trim: 100% Polyamide - Elastic: 70% Polyamide 30% Elastane</p>",MAPALÉ,llenceria,FALSE,draft,MAP3906,190602203906,Title,Default Title,26.95,TRUE,shopify,0,DENY,110,g,TRUE,manual,https://backoffice.saintsual.com/54680-superlarge_default_2x/mod-1133-floral-fishnet-bodysuit-set-black-red-os.jpg,1,MOD. 1133 FLORAL FISHNET BODYSUIT SET BLACK/RED OS,FALSE
,mod-1133-floral-fishnet-bodysuit-set-black-red-os,,,,,,,,,,,,,,,,,,,https://backoffice.saintsual.com/54677-superlarge_default_2x/mod-1133-floral-fishnet-bodysuit-set-black-red-os.jpg,2,MOD. 1133 FLORAL FISHNET BODYSUIT SET BLACK/RED OS,
,mod-1133-floral-fishnet-bodysuit-set-black-red-os,,,,,,,,,,,,,,,,,,,https://backoffice.saintsual.com/54678-superlarge_default_2x/mod-1133-floral-fishnet-bodysuit-set-black-red-os.jpg,3,MOD. 1133 FLORAL FISHNET BODYSUIT SET BLACK/RED OS,
,mod-1133-floral-fishnet-bodysuit-set-black-red-os,,,,,,,,,,,,,,,,,,,https://backoffice.saintsual.com/54679-superlarge_default_2x/mod-1133-floral-fishnet-bodysuit-set-black-red-os.jpg,4,MOD. 1133 FLORAL FISHNET BODYSUIT SET BLACK/RED OS,
,mod-1133-floral-fishnet-bodysuit-set-black-red-os,,,,,,,,,,,,,,,,,,,https://backoffice.saintsual.com/54681-superlarge_default_2x/mod-1133-floral-fishnet-bodysuit-set-black-red-os.jpg,5,MOD. 1133 FLORAL FISHNET BODYSUIT SET BLACK/RED OS,
MOD. 7561 BABYDOLL RED S/M,mod-7561-babydoll-red-s-m,"<p>Serás el regalo perfecto con este atrevido babydoll. Copas abiertas con lazo, abertura frontal, tirantes ajustables y tanga a juego. Corte holgado.</p>
<p>Lavar a mano. No usar blanqueador. No planchar.</p>
<p>Composión: - Babydoll: Self Fabric: 95% Polyamide 5% Elastane - Contrast: 93% Polyester 7% Elastane - Underband: 86% Polyamide 14% Elastane -Panty: Self Fabric: 93% Polyester 7% Elastane</p>
<p></p>",MAPALÉ,llenceria,FALSE,draft,MAP8226,190602198226,Title,Default Title,50.95,TRUE,shopify,0,DENY,140,g,TRUE,manual,https://backoffice.saintsual.com/54714-superlarge_default_2x/mod-7561-babydoll-red-s-m.jpg,1,MOD. 7561 BABYDOLL RED S/M,FALSE
,mod-7561-babydoll-red-s-m,,,,,,,,,,,,,,,,,,,https://backoffice.saintsual.com/54715-superlarge_default_2x/mod-7561-babydoll-red-s-m.jpg,2,MOD. 7561 BABYDOLL RED S/M,
,mod-7561-babydoll-red-s-m,,,,,,,,,,,,,,,,,,,https://backoffice.saintsual.com/54717-superlarge_default_2x/mod-7561-babydoll-red-s-m.jpg,3,MOD. 7561 BABYDOLL RED S/M,
MOD. 7561 BABYDOLL RED L/XL,mod-7561-babydoll-red-l-xl,"<p>Serás el regalo perfecto con este atrevido babydoll. Copas abiertas con lazo, abertura frontal, tirantes ajustables y tanga a juego. Corte holgado.</p>
<p>Lavar a mano. No usar blanqueador. No planchar.</p>
<p>Composión: - Babydoll: Self Fabric: 95% Polyamide 5% Elastane - Contrast: 93% Polyester 7% Elastane - Underband: 86% Polyamide 14% Elastane -Panty: Self Fabric: 93% Polyester 7% Elastane</p>",MAPALÉ,llenceria,FALSE,draft,MAP8233,190602198233,Title,Default Title,50.95,TRUE,shopify,6,DENY,140,g,TRUE,manual,https://backoffice.saintsual.com/54719-superlarge_default_2x/mod-7561-babydoll-red-l-xl.jpg,1,MOD. 7561 BABYDOLL RED L/XL,FALSE
,mod-7561-babydoll-red-l-xl,,,,,,,,,,,,,,,,,,,https://backoffice.saintsual.com/54716-superlarge_default_2x/mod-7561-babydoll-red-l-xl.jpg,2,MOD. 7561 BABYDOLL RED L/XL,
,mod-7561-babydoll-red-l-xl,,,,,,,,,,,,,,,,,,,https://backoffice.saintsual.com/54718-superlarge_default_2x/mod-7561-babydoll-red-l-xl.jpg,3,MOD. 7561 BABYDOLL RED L/XL,
MOD. 8221 THREE PIECE GARTER SET RED S/M,mod-8221-three-piece-garter-set-red-s-m,"<p>Conjunto de encaje de tres piezas con sujetador, tanga y liguero. El liguero y el tanga presentan sensuales diseños de corazones, perfectos para una ocasión romántica. El top tiene lazos decorativos, tirantes ajustables y un broche en la espalda.</p>
<p>Medias no incluidas.</p>
<p>Lavar a mano. No usar blanqueador. No planchar.</p>
<p>Composión: 89%Polyamide 11%Elastane</p>",MAPALÉ,llenceria,FALSE,draft,MAP2629,190602032629,Title,Default Title,55.95,TRUE,shopify,0,DENY,100,g,TRUE,manual,https://backoffice.saintsual.com/54683-superlarge_default_2x/mod-8221-three-piece-garter-set-red-s-m.jpg,1,MOD. 8221 THREE PIECE GARTER SET RED S/M,FALSE
,mod-8221-three-piece-garter-set-red-s-m,,,,,,,,,,,,,,,,,,,https://backoffice.saintsual.com/54682-superlarge_default_2x/mod-8221-three-piece-garter-set-red-s-m.jpg,2,MOD. 8221 THREE PIECE GARTER SET RED S/M,
MOD. 8221 THREE PIECE GARTER SET RED M/L,mod-8221-three-piece-garter-set-red-m-l,"<p>Conjunto de encaje de tres piezas con sujetador, tanga y liguero. El liguero y el tanga presentan sensuales diseños de corazones, perfectos para una ocasión romántica. El top tiene lazos decorativos, tirantes ajustables y un broche en la espalda.</p>
<p>Medias no incluidas.</p>
<p>Lavar a mano. No usar blanqueador. No planchar.</p>
<p>Composión: 89%Polyamide 11%Elastane</p>",MAPALÉ,llenceria,FALSE,draft,MAP2636,190602032636,Title,Default Title,55.95,TRUE,shopify,0,DENY,100,g,TRUE,manual,https://backoffice.saintsual.com/54685-superlarge_default_2x/mod-8221-three-piece-garter-set-red-m-l.jpg,1,MOD. 8221 THREE PIECE GARTER SET RED M/L,FALSE
,mod-8221-three-piece-garter-set-red-m-l,,,,,,,,,,,,,,,,,,,https://backoffice.saintsual.com/54684-superlarge_default_2x/mod-8221-three-piece-garter-set-red-m-l.jpg,2,MOD. 8221 THREE PIECE GARTER SET RED M/L,
MOD. 8866 THREE PIECE SET SEA GREEN S/M,mod-8866-three-piece-set-sea-green-s-m,"<p>Tonos intensos de piedras preciosas plasmados en tu piel. Conjunto de tres piezas de encaje con pestañas que incluye top con aros y tirantes ajustables, liguero y tanga a juego.</p>
<p>No incluye medias.</p>
<p>Lavar a mano. No usar blanqueador. No planchar.</p>
<p>Composión: -Top: Self Fabric: 88% Polyamide 12% Elastane - Shine Strap Elastic: 78% Polyamide 22% Elastane - Plushback Elastic: 75% Polyester 25% Elastane - Picot Elastic: 80% Polyamide 20% Elastane - Garter: Self Fabric: 88% Polyamide 12% Elastane - Waistband: 77% Polyamide 23% Elastane - Shine Strap Elastic: 78% Polyamide 22% Elastane - Panty: Self Fabric: 88% Polyamide 12% Elastane - Shine Strap Elastic: 78% Polyamide 22% Elastane - Picot Elastic: 80% Polyamide 20% Elastane</p>",MAPALÉ,llenceria,FALSE,draft,MAP2703,190602112703,Title,Default Title,46.95,TRUE,shopify,0,DENY,140,g,TRUE,manual,https://backoffice.saintsual.com/54707-superlarge_default_2x/mod-8866-three-piece-set-sea-green-s-m.jpg,1,MOD. 8866 THREE PIECE SET SEA GREEN S/M,FALSE
,mod-8866-three-piece-set-sea-green-s-m,,,,,,,,,,,,,,,,,,,https://backoffice.saintsual.com/54708-superlarge_default_2x/mod-8866-three-piece-set-sea-green-s-m.jpg,2,MOD. 8866 THREE PIECE SET SEA GREEN S/M,
,mod-8866-three-piece-set-sea-green-s-m,,,,,,,,,,,,,,,,,,,https://backoffice.saintsual.com/54711-superlarge_default_2x/mod-8866-three-piece-set-sea-green-s-m.jpg,3,MOD. 8866 THREE PIECE SET SEA GREEN S/M,
,mod-8866-three-piece-set-sea-green-s-m,,,,,,,,,,,,,,,,,,,https://backoffice.saintsual.com/54713-superlarge_default_2x/mod-8866-three-piece-set-sea-green-s-m.jpg,4,MOD. 8866 THREE PIECE SET SEA GREEN S/M,
MOD. 8866 THREE PIECE SET SEA GREEN L/XL,mod-8866-three-piece-set-sea-green-l-xl,"<p>Tonos intensos de piedras preciosas plasmados en tu piel. Conjunto de tres piezas de encaje con pestañas que incluye top con aros y tirantes ajustables, liguero y tanga a juego.</p>
<p>No incluye medias.</p>
<p>Lavar a mano. No usar blanqueador. No planchar.</p>
<p>Composión: -Top: Self Fabric: 88% Polyamide 12% Elastane - Shine Strap Elastic: 78% Polyamide 22% Elastane - Plushback Elastic: 75% Polyester 25% Elastane - Picot Elastic: 80% Polyamide 20% Elastane - Garter: Self Fabric: 88% Polyamide 12% Elastane - Waistband: 77% Polyamide 23% Elastane - Shine Strap Elastic: 78% Polyamide 22% Elastane - Panty: Self Fabric: 88% Polyamide 12% Elastane - Shine Strap Elastic: 78% Polyamide 22% Elastane - Picot Elastic: 80% Polyamide 20% Elastane</p>",MAPALÉ,llenceria,FALSE,draft,MAP2710,190602112710,Title,Default Title,46.95,TRUE,shopify,0,DENY,150,g,TRUE,manual,https://backoffice.saintsual.com/54706-superlarge_default_2x/mod-8866-three-piece-set-sea-green-l-xl.jpg,1,MOD. 8866 THREE PIECE SET SEA GREEN L/XL,FALSE
,mod-8866-three-piece-set-sea-green-l-xl,,,,,,,,,,,,,,,,,,,https://backoffice.saintsual.com/54709-superlarge_default_2x/mod-8866-three-piece-set-sea-green-l-xl.jpg,2,MOD. 8866 THREE PIECE SET SEA GREEN L/XL,
,mod-8866-three-piece-set-sea-green-l-xl,,,,,,,,,,,,,,,,,,,https://backoffice.saintsual.com/54710-superlarge_default_2x/mod-8866-three-piece-set-sea-green-l-xl.jpg,3,MOD. 8866 THREE PIECE SET SEA GREEN L/XL,
,mod-8866-three-piece-set-sea-green-l-xl,,,,,,,,,,,,,,,,,,,https://backoffice.saintsual.com/54712-superlarge_default_2x/mod-8866-three-piece-set-sea-green-l-xl.jpg,4,MOD. 8866 THREE PIECE SET SEA GREEN L/XL,
MOD. 8893 THREE PIECE SET RED S/M,mod-8893-three-piece-set-red-s-m,"<p>Esta lujosa malla bordada con lentejuelas y detalles florales en un rojo vibrante es todo lo que necesitas esta temporada.</p>
<p>El conjunto de tres piezas incluye bralette con tirantes ajustables, liguero y tanga a juego. No incluye medias.</p>
<p>Lavar a mano. No usar blanqueador. No planchar.</p>
<p>Composión: - Top: Lace: 100% Polyester - Elastics: 78% Polyamide 22% Elastane</p>
<p></p>",MAPALÉ,llenceria,FALSE,draft,MAP7861,190602197861,Title,Default Title,50.95,TRUE,shopify,0,DENY,130,g,TRUE,manual,https://backoffice.saintsual.com/54702-superlarge_default_2x/mod-8893-three-piece-set-red-s-m.jpg,1,MOD. 8893 THREE PIECE SET RED S/M,FALSE
,mod-8893-three-piece-set-red-s-m,,,,,,,,,,,,,,,,,,,https://backoffice.saintsual.com/54703-superlarge_default_2x/mod-8893-three-piece-set-red-s-m.jpg,2,MOD. 8893 THREE PIECE SET RED S/M,
,mod-8893-three-piece-set-red-s-m,,,,,,,,,,,,,,,,,,,https://backoffice.saintsual.com/54704-superlarge_default_2x/mod-8893-three-piece-set-red-s-m.jpg,3,MOD. 8893 THREE PIECE SET RED S/M,
,mod-8893-three-piece-set-red-s-m,,,,,,,,,,,,,,,,,,,https://backoffice.saintsual.com/54705-superlarge_default_2x/mod-8893-three-piece-set-red-s-m.jpg,4,MOD. 8893 THREE PIECE SET RED S/M,
MOD. 8893 THREE PIECE SET RED L/XL,mod-8893-three-piece-set-red-l-xl,"<p>Esta lujosa malla bordada con lentejuelas y detalles florales en un rojo vibrante es todo lo que necesitas esta temporada.</p>
<p>El conjunto de tres piezas incluye bralette con tirantes ajustables, liguero y tanga a juego. No incluye medias.</p>
<p>Lavar a mano. No usar blanqueador. No planchar.</p>
<p>Composión:- Top: Lace: 100% Polyester - Elastics: 78% Polyamide 22% Elastane</p>",MAPALÉ,llenceria,FALSE,draft,MAP7878,190602197878,Title,Default Title,50.95,TRUE,shopify,4,DENY,130,g,TRUE,manual,https://backoffice.saintsual.com/54698-superlarge_default_2x/mod-8893-three-piece-set-red-l-xl.jpg,1,MOD. 8893 THREE PIECE SET RED L/XL,FALSE
,mod-8893-three-piece-set-red-l-xl,,,,,,,,,,,,,,,,,,,https://backoffice.saintsual.com/54699-superlarge_default_2x/mod-8893-three-piece-set-red-l-xl.jpg,2,MOD. 8893 THREE PIECE SET RED L/XL,
,mod-8893-three-piece-set-red-l-xl,,,,,,,,,,,,,,,,,,,https://backoffice.saintsual.com/54700-superlarge_default_2x/mod-8893-three-piece-set-red-l-xl.jpg,3,MOD. 8893 THREE PIECE SET RED L/XL,
,mod-8893-three-piece-set-red-l-xl,,,,,,,,,,,,,,,,,,,https://backoffice.saintsual.com/54701-superlarge_default_2x/mod-8893-three-piece-set-red-l-xl.jpg,4,MOD. 8893 THREE PIECE SET RED L/XL,
MOD. 8897 BODYSUIT RED S,mod-8897-bodysuit-red-s,"<p>Un encantador body de malla bordada con lentejuelas que te hará lucir refinada y sensual. Cuenta con aros para mayor sujeción, tirantes ajustables, ligas laterales, cobertura tipo tanga y cierre de broches en la entrepierna.</p>
<p>No incluye medias.</p>
<p>Lavar a mano. No usar blanqueador. No planchar.</p>
<p>Composión: Bodysuit: Self Fabric: 84% Polyamide 16% Elastane - Lace: 100% Polyester - Elastics: 78% Polyamide 22% Elastane</p>
<p></p>",MAPALÉ,llenceria,FALSE,draft,MAP7960,190602197960,Title,Default Title,55.95,TRUE,shopify,0,DENY,140,g,TRUE,manual,https://backoffice.saintsual.com/54697-superlarge_default_2x/mod-8897-bodysuit-red-s.jpg,1,MOD. 8897 BODYSUIT RED S,FALSE
,mod-8897-bodysuit-red-s,,,,,,,,,,,,,,,,,,,https://backoffice.saintsual.com/54696-superlarge_default_2x/mod-8897-bodysuit-red-s.jpg,2,MOD. 8897 BODYSUIT RED S,
MOD. 8897 BODYSUIT RED M,mod-8897-bodysuit-red-m,"<p>Un encantador body de malla bordada con lentejuelas que te hará lucir refinada y sensual. Cuenta con aros para mayor sujeción, tirantes ajustables, ligas laterales, cobertura tipo tanga y cierre de broches en la entrepierna.</p>
<p>No incluye medias.</p>
<p>Lavar a mano. No usar blanqueador. No planchar.</p>
<p>Composión: Bodysuit: Self Fabric: 84% Polyamide 16% Elastane - Lace: 100% Polyester - Elastics: 78% Polyamide 22% Elastane</p>
<p></p>",MAPALÉ,llenceria,FALSE,draft,MAP7977,190602197977,Title,Default Title,55.95,TRUE,shopify,0,DENY,150,g,TRUE,manual,https://backoffice.saintsual.com/54692-superlarge_default_2x/mod-8897-bodysuit-red-m.jpg,1,MOD. 8897 BODYSUIT RED M,FALSE
,mod-8897-bodysuit-red-m,,,,,,,,,,,,,,,,,,,https://backoffice.saintsual.com/54695-superlarge_default_2x/mod-8897-bodysuit-red-m.jpg,2,MOD. 8897 BODYSUIT RED M,
MOD. 8897 BODYSUIT RED L,mod-8897-bodysuit-red-l,"<p>Un encantador body de malla bordada con lentejuelas que te hará lucir refinada y sensual. Cuenta con aros para mayor sujeción, tirantes ajustables, ligas laterales, cobertura tipo tanga y cierre de broches en la entrepierna.</p>
<p>No incluye medias.</p>
<p>Lavar a mano. No usar blanqueador. No planchar.</p>
<p>Composión: Bodysuit: Self Fabric: 84% Polyamide 16% Elastane - Lace: 100% Polyester - Elastics: 78% Polyamide 22% Elastane</p>",MAPALÉ,llenceria,FALSE,draft,MAP7984,190602197984,Title,Default Title,55.95,TRUE,shopify,0,DENY,150,g,TRUE,manual,https://backoffice.saintsual.com/54694-superlarge_default_2x/mod-8897-bodysuit-red-l.jpg,1,MOD. 8897 BODYSUIT RED L,FALSE
,mod-8897-bodysuit-red-l,,,,,,,,,,,,,,,,,,,https://backoffice.saintsual.com/54693-superlarge_default_2x/mod-8897-bodysuit-red-l.jpg,2,MOD. 8897 BODYSUIT RED L,
MOD. 8897 BODYSUIT RED XL,mod-8897-bodysuit-red-xl,"<p>Un encantador body de malla bordada con lentejuelas que te hará lucir refinada y sensual. Cuenta con aros para mayor sujeción, tirantes ajustables, ligas laterales, cobertura tipo tanga y cierre de broches en la entrepierna.</p>
<p>No incluye medias.</p>
<p>Lavar a mano. No usar blanqueador. No planchar.</p>
<p>Composión: Bodysuit: Self Fabric: 84% Polyamide 16% Elastane - Lace: 100% Polyester - Elastics: 78% Polyamide 22% Elastane</p>
<p></p>",MAPALÉ,llenceria,FALSE,draft,MAP7991,190602197991,Title,Default Title,55.95,TRUE,shopify,0,DENY,160,g,TRUE,manual,https://backoffice.saintsual.com/54690-superlarge_default_2x/mod-8897-bodysuit-red-xl.jpg,1,MOD. 8897 BODYSUIT RED XL,FALSE
,mod-8897-bodysuit-red-xl,,,,,,,,,,,,,,,,,,,https://backoffice.saintsual.com/54691-superlarge_default_2x/mod-8897-bodysuit-red-xl.jpg,2,MOD. 8897 BODYSUIT RED XL,
MOD. 8901 TWO PIECE SET RED S/M,mod-8901-two-piece-set-red-s-m,"<p>Serás el regalo más sexy de la temporada con este conjunto de dos piezas. Incluye top con copas abiertas y detalles de lazo, tirantes ajustables y braguita con lazo a juego.</p>
<p>Lavar a mano. No usar blanqueador. No planchar.</p>
<p>Composión: Top: Self Fabric: 93% Polyester 7% Elastane - UnderBand: 87% Polyamide 13% Elastane - Panty: Self Fabric: 93% Polyester 7% Elastane - Waistband :87% Polyamide 13% Elastane</p>
<p></p>",MAPALÉ,llenceria,FALSE,draft,MAP8202,190602198202,Title,Default Title,50.95,TRUE,shopify,2,DENY,130,g,TRUE,manual,https://backoffice.saintsual.com/54688-superlarge_default_2x/mod-8901-two-piece-set-red-s-m.jpg,1,MOD. 8901 TWO PIECE SET RED S/M,FALSE
,mod-8901-two-piece-set-red-s-m,,,,,,,,,,,,,,,,,,,https://backoffice.saintsual.com/54689-superlarge_default_2x/mod-8901-two-piece-set-red-s-m.jpg,2,MOD. 8901 TWO PIECE SET RED S/M,
MOD. 8901 TWO PIECE SET RED L/XL,mod-8901-two-piece-set-red-l-xl,"<p>Serás el regalo más sexy de la temporada con este conjunto de dos piezas. Incluye top con copas abiertas y detalles de lazo, tirantes ajustables y braguita con lazo a juego.</p>
<p>Lavar a mano. No usar blanqueador. No planchar.</p>
<p>Composión: Top: Self Fabric: 93% Polyester 7% Elastane - UnderBand: 87% Polyamide 13% Elastane - Panty: Self Fabric: 93% Polyester 7% Elastane - Waistband :87% Polyamide 13% Elastane</p>",MAPALÉ,llenceria,FALSE,draft,MAP8219,190602198219,Title,Default Title,50.95,TRUE,shopify,4,DENY,140,g,TRUE,manual,https://backoffice.saintsual.com/54687-superlarge_default_2x/mod-8901-two-piece-set-red-l-xl.jpg,1,MOD. 8901 TWO PIECE SET RED L/XL,FALSE
,mod-8901-two-piece-set-red-l-xl,,,,,,,,,,,,,,,,,,,https://backoffice.saintsual.com/54686-superlarge_default_2x/mod-8901-two-piece-set-red-l-xl.jpg,2,MOD. 8901 TWO PIECE SET RED L/XL,
"SILEXD DILDO SILICONA MODEL 1 9 ROSA""",silexd-dildo-silicona-model-1-9-rosa,"<p>Medidas: 23'7 cm x 4'9 cm<br /><br />SilexD ofrece una gama de dildos con una piel de silicona súper suave de alta calidad con doble densidad y relleno de SILEXPAN, para una textura y tacto extremadamente realístico y una experiencia de placer incomparable.<br /><br />La revolucionaria fórmula patentada del material SILEXPAN usado para rellenar nuestros productos, permite una mejore flexibilidad y densidad del dildo. Dándole una elasticidad y manejabilidad magnífica.<br /><br />SILEXD ofrece la mejor calidad de silicona del mercado. La silicona Platinum no contiene ftalatos ni látex, es hipo alergénica y no porosa lo que la hace mucha más duradera y fácil de limpiar.</p>",SILEXD,"juguetes eroticos, realisticos",FALSE,draft,SIL0116,8433345220116,Title,Default Title,,TRUE,shopify,4,DENY,678,g,TRUE,manual,https://backoffice.saintsual.com/5619-superlarge_default_2x/silexd-dildo-silicona-model-1-9-rosa.jpg,1,"SILEXD DILDO SILICONA MODEL 1 9 ROSA""",FALSE
,silexd-dildo-silicona-model-1-9-rosa,,,,,,,,,,,,,,,,,,,https://backoffice.saintsual.com/12739-superlarge_default_2x/silexd-dildo-silicona-model-1-9-rosa.jpg,2,"SILEXD DILDO SILICONA MODEL 1 9 ROSA""",
,silexd-dildo-silicona-model-1-9-rosa,,,,,,,,,,,,,,,,,,,https://backoffice.saintsual.com/12740-superlarge_default_2x/silexd-dildo-silicona-model-1-9-rosa.jpg,3,"SILEXD DILDO SILICONA MODEL 1 9 ROSA""",
"SILEXD DILDO SILICONA MODEL 1 7 ROSA""",silexd-dildo-silicona-model-1-7-rosa,"<p>Medidas: 17'75 cm x 3'8 cm<br /><br />SilexD ofrece una gama de dildos con una piel de silicona súper suave de alta calidad con doble densidad y relleno de SILEXPAN, para una textura y tacto extremadamente realístico y una experiencia de placer incomparable.<br /><br />La revolucionaria fórmula patentada del material SILEXPAN usado para rellenar nuestros productos, permite una mejore flexibilidad y densidad del dildo. Dándole una elasticidad y manejabilidad magnífica.<br /><br />SILEXD ofrece la mejor calidad de silicona del mercado. La silicona Platinum no contiene ftalatos ni látex, es hipo alergénica y no porosa lo que la hace mucha más duradera y fácil de limpiar.</p>",SILEXD,"juguetes eroticos, realisticos",FALSE,draft,SIL0215,8433345220215,Title,Default Title,,TRUE,shopify,7,DENY,327,g,TRUE,manual,https://backoffice.saintsual.com/5620-superlarge_default_2x/silexd-dildo-silicona-model-1-7-rosa.jpg,1,"SILEXD DILDO SILICONA MODEL 1 7 ROSA""",FALSE
,silexd-dildo-silicona-model-1-7-rosa,,,,,,,,,,,,,,,,,,,https://backoffice.saintsual.com/12741-superlarge_default_2x/silexd-dildo-silicona-model-1-7-rosa.jpg,2,"SILEXD DILDO SILICONA MODEL 1 7 ROSA""",
,silexd-dildo-silicona-model-1-7-rosa,,,,,,,,,,,,,,,,,,,https://backoffice.saintsual.com/12742-superlarge_default_2x/silexd-dildo-silicona-model-1-7-rosa.jpg,3,"SILEXD DILDO SILICONA MODEL 1 7 ROSA""",
"SILEXD DILDO SILICONA MODEL 4 8.5 ROSA""",silexd-dildo-silicona-model-4-8-5-rosa,"<p>Medidas: 21'8 cm x 5 cm<br /><br />SilexD ofrece una gama de dildos con una piel de silicona súper suave de alta calidad con doble densidad y relleno de SILEXPAN, para una textura y tacto extremadamente realístico y una experiencia de placer incomparable.<br /><br />La revolucionaria fórmula patentada del material SILEXPAN usado para rellenar nuestros productos, permite una mejore flexibilidad y densidad del dildo. Dándole una elasticidad y manejabilidad magnífica.<br /><br />SILEXD ofrece la mejor calidad de silicona del mercado. La silicona Platinum no contiene ftalatos ni látex, es hipo alergénica y no porosa lo que la hace mucha más duradera y fácil de limpiar.</p>",SILEXD,"juguetes eroticos, realisticos",FALSE,draft,SIL0413,8433345220413,Title,Default Title,,TRUE,shopify,9,DENY,625,g,TRUE,manual,https://backoffice.saintsual.com/5622-superlarge_default_2x/silexd-dildo-silicona-model-4-85-rosa.jpg,1,"SILEXD DILDO SILICONA MODEL 4 8.5 ROSA""",FALSE
,silexd-dildo-silicona-model-4-8-5-rosa,,,,,,,,,,,,,,,,,,,https://backoffice.saintsual.com/12745-superlarge_default_2x/silexd-dildo-silicona-model-4-85-rosa.jpg,2,"SILEXD DILDO SILICONA MODEL 4 8.5 ROSA""",
,silexd-dildo-silicona-model-4-8-5-rosa,,,,,,,,,,,,,,,,,,,https://backoffice.saintsual.com/12746-superlarge_default_2x/silexd-dildo-silicona-model-4-85-rosa.jpg,3,"SILEXD DILDO SILICONA MODEL 4 8.5 ROSA""",
"SILEXD DILDO SILICONA MODEL 2 9 ROSA""",silexd-dildo-silicona-model-2-9-rosa,"<p>Medidas: 22'9 cm x 5'4 cm<br /><br />SilexD ofrece una gama de dildos con una piel de silicona súper suave de alta calidad con doble densidad y relleno de SILEXPAN, para una textura y tacto extremadamente realístico y una experiencia de placer incomparable.<br /><br />La revolucionaria fórmula patentada del material SILEXPAN usado para rellenar nuestros productos, permite una mejore flexibilidad y densidad del dildo. Dándole una elasticidad y manejabilidad magnífica.<br /><br />SILEXD ofrece la mejor calidad de silicona del mercado. La silicona Platinum no contiene ftalatos ni látex, es hipo alergénica y no porosa lo que la hace mucha más duradera y fácil de limpiar.</p>",SILEXD,"juguetes eroticos, realisticos",FALSE,draft,SIL0512,8433345220512,Title,Default Title,,TRUE,shopify,0,DENY,590,g,TRUE,manual,https://backoffice.saintsual.com/5623-superlarge_default_2x/silexd-dildo-silicona-model-2-9-rosa.jpg,1,"SILEXD DILDO SILICONA MODEL 2 9 ROSA""",FALSE
,silexd-dildo-silicona-model-2-9-rosa,,,,,,,,,,,,,,,,,,,https://backoffice.saintsual.com/12747-superlarge_default_2x/silexd-dildo-silicona-model-2-9-rosa.jpg,2,"SILEXD DILDO SILICONA MODEL 2 9 ROSA""",
,silexd-dildo-silicona-model-2-9-rosa,,,,,,,,,,,,,,,,,,,https://backoffice.saintsual.com/12748-superlarge_default_2x/silexd-dildo-silicona-model-2-9-rosa.jpg,3,"SILEXD DILDO SILICONA MODEL 2 9 ROSA""",
"SILEXD DILDO SILICONA MODEL 2 7.5 ROSA""",silexd-dildo-silicona-model-2-7-5-rosa,"<p>Medidas: 19 cm x 4'8 cm<br /><br />SilexD ofrece una gama de dildos con una piel de silicona súper suave de alta calidad con doble densidad y relleno de SILEXPAN, para una textura y tacto extremadamente realístico y una experiencia de placer incomparable.<br /><br />La revolucionaria fórmula patentada del material SILEXPAN usado para rellenar nuestros productos, permite una mejore flexibilidad y densidad del dildo. Dándole una elasticidad y manejabilidad magnífica.<br /><br />SILEXD ofrece la mejor calidad de silicona del mercado. La silicona Platinum no contiene ftalatos ni látex, es hipo alergénica y no porosa lo que la hace mucha más duradera y fácil de limpiar.</p>",SILEXD,"juguetes eroticos, realisticos",FALSE,draft,SIL0611,8433345220611,Title,Default Title,,TRUE,shopify,18,DENY,393,g,TRUE,manual,https://backoffice.saintsual.com/5624-superlarge_default_2x/silexd-dildo-silicona-model-2-75-rosa.jpg,1,"SILEXD DILDO SILICONA MODEL 2 7.5 ROSA""",FALSE
,silexd-dildo-silicona-model-2-7-5-rosa,,,,,,,,,,,,,,,,,,,https://backoffice.saintsual.com/12749-superlarge_default_2x/silexd-dildo-silicona-model-2-75-rosa.jpg,2,"SILEXD DILDO SILICONA MODEL 2 7.5 ROSA""",
,silexd-dildo-silicona-model-2-7-5-rosa,,,,,,,,,,,,,,,,,,,https://backoffice.saintsual.com/12750-superlarge_default_2x/silexd-dildo-silicona-model-2-75-rosa.jpg,3,"SILEXD DILDO SILICONA MODEL 2 7.5 ROSA""",
"SILEXD DILDO SILICONA MODEL 2 6 ROSA""",silexd-dildo-silicona-model-2-6-rosa,"<p>Medidas: 15'5 cm x 3'9 cm<br /><br />SilexD ofrece una gama de dildos con una piel de silicona súper suave de alta calidad con doble densidad y relleno de SILEXPAN, para una textura y tacto extremadamente realístico y una experiencia de placer incomparable.<br /><br />La revolucionaria fórmula patentada del material SILEXPAN usado para rellenar nuestros productos, permite una mejore flexibilidad y densidad del dildo. Dándole una elasticidad y manejabilidad magnífica.<br /><br />SILEXD ofrece la mejor calidad de silicona del mercado. La silicona Platinum no contiene ftalatos ni látex, es hipo alergénica y no porosa lo que la hace mucha más duradera y fácil de limpiar.</p>",SILEXD,"juguetes eroticos, realisticos",FALSE,draft,SIL0710,8433345220710,Title,Default Title,,TRUE,shopify,0,DENY,257,g,TRUE,manual,https://backoffice.saintsual.com/5625-superlarge_default_2x/silexd-dildo-silicona-model-2-6-rosa.jpg,1,"SILEXD DILDO SILICONA MODEL 2 6 ROSA""",FALSE
,silexd-dildo-silicona-model-2-6-rosa,,,,,,,,,,,,,,,,,,,https://backoffice.saintsual.com/12751-superlarge_default_2x/silexd-dildo-silicona-model-2-6-rosa.jpg,2,"SILEXD DILDO SILICONA MODEL 2 6 ROSA""",
,silexd-dildo-silicona-model-2-6-rosa,,,,,,,,,,,,,,,,,,,https://backoffice.saintsual.com/12752-superlarge_default_2x/silexd-dildo-silicona-model-2-6-rosa.jpg,3,"SILEXD DILDO SILICONA MODEL 2 6 ROSA""",
"SILEXD DILDO SILICONA MODEL 1 9 FLESH""",silexd-dildo-silicona-model-1-9-flesh,"<p>Medidas: 23'7 cm x 4'9 cm<br /><br />SilexD ofrece una gama de dildos con una piel de silicona súper suave de alta calidad con doble densidad y relleno de SILEXPAN, para una textura y tacto extremadamente realístico y una experiencia de placer incomparable.<br /><br />La revolucionaria fórmula patentada del material SILEXPAN usado para rellenar nuestros productos, permite una mejore flexibilidad y densidad del dildo. Dándole una elasticidad y manejabilidad magnífica.<br /><br />SILEXD ofrece la mejor calidad de silicona del mercado. La silicona Platinum no contiene ftalatos ni látex, es hipo alergénica y no porosa lo que la hace mucha más duradera y fácil de limpiar.</p>",SILEXD,"juguetes eroticos, realisticos",FALSE,draft,SIL0178,8433345220178,Title,Default Title,,TRUE,shopify,0,DENY,550,g,TRUE,manual,https://backoffice.saintsual.com/5626-superlarge_default_2x/silexd-dildo-silicona-model-1-9-flesh-.jpg,1,"SILEXD DILDO SILICONA MODEL 1 9 FLESH""",FALSE
,silexd-dildo-silicona-model-1-9-flesh,,,,,,,,,,,,,,,,,,,https://backoffice.saintsual.com/12753-superlarge_default_2x/silexd-dildo-silicona-model-1-9-flesh-.jpg,2,"SILEXD DILDO SILICONA MODEL 1 9 FLESH""",
,silexd-dildo-silicona-model-1-9-flesh,,,,,,,,,,,,,,,,,,,https://backoffice.saintsual.com/12754-superlarge_default_2x/silexd-dildo-silicona-model-1-9-flesh-.jpg,3,"SILEXD DILDO SILICONA MODEL 1 9 FLESH""",
"SILEXD DILDO SILICONA MODEL 1 7 FLESH""",silexd-dildo-silicona-model-1-7-flesh,"<p>Medidas: 17'75 cm x 3'8 cm<br /><br />SilexD ofrece una gama de dildos con una piel de silicona súper suave de alta calidad con doble densidad y relleno de SILEXPAN, para una textura y tacto extremadamente realístico y una experiencia de placer incomparable.<br /><br />La revolucionaria fórmula patentada del material SILEXPAN usado para rellenar nuestros productos, permite una mejore flexibilidad y densidad del dildo. Dándole una elasticidad y manejabilidad magnífica.<br /><br />SILEXD ofrece la mejor calidad de silicona del mercado. La silicona Platinum no contiene ftalatos ni látex, es hipo alergénica y no porosa lo que la hace mucha más duradera y fácil de limpiar.</p>",SILEXD,"juguetes eroticos, realisticos",FALSE,draft,SIL0277,8433345220277,Title,Default Title,,TRUE,shopify,0,DENY,327,g,TRUE,manual,https://backoffice.saintsual.com/5627-superlarge_default_2x/silexd-dildo-silicona-model-1-7-flesh-.jpg,1,"SILEXD DILDO SILICONA MODEL 1 7 FLESH""",FALSE
,silexd-dildo-silicona-model-1-7-flesh,,,,,,,,,,,,,,,,,,,https://backoffice.saintsual.com/12755-superlarge_default_2x/silexd-dildo-silicona-model-1-7-flesh-.jpg,2,"SILEXD DILDO SILICONA MODEL 1 7 FLESH""",
,silexd-dildo-silicona-model-1-7-flesh,,,,,,,,,,,,,,,,,,,https://backoffice.saintsual.com/12756-superlarge_default_2x/silexd-dildo-silicona-model-1-7-flesh-.jpg,3,"SILEXD DILDO SILICONA MODEL 1 7 FLESH""",
"SILEXD DILDO SILICONA MODEL 3 9.5 FLESH""",silexd-dildo-silicona-model-3-9-5-flesh,"<p>Medidas: 24 cm x 4'5 cm<br /><br />SilexD ofrece una gama de dildos con una piel de silicona súper suave de alta calidad con doble densidad y relleno de SILEXPAN, para una textura y tacto extremadamente realístico y una experiencia de placer incomparable.<br /><br />La revolucionaria fórmula patentada del material SILEXPAN usado para rellenar nuestros productos, permite una mejore flexibilidad y densidad del dildo. Dándole una elasticidad y manejabilidad magnífica.<br /><br />SILEXD ofrece la mejor calidad de silicona del mercado. La silicona Platinum no contiene ftalatos ni látex, es hipo alergénica y no porosa lo que la hace mucha más duradera y fácil de limpiar.</p>",SILEXD,"juguetes eroticos, realisticos",FALSE,draft,SIL0376,8433345220376,Title,Default Title,,TRUE,shopify,0,DENY,602,g,TRUE,manual,https://backoffice.saintsual.com/5628-superlarge_default_2x/silexd-dildo-silicona-model-3-95-flesh-.jpg,1,"SILEXD DILDO SILICONA MODEL 3 9.5 FLESH""",FALSE
,silexd-dildo-silicona-model-3-9-5-flesh,,,,,,,,,,,,,,,,,,,https://backoffice.saintsual.com/12757-superlarge_default_2x/silexd-dildo-silicona-model-3-95-flesh-.jpg,2,"SILEXD DILDO SILICONA MODEL 3 9.5 FLESH""",
,silexd-dildo-silicona-model-3-9-5-flesh,,,,,,,,,,,,,,,,,,,https://backoffice.saintsual.com/12758-superlarge_default_2x/silexd-dildo-silicona-model-3-95-flesh-.jpg,3,"SILEXD DILDO SILICONA MODEL 3 9.5 FLESH""",
"SILEXD DILDO SILICONA MODEL 4 8.5 FLESH""",silexd-dildo-silicona-model-4-8-5-flesh,"<p>Medidas: 21'8 cm x 5 cm<br /><br />SilexD ofrece una gama de dildos con una piel de silicona súper suave de alta calidad con doble densidad y relleno de SILEXPAN, para una textura y tacto extremadamente realístico y una experiencia de placer incomparable.<br /><br />La revolucionaria fórmula patentada del material SILEXPAN usado para rellenar nuestros productos, permite una mejore flexibilidad y densidad del dildo. Dándole una elasticidad y manejabilidad magnífica.<br /><br />SILEXD ofrece la mejor calidad de silicona del mercado. La silicona Platinum no contiene ftalatos ni látex, es hipo alergénica y no porosa lo que la hace mucha más duradera y fácil de limpiar.</p>",SILEXD,"juguetes eroticos, realisticos",FALSE,draft,SIL0475,8433345220475,Title,Default Title,,TRUE,shopify,0,DENY,688,g,TRUE,manual,https://backoffice.saintsual.com/5629-superlarge_default_2x/silexd-dildo-silicona-model-4-85-flesh-.jpg,1,"SILEXD DILDO SILICONA MODEL 4 8.5 FLESH""",FALSE
,silexd-dildo-silicona-model-4-8-5-flesh,,,,,,,,,,,,,,,,,,,https://backoffice.saintsual.com/12759-superlarge_default_2x/silexd-dildo-silicona-model-4-85-flesh-.jpg,2,"SILEXD DILDO SILICONA MODEL 4 8.5 FLESH""",
,silexd-dildo-silicona-model-4-8-5-flesh,,,,,,,,,,,,,,,,,,,https://backoffice.saintsual.com/12760-superlarge_default_2x/silexd-dildo-silicona-model-4-85-flesh-.jpg,3,"SILEXD DILDO SILICONA MODEL 4 8.5 FLESH""",
"SILEXD DILDO SILICONA MODEL 2 9 FLESH""",silexd-dildo-silicona-model-2-9-flesh,"<p>Medidas: 22'9 cm x 5'4 cm<br /><br />SilexD ofrece una gama de dildos con una piel de silicona súper suave de alta calidad con doble densidad y relleno de SILEXPAN, para una textura y tacto extremadamente realístico y una experiencia de placer incomparable.<br /><br />La revolucionaria fórmula patentada del material SILEXPAN usado para rellenar nuestros productos, permite una mejore flexibilidad y densidad del dildo. Dándole una elasticidad y manejabilidad magnífica.<br /><br />SILEXD ofrece la mejor calidad de silicona del mercado. La silicona Platinum no contiene ftalatos ni látex, es hipo alergénica y no porosa lo que la hace mucha más duradera y fácil de limpiar.</p>",SILEXD,"juguetes eroticos, realisticos",FALSE,draft,SIL0574,8433345220574,Title,Default Title,,TRUE,shopify,0,DENY,590,g,TRUE,manual,https://backoffice.saintsual.com/5630-superlarge_default_2x/silexd-dildo-silicona-model-2-9-flesh-.jpg,1,"SILEXD DILDO SILICONA MODEL 2 9 FLESH""",FALSE
,silexd-dildo-silicona-model-2-9-flesh,,,,,,,,,,,,,,,,,,,https://backoffice.saintsual.com/12761-superlarge_default_2x/silexd-dildo-silicona-model-2-9-flesh-.jpg,2,"SILEXD DILDO SILICONA MODEL 2 9 FLESH""",
,silexd-dildo-silicona-model-2-9-flesh,,,,,,,,,,,,,,,,,,,https://backoffice.saintsual.com/12762-superlarge_default_2x/silexd-dildo-silicona-model-2-9-flesh-.jpg,3,"SILEXD DILDO SILICONA MODEL 2 9 FLESH""",
"SILEXD DILDO SILICONA MODEL 2 7.5 FLESH""",silexd-dildo-silicona-model-2-7-5-flesh,"<p>Medidas: 19 cm x 4'8 cm<br /><br />SilexD ofrece una gama de dildos con una piel de silicona súper suave de alta calidad con doble densidad y relleno de SILEXPAN, para una textura y tacto extremadamente realístico y una experiencia de placer incomparable.<br /><br />La revolucionaria fórmula patentada del material SILEXPAN usado para rellenar nuestros productos, permite una mejore flexibilidad y densidad del dildo. Dándole una elasticidad y manejabilidad magnífica.<br /><br />SILEXD ofrece la mejor calidad de silicona del mercado. La silicona Platinum no contiene ftalatos ni látex, es hipo alergénica y no porosa lo que la hace mucha más duradera y fácil de limpiar.</p>",SILEXD,"juguetes eroticos, realisticos",FALSE,draft,SIL0673,8433345220673,Title,Default Title,,TRUE,shopify,0,DENY,393,g,TRUE,manual,https://backoffice.saintsual.com/5631-superlarge_default_2x/silexd-dildo-silicona-model-2-75-flesh-.jpg,1,"SILEXD DILDO SILICONA MODEL 2 7.5 FLESH""",FALSE
,silexd-dildo-silicona-model-2-7-5-flesh,,,,,,,,,,,,,,,,,,,https://backoffice.saintsual.com/12763-superlarge_default_2x/silexd-dildo-silicona-model-2-75-flesh-.jpg,2,"SILEXD DILDO SILICONA MODEL 2 7.5 FLESH""",
,silexd-dildo-silicona-model-2-7-5-flesh,,,,,,,,,,,,,,,,,,,https://backoffice.saintsual.com/12764-superlarge_default_2x/silexd-dildo-silicona-model-2-75-flesh-.jpg,3,"SILEXD DILDO SILICONA MODEL 2 7.5 FLESH""",
"SILEXD DILDO SILICONA MODEL 2 6 FLESH""",silexd-dildo-silicona-model-2-6-flesh,"<p>Medidas: 15'5 cm x 3'9 cm<br /><br />SilexD ofrece una gama de dildos con una piel de silicona súper suave de alta calidad con doble densidad y relleno de SILEXPAN, para una textura y tacto extremadamente realístico y una experiencia de placer incomparable.<br /><br />La revolucionaria fórmula patentada del material SILEXPAN usado para rellenar nuestros productos, permite una mejore flexibilidad y densidad del dildo. Dándole una elasticidad y manejabilidad magnífica.<br /><br />SILEXD ofrece la mejor calidad de silicona del mercado. La silicona Platinum no contiene ftalatos ni látex, es hipo alergénica y no porosa lo que la hace mucha más duradera y fácil de limpiar.</p>",SILEXD,"juguetes eroticos, realisticos",FALSE,draft,SIL0772,8433345220772,Title,Default Title,,TRUE,shopify,0,DENY,257,g,TRUE,manual,https://backoffice.saintsual.com/5632-superlarge_default_2x/silexd-dildo-silicona-model-2-6-flesh-.jpg,1,"SILEXD DILDO SILICONA MODEL 2 6 FLESH""",FALSE
,silexd-dildo-silicona-model-2-6-flesh,,,,,,,,,,,,,,,,,,,https://backoffice.saintsual.com/12765-superlarge_default_2x/silexd-dildo-silicona-model-2-6-flesh-.jpg,2,"SILEXD DILDO SILICONA MODEL 2 6 FLESH""",
,silexd-dildo-silicona-model-2-6-flesh,,,,,,,,,,,,,,,,,,,https://backoffice.saintsual.com/12766-superlarge_default_2x/silexd-dildo-silicona-model-2-6-flesh-.jpg,3,"SILEXD DILDO SILICONA MODEL 2 6 FLESH""",
"SILEXD DILDO SILICONA MODEL 1 8 FLESH""",silexd-dildo-silicona-model-1-8-flesh,"<p>Medidas: 21'5 cm x 4'2 cm<br /><br />SilexD ofrece una gama de dildos con una piel de silicona súper suave de alta calidad con doble densidad y relleno de SILEXPAN, para una textura y tacto extremadamente realístico y una experiencia de placer incomparable.<br /><br />La revolucionaria fórmula patentada del material SILEXPAN usado para rellenar nuestros productos, permite una mejore flexibilidad y densidad del dildo. Dándole una elasticidad y manejabilidad magnífica.<br /><br />SILEXD ofrece la mejor calidad de silicona del mercado. La silicona Platinum no contiene ftalatos ni látex, es hipo alergénica y no porosa lo que la hace mucha más duradera y fácil de limpiar.</p>",SILEXD,"juguetes eroticos, realisticos",FALSE,draft,SIL0871,8433345220871,Title,Default Title,,TRUE,shopify,0,DENY,452,g,TRUE,manual,https://backoffice.saintsual.com/5633-superlarge_default_2x/silexd-dildo-silicona-model-1-8-flesh.jpg,1,"SILEXD DILDO SILICONA MODEL 1 8 FLESH""",FALSE
,silexd-dildo-silicona-model-1-8-flesh,,,,,,,,,,,,,,,,,,,https://backoffice.saintsual.com/12767-superlarge_default_2x/silexd-dildo-silicona-model-1-8-flesh.jpg,2,"SILEXD DILDO SILICONA MODEL 1 8 FLESH""",
,silexd-dildo-silicona-model-1-8-flesh,,,,,,,,,,,,,,,,,,,https://backoffice.saintsual.com/12768-superlarge_default_2x/silexd-dildo-silicona-model-1-8-flesh.jpg,3,"SILEXD DILDO SILICONA MODEL 1 8 FLESH""",
"SILEXD DILDO SILICONA MODEL 5 10 FLESH""",silexd-dildo-silicona-model-5-10-flesh,"<p>Medidas: 17'75 cm x 3'8 cm<br /><br />SilexD ofrece una gama de dildos con una piel de silicona súper suave de alta calidad con doble densidad y relleno de SILEXPAN, para una textura y tacto extremadamente realístico y una experiencia de placer incomparable.<br /><br />La revolucionaria fórmula patentada del material SILEXPAN usado para rellenar nuestros productos, permite una mejore flexibilidad y densidad del dildo. Dándole una elasticidad y manejabilidad magnífica.<br /><br />SILEXD ofrece la mejor calidad de silicona del mercado. La silicona Platinum no contiene ftalatos ni látex, es hipo alergénica y no porosa lo que la hace mucha más duradera y fácil de limpiar.</p>",SILEXD,"juguetes eroticos, realisticos",FALSE,draft,SIL0970,8433345220970,Title,Default Title,,TRUE,shopify,0,DENY,745,g,TRUE,manual,https://backoffice.saintsual.com/5634-superlarge_default_2x/silexd-dildo-silicona-model-5-10-flesh.jpg,1,"SILEXD DILDO SILICONA MODEL 5 10 FLESH""",FALSE
,silexd-dildo-silicona-model-5-10-flesh,,,,,,,,,,,,,,,,,,,https://backoffice.saintsual.com/12769-superlarge_default_2x/silexd-dildo-silicona-model-5-10-flesh.jpg,2,"SILEXD DILDO SILICONA MODEL 5 10 FLESH""",
,silexd-dildo-silicona-model-5-10-flesh,,,,,,,,,,,,,,,,,,,https://backoffice.saintsual.com/12770-superlarge_default_2x/silexd-dildo-silicona-model-5-10-flesh.jpg,3,"SILEXD DILDO SILICONA MODEL 5 10 FLESH""",
SILEXD SILICONA PLUG S NEGRO,silexd-silicona-plug-s-negro,"<p>Medidas: 9 cm x 5'2 cm<br /><br />SilexD ofrece una gama de dildos con una piel de silicona súper suave de alta calidad con doble densidad y relleno de SILEXPAN, para una textura y tacto extremadamente realístico y una experiencia de placer incomparable.<br /><br />La revolucionaria fórmula patentada del material SILEXPAN usado para rellenar nuestros productos, permite una mejore flexibilidad y densidad del dildo. Dándole una elasticidad y manejabilidad magnífica.<br /><br />SILEXD ofrece la mejor calidad de silicona del mercado. La silicona Platinum no contiene ftalatos ni látex, es hipo alergénica y no porosa lo que la hace mucha más duradera y fácil de limpiar.</p>",SILEXD,"juguetes eroticos, realisticos",FALSE,draft,SIL0191,8433345230191,Title,Default Title,,TRUE,shopify,8,DENY,182,g,TRUE,manual,https://backoffice.saintsual.com/5637-superlarge_default_2x/silexd-silicona-plug-s-negro.jpg,1,SILEXD SILICONA PLUG S NEGRO,FALSE
,silexd-silicona-plug-s-negro,,,,,,,,,,,,,,,,,,,https://backoffice.saintsual.com/12772-superlarge_default_2x/silexd-silicona-plug-s-negro.jpg,2,SILEXD SILICONA PLUG S NEGRO,
,silexd-silicona-plug-s-negro,,,,,,,,,,,,,,,,,,,https://backoffice.saintsual.com/12773-superlarge_default_2x/silexd-silicona-plug-s-negro.jpg,3,SILEXD SILICONA PLUG S NEGRO,
SILEXD SILICONA PLUG M NEGRO,silexd-silicona-plug-m-negro,"<p>Medidas: 11 cm x 6'2 cm<br /><br />SilexD ofrece una gama de dildos con una piel de silicona súper suave de alta calidad con doble densidad y relleno de SILEXPAN, para una textura y tacto extremadamente realístico y una experiencia de placer incomparable.<br /><br />La revolucionaria fórmula patentada del material SILEXPAN usado para rellenar nuestros productos, permite una mejore flexibilidad y densidad del dildo. Dándole una elasticidad y manejabilidad magnífica.<br /><br />SILEXD ofrece la mejor calidad de silicona del mercado. La silicona Platinum no contiene ftalatos ni látex, es hipo alergénica y no porosa lo que la hace mucha más duradera y fácil de limpiar.</p>",SILEXD,"juguetes eroticos, realisticos",FALSE,draft,SIL0290,8433345230290,Title,Default Title,,TRUE,shopify,46,DENY,334,g,TRUE,manual,https://backoffice.saintsual.com/5639-superlarge_default_2x/silexd-silicona-plug-m-negro.jpg,1,SILEXD SILICONA PLUG M NEGRO,FALSE
,silexd-silicona-plug-m-negro,,,,,,,,,,,,,,,,,,,https://backoffice.saintsual.com/12774-superlarge_default_2x/silexd-silicona-plug-m-negro.jpg,2,SILEXD SILICONA PLUG M NEGRO,
,silexd-silicona-plug-m-negro,,,,,,,,,,,,,,,,,,,https://backoffice.saintsual.com/12775-superlarge_default_2x/silexd-silicona-plug-m-negro.jpg,3,SILEXD SILICONA PLUG M NEGRO,
SILEXD SILICONA PLUG L NEGRO,silexd-silicona-plug-l-negro,"<p>Medidas: 17'75 cm x 3'8 cm<br /><br />SilexD ofrece una gama de dildos con una piel de silicona súper suave de alta calidad con doble densidad y relleno de SILEXPAN, para una textura y tacto extremadamente realístico y una experiencia de placer incomparable.<br /><br />La revolucionaria fórmula patentada del material SILEXPAN usado para rellenar nuestros productos, permite una mejore flexibilidad y densidad del dildo. Dándole una elasticidad y manejabilidad magnífica.<br /><br />SILEXD ofrece la mejor calidad de silicona del mercado. La silicona Platinum no contiene ftalatos ni látex, es hipo alergénica y no porosa lo que la hace mucha más duradera y fácil de limpiar.</p>",SILEXD,"juguetes eroticos, realisticos",FALSE,draft,SIL0399,8433345230399,Title,Default Title,,TRUE,shopify,2,DENY,490,g,TRUE,manual,https://backoffice.saintsual.com/5641-superlarge_default_2x/silexd-silicona-plug-l-negro.jpg,1,SILEXD SILICONA PLUG L NEGRO,FALSE
,silexd-silicona-plug-l-negro,,,,,,,,,,,,,,,,,,,https://backoffice.saintsual.com/12776-superlarge_default_2x/silexd-silicona-plug-l-negro.jpg,2,SILEXD SILICONA PLUG L NEGRO,
,silexd-silicona-plug-l-negro,,,,,,,,,,,,,,,,,,,https://backoffice.saintsual.com/12777-superlarge_default_2x/silexd-silicona-plug-l-negro.jpg,3,SILEXD SILICONA PLUG L NEGRO,
"SILEXD DILDO SILICONA MODEL 1 9 NEGRO""",silexd-dildo-silicona-model-1-9-negro,"<p>Medidas: 23 cm x 4'7  cm<br /><br />SilexD ofrece una gama de dildos con una piel de silicona súper suave de alta calidad con doble densidad y relleno de SILEXPAN, para una textura y tacto extremadamente realístico y una experiencia de placer incomparable.<br /><br />La revolucionaria fórmula patentada del material SILEXPAN usado para rellenar nuestros productos, permite una mejore flexibilidad y densidad del dildo. Dándole una elasticidad y manejabilidad magnífica.<br /><br />SILEXD ofrece la mejor calidad de silicona del mercado. La silicona Platinum no contiene ftalatos ni látex, es hipo alergénica y no porosa lo que la hace mucha más duradera y fácil de limpiar.</p>",SILEXD,"juguetes eroticos, realisticos",FALSE,draft,SIL0192,8433345220192,Title,Default Title,,TRUE,shopify,3,DENY,550,g,TRUE,manual,https://backoffice.saintsual.com/24858-superlarge_default_2x/silexd-dildo-silicona-model-1-9-negro.jpg,1,"SILEXD DILDO SILICONA MODEL 1 9 NEGRO""",FALSE
,silexd-dildo-silicona-model-1-9-negro,,,,,,,,,,,,,,,,,,,https://backoffice.saintsual.com/24859-superlarge_default_2x/silexd-dildo-silicona-model-1-9-negro.jpg,2,"SILEXD DILDO SILICONA MODEL 1 9 NEGRO""",
,silexd-dildo-silicona-model-1-9-negro,,,,,,,,,,,,,,,,,,,https://backoffice.saintsual.com/24860-superlarge_default_2x/silexd-dildo-silicona-model-1-9-negro.jpg,3,"SILEXD DILDO SILICONA MODEL 1 9 NEGRO""",
,silexd-dildo-silicona-model-1-9-negro,,,,,,,,,,,,,,,,,,,https://backoffice.saintsual.com/24861-superlarge_default_2x/silexd-dildo-silicona-model-1-9-negro.jpg,4,"SILEXD DILDO SILICONA MODEL 1 9 NEGRO""",
"SILEXD DILDO SILICONA MODEL 1 7 CARAMELO""",silexd-dildo-silicona-model-1-7-caramelo,"<p>Medidas: 17'60 cm x 3'50 cm<br /><br />SilexD ofrece una gama de dildos con una piel de silicona súper suave de alta calidad con doble densidad y relleno de SILEXPAN, para una textura y tacto extremadamente realístico y una experiencia de placer incomparable.<br /><br />La revolucionaria fórmula patentada del material SILEXPAN usado para rellenar nuestros productos, permite una mejore flexibilidad y densidad del dildo. Dándole una elasticidad y manejabilidad magnífica.<br /><br />SILEXD ofrece la mejor calidad de silicona del mercado. La silicona Platinum no contiene ftalatos ni látex, es hipo alergénica y no porosa lo que la hace mucha más duradera y fácil de limpiar.</p>",SILEXD,"juguetes eroticos, realisticos",FALSE,draft,SIL0260,8433345220260,Title,Default Title,,TRUE,shopify,0,DENY,327,g,TRUE,manual,https://backoffice.saintsual.com/24863-superlarge_default_2x/silexd-dildo-silicona-model-1-7-caramelo.jpg,1,"SILEXD DILDO SILICONA MODEL 1 7 CARAMELO""",FALSE
,silexd-dildo-silicona-model-1-7-caramelo,,,,,,,,,,,,,,,,,,,https://backoffice.saintsual.com/24862-superlarge_default_2x/silexd-dildo-silicona-model-1-7-caramelo.jpg,2,"SILEXD DILDO SILICONA MODEL 1 7 CARAMELO""",
,silexd-dildo-silicona-model-1-7-caramelo,,,,,,,,,,,,,,,,,,,https://backoffice.saintsual.com/24864-superlarge_default_2x/silexd-dildo-silicona-model-1-7-caramelo.jpg,3,"SILEXD DILDO SILICONA MODEL 1 7 CARAMELO""",
,silexd-dildo-silicona-model-1-7-caramelo,,,,,,,,,,,,,,,,,,,https://backoffice.saintsual.com/24865-superlarge_default_2x/silexd-dildo-silicona-model-1-7-caramelo.jpg,4,"SILEXD DILDO SILICONA MODEL 1 7 CARAMELO""",
"SILEXD DILDO SILICONA MODEL 1 7 NEGRO""",silexd-dildo-silicona-model-1-7-negro,"<p>Medidas: 17'60 cm x 3'50 cm<br /><br />SilexD ofrece una gama de dildos con una piel de silicona súper suave de alta calidad con doble densidad y relleno de SILEXPAN, para una textura y tacto extremadamente realístico y una experiencia de placer incomparable.<br /><br />La revolucionaria fórmula patentada del material SILEXPAN usado para rellenar nuestros productos, permite una mejore flexibilidad y densidad del dildo. Dándole una elasticidad y manejabilidad magnífica.<br /><br />SILEXD ofrece la mejor calidad de silicona del mercado. La silicona Platinum no contiene ftalatos ni látex, es hipo alergénica y no porosa lo que la hace mucha más duradera y fácil de limpiar.</p>",SILEXD,"juguetes eroticos, realisticos",FALSE,draft,SIL0291,8433345220291,Title,Default Title,,TRUE,shopify,1,DENY,327,g,TRUE,manual,https://backoffice.saintsual.com/24878-superlarge_default_2x/silexd-dildo-silicona-model-1-7-negro.jpg,1,"SILEXD DILDO SILICONA MODEL 1 7 NEGRO""",FALSE
,silexd-dildo-silicona-model-1-7-negro,,,,,,,,,,,,,,,,,,,https://backoffice.saintsual.com/24879-superlarge_default_2x/silexd-dildo-silicona-model-1-7-negro.jpg,2,"SILEXD DILDO SILICONA MODEL 1 7 NEGRO""",
,silexd-dildo-silicona-model-1-7-negro,,,,,,,,,,,,,,,,,,,https://backoffice.saintsual.com/24880-superlarge_default_2x/silexd-dildo-silicona-model-1-7-negro.jpg,3,"SILEXD DILDO SILICONA MODEL 1 7 NEGRO""",
,silexd-dildo-silicona-model-1-7-negro,,,,,,,,,,,,,,,,,,,https://backoffice.saintsual.com/24881-superlarge_default_2x/silexd-dildo-silicona-model-1-7-negro.jpg,4,"SILEXD DILDO SILICONA MODEL 1 7 NEGRO""",
"SILEXD DILDO SILICONA MODEL 1 7 MORADO""",silexd-dildo-silicona-model-1-7-morado,"<p>Medidas: 17'60 cm x 3'50 cm<br /><br />SilexD ofrece una gama de dildos con una piel de silicona súper suave de alta calidad con doble densidad y relleno de SILEXPAN, para una textura y tacto extremadamente realístico y una experiencia de placer incomparable.<br /><br />La revolucionaria fórmula patentada del material SILEXPAN usado para rellenar nuestros productos, permite una mejore flexibilidad y densidad del dildo. Dándole una elasticidad y manejabilidad magnífica.<br /><br />SILEXD ofrece la mejor calidad de silicona del mercado. La silicona Platinum no contiene ftalatos ni látex, es hipo alergénica y no porosa lo que la hace mucha más duradera y fácil de limpiar.</p>",SILEXD,"juguetes eroticos, realisticos",FALSE,draft,SIL0239,8433345220239,Title,Default Title,,TRUE,shopify,7,DENY,327,g,TRUE,manual,https://backoffice.saintsual.com/24886-superlarge_default_2x/silexd-dildo-silicona-model-1-7-morado.jpg,1,"SILEXD DILDO SILICONA MODEL 1 7 MORADO""",FALSE
,silexd-dildo-silicona-model-1-7-morado,,,,,,,,,,,,,,,,,,,https://backoffice.saintsual.com/24887-superlarge_default_2x/silexd-dildo-silicona-model-1-7-morado.jpg,2,"SILEXD DILDO SILICONA MODEL 1 7 MORADO""",
,silexd-dildo-silicona-model-1-7-morado,,,,,,,,,,,,,,,,,,,https://backoffice.saintsual.com/24888-superlarge_default_2x/silexd-dildo-silicona-model-1-7-morado.jpg,3,"SILEXD DILDO SILICONA MODEL 1 7 MORADO""",
"SILEXD DILDO SILICONA MODEL 1 7 AZUL""",silexd-dildo-silicona-model-1-7-azul,"<p>Medidas: 17'60 cm x 3'50 cm<br /><br />SilexD ofrece una gama de dildos con una piel de silicona súper suave de alta calidad con doble densidad y relleno de SILEXPAN, para una textura y tacto extremadamente realístico y una experiencia de placer incomparable.<br /><br />La revolucionaria fórmula patentada del material SILEXPAN usado para rellenar nuestros productos, permite una mejore flexibilidad y densidad del dildo. Dándole una elasticidad y manejabilidad magnífica.<br /><br />SILEXD ofrece la mejor calidad de silicona del mercado. La silicona Platinum no contiene ftalatos ni látex, es hipo alergénica y no porosa lo que la hace mucha más duradera y fácil de limpiar.</p>",SILEXD,"juguetes eroticos, realisticos",FALSE,draft,SIL0253,8433345220253,Title,Default Title,,TRUE,shopify,80,DENY,327,g,TRUE,manual,https://backoffice.saintsual.com/24892-superlarge_default_2x/silexd-dildo-silicona-model-1-7-azul.jpg,1,"SILEXD DILDO SILICONA MODEL 1 7 AZUL""",FALSE
,silexd-dildo-silicona-model-1-7-azul,,,,,,,,,,,,,,,,,,,https://backoffice.saintsual.com/24894-superlarge_default_2x/silexd-dildo-silicona-model-1-7-azul.jpg,2,"SILEXD DILDO SILICONA MODEL 1 7 AZUL""",
,silexd-dildo-silicona-model-1-7-azul,,,,,,,,,,,,,,,,,,,https://backoffice.saintsual.com/24893-superlarge_default_2x/silexd-dildo-silicona-model-1-7-azul.jpg,3,"SILEXD DILDO SILICONA MODEL 1 7 AZUL""",
"SILEXD DILDO SILICONA MODEL 1 7 ROSA FOSFORESCENTE""",silexd-dildo-silicona-model-1-7-rosa-fosforescente,"<p>Medidas: 17'60 cm x 3'50 cm<br /><br />SilexD ofrece una gama de dildos con una piel de silicona súper suave de alta calidad con doble densidad y relleno de SILEXPAN, para una textura y tacto extremadamente realístico y una experiencia de placer incomparable.<br /><br />La revolucionaria fórmula patentada del material SILEXPAN usado para rellenar nuestros productos, permite una mejore flexibilidad y densidad del dildo. Dándole una elasticidad y manejabilidad magnífica.<br /><br />SILEXD ofrece la mejor calidad de silicona del mercado. La silicona Platinum no contiene ftalatos ni látex, es hipo alergénica y no porosa lo que la hace mucha más duradera y fácil de limpiar.</p>",SILEXD,"juguetes eroticos, realisticos",FALSE,draft,SIL0211,8433345220211,Title,Default Title,,TRUE,shopify,0,DENY,327,g,TRUE,manual,https://backoffice.saintsual.com/24899-superlarge_default_2x/silexd-dildo-silicona-model-1-7-rosa-fosforescente.jpg,1,"SILEXD DILDO SILICONA MODEL 1 7 ROSA FOSFORESCENTE""",FALSE
,silexd-dildo-silicona-model-1-7-rosa-fosforescente,,,,,,,,,,,,,,,,,,,https://backoffice.saintsual.com/24898-superlarge_default_2x/silexd-dildo-silicona-model-1-7-rosa-fosforescente.jpg,2,"SILEXD DILDO SILICONA MODEL 1 7 ROSA FOSFORESCENTE""",
,silexd-dildo-silicona-model-1-7-rosa-fosforescente,,,,,,,,,,,,,,,,,,,https://backoffice.saintsual.com/24900-superlarge_default_2x/silexd-dildo-silicona-model-1-7-rosa-fosforescente.jpg,3,"SILEXD DILDO SILICONA MODEL 1 7 ROSA FOSFORESCENTE""",
,silexd-dildo-silicona-model-1-7-rosa-fosforescente,,,,,,,,,,,,,,,,,,,https://backoffice.saintsual.com/24901-superlarge_default_2x/silexd-dildo-silicona-model-1-7-rosa-fosforescente.jpg,4,"SILEXD DILDO SILICONA MODEL 1 7 ROSA FOSFORESCENTE""",
,silexd-dildo-silicona-model-1-7-rosa-fosforescente,,,,,,,,,,,,,,,,,,,https://backoffice.saintsual.com/24902-superlarge_default_2x/silexd-dildo-silicona-model-1-7-rosa-fosforescente.jpg,5,"SILEXD DILDO SILICONA MODEL 1 7 ROSA FOSFORESCENTE""",
"SILEXD DILDO SILICONA MODEL 4 8'5 NEGRO""",silexd-dildo-silicona-model-4-8-5-negro,"<p>Medidas: 21'5 cm x 5'1 cm<br /><br />SilexD ofrece una gama de dildos con una piel de silicona súper suave de alta calidad con doble densidad y relleno de SILEXPAN, para una textura y tacto extremadamente realístico y una experiencia de placer incomparable.<br /><br />La revolucionaria fórmula patentada del material SILEXPAN usado para rellenar nuestros productos, permite una mejore flexibilidad y densidad del dildo. Dándole una elasticidad y manejabilidad magnífica.<br /><br />SILEXD ofrece la mejor calidad de silicona del mercado. La silicona Platinum no contiene ftalatos ni látex, es hipo alergénica y no porosa lo que la hace mucha más duradera y fácil de limpiar.</p>",SILEXD,"juguetes eroticos, realisticos",FALSE,draft,SIL0499,8433345220499,Title,Default Title,,TRUE,shopify,5,DENY,625,g,TRUE,manual,https://backoffice.saintsual.com/24944-superlarge_default_2x/silexd-dildo-silicona-model-4-8-5-negro.jpg,1,"SILEXD DILDO SILICONA MODEL 4 8'5 NEGRO""",FALSE
,silexd-dildo-silicona-model-4-8-5-negro,,,,,,,,,,,,,,,,,,,https://backoffice.saintsual.com/24945-superlarge_default_2x/silexd-dildo-silicona-model-4-8-5-negro.jpg,2,"SILEXD DILDO SILICONA MODEL 4 8'5 NEGRO""",
,silexd-dildo-silicona-model-4-8-5-negro,,,,,,,,,,,,,,,,,,,https://backoffice.saintsual.com/24946-superlarge_default_2x/silexd-dildo-silicona-model-4-8-5-negro.jpg,3,"SILEXD DILDO SILICONA MODEL 4 8'5 NEGRO""",
,silexd-dildo-silicona-model-4-8-5-negro,,,,,,,,,,,,,,,,,,,https://backoffice.saintsual.com/24947-superlarge_default_2x/silexd-dildo-silicona-model-4-8-5-negro.jpg,4,"SILEXD DILDO SILICONA MODEL 4 8'5 NEGRO""",
"SILEXD DILDO SILICONA MODEL 2 9 NEGRO""",silexd-dildo-silicona-model-2-9-negro,"<p>Medidas: 22'8 cm x 5'4 cm<br /><br />SilexD ofrece una gama de dildos con una piel de silicona súper suave de alta calidad con doble densidad y relleno de SILEXPAN, para una textura y tacto extremadamente realístico y una experiencia de placer incomparable.<br /><br />La revolucionaria fórmula patentada del material SILEXPAN usado para rellenar nuestros productos, permite una mejore flexibilidad y densidad del dildo. Dándole una elasticidad y manejabilidad magnífica.<br /><br />SILEXD ofrece la mejor calidad de silicona del mercado. La silicona Platinum no contiene ftalatos ni látex, es hipo alergénica y no porosa lo que la hace mucha más duradera y fácil de limpiar.</p>",SILEXD,"juguetes eroticos, realisticos",FALSE,draft,SIL0598,8433345220598,Title,Default Title,,TRUE,shopify,0,DENY,590,g,TRUE,manual,https://backoffice.saintsual.com/24968-superlarge_default_2x/silexd-dildo-silicona-model-2-9-negro.jpg,1,"SILEXD DILDO SILICONA MODEL 2 9 NEGRO""",FALSE
,silexd-dildo-silicona-model-2-9-negro,,,,,,,,,,,,,,,,,,,https://backoffice.saintsual.com/24969-superlarge_default_2x/silexd-dildo-silicona-model-2-9-negro.jpg,2,"SILEXD DILDO SILICONA MODEL 2 9 NEGRO""",
,silexd-dildo-silicona-model-2-9-negro,,,,,,,,,,,,,,,,,,,https://backoffice.saintsual.com/24970-superlarge_default_2x/silexd-dildo-silicona-model-2-9-negro.jpg,3,"SILEXD DILDO SILICONA MODEL 2 9 NEGRO""",
,silexd-dildo-silicona-model-2-9-negro,,,,,,,,,,,,,,,,,,,https://backoffice.saintsual.com/24971-superlarge_default_2x/silexd-dildo-silicona-model-2-9-negro.jpg,4,"SILEXD DILDO SILICONA MODEL 2 9 NEGRO""",
"SILEXD DILDO SILICONA MODEL 2 7'5 CARAMELO""",silexd-dildo-silicona-model-2-7-5-caramelo,"<p>Medidas: 19'2 cm x 4'7 cm<br /><br />SilexD ofrece una gama de dildos con una piel de silicona súper suave de alta calidad con doble densidad y relleno de SILEXPAN, para una textura y tacto extremadamente realístico y una experiencia de placer incomparable.<br /><br />La revolucionaria fórmula patentada del material SILEXPAN usado para rellenar nuestros productos, permite una mejore flexibilidad y densidad del dildo. Dándole una elasticidad y manejabilidad magnífica.<br /><br />SILEXD ofrece la mejor calidad de silicona del mercado. La silicona Platinum no contiene ftalatos ni látex, es hipo alergénica y no porosa lo que la hace mucha más duradera y fácil de limpiar.</p>",SILEXD,"juguetes eroticos, realisticos",FALSE,draft,SIL0666,8433345220666,Title,Default Title,,TRUE,shopify,4,DENY,393,g,TRUE,manual,https://backoffice.saintsual.com/24976-superlarge_default_2x/silexd-dildo-silicona-model-2-7-5-caramelo.jpg,1,"SILEXD DILDO SILICONA MODEL 2 7'5 CARAMELO""",FALSE
,silexd-dildo-silicona-model-2-7-5-caramelo,,,,,,,,,,,,,,,,,,,https://backoffice.saintsual.com/24977-superlarge_default_2x/silexd-dildo-silicona-model-2-7-5-caramelo.jpg,2,"SILEXD DILDO SILICONA MODEL 2 7'5 CARAMELO""",
,silexd-dildo-silicona-model-2-7-5-caramelo,,,,,,,,,,,,,,,,,,,https://backoffice.saintsual.com/24978-superlarge_default_2x/silexd-dildo-silicona-model-2-7-5-caramelo.jpg,3,"SILEXD DILDO SILICONA MODEL 2 7'5 CARAMELO""",
,silexd-dildo-silicona-model-2-7-5-caramelo,,,,,,,,,,,,,,,,,,,https://backoffice.saintsual.com/24979-superlarge_default_2x/silexd-dildo-silicona-model-2-7-5-caramelo.jpg,4,"SILEXD DILDO SILICONA MODEL 2 7'5 CARAMELO""",
"SILEXD DILDO SILICONA MODEL 2 7'5 NEGRO""",silexd-dildo-silicona-model-2-7-5-negro,"<p>Medidas: 19'2 cm x 4'7 cm<br /><br />SilexD ofrece una gama de dildos con una piel de silicona súper suave de alta calidad con doble densidad y relleno de SILEXPAN, para una textura y tacto extremadamente realístico y una experiencia de placer incomparable.<br /><br />La revolucionaria fórmula patentada del material SILEXPAN usado para rellenar nuestros productos, permite una mejore flexibilidad y densidad del dildo. Dándole una elasticidad y manejabilidad magnífica.<br /><br />SILEXD ofrece la mejor calidad de silicona del mercado. La silicona Platinum no contiene ftalatos ni látex, es hipo alergénica y no porosa lo que la hace mucha más duradera y fácil de limpiar.</p>",SILEXD,"juguetes eroticos, realisticos",FALSE,draft,SIL0697,8433345220697,Title,Default Title,,TRUE,shopify,0,DENY,393,g,TRUE,manual,https://backoffice.saintsual.com/24992-superlarge_default_2x/silexd-dildo-silicona-model-2-7-5-negro.jpg,1,"SILEXD DILDO SILICONA MODEL 2 7'5 NEGRO""",FALSE
,silexd-dildo-silicona-model-2-7-5-negro,,,,,,,,,,,,,,,,,,,https://backoffice.saintsual.com/24993-superlarge_default_2x/silexd-dildo-silicona-model-2-7-5-negro.jpg,2,"SILEXD DILDO SILICONA MODEL 2 7'5 NEGRO""",
,silexd-dildo-silicona-model-2-7-5-negro,,,,,,,,,,,,,,,,,,,https://backoffice.saintsual.com/24994-superlarge_default_2x/silexd-dildo-silicona-model-2-7-5-negro.jpg,3,"SILEXD DILDO SILICONA MODEL 2 7'5 NEGRO""",
,silexd-dildo-silicona-model-2-7-5-negro,,,,,,,,,,,,,,,,,,,https://backoffice.saintsual.com/24995-superlarge_default_2x/silexd-dildo-silicona-model-2-7-5-negro.jpg,4,"SILEXD DILDO SILICONA MODEL 2 7'5 NEGRO""",
"SILEXD DILDO SILICONA MODEL 2 6 CARAMELO""",silexd-dildo-silicona-model-2-6-caramelo,"<p>Medidas: 15'4 cm x 3'5 cm<br /><br />SilexD ofrece una gama de dildos con una piel de silicona súper suave de alta calidad con doble densidad y relleno de SILEXPAN, para una textura y tacto extremadamente realístico y una experiencia de placer incomparable.<br /><br />La revolucionaria fórmula patentada del material SILEXPAN usado para rellenar nuestros productos, permite una mejore flexibilidad y densidad del dildo. Dándole una elasticidad y manejabilidad magnífica.<br /><br />SILEXD ofrece la mejor calidad de silicona del mercado. La silicona Platinum no contiene ftalatos ni látex, es hipo alergénica y no porosa lo que la hace mucha más duradera y fácil de limpiar.</p>",SILEXD,"juguetes eroticos, realisticos",FALSE,draft,SIL0765,8433345220765,Title,Default Title,,TRUE,shopify,0,DENY,257,g,TRUE,manual,https://backoffice.saintsual.com/25000-superlarge_default_2x/silexd-dildo-silicona-model-2-6-caramelo.jpg,1,"SILEXD DILDO SILICONA MODEL 2 6 CARAMELO""",FALSE
,silexd-dildo-silicona-model-2-6-caramelo,,,,,,,,,,,,,,,,,,,https://backoffice.saintsual.com/25001-superlarge_default_2x/silexd-dildo-silicona-model-2-6-caramelo.jpg,2,"SILEXD DILDO SILICONA MODEL 2 6 CARAMELO""",
,silexd-dildo-silicona-model-2-6-caramelo,,,,,,,,,,,,,,,,,,,https://backoffice.saintsual.com/25002-superlarge_default_2x/silexd-dildo-silicona-model-2-6-caramelo.jpg,3,"SILEXD DILDO SILICONA MODEL 2 6 CARAMELO""",
,silexd-dildo-silicona-model-2-6-caramelo,,,,,,,,,,,,,,,,,,,https://backoffice.saintsual.com/25003-superlarge_default_2x/silexd-dildo-silicona-model-2-6-caramelo.jpg,4,"SILEXD DILDO SILICONA MODEL 2 6 CARAMELO""",
"SILEXD DILDO SILICONA MODEL 2 6 NEGRO""",silexd-dildo-silicona-model-2-6-negro,"<p>Medidas: 15'4 cm x 3'5 cm<br /><br />SilexD ofrece una gama de dildos con una piel de silicona súper suave de alta calidad con doble densidad y relleno de SILEXPAN, para una textura y tacto extremadamente realístico y una experiencia de placer incomparable.<br /><br />La revolucionaria fórmula patentada del material SILEXPAN usado para rellenar nuestros productos, permite una mejore flexibilidad y densidad del dildo. Dándole una elasticidad y manejabilidad magnífica.<br /><br />SILEXD ofrece la mejor calidad de silicona del mercado. La silicona Platinum no contiene ftalatos ni látex, es hipo alergénica y no porosa lo que la hace mucha más duradera y fácil de limpiar.</p>",SILEXD,"juguetes eroticos, realisticos",FALSE,draft,SIL0796,8433345220796,Title,Default Title,,TRUE,shopify,3,DENY,257,g,TRUE,manual,https://backoffice.saintsual.com/25017-superlarge_default_2x/silexd-dildo-silicona-model-2-6-negro.jpg,1,"SILEXD DILDO SILICONA MODEL 2 6 NEGRO""",FALSE
,silexd-dildo-silicona-model-2-6-negro,,,,,,,,,,,,,,,,,,,https://backoffice.saintsual.com/25016-superlarge_default_2x/silexd-dildo-silicona-model-2-6-negro.jpg,2,"SILEXD DILDO SILICONA MODEL 2 6 NEGRO""",
,silexd-dildo-silicona-model-2-6-negro,,,,,,,,,,,,,,,,,,,https://backoffice.saintsual.com/25018-superlarge_default_2x/silexd-dildo-silicona-model-2-6-negro.jpg,3,"SILEXD DILDO SILICONA MODEL 2 6 NEGRO""",
,silexd-dildo-silicona-model-2-6-negro,,,,,,,,,,,,,,,,,,,https://backoffice.saintsual.com/25019-superlarge_default_2x/silexd-dildo-silicona-model-2-6-negro.jpg,4,"SILEXD DILDO SILICONA MODEL 2 6 NEGRO""",
"SILEXD DILDO SILICONA MODEL 2 6 ROSA FOSFORESCENTE""",silexd-dildo-silicona-model-2-6-rosa-fosforescente,"<p>Medidas: 15'4 cm x 3'5 cm<br /><br />SilexD ofrece una gama de dildos con una piel de silicona súper suave de alta calidad con doble densidad y relleno de SILEXPAN, para una textura y tacto extremadamente realístico y una experiencia de placer incomparable.<br /><br />La revolucionaria fórmula patentada del material SILEXPAN usado para rellenar nuestros productos, permite una mejore flexibilidad y densidad del dildo. Dándole una elasticidad y manejabilidad magnífica.<br /><br />SILEXD ofrece la mejor calidad de silicona del mercado. La silicona Platinum no contiene ftalatos ni látex, es hipo alergénica y no porosa lo que la hace mucha más duradera y fácil de limpiar.</p>",SILEXD,"juguetes eroticos, realisticos",FALSE,draft,SIL0716,8433345260716,Title,Default Title,,TRUE,shopify,4,DENY,257,g,TRUE,manual,https://backoffice.saintsual.com/25024-superlarge_default_2x/silexd-dildo-silicona-model-2-6-rosa-fosforescente.jpg,1,"SILEXD DILDO SILICONA MODEL 2 6 ROSA FOSFORESCENTE""",FALSE
,silexd-dildo-silicona-model-2-6-rosa-fosforescente,,,,,,,,,,,,,,,,,,,https://backoffice.saintsual.com/25025-superlarge_default_2x/silexd-dildo-silicona-model-2-6-rosa-fosforescente.jpg,2,"SILEXD DILDO SILICONA MODEL 2 6 ROSA FOSFORESCENTE""",
,silexd-dildo-silicona-model-2-6-rosa-fosforescente,,,,,,,,,,,,,,,,,,,https://backoffice.saintsual.com/25026-superlarge_default_2x/silexd-dildo-silicona-model-2-6-rosa-fosforescente.jpg,3,"SILEXD DILDO SILICONA MODEL 2 6 ROSA FOSFORESCENTE""",
"SILEXD DILDO SILICONA MODEL 1 8 ROSA""",silexd-dildo-silicona-model-1-8-rosa,"<p>Medidas: 20'5 cm x 4'5 cm<br /><br />SilexD ofrece una gama de dildos con una piel de silicona súper suave de alta calidad con doble densidad y relleno de SILEXPAN, para una textura y tacto extremadamente realístico y una experiencia de placer incomparable.<br /><br />La revolucionaria fórmula patentada del material SILEXPAN usado para rellenar nuestros productos, permite una mejore flexibilidad y densidad del dildo. Dándole una elasticidad y manejabilidad magnífica.<br /><br />SILEXD ofrece la mejor calidad de silicona del mercado. La silicona Platinum no contiene ftalatos ni látex, es hipo alergénica y no porosa lo que la hace mucha más duradera y fácil de limpiar.</p>",SILEXD,"juguetes eroticos, realisticos",FALSE,draft,SIL0819,8433345220819,Title,Default Title,,TRUE,shopify,3,DENY,452,g,TRUE,manual,https://backoffice.saintsual.com/25030-superlarge_default_2x/silexd-dildo-silicona-model-1-8-rosa.jpg,1,"SILEXD DILDO SILICONA MODEL 1 8 ROSA""",FALSE
,silexd-dildo-silicona-model-1-8-rosa,,,,,,,,,,,,,,,,,,,https://backoffice.saintsual.com/25031-superlarge_default_2x/silexd-dildo-silicona-model-1-8-rosa.jpg,2,"SILEXD DILDO SILICONA MODEL 1 8 ROSA""",
,silexd-dildo-silicona-model-1-8-rosa,,,,,,,,,,,,,,,,,,,https://backoffice.saintsual.com/25032-superlarge_default_2x/silexd-dildo-silicona-model-1-8-rosa.jpg,3,"SILEXD DILDO SILICONA MODEL 1 8 ROSA""",
,silexd-dildo-silicona-model-1-8-rosa,,,,,,,,,,,,,,,,,,,https://backoffice.saintsual.com/25033-superlarge_default_2x/silexd-dildo-silicona-model-1-8-rosa.jpg,4,"SILEXD DILDO SILICONA MODEL 1 8 ROSA""",
"SILEXD DILDO SILICONA MODEL 1 8 NEGRO""",silexd-dildo-silicona-model-1-8-negro,"<p>Medidas: 20'5 cm x 4'5 cm<br /><br />SilexD ofrece una gama de dildos con una piel de silicona súper suave de alta calidad con doble densidad y relleno de SILEXPAN, para una textura y tacto extremadamente realístico y una experiencia de placer incomparable.<br /><br />La revolucionaria fórmula patentada del material SILEXPAN usado para rellenar nuestros productos, permite una mejore flexibilidad y densidad del dildo. Dándole una elasticidad y manejabilidad magnífica.<br /><br />SILEXD ofrece la mejor calidad de silicona del mercado. La silicona Platinum no contiene ftalatos ni látex, es hipo alergénica y no porosa lo que la hace mucha más duradera y fácil de limpiar.</p>",SILEXD,"juguetes eroticos, realisticos",FALSE,draft,SIL0895,8433345220895,Title,Default Title,,TRUE,shopify,5,DENY,4452,g,TRUE,manual,https://backoffice.saintsual.com/25038-superlarge_default_2x/silexd-dildo-silicona-model-1-8-negro.jpg,1,"SILEXD DILDO SILICONA MODEL 1 8 NEGRO""",FALSE
,silexd-dildo-silicona-model-1-8-negro,,,,,,,,,,,,,,,,,,,https://backoffice.saintsual.com/25039-superlarge_default_2x/silexd-dildo-silicona-model-1-8-negro.jpg,2,"SILEXD DILDO SILICONA MODEL 1 8 NEGRO""",
,silexd-dildo-silicona-model-1-8-negro,,,,,,,,,,,,,,,,,,,https://backoffice.saintsual.com/25040-superlarge_default_2x/silexd-dildo-silicona-model-1-8-negro.jpg,3,"SILEXD DILDO SILICONA MODEL 1 8 NEGRO""",
,silexd-dildo-silicona-model-1-8-negro,,,,,,,,,,,,,,,,,,,https://backoffice.saintsual.com/25041-superlarge_default_2x/silexd-dildo-silicona-model-1-8-negro.jpg,4,"SILEXD DILDO SILICONA MODEL 1 8 NEGRO""",
"SILEXD DILDO SILICONA MODEL 1 15 ROSA""",silexd-dildo-silicona-model-1-15-rosa,"<p>Medidas: 38 cm x 7 cm<br /><br />SilexD ofrece una gama de dildos con una piel de silicona súper suave de alta calidad con doble densidad y relleno de SILEXPAN, para una textura y tacto extremadamente realístico y una experiencia de placer incomparable.<br /><br />La revolucionaria fórmula patentada del material SILEXPAN usado para rellenar nuestros productos, permite una mejore flexibilidad y densidad del dildo. Dándole una elasticidad y manejabilidad magnífica.<br /><br />SILEXD ofrece la mejor calidad de silicona del mercado. La silicona Platinum no contiene ftalatos ni látex, es hipo alergénica y no porosa lo que la hace mucha más duradera y fácil de limpiar.</p>",SILEXD,"juguetes eroticos, realisticos",FALSE,draft,SIL1014,8433345221014,Title,Default Title,,TRUE,shopify,25,DENY,1882,g,TRUE,manual,https://backoffice.saintsual.com/25058-superlarge_default_2x/silexd-dildo-silicona-model-1-15-rosa.jpg,1,"SILEXD DILDO SILICONA MODEL 1 15 ROSA""",FALSE
,silexd-dildo-silicona-model-1-15-rosa,,,,,,,,,,,,,,,,,,,https://backoffice.saintsual.com/25059-superlarge_default_2x/silexd-dildo-silicona-model-1-15-rosa.jpg,2,"SILEXD DILDO SILICONA MODEL 1 15 ROSA""",
,silexd-dildo-silicona-model-1-15-rosa,,,,,,,,,,,,,,,,,,,https://backoffice.saintsual.com/25060-superlarge_default_2x/silexd-dildo-silicona-model-1-15-rosa.jpg,3,"SILEXD DILDO SILICONA MODEL 1 15 ROSA""",
"SILEXD DILDO SILICONA MODEL 1 15 FLESH""",silexd-dildo-silicona-model-1-15-flesh,"<p>Medidas: 38 cm x 7 cm<br /><br />SilexD ofrece una gama de dildos con una piel de silicona súper suave de alta calidad con doble densidad y relleno de SILEXPAN, para una textura y tacto extremadamente realístico y una experiencia de placer incomparable.<br /><br />La revolucionaria fórmula patentada del material SILEXPAN usado para rellenar nuestros productos, permite una mejore flexibilidad y densidad del dildo. Dándole una elasticidad y manejabilidad magnífica.<br /><br />SILEXD ofrece la mejor calidad de silicona del mercado. La silicona Platinum no contiene ftalatos ni látex, es hipo alergénica y no porosa lo que la hace mucha más duradera y fácil de limpiar.</p>",SILEXD,"juguetes eroticos, realisticos",FALSE,draft,SIL1076,8433345221076,Title,Default Title,,TRUE,shopify,16,DENY,2000,g,TRUE,manual,https://backoffice.saintsual.com/25054-superlarge_default_2x/silexd-dildo-silicona-model-1-15-flesh.jpg,1,"SILEXD DILDO SILICONA MODEL 1 15 FLESH""",FALSE
,silexd-dildo-silicona-model-1-15-flesh,,,,,,,,,,,,,,,,,,,https://backoffice.saintsual.com/25055-superlarge_default_2x/silexd-dildo-silicona-model-1-15-flesh.jpg,2,"SILEXD DILDO SILICONA MODEL 1 15 FLESH""",
,silexd-dildo-silicona-model-1-15-flesh,,,,,,,,,,,,,,,,,,,https://backoffice.saintsual.com/25056-superlarge_default_2x/silexd-dildo-silicona-model-1-15-flesh.jpg,3,"SILEXD DILDO SILICONA MODEL 1 15 FLESH""",
,silexd-dildo-silicona-model-1-15-flesh,,,,,,,,,,,,,,,,,,,https://backoffice.saintsual.com/25057-superlarge_default_2x/silexd-dildo-silicona-model-1-15-flesh.jpg,4,"SILEXD DILDO SILICONA MODEL 1 15 FLESH""",
"SILEXD DILDO SILICONA MODEL 1 15 NEGRO""",silexd-dildo-silicona-model-1-15-negro,"<p>Medidas: 38 cm x 7 cm<br /><br />SilexD ofrece una gama de dildos con una piel de silicona súper suave de alta calidad con doble densidad y relleno de SILEXPAN, para una textura y tacto extremadamente realístico y una experiencia de placer incomparable.<br /><br />La revolucionaria fórmula patentada del material SILEXPAN usado para rellenar nuestros productos, permite una mejore flexibilidad y densidad del dildo. Dándole una elasticidad y manejabilidad magnífica.<br /><br />SILEXD ofrece la mejor calidad de silicona del mercado. La silicona Platinum no contiene ftalatos ni látex, es hipo alergénica y no porosa lo que la hace mucha más duradera y fácil de limpiar.</p>",SILEXD,"juguetes eroticos, realisticos",FALSE,draft,SIL1090,8433345221090,Title,Default Title,,TRUE,shopify,5,DENY,1950,g,TRUE,manual,https://backoffice.saintsual.com/25064-superlarge_default_2x/silexd-dildo-silicona-model-1-15-negro.jpg,1,"SILEXD DILDO SILICONA MODEL 1 15 NEGRO""",FALSE
,silexd-dildo-silicona-model-1-15-negro,,,,,,,,,,,,,,,,,,,https://backoffice.saintsual.com/25065-superlarge_default_2x/silexd-dildo-silicona-model-1-15-negro.jpg,2,"SILEXD DILDO SILICONA MODEL 1 15 NEGRO""",
,silexd-dildo-silicona-model-1-15-negro,,,,,,,,,,,,,,,,,,,https://backoffice.saintsual.com/25066-superlarge_default_2x/silexd-dildo-silicona-model-1-15-negro.jpg,3,"SILEXD DILDO SILICONA MODEL 1 15 NEGRO""",
,silexd-dildo-silicona-model-1-15-negro,,,,,,,,,,,,,,,,,,,https://backoffice.saintsual.com/25067-superlarge_default_2x/silexd-dildo-silicona-model-1-15-negro.jpg,4,"SILEXD DILDO SILICONA MODEL 1 15 NEGRO""",
"SILEXD VIBRADOR SILICONA USB MODEL 4 8'5 FLESH + MANDO LRS""",silexd-vibrador-silicona-usb-model-4-8-5-flesh-mando-lrs,"<p>Vibrador realístico recargable mediante cable USB con mando a distancia. Tiene 10 potencias diferentes de vibración.<br /><br />Medidas: 21'5 cm x 5'1 cm<br /><br />SilexD ofrece una gama de dildos con una piel de silicona súper suave de alta calidad con doble densidad y relleno de SILEXPAN, para una textura y tacto extremadamente realístico y una experiencia de placer incomparable.<br /><br />La revolucionaria fórmula patentada del material SILEXPAN usado para rellenar nuestros productos, permite una mejore flexibilidad y densidad del dildo. Dándole una elasticidad y manejabilidad magnífica.<br /><br />SILEXD ofrece la mejor calidad de silicona del mercado. La silicona Platinum no contiene ftalatos ni látex, es hipo alergénica y no porosa lo que la hace mucha más duradera y fácil de limpiar.</p>",SILEXD,"juguetes eroticos, realisticos",FALSE,draft,SIL5477,8433345255477,Title,Default Title,,TRUE,shopify,6,DENY,784,g,TRUE,manual,https://backoffice.saintsual.com/25086-superlarge_default_2x/silexd-vibrador-silicona-usb-model-4-8-5-flesh-mando-lrs.jpg,1,"SILEXD VIBRADOR SILICONA USB MODEL 4 8'5 FLESH + MANDO LRS""",FALSE
,silexd-vibrador-silicona-usb-model-4-8-5-flesh-mando-lrs,,,,,,,,,,,,,,,,,,,https://backoffice.saintsual.com/25089-superlarge_default_2x/silexd-vibrador-silicona-usb-model-4-8-5-flesh-mando-lrs.jpg,2,"SILEXD VIBRADOR SILICONA USB MODEL 4 8'5 FLESH + MANDO LRS""",
,silexd-vibrador-silicona-usb-model-4-8-5-flesh-mando-lrs,,,,,,,,,,,,,,,,,,,https://backoffice.saintsual.com/25087-superlarge_default_2x/silexd-vibrador-silicona-usb-model-4-8-5-flesh-mando-lrs.jpg,3,"SILEXD VIBRADOR SILICONA USB MODEL 4 8'5 FLESH + MANDO LRS""",
,silexd-vibrador-silicona-usb-model-4-8-5-flesh-mando-lrs,,,,,,,,,,,,,,,,,,,https://backoffice.saintsual.com/25088-superlarge_default_2x/silexd-vibrador-silicona-usb-model-4-8-5-flesh-mando-lrs.jpg,4,"SILEXD VIBRADOR SILICONA USB MODEL 4 8'5 FLESH + MANDO LRS""",
"SILEXD VIBRADOR SILICONA USB MODEL 2 7 FLESH + MANDO LRS""",silexd-vibrador-silicona-usb-model-2-7-flesh-mando-lrs,"<p>Vibrador realístico recargable mediante cable USB con mando a distancia. Tiene 10 potencias diferentes de vibración.<br /><br />Medidas: 17'5 cm x 4'4 cm<br /><br />SilexD ofrece una gama de dildos con una piel de silicona súper suave de alta calidad con doble densidad y relleno de SILEXPAN, para una textura y tacto extremadamente realístico y una experiencia de placer incomparable.<br /><br />La revolucionaria fórmula patentada del material SILEXPAN usado para rellenar nuestros productos, permite una mejore flexibilidad y densidad del dildo. Dándole una elasticidad y manejabilidad magnífica.<br /><br />SILEXD ofrece la mejor calidad de silicona del mercado. La silicona Platinum no contiene ftalatos ni látex, es hipo alergénica y no porosa lo que la hace mucha más duradera y fácil de limpiar.</p>",SILEXD,"juguetes eroticos, realisticos",FALSE,draft,SIL5675,8433345255675,Title,Default Title,,TRUE,shopify,19,DENY,402,g,TRUE,manual,https://backoffice.saintsual.com/25094-superlarge_default_2x/silexd-vibrador-silicona-usb-model-2-7-flesh-mando-lrs-.jpg,1,"SILEXD VIBRADOR SILICONA USB MODEL 2 7 FLESH + MANDO LRS""",FALSE
,silexd-vibrador-silicona-usb-model-2-7-flesh-mando-lrs,,,,,,,,,,,,,,,,,,,https://backoffice.saintsual.com/25095-superlarge_default_2x/silexd-vibrador-silicona-usb-model-2-7-flesh-mando-lrs-.jpg,2,"SILEXD VIBRADOR SILICONA USB MODEL 2 7 FLESH + MANDO LRS""",
,silexd-vibrador-silicona-usb-model-2-7-flesh-mando-lrs,,,,,,,,,,,,,,,,,,,https://backoffice.saintsual.com/25091-superlarge_default_2x/silexd-vibrador-silicona-usb-model-2-7-flesh-mando-lrs-.jpg,3,"SILEXD VIBRADOR SILICONA USB MODEL 2 7 FLESH + MANDO LRS""",
,silexd-vibrador-silicona-usb-model-2-7-flesh-mando-lrs,,,,,,,,,,,,,,,,,,,https://backoffice.saintsual.com/25096-superlarge_default_2x/silexd-vibrador-silicona-usb-model-2-7-flesh-mando-lrs-.jpg,4,"SILEXD VIBRADOR SILICONA USB MODEL 2 7 FLESH + MANDO LRS""",
"SILEXD VIBRADOR SILICONA USB MODEL 1 8 FLESH + MANDO LRS""",silexd-vibrador-silicona-usb-model-1-8-flesh-mando-lrs,"<p>Vibrador realístico recargable mediante cable USB con mando a distancia. Tiene 10 potencias diferentes de vibración.<br /><br />Medidas: 20 cm x 4'3 cm<br /><br />SilexD ofrece una gama de dildos con una piel de silicona súper suave de alta calidad con doble densidad y relleno de SILEXPAN, para una textura y tacto extremadamente realístico y una experiencia de placer incomparable.<br /><br />La revolucionaria fórmula patentada del material SILEXPAN usado para rellenar nuestros productos, permite una mejore flexibilidad y densidad del dildo. Dándole una elasticidad y manejabilidad magnífica.<br /><br />SILEXD ofrece la mejor calidad de silicona del mercado. La silicona Platinum no contiene ftalatos ni látex, es hipo alergénica y no porosa lo que la hace mucha más duradera y fácil de limpiar.</p>",SILEXD,"juguetes eroticos, realisticos",FALSE,draft,SIL5873,8433345255873,Title,Default Title,,TRUE,shopify,4,DENY,586,g,TRUE,manual,https://backoffice.saintsual.com/53979-superlarge_default_2x/silexd-vibrador-silicona-usb-model-1-8-flesh.jpg,1,"SILEXD VIBRADOR SILICONA USB MODEL 1 8 FLESH + MANDO LRS""",FALSE
,silexd-vibrador-silicona-usb-model-1-8-flesh-mando-lrs,,,,,,,,,,,,,,,,,,,https://backoffice.saintsual.com/25113-superlarge_default_2x/silexd-vibrador-silicona-usb-model-1-8-flesh.jpg,2,"SILEXD VIBRADOR SILICONA USB MODEL 1 8 FLESH + MANDO LRS""",
"SILEXD DILDO SILICONA DOBLE PENETRACIÓN 7+ 8"" C/ VIBRACIÓN USB + MANDO LRS""",silexd-dildo-silicona-doble-penetracion-7-8-c-vibracion-usb-mando-lrs,"<p>Medidas: 19'5 cm x 4'5 cm y 17'5 cm x 3'7 cm. Vibrador doble recargable por USB con 10 potencias con mando a distancia.<br /><br />SilexD ofrece una gama de dildos con una piel de silicona súper suave de alta calidad con doble densidad y relleno de SILEXPAN, para una textura y tacto extremadamente realístico y una experiencia de placer incomparable.<br /><br />La revolucionaria fórmula patentada del material SILEXPAN usado para rellenar nuestros productos, permite una mejore flexibilidad y densidad del dildo. Dándole una elasticidad y manejabilidad magnífica.<br /><br />SILEXD ofrece la mejor calidad de silicona del mercado. La silicona Platinum no contiene ftalatos ni látex, es hipo alergénica y no porosa lo que la hace mucha más duradera y fácil de limpiar.</p>",SILEXD,"juguetes eroticos, realisticos",FALSE,draft,SIL5972,8433345255972,Title,Default Title,,TRUE,shopify,9,DENY,672,g,TRUE,manual,https://backoffice.saintsual.com/25133-superlarge_default_2x/silexd-dildo-silicona-doble-penetracion-7-8-c-vibracion-usb-mando-lrs.jpg,1,"SILEXD DILDO SILICONA DOBLE PENETRACIÓN 7+ 8"" C/ VIBRACIÓN USB + MANDO LRS""",FALSE
,silexd-dildo-silicona-doble-penetracion-7-8-c-vibracion-usb-mando-lrs,,,,,,,,,,,,,,,,,,,https://backoffice.saintsual.com/25135-superlarge_default_2x/silexd-dildo-silicona-doble-penetracion-7-8-c-vibracion-usb-mando-lrs.jpg,2,"SILEXD DILDO SILICONA DOBLE PENETRACIÓN 7+ 8"" C/ VIBRACIÓN USB + MANDO LRS""",
,silexd-dildo-silicona-doble-penetracion-7-8-c-vibracion-usb-mando-lrs,,,,,,,,,,,,,,,,,,,https://backoffice.saintsual.com/25134-superlarge_default_2x/silexd-dildo-silicona-doble-penetracion-7-8-c-vibracion-usb-mando-lrs.jpg,3,"SILEXD DILDO SILICONA DOBLE PENETRACIÓN 7+ 8"" C/ VIBRACIÓN USB + MANDO LRS""",
,silexd-dildo-silicona-doble-penetracion-7-8-c-vibracion-usb-mando-lrs,,,,,,,,,,,,,,,,,,,https://backoffice.saintsual.com/25136-superlarge_default_2x/silexd-dildo-silicona-doble-penetracion-7-8-c-vibracion-usb-mando-lrs.jpg,4,"SILEXD DILDO SILICONA DOBLE PENETRACIÓN 7+ 8"" C/ VIBRACIÓN USB + MANDO LRS""",
"SILEXD DILDO SILICONA DOBLE DONG MODEL 1 15 S  FLESH""",silexd-dildo-silicona-doble-dong-model-1-15-s-flesh,"<p>Dildo doble con forma de pene.</p>
<p>Medidas: 38'5 cm x 3'90 cm<br /><br />SilexD ofrece una gama de dildos con una piel de silicona súper suave de alta calidad con doble densidad y relleno de SILEXPAN, para una textura y tacto extremadamente realístico y una experiencia de placer incomparable.<br /><br />La revolucionaria fórmula patentada del material SILEXPAN usado para rellenar nuestros productos, permite una mejore flexibilidad y densidad del dildo. Dándole una elasticidad y manejabilidad magnífica.<br /><br />SILEXD ofrece la mejor calidad de silicona del mercado. La silicona Platinum no contiene ftalatos ni látex, es hipo alergénica y no porosa lo que la hace mucha más duradera y fácil de limpiar.</p>",SILEXD,"juguetes eroticos, realisticos",FALSE,draft,SIL2073,8433345222073,Title,Default Title,,TRUE,shopify,4,DENY,527,g,TRUE,manual,https://backoffice.saintsual.com/25141-superlarge_default_2x/silexd-dildo-silicona-doble-dong-model-1-15-s-flesh.jpg,1,"SILEXD DILDO SILICONA DOBLE DONG MODEL 1 15 S  FLESH""",FALSE
,silexd-dildo-silicona-doble-dong-model-1-15-s-flesh,,,,,,,,,,,,,,,,,,,https://backoffice.saintsual.com/25142-superlarge_default_2x/silexd-dildo-silicona-doble-dong-model-1-15-s-flesh.jpg,2,"SILEXD DILDO SILICONA DOBLE DONG MODEL 1 15 S  FLESH""",
,silexd-dildo-silicona-doble-dong-model-1-15-s-flesh,,,,,,,,,,,,,,,,,,,https://backoffice.saintsual.com/25143-superlarge_default_2x/silexd-dildo-silicona-doble-dong-model-1-15-s-flesh.jpg,3,"SILEXD DILDO SILICONA DOBLE DONG MODEL 1 15 S  FLESH""",
"SILEXD PLUG SILICONA MODEL 1 3'3 XS NEGRO""",silexd-plug-silicona-model-1-3-3-xs-negro,"<p>Plug Anal realizado en silicona.</p>
<p>Medidas: 8 cm x 4'50 cm<br /><br />SilexD ofrece una gama de dildos con una piel de silicona súper suave de alta calidad con doble densidad y relleno de SILEXPAN, para una textura y tacto extremadamente realístico y una experiencia de placer incomparable.<br /><br />La revolucionaria fórmula patentada del material SILEXPAN usado para rellenar nuestros productos, permite una mejore flexibilidad y densidad del dildo. Dándole una elasticidad y manejabilidad magnífica.<br /><br />SILEXD ofrece la mejor calidad de silicona del mercado. La silicona Platinum no contiene ftalatos ni látex, es hipo alergénica y no porosa lo que la hace mucha más duradera y fácil de limpiar.</p>",SILEXD,"juguetes eroticos, realisticos",FALSE,draft,SIL0498,8433345230498,Title,Default Title,,TRUE,shopify,14,DENY,140,g,TRUE,manual,https://backoffice.saintsual.com/25153-superlarge_default_2x/silexd-plug-silicona-model-1-3-3-xs-negro.jpg,1,"SILEXD PLUG SILICONA MODEL 1 3'3 XS NEGRO""",FALSE
,silexd-plug-silicona-model-1-3-3-xs-negro,,,,,,,,,,,,,,,,,,,https://backoffice.saintsual.com/25154-superlarge_default_2x/silexd-plug-silicona-model-1-3-3-xs-negro.jpg,2,"SILEXD PLUG SILICONA MODEL 1 3'3 XS NEGRO""",
,silexd-plug-silicona-model-1-3-3-xs-negro,,,,,,,,,,,,,,,,,,,https://backoffice.saintsual.com/25155-superlarge_default_2x/silexd-plug-silicona-model-1-3-3-xs-negro.jpg,3,"SILEXD PLUG SILICONA MODEL 1 3'3 XS NEGRO""",
"SILEXD PLUG SILICONA MODEL 2 2'5 XS NEGRO""",silexd-plug-silicona-model-2-2-5-xs-negro,"<p>Plug Anal realizado en silicona.</p>
<p>Medidas: 6'4 cm x 2'90 cm<br /><br />SilexD ofrece una gama de dildos con una piel de silicona súper suave de alta calidad con doble densidad y relleno de SILEXPAN, para una textura y tacto extremadamente realístico y una experiencia de placer incomparable.<br /><br />La revolucionaria fórmula patentada del material SILEXPAN usado para rellenar nuestros productos, permite una mejore flexibilidad y densidad del dildo. Dándole una elasticidad y manejabilidad magnífica.<br /><br />SILEXD ofrece la mejor calidad de silicona del mercado. La silicona Platinum no contiene ftalatos ni látex, es hipo alergénica y no porosa lo que la hace mucha más duradera y fácil de limpiar.</p>",SILEXD,"juguetes eroticos, realisticos",FALSE,draft,SIL0597,8433345230597,Title,Default Title,,TRUE,shopify,3,DENY,640,g,TRUE,manual,https://backoffice.saintsual.com/25159-superlarge_default_2x/silexd-plug-silicona-model-2-2-5-xs-negro-.jpg,1,"SILEXD PLUG SILICONA MODEL 2 2'5 XS NEGRO""",FALSE
,silexd-plug-silicona-model-2-2-5-xs-negro,,,,,,,,,,,,,,,,,,,https://backoffice.saintsual.com/25160-superlarge_default_2x/silexd-plug-silicona-model-2-2-5-xs-negro-.jpg,2,"SILEXD PLUG SILICONA MODEL 2 2'5 XS NEGRO""",
,silexd-plug-silicona-model-2-2-5-xs-negro,,,,,,,,,,,,,,,,,,,https://backoffice.saintsual.com/25161-superlarge_default_2x/silexd-plug-silicona-model-2-2-5-xs-negro-.jpg,3,"SILEXD PLUG SILICONA MODEL 2 2'5 XS NEGRO""",
"SILEXD PLUG SILICONA MODEL 2 3 S NEGRO""",silexd-plug-silicona-model-2-3-s-negro,"<p>Plug Anal realizado en silicona.</p>
<p>Medidas: 7'2 cm x 3'4 cm<br /><br />SilexD ofrece una gama de dildos con una piel de silicona súper suave de alta calidad con doble densidad y relleno de SILEXPAN, para una textura y tacto extremadamente realístico y una experiencia de placer incomparable.<br /><br />La revolucionaria fórmula patentada del material SILEXPAN usado para rellenar nuestros productos, permite una mejore flexibilidad y densidad del dildo. Dándole una elasticidad y manejabilidad magnífica.<br /><br />SILEXD ofrece la mejor calidad de silicona del mercado. La silicona Platinum no contiene ftalatos ni látex, es hipo alergénica y no porosa lo que la hace mucha más duradera y fácil de limpiar.</p>",SILEXD,"juguetes eroticos, realisticos",FALSE,draft,SIL0696,8433345230696,Title,Default Title,,TRUE,shopify,5,DENY,85,g,TRUE,manual,https://backoffice.saintsual.com/25165-superlarge_default_2x/silexd-plug-silicona-model-2-3-s-negro-.jpg,1,"SILEXD PLUG SILICONA MODEL 2 3 S NEGRO""",FALSE
,silexd-plug-silicona-model-2-3-s-negro,,,,,,,,,,,,,,,,,,,https://backoffice.saintsual.com/25166-superlarge_default_2x/silexd-plug-silicona-model-2-3-s-negro-.jpg,2,"SILEXD PLUG SILICONA MODEL 2 3 S NEGRO""",
,silexd-plug-silicona-model-2-3-s-negro,,,,,,,,,,,,,,,,,,,https://backoffice.saintsual.com/25167-superlarge_default_2x/silexd-plug-silicona-model-2-3-s-negro-.jpg,3,"SILEXD PLUG SILICONA MODEL 2 3 S NEGRO""",
"SILEXD PLUG MODEL 2  3'5 M NEGRO""",silexd-plug-model-2-3-5-m-negro,"<p>Plug Anal realizado en silicona.</p>
<p>Medidas: 9'3 cm x 4 cm<br /><br />SilexD ofrece una gama de dildos con una piel de silicona súper suave de alta calidad con doble densidad y relleno de SILEXPAN, para una textura y tacto extremadamente realístico y una experiencia de placer incomparable.<br /><br />La revolucionaria fórmula patentada del material SILEXPAN usado para rellenar nuestros productos, permite una mejore flexibilidad y densidad del dildo. Dándole una elasticidad y manejabilidad magnífica.<br /><br />SILEXD ofrece la mejor calidad de silicona del mercado. La silicona Platinum no contiene ftalatos ni látex, es hipo alergénica y no porosa lo que la hace mucha más duradera y fácil de limpiar.</p>",SILEXD,"juguetes eroticos, realisticos",FALSE,draft,SIL0795,8433345230795,Title,Default Title,,TRUE,shopify,0,DENY,135,g,TRUE,manual,https://backoffice.saintsual.com/25171-superlarge_default_2x/silexd-plug-model-2-3-5-m-negro-.jpg,1,"SILEXD PLUG MODEL 2  3'5 M NEGRO""",FALSE
,silexd-plug-model-2-3-5-m-negro,,,,,,,,,,,,,,,,,,,https://backoffice.saintsual.com/25172-superlarge_default_2x/silexd-plug-model-2-3-5-m-negro-.jpg,2,"SILEXD PLUG MODEL 2  3'5 M NEGRO""",
,silexd-plug-model-2-3-5-m-negro,,,,,,,,,,,,,,,,,,,https://backoffice.saintsual.com/25173-superlarge_default_2x/silexd-plug-model-2-3-5-m-negro-.jpg,3,"SILEXD PLUG MODEL 2  3'5 M NEGRO""",
"SILEXD PLUG SILICONA PLUG MODEL 2 4 L NEGRO""",silexd-plug-silicona-plug-model-2-4-l-negro,"<p>Plug Anal realizado en silicona.</p>
<p>Medidas: 10'2 cm x 4'5 cm<br /><br />SilexD ofrece una gama de dildos con una piel de silicona súper suave de alta calidad con doble densidad y relleno de SILEXPAN, para una textura y tacto extremadamente realístico y una experiencia de placer incomparable.<br /><br />La revolucionaria fórmula patentada del material SILEXPAN usado para rellenar nuestros productos, permite una mejore flexibilidad y densidad del dildo. Dándole una elasticidad y manejabilidad magnífica.<br /><br />SILEXD ofrece la mejor calidad de silicona del mercado. La silicona Platinum no contiene ftalatos ni látex, es hipo alergénica y no porosa lo que la hace mucha más duradera y fácil de limpiar.</p>",SILEXD,"juguetes eroticos, realisticos",FALSE,draft,SIL0894,8433345230894,Title,Default Title,,TRUE,shopify,5,DENY,164,g,TRUE,manual,https://backoffice.saintsual.com/25177-superlarge_default_2x/silexd-plug-silicona-plug-model-2-4-l-negro.jpg,1,"SILEXD PLUG SILICONA PLUG MODEL 2 4 L NEGRO""",FALSE
,silexd-plug-silicona-plug-model-2-4-l-negro,,,,,,,,,,,,,,,,,,,https://backoffice.saintsual.com/25178-superlarge_default_2x/silexd-plug-silicona-plug-model-2-4-l-negro.jpg,2,"SILEXD PLUG SILICONA PLUG MODEL 2 4 L NEGRO""",
,silexd-plug-silicona-plug-model-2-4-l-negro,,,,,,,,,,,,,,,,,,,https://backoffice.saintsual.com/25179-superlarge_default_2x/silexd-plug-silicona-plug-model-2-4-l-negro.jpg,3,"SILEXD PLUG SILICONA PLUG MODEL 2 4 L NEGRO""",
SILEXD TORSO APOLLO L FLESH + DILDO 17'7 CM,silexd-torso-apollo-l-flesh-dildo-17-7-cm,"<p>Apollo L es un Torso realista grande. Con forma de pecho masculino para una verdadera experiencia de placer. Flexible y resistente, su textura natural te sorprenderá.<br /><br />Pruébalo y consigue el orgasmo más intenso..<br /><br />Realizado en silicona líquida y silexpan suave y sedosa.<br /><br />Medidas torso: 54 cm x 11 cm x 38 cm.<br />Medida dildo: 17'7 cm x 4 cm.</p>
<p>Peso Torso: 8'4 kg.</p>",SILEXD,"juguetes eroticos, realisticos",FALSE,draft,SIL0173,8433345270173,Title,Default Title,,TRUE,shopify,1,DENY,8910,g,TRUE,manual,https://backoffice.saintsual.com/43432-superlarge_default_2x/silexd-torso-apollo-l-flesh-dildo-17-7-cm.jpg,1,SILEXD TORSO APOLLO L FLESH + DILDO 17'7 CM,FALSE
,silexd-torso-apollo-l-flesh-dildo-17-7-cm,,,,,,,,,,,,,,,,,,,https://backoffice.saintsual.com/43438-superlarge_default_2x/silexd-torso-apollo-l-flesh-dildo-17-7-cm.jpg,2,SILEXD TORSO APOLLO L FLESH + DILDO 17'7 CM,
,silexd-torso-apollo-l-flesh-dildo-17-7-cm,,,,,,,,,,,,,,,,,,,https://backoffice.saintsual.com/43431-superlarge_default_2x/silexd-torso-apollo-l-flesh-dildo-17-7-cm.jpg,3,SILEXD TORSO APOLLO L FLESH + DILDO 17'7 CM,
,silexd-torso-apollo-l-flesh-dildo-17-7-cm,,,,,,,,,,,,,,,,,,,https://backoffice.saintsual.com/43433-superlarge_default_2x/silexd-torso-apollo-l-flesh-dildo-17-7-cm.jpg,4,SILEXD TORSO APOLLO L FLESH + DILDO 17'7 CM,
,silexd-torso-apollo-l-flesh-dildo-17-7-cm,,,,,,,,,,,,,,,,,,,https://backoffice.saintsual.com/43434-superlarge_default_2x/silexd-torso-apollo-l-flesh-dildo-17-7-cm.jpg,5,SILEXD TORSO APOLLO L FLESH + DILDO 17'7 CM,
,silexd-torso-apollo-l-flesh-dildo-17-7-cm,,,,,,,,,,,,,,,,,,,https://backoffice.saintsual.com/43435-superlarge_default_2x/silexd-torso-apollo-l-flesh-dildo-17-7-cm.jpg,6,SILEXD TORSO APOLLO L FLESH + DILDO 17'7 CM,
,silexd-torso-apollo-l-flesh-dildo-17-7-cm,,,,,,,,,,,,,,,,,,,https://backoffice.saintsual.com/43436-superlarge_default_2x/silexd-torso-apollo-l-flesh-dildo-17-7-cm.jpg,7,SILEXD TORSO APOLLO L FLESH + DILDO 17'7 CM,
,silexd-torso-apollo-l-flesh-dildo-17-7-cm,,,,,,,,,,,,,,,,,,,https://backoffice.saintsual.com/43437-superlarge_default_2x/silexd-torso-apollo-l-flesh-dildo-17-7-cm.jpg,8,SILEXD TORSO APOLLO L FLESH + DILDO 17'7 CM,
,silexd-torso-apollo-l-flesh-dildo-17-7-cm,,,,,,,,,,,,,,,,,,,https://backoffice.saintsual.com/43439-superlarge_default_2x/silexd-torso-apollo-l-flesh-dildo-17-7-cm.jpg,9,SILEXD TORSO APOLLO L FLESH + DILDO 17'7 CM,
SILEXD TORSO APOLLO S FLESH + DILDO 17'7 CM,silexd-torso-apollo-s-flesh-dildo-17-7-cm,"<p>Apollo S es un Torso realista. Con forma de pecho masculino para una verdadera experiencia de placer. Flexible y resistente, su textura natural te sorprenderá.<br /><br />Pruébalo y consigue el orgasmo más intenso..<br /><br />Realizado en silicona líquida y silexpan suave y sedosa.<br /><br />Medidas torso: 33'5 cm x 9 cm x 23'5 cm.<br />Medida dildo: 17'7 cm x 4 cm.</p>
<p>Peso: 4'05 kg.</p>",SILEXD,"juguetes eroticos, realisticos",FALSE,draft,SIL0272,8433345270272,Title,Default Title,,TRUE,shopify,2,DENY,4510,g,TRUE,manual,https://backoffice.saintsual.com/43441-superlarge_default_2x/silexd-torso-apollo-s-flesh-dildo-17-7-cm.jpg,1,SILEXD TORSO APOLLO S FLESH + DILDO 17'7 CM,FALSE
,silexd-torso-apollo-s-flesh-dildo-17-7-cm,,,,,,,,,,,,,,,,,,,https://backoffice.saintsual.com/43443-superlarge_default_2x/silexd-torso-apollo-s-flesh-dildo-17-7-cm.jpg,2,SILEXD TORSO APOLLO S FLESH + DILDO 17'7 CM,
,silexd-torso-apollo-s-flesh-dildo-17-7-cm,,,,,,,,,,,,,,,,,,,https://backoffice.saintsual.com/43440-superlarge_default_2x/silexd-torso-apollo-s-flesh-dildo-17-7-cm.jpg,3,SILEXD TORSO APOLLO S FLESH + DILDO 17'7 CM,
,silexd-torso-apollo-s-flesh-dildo-17-7-cm,,,,,,,,,,,,,,,,,,,https://backoffice.saintsual.com/43442-superlarge_default_2x/silexd-torso-apollo-s-flesh-dildo-17-7-cm.jpg,4,SILEXD TORSO APOLLO S FLESH + DILDO 17'7 CM,
,silexd-torso-apollo-s-flesh-dildo-17-7-cm,,,,,,,,,,,,,,,,,,,https://backoffice.saintsual.com/43444-superlarge_default_2x/silexd-torso-apollo-s-flesh-dildo-17-7-cm.jpg,5,SILEXD TORSO APOLLO S FLESH + DILDO 17'7 CM,
,silexd-torso-apollo-s-flesh-dildo-17-7-cm,,,,,,,,,,,,,,,,,,,https://backoffice.saintsual.com/43445-superlarge_default_2x/silexd-torso-apollo-s-flesh-dildo-17-7-cm.jpg,6,SILEXD TORSO APOLLO S FLESH + DILDO 17'7 CM,
SILEXD CULO-VAGINA DAPHNE,silexd-culo-vagina-daphne,"<p>Daphne es un masturbador súper realista para hombres. Con forma de CULO para una verdadera experiencia de penetración. Flexible y resistente, su textura natural te sorprenderá.<br /><br />Pruébelo y sienta el verdadero trato, le dará un orgasmo más intenso<br /><br />Realizado en silicona líquida y silexpan suave y sedosa.<br /><br />Medidas masturbador: 27 cm x 15 cm x 32'5 cm.</p>
<p>Peso: 4'4 kg.</p>",SILEXD,"juguetes eroticos, realisticos",FALSE,draft,SIL5178,8433345275178,Title,Default Title,,TRUE,shopify,0,DENY,5500,g,TRUE,manual,https://backoffice.saintsual.com/43451-superlarge_default_2x/silexd-culo-vagina-daphne.jpg,1,SILEXD CULO-VAGINA DAPHNE,FALSE
,silexd-culo-vagina-daphne,,,,,,,,,,,,,,,,,,,https://backoffice.saintsual.com/43446-superlarge_default_2x/silexd-culo-vagina-daphne.jpg,2,SILEXD CULO-VAGINA DAPHNE,
,silexd-culo-vagina-daphne,,,,,,,,,,,,,,,,,,,https://backoffice.saintsual.com/43447-superlarge_default_2x/silexd-culo-vagina-daphne.jpg,3,SILEXD CULO-VAGINA DAPHNE,
,silexd-culo-vagina-daphne,,,,,,,,,,,,,,,,,,,https://backoffice.saintsual.com/43448-superlarge_default_2x/silexd-culo-vagina-daphne.jpg,4,SILEXD CULO-VAGINA DAPHNE,
,silexd-culo-vagina-daphne,,,,,,,,,,,,,,,,,,,https://backoffice.saintsual.com/43449-superlarge_default_2x/silexd-culo-vagina-daphne.jpg,5,SILEXD CULO-VAGINA DAPHNE,
,silexd-culo-vagina-daphne,,,,,,,,,,,,,,,,,,,https://backoffice.saintsual.com/43450-superlarge_default_2x/silexd-culo-vagina-daphne.jpg,6,SILEXD CULO-VAGINA DAPHNE,
,silexd-culo-vagina-daphne,,,,,,,,,,,,,,,,,,,https://backoffice.saintsual.com/43452-superlarge_default_2x/silexd-culo-vagina-daphne.jpg,7,SILEXD CULO-VAGINA DAPHNE,
"SILEXD DILDO REAL SKIN MODEL 1 7 FLESH""",silexd-dildo-real-skin-model-1-7-flesh,"<p>Experimente un realismo incomparable con Silexd – Real Skin Model 1 7”. Elaborado con silicona líquida premium 100% súper suave y Silexpan, este consolador ofrece una sensación sumamente realista que imita la sensación de lo real.<br />El diseño de doble densidad proporciona una experiencia auténtica, con un exterior suave y un núcleo firme. Las venas texturizadas a lo largo del eje mejoran la estimulación, mientras que el tono pálido aumenta su apariencia realista.<br />Diseñado para brindar comodidad y placer, este consolador cuenta con un diseño ergonómico que se adapta naturalmente a su mano. Es hipoalergénico, no poroso e inodoro, lo que garantiza una experiencia segura e higiénica. Además, no contiene ftalatos y es seguro para el cuerpo.<br />Con tecnología de silicona termoreactiva, este consolador ajusta su firmeza en función de la temperatura, volviéndose más duro cuando se enfría y más suave cuando se calienta. Totalmente resistente al agua, se puede disfrutar en la bañera o en la ducha para un juego versátil.<br />Compatible con torsos de silicona, el Silexd – Liquid Silicone Model 7 ofrece infinitas posibilidades de exploración y satisfacción. Eleva tus momentos íntimos con este consolador realista de primera calidad.<br /><br /><br />1. Sensación termorreactiva: esta característica, en la que el consolador se vuelve más firme cuando se enfría y más suave cuando se calienta, es un punto de venta único. Proporciona una experiencia personalizada, lo que podría ser un atractivo importante para los clientes potenciales.<br />2. Materiales de primera calidad: elaborado con silicona líquida premium 100% súper suave y Silexpan, este consolador ofrece una sensación de lujo. El uso de materiales de alta calidad mejora la experiencia general y la durabilidad del producto.<br />3. Diseño y textura ergonómicos: el consolador está diseñado teniendo en cuenta la ergonomía, lo que garantiza comodidad durante el uso. Se agregan venas texturizadas para mejorar la estimulación, lo que contribuye a una experiencia más placentera.<br /><br />Características:<br />- Materiales: SILEXPAN y piel de silicona líquida 100% libre de ftalatos<br />- Diámetro insertable: 3,8 cm<br />- Longitud insertable: 13 cm <br />- Longitud máxima: 17,8 cm<br />- Diámetro de la base de succión: 6 cm <br />- Peso: 238 gramos<br />- Sensación de piel real<br />- termorreactivo<br />- Inodoro y no tóxico<br />- Exterior suave y núcleo firme.<br />- Impermeable</p>",SILEXD,"juguetes eroticos, realisticos",FALSE,draft,SIL5773,8433345265773,Title,Default Title,,TRUE,shopify,0,DENY,300,g,TRUE,manual,https://backoffice.saintsual.com/48529-superlarge_default_2x/silexd-dildo-real-skin-model-1-7-flesh.jpg,1,"SILEXD DILDO REAL SKIN MODEL 1 7 FLESH""",FALSE
,silexd-dildo-real-skin-model-1-7-flesh,,,,,,,,,,,,,,,,,,,https://backoffice.saintsual.com/48531-superlarge_default_2x/silexd-dildo-real-skin-model-1-7-flesh.jpg,2,"SILEXD DILDO REAL SKIN MODEL 1 7 FLESH""",
,silexd-dildo-real-skin-model-1-7-flesh,,,,,,,,,,,,,,,,,,,https://backoffice.saintsual.com/48521-superlarge_default_2x/silexd-dildo-real-skin-model-1-7-flesh.jpg,3,"SILEXD DILDO REAL SKIN MODEL 1 7 FLESH""",
,silexd-dildo-real-skin-model-1-7-flesh,,,,,,,,,,,,,,,,,,,https://backoffice.saintsual.com/48522-superlarge_default_2x/silexd-dildo-real-skin-model-1-7-flesh.jpg,4,"SILEXD DILDO REAL SKIN MODEL 1 7 FLESH""",
,silexd-dildo-real-skin-model-1-7-flesh,,,,,,,,,,,,,,,,,,,https://backoffice.saintsual.com/48524-superlarge_default_2x/silexd-dildo-real-skin-model-1-7-flesh.jpg,5,"SILEXD DILDO REAL SKIN MODEL 1 7 FLESH""",
,silexd-dildo-real-skin-model-1-7-flesh,,,,,,,,,,,,,,,,,,,https://backoffice.saintsual.com/48523-superlarge_default_2x/silexd-dildo-real-skin-model-1-7-flesh.jpg,6,"SILEXD DILDO REAL SKIN MODEL 1 7 FLESH""",
,silexd-dildo-real-skin-model-1-7-flesh,,,,,,,,,,,,,,,,,,,https://backoffice.saintsual.com/48527-superlarge_default_2x/silexd-dildo-real-skin-model-1-7-flesh.jpg,7,"SILEXD DILDO REAL SKIN MODEL 1 7 FLESH""",
,silexd-dildo-real-skin-model-1-7-flesh,,,,,,,,,,,,,,,,,,,https://backoffice.saintsual.com/48534-superlarge_default_2x/silexd-dildo-real-skin-model-1-7-flesh.jpg,8,"SILEXD DILDO REAL SKIN MODEL 1 7 FLESH""",
,silexd-dildo-real-skin-model-1-7-flesh,,,,,,,,,,,,,,,,,,,https://backoffice.saintsual.com/48535-superlarge_default_2x/silexd-dildo-real-skin-model-1-7-flesh.jpg,9,"SILEXD DILDO REAL SKIN MODEL 1 7 FLESH""",
,silexd-dildo-real-skin-model-1-7-flesh,,,,,,,,,,,,,,,,,,,https://backoffice.saintsual.com/48536-superlarge_default_2x/silexd-dildo-real-skin-model-1-7-flesh.jpg,10,"SILEXD DILDO REAL SKIN MODEL 1 7 FLESH""",
"SILEXD DILDO REAL SKIN MODEL 1 8 FLESH CON TESTICULOS""",silexd-dildo-real-skin-model-1-8-flesh-con-testiculos,"<p>Experimenta un realismo incomparable con el consolador Silexd - Real Skin (con huevos) Modelo 1 de 8”. Elaborado con silicona líquida premium 100% súper suave y Silexpan, este consolador ofrece una sensación súper realista que imita el cuerpo humano.<br />Con silicona termo-reactiva, este consolador se endurece cuando se enfría y se ablanda cuando se calienta, adaptándose perfectamente a la temperatura natural de tu cuerpo. La silicona de alta tecnología garantiza un exterior suave con un núcleo firme, proporcionando el equilibrio ideal para el máximo placer. Las venas texturizadas a lo largo del eje aumentan la sensación de realismo y brindan una estimulación mejorada con cada movimiento.<br />Diseñado en un tono pálido, el Silexd Model 1 8” es ergonómico y fácil de manejar, lo que lo hace perfecto para un uso prolongado. La seguridad es una prioridad con este consolador, ya que no contiene ftalatos, es seguro para el cuerpo, es hipoalergénico, no poroso e inodoro. Su característica impermeable permite un uso versátil, ya sea en la ducha o en el baño, y garantiza una fácil limpieza.<br />Eleva tus momentos íntimos con Silexd - Real Skin (con huevos) Modelo 1 8”, donde el realismo se une a la innovación para una experiencia sensorial inigualable.<br /><br /><br />1. Sensación termorreactiva: esta característica, en la que el consolador se vuelve más firme cuando se enfría y más suave cuando se calienta, es un punto de venta único. Proporciona una experiencia personalizada, lo que podría ser un atractivo importante para los clientes potenciales.<br />2. Materiales de primera calidad: elaborado con silicona líquida premium 100% súper suave y Silexpan, este consolador ofrece una sensación de lujo. El uso de materiales de alta calidad mejora la experiencia general y la durabilidad del producto.<br />3. Diseño y textura ergonómicos: el consolador está diseñado teniendo en cuenta la ergonomía, lo que garantiza comodidad durante el uso. Se agregan venas texturizadas para mejorar la estimulación, lo que contribuye a una experiencia más placentera.<br /><br />Características:<br />- Materiales: SILEXPAN y piel de silicona líquida 100% libre de ftalatos<br />- Diámetro insertable: 4,2 cm<br />- Longitud insertable: 16 cm<br />- Longitud máxima: 21 cm<br />- Diámetro de la base de succión: 6,3 cm <br />- Peso: 344 gramos<br />- Sensación de piel real<br />- termorreactivo<br />- Exterior suave y núcleo firme.<br />- Impermeable</p>",SILEXD,"juguetes eroticos, realisticos",FALSE,draft,SIL5872,8433345265872,Title,Default Title,,TRUE,shopify,0,DENY,380,g,TRUE,manual,https://backoffice.saintsual.com/48540-superlarge_default_2x/silexd-dildo-real-skin-model-1-8-flesh-con-testiculos.jpg,1,"SILEXD DILDO REAL SKIN MODEL 1 8 FLESH CON TESTICULOS""",FALSE
,silexd-dildo-real-skin-model-1-8-flesh-con-testiculos,,,,,,,,,,,,,,,,,,,https://backoffice.saintsual.com/48517-superlarge_default_2x/silexd-dildo-real-skin-model-1-8-flesh-con-testiculos.jpg,2,"SILEXD DILDO REAL SKIN MODEL 1 8 FLESH CON TESTICULOS""",
,silexd-dildo-real-skin-model-1-8-flesh-con-testiculos,,,,,,,,,,,,,,,,,,,https://backoffice.saintsual.com/48518-superlarge_default_2x/silexd-dildo-real-skin-model-1-8-flesh-con-testiculos.jpg,3,"SILEXD DILDO REAL SKIN MODEL 1 8 FLESH CON TESTICULOS""",
,silexd-dildo-real-skin-model-1-8-flesh-con-testiculos,,,,,,,,,,,,,,,,,,,https://backoffice.saintsual.com/48532-superlarge_default_2x/silexd-dildo-real-skin-model-1-8-flesh-con-testiculos.jpg,4,"SILEXD DILDO REAL SKIN MODEL 1 8 FLESH CON TESTICULOS""",
,silexd-dildo-real-skin-model-1-8-flesh-con-testiculos,,,,,,,,,,,,,,,,,,,https://backoffice.saintsual.com/48539-superlarge_default_2x/silexd-dildo-real-skin-model-1-8-flesh-con-testiculos.jpg,5,"SILEXD DILDO REAL SKIN MODEL 1 8 FLESH CON TESTICULOS""",
,silexd-dildo-real-skin-model-1-8-flesh-con-testiculos,,,,,,,,,,,,,,,,,,,https://backoffice.saintsual.com/48538-superlarge_default_2x/silexd-dildo-real-skin-model-1-8-flesh-con-testiculos.jpg,6,"SILEXD DILDO REAL SKIN MODEL 1 8 FLESH CON TESTICULOS""",
,silexd-dildo-real-skin-model-1-8-flesh-con-testiculos,,,,,,,,,,,,,,,,,,,https://backoffice.saintsual.com/48541-superlarge_default_2x/silexd-dildo-real-skin-model-1-8-flesh-con-testiculos.jpg,7,"SILEXD DILDO REAL SKIN MODEL 1 8 FLESH CON TESTICULOS""",
,silexd-dildo-real-skin-model-1-8-flesh-con-testiculos,,,,,,,,,,,,,,,,,,,https://backoffice.saintsual.com/48542-superlarge_default_2x/silexd-dildo-real-skin-model-1-8-flesh-con-testiculos.jpg,8,"SILEXD DILDO REAL SKIN MODEL 1 8 FLESH CON TESTICULOS""",
,silexd-dildo-real-skin-model-1-8-flesh-con-testiculos,,,,,,,,,,,,,,,,,,,https://backoffice.saintsual.com/48543-superlarge_default_2x/silexd-dildo-real-skin-model-1-8-flesh-con-testiculos.jpg,9,"SILEXD DILDO REAL SKIN MODEL 1 8 FLESH CON TESTICULOS""",
,silexd-dildo-real-skin-model-1-8-flesh-con-testiculos,,,,,,,,,,,,,,,,,,,https://backoffice.saintsual.com/48544-superlarge_default_2x/silexd-dildo-real-skin-model-1-8-flesh-con-testiculos.jpg,10,"SILEXD DILDO REAL SKIN MODEL 1 8 FLESH CON TESTICULOS""",
"SILEXD DILDO REAL SKIN MODEL 1 9 FLESH CON TESTICULOS""",silexd-dildo-real-skin-model-1-9-flesh-con-testiculos,"<p>Descubre un realismo inigualable con el Silexd - Real Skin (con huevos) Modelo 1 9”. Este consolador premium está hecho 100 % de silicona líquida súper suave y Silexpan, lo que ofrece una sensación súper realista inigualable.<br />La innovadora tecnología de silicona termorreactiva permite que el consolador se endurezca cuando se enfría y se ablande cuando se calienta, lo que garantiza una experiencia realista en todo momento. Con su silicona de alta tecnología, el consolador presenta un exterior suave y un núcleo firme, imitando perfectamente el cuerpo humano. Las venas texturizadas a lo largo del eje brindan estimulación adicional, mejorando cada momento de placer.<br />Disponible en un tono pálido natural, el Silexd Modelo 1 de 9” está diseñado teniendo en cuenta la ergonomía, lo que facilita su manejo y uso. Este producto no contiene ftalatos, es seguro para el cuerpo, hipoalergénico, no poroso e inodoro, lo que garantiza su seguridad y comodidad. Resistente al agua y fácil de limpiar, es perfecto para usar en la ducha o el baño.<br />Eleva tus momentos íntimos con Silexd - Real Skin (con huevos) Modelo 1 9”, donde un realismo superior y tecnología avanzada se combinan para brindar una experiencia sensorial excepcional.<br /><br />1. Sensación termo-reactiva: Esta característica, donde el consolador se vuelve más firme cuando se enfría y más suave cuando se calienta, es un punto de venta único. Proporciona una experiencia personalizada, lo que podría ser un atractivo importante para los clientes potenciales.<br />2. Materiales de primera calidad: elaborado con silicona líquida premium 100% súper suave y Silexpan, este consolador ofrece una sensación de lujo. El uso de materiales de alta calidad mejora la experiencia general y la durabilidad del producto.<br />3. Diseño y textura ergonómicos: el consolador está diseñado teniendo en cuenta la ergonomía, lo que garantiza comodidad durante el uso. Se agregan venas texturizadas para mejorar la estimulación, lo que contribuye a una experiencia más placentera.<br /><br />Características:<br />- Materiales: SILEXPAN y piel de silicona líquida 100% libre de ftalatos<br />- Diámetro insertable: 5 cm<br />- Longitud insertable: 17,0 cm<br />- Longitud máxima: 22,9 cm<br />- Diámetro de la base de succión: 7,5 cm<br />- Peso: 530 gramos<br />- Sensación de piel real<br />- termorreactivo<br />- Exterior suave y núcleo firme.<br />- Impermeable</p>",SILEXD,"juguetes eroticos, realisticos",FALSE,draft,SIL5971,8433345265971,Title,Default Title,,TRUE,shopify,0,DENY,590,g,TRUE,manual,https://backoffice.saintsual.com/48526-superlarge_default_2x/silexd-dildo-real-skin-model-1-9-flesh-con-testiculos.jpg,1,"SILEXD DILDO REAL SKIN MODEL 1 9 FLESH CON TESTICULOS""",FALSE
,silexd-dildo-real-skin-model-1-9-flesh-con-testiculos,,,,,,,,,,,,,,,,,,,https://backoffice.saintsual.com/48519-superlarge_default_2x/silexd-dildo-real-skin-model-1-9-flesh-con-testiculos.jpg,2,"SILEXD DILDO REAL SKIN MODEL 1 9 FLESH CON TESTICULOS""",
,silexd-dildo-real-skin-model-1-9-flesh-con-testiculos,,,,,,,,,,,,,,,,,,,https://backoffice.saintsual.com/48514-superlarge_default_2x/silexd-dildo-real-skin-model-1-9-flesh-con-testiculos.jpg,3,"SILEXD DILDO REAL SKIN MODEL 1 9 FLESH CON TESTICULOS""",
,silexd-dildo-real-skin-model-1-9-flesh-con-testiculos,,,,,,,,,,,,,,,,,,,https://backoffice.saintsual.com/48516-superlarge_default_2x/silexd-dildo-real-skin-model-1-9-flesh-con-testiculos.jpg,4,"SILEXD DILDO REAL SKIN MODEL 1 9 FLESH CON TESTICULOS""",
,silexd-dildo-real-skin-model-1-9-flesh-con-testiculos,,,,,,,,,,,,,,,,,,,https://backoffice.saintsual.com/48520-superlarge_default_2x/silexd-dildo-real-skin-model-1-9-flesh-con-testiculos.jpg,5,"SILEXD DILDO REAL SKIN MODEL 1 9 FLESH CON TESTICULOS""",
,silexd-dildo-real-skin-model-1-9-flesh-con-testiculos,,,,,,,,,,,,,,,,,,,https://backoffice.saintsual.com/48525-superlarge_default_2x/silexd-dildo-real-skin-model-1-9-flesh-con-testiculos.jpg,6,"SILEXD DILDO REAL SKIN MODEL 1 9 FLESH CON TESTICULOS""",
,silexd-dildo-real-skin-model-1-9-flesh-con-testiculos,,,,,,,,,,,,,,,,,,,https://backoffice.saintsual.com/48528-superlarge_default_2x/silexd-dildo-real-skin-model-1-9-flesh-con-testiculos.jpg,7,"SILEXD DILDO REAL SKIN MODEL 1 9 FLESH CON TESTICULOS""",
,silexd-dildo-real-skin-model-1-9-flesh-con-testiculos,,,,,,,,,,,,,,,,,,,https://backoffice.saintsual.com/48530-superlarge_default_2x/silexd-dildo-real-skin-model-1-9-flesh-con-testiculos.jpg,8,"SILEXD DILDO REAL SKIN MODEL 1 9 FLESH CON TESTICULOS""",
,silexd-dildo-real-skin-model-1-9-flesh-con-testiculos,,,,,,,,,,,,,,,,,,,https://backoffice.saintsual.com/48533-superlarge_default_2x/silexd-dildo-real-skin-model-1-9-flesh-con-testiculos.jpg,9,"SILEXD DILDO REAL SKIN MODEL 1 9 FLESH CON TESTICULOS""",
,silexd-dildo-real-skin-model-1-9-flesh-con-testiculos,,,,,,,,,,,,,,,,,,,https://backoffice.saintsual.com/48537-superlarge_default_2x/silexd-dildo-real-skin-model-1-9-flesh-con-testiculos.jpg,10,"SILEXD DILDO REAL SKIN MODEL 1 9 FLESH CON TESTICULOS""",
"SILEXD DILDO PREMIUM REAL SKIN MODEL 1 8 CON TESTICULOS""",silexd-dildo-premium-real-skin-model-1-8-con-testiculos,"<p>Experimente un realismo incomparable con el consolador Silexd – Premium Real Skin (con huevos) Modelo 1 de 8”. Elaborado con silicona líquida premium 100% súper suave y Silexpan, este consolador ofrece una sensación súper realista que imita el cuerpo humano.<br />Con silicona termo-reactiva, este consolador se endurece cuando se enfría y se ablanda cuando se calienta, adaptándose perfectamente a la temperatura natural de tu cuerpo. La silicona de alta tecnología garantiza un exterior suave con un núcleo firme, proporcionando el equilibrio ideal para el máximo placer. Las venas texturizadas a lo largo del eje aumentan la sensación de realismo y brindan una estimulación mejorada con cada movimiento.<br />Diseñado en un tono pálido, el Premium Silexd Modelo 1 8” es ergonómico y fácil de manejar, lo que lo hace perfecto para un uso prolongado. La seguridad es una prioridad con este consolador, ya que no contiene ftalatos, es seguro para el cuerpo, es hipoalergénico, no poroso e inodoro. Su característica impermeable permite un uso versátil, ya sea en la ducha o en el baño, y garantiza una fácil limpieza.<br />Eleva tus momentos íntimos con Silexd – Premium Real Skin (con huevos) Modelo 1 8”, donde el realismo se une a la innovación para una experiencia sensorial inigualable.<br /><br /><br />1. Sensación termorreactiva: esta característica, en la que el consolador se vuelve más firme cuando se enfría y más suave cuando se calienta, es un punto de venta único. Proporciona una experiencia personalizada, lo que podría ser un atractivo importante para los clientes potenciales.<br />2. Materiales de primera calidad: elaborado con silicona líquida premium 100% súper suave y Silexpan, este consolador ofrece una sensación de lujo. El uso de materiales de alta calidad mejora la experiencia general y la durabilidad del producto.<br />3. Diseño y textura ergonómicos: el consolador está diseñado teniendo en cuenta la ergonomía, lo que garantiza comodidad durante el uso. Se agregan venas texturizadas para mejorar la estimulación, lo que contribuye a una experiencia más placentera.<br /><br />Características:<br />- Sensación, apariencia y tacto súper realistas <br />- Veteado y forma realistas pintados a mano.<br />- Materiales: SILEXPAN y piel de silicona líquida 100% libre de ftalatos<br />- Diámetro insertable: 4,2 cm<br />- Longitud insertable: 16 cm<br />- Longitud máxima: 21 cm<br />- Diámetro de la base de succión: 6,3 cm <br />- Peso: 344 gramos<br />- Sensación de piel real<br />- termorreactivo<br />- Inodoro y no tóxico<br />- Exterior suave y núcleo firme.<br />- Impermeable</p>",SILEXD,"juguetes eroticos, realisticos",FALSE,draft,SIL6077,8433345266077,Title,Default Title,,TRUE,shopify,0,DENY,380,g,TRUE,manual,https://backoffice.saintsual.com/48552-superlarge_default_2x/silexd-dildo-premium-real-skin-model-1-8-con-testiculos.jpg,1,"SILEXD DILDO PREMIUM REAL SKIN MODEL 1 8 CON TESTICULOS""",FALSE
,silexd-dildo-premium-real-skin-model-1-8-con-testiculos,,,,,,,,,,,,,,,,,,,https://backoffice.saintsual.com/48545-superlarge_default_2x/silexd-dildo-premium-real-skin-model-1-8-con-testiculos.jpg,2,"SILEXD DILDO PREMIUM REAL SKIN MODEL 1 8 CON TESTICULOS""",
,silexd-dildo-premium-real-skin-model-1-8-con-testiculos,,,,,,,,,,,,,,,,,,,https://backoffice.saintsual.com/48547-superlarge_default_2x/silexd-dildo-premium-real-skin-model-1-8-con-testiculos.jpg,3,"SILEXD DILDO PREMIUM REAL SKIN MODEL 1 8 CON TESTICULOS""",
,silexd-dildo-premium-real-skin-model-1-8-con-testiculos,,,,,,,,,,,,,,,,,,,https://backoffice.saintsual.com/48546-superlarge_default_2x/silexd-dildo-premium-real-skin-model-1-8-con-testiculos.jpg,4,"SILEXD DILDO PREMIUM REAL SKIN MODEL 1 8 CON TESTICULOS""",
,silexd-dildo-premium-real-skin-model-1-8-con-testiculos,,,,,,,,,,,,,,,,,,,https://backoffice.saintsual.com/48548-superlarge_default_2x/silexd-dildo-premium-real-skin-model-1-8-con-testiculos.jpg,5,"SILEXD DILDO PREMIUM REAL SKIN MODEL 1 8 CON TESTICULOS""",
,silexd-dildo-premium-real-skin-model-1-8-con-testiculos,,,,,,,,,,,,,,,,,,,https://backoffice.saintsual.com/48549-superlarge_default_2x/silexd-dildo-premium-real-skin-model-1-8-con-testiculos.jpg,6,"SILEXD DILDO PREMIUM REAL SKIN MODEL 1 8 CON TESTICULOS""",
,silexd-dildo-premium-real-skin-model-1-8-con-testiculos,,,,,,,,,,,,,,,,,,,https://backoffice.saintsual.com/48550-superlarge_default_2x/silexd-dildo-premium-real-skin-model-1-8-con-testiculos.jpg,7,"SILEXD DILDO PREMIUM REAL SKIN MODEL 1 8 CON TESTICULOS""",
,silexd-dildo-premium-real-skin-model-1-8-con-testiculos,,,,,,,,,,,,,,,,,,,https://backoffice.saintsual.com/48551-superlarge_default_2x/silexd-dildo-premium-real-skin-model-1-8-con-testiculos.jpg,8,"SILEXD DILDO PREMIUM REAL SKIN MODEL 1 8 CON TESTICULOS""",
,silexd-dildo-premium-real-skin-model-1-8-con-testiculos,,,,,,,,,,,,,,,,,,,https://backoffice.saintsual.com/48553-superlarge_default_2x/silexd-dildo-premium-real-skin-model-1-8-con-testiculos.jpg,9,"SILEXD DILDO PREMIUM REAL SKIN MODEL 1 8 CON TESTICULOS""",
,silexd-dildo-premium-real-skin-model-1-8-con-testiculos,,,,,,,,,,,,,,,,,,,https://backoffice.saintsual.com/48555-superlarge_default_2x/silexd-dildo-premium-real-skin-model-1-8-con-testiculos.jpg,10,"SILEXD DILDO PREMIUM REAL SKIN MODEL 1 8 CON TESTICULOS""",
,silexd-dildo-premium-real-skin-model-1-8-con-testiculos,,,,,,,,,,,,,,,,,,,https://backoffice.saintsual.com/48554-superlarge_default_2x/silexd-dildo-premium-real-skin-model-1-8-con-testiculos.jpg,11,"SILEXD DILDO PREMIUM REAL SKIN MODEL 1 8 CON TESTICULOS""",
,silexd-dildo-premium-real-skin-model-1-8-con-testiculos,,,,,,,,,,,,,,,,,,,https://backoffice.saintsual.com/48556-superlarge_default_2x/silexd-dildo-premium-real-skin-model-1-8-con-testiculos.jpg,12,"SILEXD DILDO PREMIUM REAL SKIN MODEL 1 8 CON TESTICULOS""",
"SILEXD DILDO PREMIUM REAL SKIN MODEL 1 7 CON TESTICULOS""",silexd-dildo-premium-real-skin-model-1-7-con-testiculos,"<p>Descubra lo último en placer realista con el Silexd Premium Real Skin Model 1 7”. Fabricado con silicona líquida 100 % supersuave y mejorado con material Silexpan de última generación, este consolador ofrece una sensación sumamente realista que imita la sensación natural del cuerpo humano.<br /><br />Diseño de doble densidad para una sensación auténtica<br /><br />Con un exterior suave similar a la piel y un núcleo interior firme, este consolador de doble densidad ofrece el equilibrio perfecto entre flexibilidad y estructura. Las venas texturizadas a lo largo del eje brindan una estimulación mejorada, mientras que el tono pálido y natural garantiza una apariencia altamente realista.<br /><br />Ergonómico, seguro e higiénico<br /><br />Diseñado para la comodidad y el placer, su forma ergonómica se adapta naturalmente a su mano, lo que lo hace fácil de manipular durante el uso. Fabricado con materiales hipoalergénicos, no porosos e inodoros, garantiza una experiencia segura e higiénica en todo momento. Completamente libre de ftalatos y seguro para el cuerpo, este consolador prioriza su bienestar.<br /><br />Tecnología de silicona termorreactiva<br /><br />Experimente un nuevo nivel de personalización con silicona termorreactiva que se ajusta a la temperatura. Enfríelo para una sensación más firme o caliéntelo para una textura más suave y atractiva, adaptándose perfectamente a sus preferencias y temperatura corporal.<br /><br />Resistente al agua y compatible para un juego versátil<br /><br />Totalmente resistente al agua, el modelo Silexd Premium Real Skin de 1 7” es perfecto para usar en el baño o la ducha, lo que abre un mundo de posibilidades. También es compatible con torsos de silicona, lo que permite una exploración creativa y una mayor intimidad.<br /><br />Eleve sus momentos íntimos con este consolador realista de calidad superior que combina realismo, innovación y seguridad para una experiencia inolvidable.<br /><br />CARACTERÍSTICAS<br /><br />- Materiales: SILEXPAN y piel de silicona líquida 100% libre de ftalatos<br />- Color: Piel con detalles realistas<br />- Diámetro insertable: 3,8 cm<br />- Longitud insertable: 13 cm<br />- Longitud máxima: 17,8 cm<br />- Diámetro de la base de succión: 6 cm<br />- Peso: 238 gr<br />- Sensación de piel real<br />- Termorreactivo<br />- Sin olor y no tóxico<br />- Exterior suave y núcleo firme<br />- Impermeable</p>",SILEXD,"juguetes eroticos, realisticos",FALSE,draft,SIL6176,8433345266176,Title,Default Title,,TRUE,shopify,0,DENY,401,g,TRUE,manual,https://backoffice.saintsual.com/51141-superlarge_default_2x/silexd-dildo-premium-real-skin-model-1-7-con-testiculos.jpg,1,"SILEXD DILDO PREMIUM REAL SKIN MODEL 1 7 CON TESTICULOS""",FALSE
,silexd-dildo-premium-real-skin-model-1-7-con-testiculos,,,,,,,,,,,,,,,,,,,https://backoffice.saintsual.com/51139-superlarge_default_2x/silexd-dildo-premium-real-skin-model-1-7-con-testiculos.jpg,2,"SILEXD DILDO PREMIUM REAL SKIN MODEL 1 7 CON TESTICULOS""",
,silexd-dildo-premium-real-skin-model-1-7-con-testiculos,,,,,,,,,,,,,,,,,,,https://backoffice.saintsual.com/51140-superlarge_default_2x/silexd-dildo-premium-real-skin-model-1-7-con-testiculos.jpg,3,"SILEXD DILDO PREMIUM REAL SKIN MODEL 1 7 CON TESTICULOS""",
,silexd-dildo-premium-real-skin-model-1-7-con-testiculos,,,,,,,,,,,,,,,,,,,https://backoffice.saintsual.com/51142-superlarge_default_2x/silexd-dildo-premium-real-skin-model-1-7-con-testiculos.jpg,4,"SILEXD DILDO PREMIUM REAL SKIN MODEL 1 7 CON TESTICULOS""",
,silexd-dildo-premium-real-skin-model-1-7-con-testiculos,,,,,,,,,,,,,,,,,,,https://backoffice.saintsual.com/51143-superlarge_default_2x/silexd-dildo-premium-real-skin-model-1-7-con-testiculos.jpg,5,"SILEXD DILDO PREMIUM REAL SKIN MODEL 1 7 CON TESTICULOS""",
,silexd-dildo-premium-real-skin-model-1-7-con-testiculos,,,,,,,,,,,,,,,,,,,https://backoffice.saintsual.com/51145-superlarge_default_2x/silexd-dildo-premium-real-skin-model-1-7-con-testiculos.jpg,6,"SILEXD DILDO PREMIUM REAL SKIN MODEL 1 7 CON TESTICULOS""",
,silexd-dildo-premium-real-skin-model-1-7-con-testiculos,,,,,,,,,,,,,,,,,,,https://backoffice.saintsual.com/51144-superlarge_default_2x/silexd-dildo-premium-real-skin-model-1-7-con-testiculos.jpg,7,"SILEXD DILDO PREMIUM REAL SKIN MODEL 1 7 CON TESTICULOS""",
"SILEXD DILDO PREMIUM REAL SKIN MODEL 1 9 CON TESTICULOS""",silexd-dildo-premium-real-skin-model-1-9-con-testiculos,"<p>Experimente la máxima satisfacción con el consolador Silexd Model 1 de 9 pulgadas, elaborado meticulosamente con silicona líquida 100 % supersuave y el innovador material Silexpan. Diseñado para replicar el cuerpo humano, ofrece una sensación realista que establece un nuevo estándar en el placer íntimo.<br /><br />Silicona termorreactiva avanzada<br /><br />Este diseño de alta tecnología cuenta con silicona termorreactiva que se adapta a los cambios de temperatura, endureciéndose cuando se enfría y ablandándose cuando se calienta, lo que garantiza que se adapte perfectamente al calor natural de su cuerpo. El exterior suave y el núcleo firme brindan un equilibrio ideal, mientras que sus venas texturizadas mejoran la estimulación para una experiencia realista y satisfactoria.<br /><br />Ergonómico, seguro y fácil de usar<br /><br />Diseñado en un tono pálido natural para mayor autenticidad, el Silexd Premium Real Skin Model 1 es liviano, ergonómico y fácil de usar, lo que lo hace ideal para juegos prolongados. Priorizando tu seguridad, es libre de ftalatos, hipoalergénico, no poroso, inodoro y totalmente seguro para el cuerpo.<br /><br />Resistente al agua y fácil de limpiar<br /><br />Disfruta de un placer versátil en la ducha o el baño con su diseño resistente al agua. La limpieza es sencilla y sin complicaciones, lo que te permite concentrarte en tu experiencia.<br /><br />Eleva tus momentos íntimos con el consolador Silexd Premium Real Skin de 9”, donde los materiales de vanguardia y el diseño cuidadoso se unen para una aventura sensorial incomparable.<br /><br />CARACTERÍSTICAS<br />- Materiales: SILEXPAN y piel de silicona líquida 100% libre de ftalatos<br />- Color: pálido<br />- Diámetro insertable: 5 cm<br />- Longitud insertable: 17,0 cm<br />- Longitud máxima: 22,9 cm<br />- Diámetro de la base de succión: 7,5 cm<br />- Peso: 530 gr<br />- Sensación de piel real<br />- Termorreactivo<br />- Exterior suave y núcleo firme<br />- Impermeable</p>",SILEXD,"juguetes eroticos, realisticos",FALSE,draft,SIL6275,8433345266275,Title,Default Title,,TRUE,shopify,0,DENY,531,g,TRUE,manual,https://backoffice.saintsual.com/51147-superlarge_default_2x/silexd-dildo-premium-real-skin-model-1-9-con-testiculos.jpg,1,"SILEXD DILDO PREMIUM REAL SKIN MODEL 1 9 CON TESTICULOS""",FALSE
,silexd-dildo-premium-real-skin-model-1-9-con-testiculos,,,,,,,,,,,,,,,,,,,https://backoffice.saintsual.com/51146-superlarge_default_2x/silexd-dildo-premium-real-skin-model-1-9-con-testiculos.jpg,2,"SILEXD DILDO PREMIUM REAL SKIN MODEL 1 9 CON TESTICULOS""",
,silexd-dildo-premium-real-skin-model-1-9-con-testiculos,,,,,,,,,,,,,,,,,,,https://backoffice.saintsual.com/51148-superlarge_default_2x/silexd-dildo-premium-real-skin-model-1-9-con-testiculos.jpg,3,"SILEXD DILDO PREMIUM REAL SKIN MODEL 1 9 CON TESTICULOS""",
,silexd-dildo-premium-real-skin-model-1-9-con-testiculos,,,,,,,,,,,,,,,,,,,https://backoffice.saintsual.com/51149-superlarge_default_2x/silexd-dildo-premium-real-skin-model-1-9-con-testiculos.jpg,4,"SILEXD DILDO PREMIUM REAL SKIN MODEL 1 9 CON TESTICULOS""",
,silexd-dildo-premium-real-skin-model-1-9-con-testiculos,,,,,,,,,,,,,,,,,,,https://backoffice.saintsual.com/51150-superlarge_default_2x/silexd-dildo-premium-real-skin-model-1-9-con-testiculos.jpg,5,"SILEXD DILDO PREMIUM REAL SKIN MODEL 1 9 CON TESTICULOS""",
,silexd-dildo-premium-real-skin-model-1-9-con-testiculos,,,,,,,,,,,,,,,,,,,https://backoffice.saintsual.com/51151-superlarge_default_2x/silexd-dildo-premium-real-skin-model-1-9-con-testiculos.jpg,6,"SILEXD DILDO PREMIUM REAL SKIN MODEL 1 9 CON TESTICULOS""",
,silexd-dildo-premium-real-skin-model-1-9-con-testiculos,,,,,,,,,,,,,,,,,,,https://backoffice.saintsual.com/51153-superlarge_default_2x/silexd-dildo-premium-real-skin-model-1-9-con-testiculos.jpg,7,"SILEXD DILDO PREMIUM REAL SKIN MODEL 1 9 CON TESTICULOS""",
,silexd-dildo-premium-real-skin-model-1-9-con-testiculos,,,,,,,,,,,,,,,,,,,https://backoffice.saintsual.com/51152-superlarge_default_2x/silexd-dildo-premium-real-skin-model-1-9-con-testiculos.jpg,8,"SILEXD DILDO PREMIUM REAL SKIN MODEL 1 9 CON TESTICULOS""",
SHUNGA ACEITE AFROD. CEREZA 100ML,shunga-aceite-afrod-cereza-100ml,"<p></p>
<p>Aceite Íntimo Efecto Calor: Una Experiencia Sensorial Comestible (100 ml)<br />Transforma tus encuentros íntimos en un banquete para los sentidos con nuestro Aceite Comestible de Efecto Calor. Diseñado específicamente para explorar las zonas más sensibles del cuerpo, este elixir combina el juego de la temperatura con sabores irresistibles para elevar la pasión a un nivel completamente nuevo.<br /><br />El Arte del Beso Térmico<br />Lo que hace único a este aceite es su tecnología de activación térmica. Al aplicarlo sobre la piel, se mantiene sutil y suave, pero en el momento en que recibe un aliento cálido o un beso, reacciona liberando una intensa y placentera sensación de calor. Es la herramienta perfecta para guiar los juegos preliminares y redescubrir cada rincón de la anatomía de tu pareja.<br /><br />Sabor Afrodisíaco sin Culpa<br />Disfruta de una experiencia dulce y tentadora sin preocuparte por los ingredientes. Nuestra fórmula ha sido creada pensando en el placer total:<br /><br />Delicioso Sabor: Diseñado para ser degustado, convirtiendo los besos en una experiencia gourmet.<br /><br />0% Azúcar: Disfruta de su dulzor sin rastro de azúcares, lo que lo hace más ligero y respetuoso con tu cuerpo.<br /><br />Ingredientes Naturales: Compuesto por elementos de origen natural para cuidar la piel mientras juegas.<br /><br />Modo de Uso: ¿Cómo despertar el calor?<br />Aplica una pequeña cantidad de aceite sobre la zona erógena deseada.<br /><br />Extiéndelo suavemente con un masaje.<br /><br />El secreto: Sopla suavemente o deposita besos íntimos sobre el área. Sentirás cómo el efecto calor se activa instantáneamente, intensificando la sensibilidad y el deseo.<br /><br />Características Principales:<br />- Efecto Calor Inmediato: Se activa con el aliento y la fricción.<br />- Base Natural: Fórmula respetuosa con la piel y apta para el consumo humano.<br />- Libre de Azúcar: Ideal para quienes buscan un juego limpio y saludable.<br />- Formato Generoso: Envase de 100 ml, perfecto para múltiples sesiones de placer.<br /><br />Nota importante: Este producto es un aceite de masaje diseñado para el juego previo y la estimulación de zonas erógenas. No se recomienda su uso como lubricante íntimo ni es compatible con el látex de los preservativos.</p>
<p class=""MsoNormal"">Ingredientes:<span> </span>Glycerin <span> </span>USP/Glycérine<span> </span>USP,<span> </span>Propylene<span> </span>glycol,<span> </span>Flavor/Saveur (Aroma), Sodium Saccharin, Colors for: CHERRY: FD&amp;C Red/Rouge #40 (CI<span> </span>16035).<span> </span>RASPBERRY:<span> </span>FD&amp;C<span> </span>Red/Rouge<span> </span>#40<span> </span>(CI<span> </span>16035),<span> </span>D&amp;C<span> </span>Red/Rouge<span> </span>#33<span> </span>(CI<span> </span>17200).<span> </span>FRUITS:<span> </span>D-Limonene,<span> </span>FD&amp;C<span> </span>Blue/Bleu<span> </span>#1<span> </span>(CI<span> </span>42090),<span> </span>D&amp;C<span> </span>Red/Rouge<span> </span>#33<span> </span>(CI17200).<span> </span>STRAWBERRY:<span> </span>D&amp;C<span> </span>Red/Rouge<span> </span>#33<span> </span>(CI<span> </span>17200),<span> </span>FD&amp;C<span> </span>Red/Rouge<span> </span>#40<span> </span>(CI<span> </span>16035).<span> </span>CHOCOLATE:<span> </span>FD&amp;C<span> </span>Red/Rouge<span> </span>#40<span> </span>(CI<span> </span>16035),<span> </span>FD&amp;C<span> </span>Blue/Bleu<span> </span>#1<span> </span>(CI<span> </span>42090),<span> </span>FD&amp;C<span> </span>Yellow/Jaune<span> </span>#5<span> </span>(CI<span> </span>19140).<span> </span>COCONUT: FD&amp;C Blue/Bleu #1 (CI 42090), D&amp;C Red/Rouge #33 (CI 17200). CARAMEL: FD&amp;C Red/Rouge #40 (CI16035), D&amp;C Red/Rouge #33 (CI 17200), FD&amp;C<span> </span>Blue/Bleu<span> </span>#1<span> </span>(CI<span> </span>42090),<span> </span>FD&amp;C<span> </span>Yellow/Jaune<span> </span>#5<span> </span>(CI<span> </span>19140).<span> </span>SORBET:<span> </span>FD&amp;C<span> </span>Blue/Bleu<span> </span>#1<span> </span>(CI<span> </span>42090), <span> </span>FD&amp;C<span> </span>Yellow/Jaune<span> </span>#5<span> </span>(CI<span> </span>19140).<span> </span>VANILLA<span> </span>(and/et) LATTE: No color.</p>
<p></p>",SHUNGA,cosmetica intima,FALSE,draft,SH749,697309022002,Title,Default Title,26.90,TRUE,shopify,22,DENY,345,g,TRUE,manual,https://backoffice.saintsual.com/44422-superlarge_default_2x/shunga-aceite-afrod-cereza-100ml.jpg,1,SHUNGA ACEITE AFROD. CEREZA 100ML,FALSE
,shunga-aceite-afrod-cereza-100ml,,,,,,,,,,,,,,,,,,,https://backoffice.saintsual.com/393-superlarge_default_2x/shunga-aceite-afrod-cereza-100ml.jpg,2,SHUNGA ACEITE AFROD. CEREZA 100ML,
SHUNGA ACEITE AFROD. VAINILLA 100ML,shunga-aceite-afrod-vainilla-100ml,"<p></p>
<p>Aceite Íntimo Efecto Calor: Una Experiencia Sensorial Comestible (100 ml)<br />Transforma tus encuentros íntimos en un banquete para los sentidos con nuestro Aceite Comestible de Efecto Calor. Diseñado específicamente para explorar las zonas más sensibles del cuerpo, este elixir combina el juego de la temperatura con sabores irresistibles para elevar la pasión a un nivel completamente nuevo.<br /><br />El Arte del Beso Térmico<br />Lo que hace único a este aceite es su tecnología de activación térmica. Al aplicarlo sobre la piel, se mantiene sutil y suave, pero en el momento en que recibe un aliento cálido o un beso, reacciona liberando una intensa y placentera sensación de calor. Es la herramienta perfecta para guiar los juegos preliminares y redescubrir cada rincón de la anatomía de tu pareja.<br /><br />Sabor Afrodisíaco sin Culpa<br />Disfruta de una experiencia dulce y tentadora sin preocuparte por los ingredientes. Nuestra fórmula ha sido creada pensando en el placer total:<br /><br />Delicioso Sabor: Diseñado para ser degustado, convirtiendo los besos en una experiencia gourmet.<br /><br />0% Azúcar: Disfruta de su dulzor sin rastro de azúcares, lo que lo hace más ligero y respetuoso con tu cuerpo.<br /><br />Ingredientes Naturales: Compuesto por elementos de origen natural para cuidar la piel mientras juegas.<br /><br />Modo de Uso: ¿Cómo despertar el calor?<br />Aplica una pequeña cantidad de aceite sobre la zona erógena deseada.<br /><br />Extiéndelo suavemente con un masaje.<br /><br />El secreto: Sopla suavemente o deposita besos íntimos sobre el área. Sentirás cómo el efecto calor se activa instantáneamente, intensificando la sensibilidad y el deseo.<br /><br />Características Principales:<br />- Efecto Calor Inmediato: Se activa con el aliento y la fricción.<br />- Base Natural: Fórmula respetuosa con la piel y apta para el consumo humano.<br />- Libre de Azúcar: Ideal para quienes buscan un juego limpio y saludable.<br />- Formato Generoso: Envase de 100 ml, perfecto para múltiples sesiones de placer.<br /><br />Nota importante: Este producto es un aceite de masaje diseñado para el juego previo y la estimulación de zonas erógenas. No se recomienda su uso como lubricante íntimo ni es compatible con el látex de los preservativos.</p>
<p><br /><br /></p>
<p class=""MsoNormal"">Ingredientes:<span> </span>Glycerin <span> </span>USP/Glycérine<span> </span>USP,<span> </span>Propylene<span> </span>glycol,<span> </span>Flavor/Saveur (Aroma), Sodium Saccharin, Colors for: CHERRY: FD&amp;C Red/Rouge #40 (CI<span> </span>16035).<span> </span>RASPBERRY:<span> </span>FD&amp;C<span> </span>Red/Rouge<span> </span>#40<span> </span>(CI<span> </span>16035),<span> </span>D&amp;C<span> </span>Red/Rouge<span> </span>#33<span> </span>(CI<span> </span>17200).<span> </span>FRUITS:<span> </span>D-Limonene,<span> </span>FD&amp;C<span> </span>Blue/Bleu<span> </span>#1<span> </span>(CI<span> </span>42090),<span> </span>D&amp;C<span> </span>Red/Rouge<span> </span>#33<span> </span>(CI17200).<span> </span>STRAWBERRY:<span> </span>D&amp;C<span> </span>Red/Rouge<span> </span>#33<span> </span>(CI<span> </span>17200),<span> </span>FD&amp;C<span> </span>Red/Rouge<span> </span>#40<span> </span>(CI<span> </span>16035).<span> </span>CHOCOLATE:<span> </span>FD&amp;C<span> </span>Red/Rouge<span> </span>#40<span> </span>(CI<span> </span>16035),<span> </span>FD&amp;C<span> </span>Blue/Bleu<span> </span>#1<span> </span>(CI<span> </span>42090),<span> </span>FD&amp;C<span> </span>Yellow/Jaune<span> </span>#5<span> </span>(CI<span> </span>19140).<span> </span>COCONUT: FD&amp;C Blue/Bleu #1 (CI 42090), D&amp;C Red/Rouge #33 (CI 17200). CARAMEL: FD&amp;C Red/Rouge #40 (CI16035), D&amp;C Red/Rouge #33 (CI 17200), FD&amp;C<span> </span>Blue/Bleu<span> </span>#1<span> </span>(CI<span> </span>42090),<span> </span>FD&amp;C<span> </span>Yellow/Jaune<span> </span>#5<span> </span>(CI<span> </span>19140).<span> </span>SORBET:<span> </span>FD&amp;C<span> </span>Blue/Bleu<span> </span>#1<span> </span>(CI<span> </span>42090), <span> </span>FD&amp;C<span> </span>Yellow/Jaune<span> </span>#5<span> </span>(CI<span> </span>19140).<span> </span>VANILLA<span> </span>(and/et) LATTE: No color.</p>
<p></p>",SHUNGA,cosmetica intima,FALSE,draft,SH756,697309022071,Title,Default Title,26.90,TRUE,shopify,18,DENY,345,g,TRUE,manual,https://backoffice.saintsual.com/44419-superlarge_default_2x/shunga-aceite-afrod-vainilla-100ml.jpg,1,SHUNGA ACEITE AFROD. VAINILLA 100ML,FALSE
,shunga-aceite-afrod-vainilla-100ml,,,,,,,,,,,,,,,,,,,https://backoffice.saintsual.com/397-superlarge_default_2x/shunga-aceite-afrod-vainilla-100ml.jpg,2,SHUNGA ACEITE AFROD. VAINILLA 100ML,
KIT SHUNGA GARDEN OF EDO COLLECTION,kit-shunga-garden-of-edo-collection,"<p>
SET ELABORADO EXCLUSIVAMENTE CON PRODUCTOS ORGÁNICOS; CONTIENE: Aceite té verde 250ml / Lubricante Toko orgánico 165ml / Aceite Afrodisiaco sabor té verde 100ml / Gel sensibilizante lotus noir 60ml / Sales de baño cristales de oriente 400gr.</p>",SHUNGA,cosmetica intima,FALSE,draft,SH573,697309090025,Title,Default Title,,TRUE,shopify,18,DENY,1397,g,TRUE,manual,https://backoffice.saintsual.com/406-superlarge_default_2x/kit-shunga-garden-of-edo-collection.jpg,1,KIT SHUNGA GARDEN OF EDO COLLECTION,FALSE
SHUNGA ACEITE AFROD. CHOCOLATE 100ML,shunga-aceite-afrod-chocolate-100ml,"<p>Aceite Íntimo Efecto Calor: Una Experiencia Sensorial Comestible (100 ml)<br />Transforma tus encuentros íntimos en un banquete para los sentidos con nuestro Aceite Comestible de Efecto Calor. Diseñado específicamente para explorar las zonas más sensibles del cuerpo, este elixir combina el juego de la temperatura con sabores irresistibles para elevar la pasión a un nivel completamente nuevo.<br /><br />El Arte del Beso Térmico<br />Lo que hace único a este aceite es su tecnología de activación térmica. Al aplicarlo sobre la piel, se mantiene sutil y suave, pero en el momento en que recibe un aliento cálido o un beso, reacciona liberando una intensa y placentera sensación de calor. Es la herramienta perfecta para guiar los juegos preliminares y redescubrir cada rincón de la anatomía de tu pareja.<br /><br />Sabor Afrodisíaco sin Culpa<br />Disfruta de una experiencia dulce y tentadora sin preocuparte por los ingredientes. Nuestra fórmula ha sido creada pensando en el placer total:<br /><br />Delicioso Sabor: Diseñado para ser degustado, convirtiendo los besos en una experiencia gourmet.<br /><br />0% Azúcar: Disfruta de su dulzor sin rastro de azúcares, lo que lo hace más ligero y respetuoso con tu cuerpo.<br /><br />Ingredientes Naturales: Compuesto por elementos de origen natural para cuidar la piel mientras juegas.<br /><br />Modo de Uso: ¿Cómo despertar el calor?<br />Aplica una pequeña cantidad de aceite sobre la zona erógena deseada.<br /><br />Extiéndelo suavemente con un masaje.<br /><br />El secreto: Sopla suavemente o deposita besos íntimos sobre el área. Sentirás cómo el efecto calor se activa instantáneamente, intensificando la sensibilidad y el deseo.<br /><br />Características Principales:<br />- Efecto Calor Inmediato: Se activa con el aliento y la fricción.<br />- Base Natural: Fórmula respetuosa con la piel y apta para el consumo humano.<br />- Libre de Azúcar: Ideal para quienes buscan un juego limpio y saludable.<br />- Formato Generoso: Envase de 100 ml, perfecto para múltiples sesiones de placer.<br /><br />Nota importante: Este producto es un aceite de masaje diseñado para el juego previo y la estimulación de zonas erógenas. No se recomienda su uso como lubricante íntimo ni es compatible con el látex de los preservativos.</p>
<p></p>
<p class=""MsoNormal"">Ingredientes:<span> </span>Glycerin <span> </span>USP/Glycérine<span> </span>USP,<span> </span>Propylene<span> </span>glycol,<span> </span>Flavor/Saveur (Aroma), Sodium Saccharin, Colors for: CHERRY: FD&amp;C Red/Rouge #40 (CI<span> </span>16035).<span> </span>RASPBERRY:<span> </span>FD&amp;C<span> </span>Red/Rouge<span> </span>#40<span> </span>(CI<span> </span>16035),<span> </span>D&amp;C<span> </span>Red/Rouge<span> </span>#33<span> </span>(CI<span> </span>17200).<span> </span>FRUITS:<span> </span>D-Limonene,<span> </span>FD&amp;C<span> </span>Blue/Bleu<span> </span>#1<span> </span>(CI<span> </span>42090),<span> </span>D&amp;C<span> </span>Red/Rouge<span> </span>#33<span> </span>(CI17200).<span> </span>STRAWBERRY:<span> </span>D&amp;C<span> </span>Red/Rouge<span> </span>#33<span> </span>(CI<span> </span>17200),<span> </span>FD&amp;C<span> </span>Red/Rouge<span> </span>#40<span> </span>(CI<span> </span>16035).<span> </span>CHOCOLATE:<span> </span>FD&amp;C<span> </span>Red/Rouge<span> </span>#40<span> </span>(CI<span> </span>16035),<span> </span>FD&amp;C<span> </span>Blue/Bleu<span> </span>#1<span> </span>(CI<span> </span>42090),<span> </span>FD&amp;C<span> </span>Yellow/Jaune<span> </span>#5<span> </span>(CI<span> </span>19140).<span> </span>COCONUT: FD&amp;C Blue/Bleu #1 (CI 42090), D&amp;C Red/Rouge #33 (CI 17200). CARAMEL: FD&amp;C Red/Rouge #40 (CI16035), D&amp;C Red/Rouge #33 (CI 17200), FD&amp;C<span> </span>Blue/Bleu<span> </span>#1<span> </span>(CI<span> </span>42090),<span> </span>FD&amp;C<span> </span>Yellow/Jaune<span> </span>#5<span> </span>(CI<span> </span>19140).<span> </span>SORBET:<span> </span>FD&amp;C<span> </span>Blue/Bleu<span> </span>#1<span> </span>(CI<span> </span>42090), <span> </span>FD&amp;C<span> </span>Yellow/Jaune<span> </span>#5<span> </span>(CI<span> </span>19140).<span> </span>VANILLA<span> </span>(and/et) LATTE: No color.</p>
<p></p>",SHUNGA,cosmetica intima,FALSE,draft,SH750,697309022095,Title,Default Title,26.90,TRUE,shopify,7,DENY,345,g,TRUE,manual,https://backoffice.saintsual.com/44423-superlarge_default_2x/shunga-aceite-afrod-chocolate-100ml.jpg,1,SHUNGA ACEITE AFROD. CHOCOLATE 100ML,FALSE
,shunga-aceite-afrod-chocolate-100ml,,,,,,,,,,,,,,,,,,,https://backoffice.saintsual.com/394-superlarge_default_2x/shunga-aceite-afrod-chocolate-100ml.jpg,2,SHUNGA ACEITE AFROD. CHOCOLATE 100ML,
SHUNGA ACEITE AFROD. FRAMBUESA 100ML,shunga-aceite-afrod-frambuesa-100ml,"<p>Aceite Íntimo Efecto Calor: Una Experiencia Sensorial Comestible (100 ml)<br />Transforma tus encuentros íntimos en un banquete para los sentidos con nuestro Aceite Comestible de Efecto Calor. Diseñado específicamente para explorar las zonas más sensibles del cuerpo, este elixir combina el juego de la temperatura con sabores irresistibles para elevar la pasión a un nivel completamente nuevo.<br /><br />El Arte del Beso Térmico<br />Lo que hace único a este aceite es su tecnología de activación térmica. Al aplicarlo sobre la piel, se mantiene sutil y suave, pero en el momento en que recibe un aliento cálido o un beso, reacciona liberando una intensa y placentera sensación de calor. Es la herramienta perfecta para guiar los juegos preliminares y redescubrir cada rincón de la anatomía de tu pareja.<br /><br />Sabor Afrodisíaco sin Culpa<br />Disfruta de una experiencia dulce y tentadora sin preocuparte por los ingredientes. Nuestra fórmula ha sido creada pensando en el placer total:<br /><br />Delicioso Sabor: Diseñado para ser degustado, convirtiendo los besos en una experiencia gourmet.<br /><br />0% Azúcar: Disfruta de su dulzor sin rastro de azúcares, lo que lo hace más ligero y respetuoso con tu cuerpo.<br /><br />Ingredientes Naturales: Compuesto por elementos de origen natural para cuidar la piel mientras juegas.<br /><br />Modo de Uso: ¿Cómo despertar el calor?<br />Aplica una pequeña cantidad de aceite sobre la zona erógena deseada.<br /><br />Extiéndelo suavemente con un masaje.<br /><br />El secreto: Sopla suavemente o deposita besos íntimos sobre el área. Sentirás cómo el efecto calor se activa instantáneamente, intensificando la sensibilidad y el deseo.<br /><br />Características Principales:<br />- Efecto Calor Inmediato: Se activa con el aliento y la fricción.<br />- Base Natural: Fórmula respetuosa con la piel y apta para el consumo humano.<br />- Libre de Azúcar: Ideal para quienes buscan un juego limpio y saludable.<br />- Formato Generoso: Envase de 100 ml, perfecto para múltiples sesiones de placer.<br /><br />Nota importante: Este producto es un aceite de masaje diseñado para el juego previo y la estimulación de zonas erógenas. No se recomienda su uso como lubricante íntimo ni es compatible con el látex de los preservativos.</p>
<p></p>
<p class=""MsoNormal"">Ingredientes:<span> </span>Glycerin <span> </span>USP/Glycérine<span> </span>USP,<span> </span>Propylene<span> </span>glycol,<span> </span>Flavor/Saveur (Aroma), Sodium Saccharin, Colors for: CHERRY: FD&amp;C Red/Rouge #40 (CI<span> </span>16035).<span> </span>RASPBERRY:<span> </span>FD&amp;C<span> </span>Red/Rouge<span> </span>#40<span> </span>(CI<span> </span>16035),<span> </span>D&amp;C<span> </span>Red/Rouge<span> </span>#33<span> </span>(CI<span> </span>17200).<span> </span>FRUITS:<span> </span>D-Limonene,<span> </span>FD&amp;C<span> </span>Blue/Bleu<span> </span>#1<span> </span>(CI<span> </span>42090),<span> </span>D&amp;C<span> </span>Red/Rouge<span> </span>#33<span> </span>(CI17200).<span> </span>STRAWBERRY:<span> </span>D&amp;C<span> </span>Red/Rouge<span> </span>#33<span> </span>(CI<span> </span>17200),<span> </span>FD&amp;C<span> </span>Red/Rouge<span> </span>#40<span> </span>(CI<span> </span>16035).<span> </span>CHOCOLATE:<span> </span>FD&amp;C<span> </span>Red/Rouge<span> </span>#40<span> </span>(CI<span> </span>16035),<span> </span>FD&amp;C<span> </span>Blue/Bleu<span> </span>#1<span> </span>(CI<span> </span>42090),<span> </span>FD&amp;C<span> </span>Yellow/Jaune<span> </span>#5<span> </span>(CI<span> </span>19140).<span> </span>COCONUT: FD&amp;C Blue/Bleu #1 (CI 42090), D&amp;C Red/Rouge #33 (CI 17200). CARAMEL: FD&amp;C Red/Rouge #40 (CI16035), D&amp;C Red/Rouge #33 (CI 17200), FD&amp;C<span> </span>Blue/Bleu<span> </span>#1<span> </span>(CI<span> </span>42090),<span> </span>FD&amp;C<span> </span>Yellow/Jaune<span> </span>#5<span> </span>(CI<span> </span>19140).<span> </span>SORBET:<span> </span>FD&amp;C<span> </span>Blue/Bleu<span> </span>#1<span> </span>(CI<span> </span>42090), <span> </span>FD&amp;C<span> </span>Yellow/Jaune<span> </span>#5<span> </span>(CI<span> </span>19140).<span> </span>VANILLA<span> </span>(and/et) LATTE: No color.</p>
<p></p>",SHUNGA,cosmetica intima,FALSE,draft,SH751,697309022019,Title,Default Title,26.90,TRUE,shopify,26,DENY,345,g,TRUE,manual,https://backoffice.saintsual.com/44424-superlarge_default_2x/shunga-aceite-afrod-frambuesa-100ml.jpg,1,SHUNGA ACEITE AFROD. FRAMBUESA 100ML,FALSE
,shunga-aceite-afrod-frambuesa-100ml,,,,,,,,,,,,,,,,,,,https://backoffice.saintsual.com/395-superlarge_default_2x/shunga-aceite-afrod-frambuesa-100ml.jpg,2,SHUNGA ACEITE AFROD. FRAMBUESA 100ML,
SHUNGA ACEITE AFROD. FRUTA EXOTICA 100ML,shunga-aceite-afrod-fruta-exotica-100ml,"<p>Aceite Íntimo Efecto Calor: Una Experiencia Sensorial Comestible (100 ml)<br />Transforma tus encuentros íntimos en un banquete para los sentidos con nuestro Aceite Comestible de Efecto Calor. Diseñado específicamente para explorar las zonas más sensibles del cuerpo, este elixir combina el juego de la temperatura con sabores irresistibles para elevar la pasión a un nivel completamente nuevo.<br /><br />El Arte del Beso Térmico<br />Lo que hace único a este aceite es su tecnología de activación térmica. Al aplicarlo sobre la piel, se mantiene sutil y suave, pero en el momento en que recibe un aliento cálido o un beso, reacciona liberando una intensa y placentera sensación de calor. Es la herramienta perfecta para guiar los juegos preliminares y redescubrir cada rincón de la anatomía de tu pareja.<br /><br />Sabor Afrodisíaco sin Culpa<br />Disfruta de una experiencia dulce y tentadora sin preocuparte por los ingredientes. Nuestra fórmula ha sido creada pensando en el placer total:<br /><br />Delicioso Sabor: Diseñado para ser degustado, convirtiendo los besos en una experiencia gourmet.<br /><br />0% Azúcar: Disfruta de su dulzor sin rastro de azúcares, lo que lo hace más ligero y respetuoso con tu cuerpo.<br /><br />Ingredientes Naturales: Compuesto por elementos de origen natural para cuidar la piel mientras juegas.<br /><br />Modo de Uso: ¿Cómo despertar el calor?<br />Aplica una pequeña cantidad de aceite sobre la zona erógena deseada.<br /><br />Extiéndelo suavemente con un masaje.<br /><br />El secreto: Sopla suavemente o deposita besos íntimos sobre el área. Sentirás cómo el efecto calor se activa instantáneamente, intensificando la sensibilidad y el deseo.<br /><br />Características Principales:<br />- Efecto Calor Inmediato: Se activa con el aliento y la fricción.<br />- Base Natural: Fórmula respetuosa con la piel y apta para el consumo humano.<br />- Libre de Azúcar: Ideal para quienes buscan un juego limpio y saludable.<br />- Formato Generoso: Envase de 100 ml, perfecto para múltiples sesiones de placer.<br /><br />Nota importante: Este producto es un aceite de masaje diseñado para el juego previo y la estimulación de zonas erógenas. No se recomienda su uso como lubricante íntimo ni es compatible con el látex de los preservativos.</p>
<p></p>
<p class=""MsoNormal"">Ingredientes:<span> </span>Glycerin <span> </span>USP/Glycérine<span> </span>USP,<span> </span>Propylene<span> </span>glycol,<span> </span>Flavor/Saveur (Aroma), Sodium Saccharin, Colors for: CHERRY: FD&amp;C Red/Rouge #40 (CI<span> </span>16035).<span> </span>RASPBERRY:<span> </span>FD&amp;C<span> </span>Red/Rouge<span> </span>#40<span> </span>(CI<span> </span>16035),<span> </span>D&amp;C<span> </span>Red/Rouge<span> </span>#33<span> </span>(CI<span> </span>17200).<span> </span>FRUITS:<span> </span>D-Limonene,<span> </span>FD&amp;C<span> </span>Blue/Bleu<span> </span>#1<span> </span>(CI<span> </span>42090),<span> </span>D&amp;C<span> </span>Red/Rouge<span> </span>#33<span> </span>(CI17200).<span> </span>STRAWBERRY:<span> </span>D&amp;C<span> </span>Red/Rouge<span> </span>#33<span> </span>(CI<span> </span>17200),<span> </span>FD&amp;C<span> </span>Red/Rouge<span> </span>#40<span> </span>(CI<span> </span>16035).<span> </span>CHOCOLATE:<span> </span>FD&amp;C<span> </span>Red/Rouge<span> </span>#40<span> </span>(CI<span> </span>16035),<span> </span>FD&amp;C<span> </span>Blue/Bleu<span> </span>#1<span> </span>(CI<span> </span>42090),<span> </span>FD&amp;C<span> </span>Yellow/Jaune<span> </span>#5<span> </span>(CI<span> </span>19140).<span> </span>COCONUT: FD&amp;C Blue/Bleu #1 (CI 42090), D&amp;C Red/Rouge #33 (CI 17200). CARAMEL: FD&amp;C Red/Rouge #40 (CI16035), D&amp;C Red/Rouge #33 (CI 17200), FD&amp;C<span> </span>Blue/Bleu<span> </span>#1<span> </span>(CI<span> </span>42090),<span> </span>FD&amp;C<span> </span>Yellow/Jaune<span> </span>#5<span> </span>(CI<span> </span>19140).<span> </span>SORBET:<span> </span>FD&amp;C<span> </span>Blue/Bleu<span> </span>#1<span> </span>(CI<span> </span>42090), <span> </span>FD&amp;C<span> </span>Yellow/Jaune<span> </span>#5<span> </span>(CI<span> </span>19140).<span> </span>VANILLA<span> </span>(and/et) LATTE: No color.</p>
<p></p>",SHUNGA,cosmetica intima,FALSE,draft,SH753,697309022026,Title,Default Title,26.90,TRUE,shopify,29,DENY,345,g,TRUE,manual,https://backoffice.saintsual.com/44421-superlarge_default_2x/shunga-aceite-afrod-fruta-exotica-100ml.jpg,1,SHUNGA ACEITE AFROD. FRUTA EXOTICA 100ML,FALSE
,shunga-aceite-afrod-fruta-exotica-100ml,,,,,,,,,,,,,,,,,,,https://backoffice.saintsual.com/396-superlarge_default_2x/shunga-aceite-afrod-fruta-exotica-100ml.jpg,2,SHUNGA ACEITE AFROD. FRUTA EXOTICA 100ML,
SHUNGA PINTURA CORPORAL CHOCOLATE 100ML,shunga-pintura-corporal-chocolate-100ml,"<p>Esta es una propuesta de descripción elegante, creativa y sensual, diseñada para cautivar a los clientes que buscan algo más que un producto: una experiencia compartida.<br /><br />Pintura Corporal Sensual: El Arte de Saborear el Placer (100 ml)<br />Convierte el cuerpo de tu pareja en el lienzo más exquisito con nuestra Pintura Corporal Comestible de Alta Gama. Este producto no es solo un dulce, es una invitación a la creatividad, al juego pausado y a la exploración de los sentidos a través del gusto y el tacto.<br /><br />Despierta tu Lado Artístico<br />¿Quién dijo que el arte solo está en los museos? Con este set, los enamorados pueden dar rienda suelta a su imaginación. Gracias al pincel aplicador de precisión incluido, podrás trazar líneas, escribir mensajes secretos o dibujar senderos de sabor sobre la piel, guiando el camino hacia el placer absoluto.<br /><br />Calidad Gourmet en tu Piel<br />No todas las pinturas corporales son iguales. La nuestra ha sido formulada con ingredientes de primera calidad, logrando una textura suave que se desliza con facilidad y un sabor delicioso que invita a ser degustado lentamente.<br /><br />Sabor Intenso y Sofisticado: Elaborado para paladares exigentes que buscan una experiencia dulce y placentera.<br /><br />Textura Perfecta: Diseñada para no gotear excesivamente, permitiendo que tus ""obras de arte"" permanezcan en la piel hasta que decidas saborearlas.<br /><br />Seguridad y Placer: Una composición cuidada para que puedas aplicarla en cualquier parte del cuerpo con total confianza.<br /><br />Un Ritual para Dos<br />Este envase de 100 ml es el aliado perfecto para romper la rutina. El ritual es sencillo pero profundamente íntimo:<br /><br />Sumerge el pincel en el elixir.<br /><br />Dibuja sobre las zonas favoritas de tu pareja.<br /><br />El final esperado: Saborea cada trazo, permitiendo que el sentido del gusto intensifique la conexión entre ambos.<br /><br />Características Destacadas:<br />- Incluye Pincel Aplicador: Para una experiencia de uso limpia, precisa y muy sensual.<br />- Uso Corporal Completo: Seguro para utilizar sobre toda la piel, permitiendo una exploración total.<br /><br />Ingredientes Premium: Sabor superior y textura sedosa que no deja residuos pegajosos incómodos.<br /><br />Formato de 100 ml: La cantidad ideal para largas sesiones de juego y creatividad.<br /><br />Regalo Perfecto: Ideal para aniversarios, San Valentín o simplemente para sorprender en una noche especial.<br /><br />Consejo de Uso:<br />Para una experiencia aún más envolvente, puedes templar ligeramente el envase al baño maría (sin sobrepasar la temperatura corporal) antes de aplicarlo con el pincel. ¡El contraste de la pintura tibia sobre la piel es irresistible!<br /><br />Ingredientes: Sugar/Sucre (sucrose), Wa-ter /Eau (Aqua), Cocoa powder/Poudre de cacao (theobroma cacao powder), Sodium citrate, Salt/Sel (Sodium chloride), Caramel colour/Couleur de caramel (Caramel), N&amp;A Flavour/Saveur (Aroma), Potassium sorbate (Preservative), Cit-ric acid/Acide citrique, FD&amp;C Yellow/Jaune #6 (CI 15985), FD&amp;C Red/Rouge #40 (CI 16035), FD&amp;C Blue/Bleu #1 (CI 42090).</p>",SHUNGA,cosmetica intima,FALSE,draft,SH773,697309070003,Title,Default Title,21.90,TRUE,shopify,0,DENY,354,g,TRUE,manual,https://backoffice.saintsual.com/44469-superlarge_default_2x/shunga-pintura-corporal-chocolate-100ml.jpg,1,SHUNGA PINTURA CORPORAL CHOCOLATE 100ML,FALSE
,shunga-pintura-corporal-chocolate-100ml,,,,,,,,,,,,,,,,,,,https://backoffice.saintsual.com/44468-superlarge_default_2x/shunga-pintura-corporal-chocolate-100ml.jpg,2,SHUNGA PINTURA CORPORAL CHOCOLATE 100ML,
,shunga-pintura-corporal-chocolate-100ml,,,,,,,,,,,,,,,,,,,https://backoffice.saintsual.com/44470-superlarge_default_2x/shunga-pintura-corporal-chocolate-100ml.jpg,3,SHUNGA PINTURA CORPORAL CHOCOLATE 100ML,
SHUNGA PINTURA CORPORAL FRESA/CHAMPAGNE 100ML,shunga-pintura-corporal-fresa-champagne-100ml,"<p>Esta es una propuesta de descripción elegante, creativa y sensual, diseñada para cautivar a los clientes que buscan algo más que un producto: una experiencia compartida.<br /><br />Pintura Corporal Sensual: El Arte de Saborear el Placer (100 ml)<br />Convierte el cuerpo de tu pareja en el lienzo más exquisito con nuestra Pintura Corporal Comestible de Alta Gama. Este producto no es solo un dulce, es una invitación a la creatividad, al juego pausado y a la exploración de los sentidos a través del gusto y el tacto.<br /><br />Despierta tu Lado Artístico<br />¿Quién dijo que el arte solo está en los museos? Con este set, los enamorados pueden dar rienda suelta a su imaginación. Gracias al pincel aplicador de precisión incluido, podrás trazar líneas, escribir mensajes secretos o dibujar senderos de sabor sobre la piel, guiando el camino hacia el placer absoluto.<br /><br />Calidad Gourmet en tu Piel<br />No todas las pinturas corporales son iguales. La nuestra ha sido formulada con ingredientes de primera calidad, logrando una textura suave que se desliza con facilidad y un sabor delicioso que invita a ser degustado lentamente.<br /><br />Sabor Intenso y Sofisticado: Elaborado para paladares exigentes que buscan una experiencia dulce y placentera.<br /><br />Textura Perfecta: Diseñada para no gotear excesivamente, permitiendo que tus ""obras de arte"" permanezcan en la piel hasta que decidas saborearlas.<br /><br />Seguridad y Placer: Una composición cuidada para que puedas aplicarla en cualquier parte del cuerpo con total confianza.<br /><br />Un Ritual para Dos<br />Este envase de 100 ml es el aliado perfecto para romper la rutina. El ritual es sencillo pero profundamente íntimo:<br /><br />Sumerge el pincel en el elixir.<br /><br />Dibuja sobre las zonas favoritas de tu pareja.<br /><br />El final esperado: Saborea cada trazo, permitiendo que el sentido del gusto intensifique la conexión entre ambos.<br /><br />Características Destacadas:<br />- Incluye Pincel Aplicador: Para una experiencia de uso limpia, precisa y muy sensual.<br />- Uso Corporal Completo: Seguro para utilizar sobre toda la piel, permitiendo una exploración total.<br /><br />Ingredientes Premium: Sabor superior y textura sedosa que no deja residuos pegajosos incómodos.<br /><br />Formato de 100 ml: La cantidad ideal para largas sesiones de juego y creatividad.<br /><br />Regalo Perfecto: Ideal para aniversarios, San Valentín o simplemente para sorprender en una noche especial.<br /><br />Consejo de Uso:<br />Para una experiencia aún más envolvente, puedes templar ligeramente el envase al baño maría (sin sobrepasar la temperatura corporal) antes de aplicarlo con el pincel. ¡El contraste de la pintura tibia sobre la piel es irresistible!<br /><br /></p>
<p class=""MsoNormal"">Ingredientes: Sugar/Sucre (Sucrose), Wa-ter/Eau (Aqua), Glucose, Modified corn starch/ Fécule de maïs modifiée, FD&amp;C Red/Rouge #40 (CI 16035), FD&amp;C Blue/Bleu #1 (CI 42090), Malic acid, N&amp;A flavour/Saveur (aroma), Potassium sorbate, Xanthan gum, Salt/sel (sodium chlo-ride), Titanium dioxyde.</p>
<p></p>",SHUNGA,cosmetica intima,FALSE,draft,SH572,697309070027,Title,Default Title,21.90,TRUE,shopify,0,DENY,354,g,TRUE,manual,https://backoffice.saintsual.com/44464-superlarge_default_2x/shunga-pintura-corporal-fresa-champagne-100ml.jpg,1,SHUNGA PINTURA CORPORAL FRESA/CHAMPAGNE 100ML,FALSE
,shunga-pintura-corporal-fresa-champagne-100ml,,,,,,,,,,,,,,,,,,,https://backoffice.saintsual.com/44463-superlarge_default_2x/shunga-pintura-corporal-fresa-champagne-100ml.jpg,2,SHUNGA PINTURA CORPORAL FRESA/CHAMPAGNE 100ML,
,shunga-pintura-corporal-fresa-champagne-100ml,,,,,,,,,,,,,,,,,,,https://backoffice.saintsual.com/44466-superlarge_default_2x/shunga-pintura-corporal-fresa-champagne-100ml.jpg,3,SHUNGA PINTURA CORPORAL FRESA/CHAMPAGNE 100ML,
SHUNGA PINTURA CORPORAL CHOCOLATE BLANCO 100ML,shunga-pintura-corporal-chocolate-blanco-100ml,"<p></p>
<p>Para el placer del juego, los enamorados pueden dar rienda suelta a su creatividad y luego saborear. Se puede utilizar sobre todo el cuerpo.</p>
<p>Contiene un sabor delicioso y elaborado con ingredientes de primera calidad.</p>
<p>Incluye pincel.</p>
<p>Envase de 100 ml.</p>
<p></p>
<p></p>
<p>Ingredientes<span>:</span><span style=""font-size:11pt;line-height:107%;""> Sugar/Sucre<span> </span>(Sucrose),<span> </span>Water/Eau<span> </span>(Aqua),<span> </span>Glucose,<span> </span>Modified<span> </span>corn<span> </span>starch/Fécule<span> </span>de<span> </span>mais<span> </span>modifiée,<span> </span>Titanium<span> </span>dioxyde,<span> </span>Xanthan<span> </span>gum,<span> </span>Malic<span> </span>acid,<span> </span>Potassium<span> </span>sorbate/Sorbate<span> </span>de<span> </span>potassium,<span> </span>Vanillin,<span> </span>Salt/Sel<span> </span>(Sodium<span> </span>chloride),<span> </span>FD&amp;C<span> </span>Yellow/Jaune<span> </span>#5<span> </span>(tartrazine)<span> </span>(CI<span> </span>19140).<span> </span></span></p>",SHUNGA,cosmetica intima,FALSE,draft,SH571,697309070010,Title,Default Title,21.90,TRUE,shopify,0,DENY,354,g,TRUE,manual,https://backoffice.saintsual.com/44462-superlarge_default_2x/shunga-pintura-corporal-chocolate-blanco-100ml.jpg,1,SHUNGA PINTURA CORPORAL CHOCOLATE BLANCO 100ML,FALSE
,shunga-pintura-corporal-chocolate-blanco-100ml,,,,,,,,,,,,,,,,,,,https://backoffice.saintsual.com/44467-superlarge_default_2x/shunga-pintura-corporal-chocolate-blanco-100ml.jpg,2,SHUNGA PINTURA CORPORAL CHOCOLATE BLANCO 100ML,
,shunga-pintura-corporal-chocolate-blanco-100ml,,,,,,,,,,,,,,,,,,,https://backoffice.saintsual.com/44465-superlarge_default_2x/shunga-pintura-corporal-chocolate-blanco-100ml.jpg,3,SHUNGA PINTURA CORPORAL CHOCOLATE BLANCO 100ML,
SHUNGA CREMA VIRILITY DRAGON 60 ML,shunga-crema-virility-dragon-60-ml,"<p></p>
<p>Crema Intensificadora Shunga: El Despertar del ""Fuego y Hielo"" para Parejas<br />Eleva la conexión con tu pareja a una intensidad vibrante. La Crema Intensificadora de Shunga no es solo un estimulante; es un catalizador de sensaciones diseñado para transformar el acto sexual en un viaje de contrastes térmicos y placer profundo. Formulada para interactuar con la química de ambos, esta crema es el secreto para quienes buscan romper la rutina y explorar límites desconocidos.<br /><br />La Magia del Contraste: Efecto Térmico Dual<br />El corazón de este producto es su exclusivo efecto ""Hielo de Fuego"". Al aplicarse, desencadena una secuencia de sensaciones que juegan con la percepción sensorial:<br /><br />El Hielo: Una onda de frescor electrizante que despierta las terminaciones nerviosas y aumenta la alerta sensorial.<br /><br />El Fuego: Un calor profundo y envolvente que promueve la circulación y expande la sensibilidad.<br /><br />Esta alternancia térmica no solo es placentera, sino que mantiene a la pareja en un estado de excitación constante y renovada durante 30 a 45 minutos, asegurando un rendimiento óptimo y un clímax sincronizado.<br /><br />Potencia Masculina y Sensibilidad Femenina<br />Shunga ha logrado una fórmula equilibrada que actúa de forma específica según las necesidades de cada uno:<br /><br />Para Él: La mezcla botánica ayuda a desatar la energía y la fuerza del órgano masculino, favoreciendo una sensación de mayor vigor y potencia para un encuentro más prolongado.<br /><br />Para Ella: Actúa sensibilizando las zonas más íntimas, permitiendo que cada caricia se sienta multiplicada. Esta estimulación intensificada está diseñada para facilitar el camino hacia orgasmos múltiples y mucho más intensos.<br /><br />Compromiso con lo Natural<br />Fiel a la filosofía de Shunga, esta crema está realizada a base de una mezcla exclusiva de plantas y extractos 100% naturales.<br /><br />Sin químicos agresivos: Respetuosa con el pH de las zonas delicadas.<br /><br />Ingredientes botánicos: Seleccionados por su capacidad para energizar y sensibilizar de forma segura y efectiva.<br /><br />¿Por qué elegir la Crema Intensificadora Shunga?<br />- Larga Duración: Disfruta de hasta 45 minutos de efectos activos, ideales para sesiones largas de juego previo y coito.<br />- Placer Compartido: A diferencia de otros geles, este está diseñado para que ambos disfruten de la experiencia simultáneamente.<br />- Fórmula Premium: Textura agradable, fácil de aplicar y de rápida absorción.<br /><br />Recomendaciones de Uso:<br />Aplica una pequeña cantidad sobre las zonas íntimas de ambos antes de comenzar el encuentro. Masajea suavemente para que los extractos naturales penetren y comiencen a liberar la dualidad de frío y calor. Prepárate para una experiencia donde la energía y el placer no tienen freno.</p>
<p></p>
<p class=""MsoNormal"">Ingredientes:<span> </span>Water/Eau<span> </span>(Aqua),<span> </span>Glycerin<span> </span>USP/Glycérine<span> </span>USP,<span> </span>Propylene<span> </span>Glycol,<span> </span>Safflower<span> </span>Oil/Huile<span> </span>de<span> </span>carthame<span> </span>(Carthamus<span> </span>Tinctorius<span> </span>Seed<span> </span>Oil),<span> </span>Ca-pryllic/Capric<span> </span>Triglycerine,<span> </span>Hydrogenated<span> </span>Polyisobutene<span> </span>and<span> </span>Ethylene/Propyl-ene/Styrene,Copolymer,<span> </span>(And)<span> </span>Butylene/Ethylene/Styrene,<span> </span>Copolymer,<span> </span>Mentyl lactate,<span> </span>Flavor/Saveur<span> </span>(Aroma),<span> </span>Sweet<span> </span>Almond<span> </span>Oil/Huile<span> </span>d’amande<span> </span>douce<span> </span>(Al-mond (Prunus Dulcis) Oil), Grape Seed Oil/Huile de pépin de raisin (Grape (Vitis Vinefera)<span> </span>Seed<span> </span>Oil),<span> </span>Sesame<span> </span>Oil/Huile<span> </span>de<span> </span>sesame<span> </span>(Sesame<span> </span>(Sesamum<span> </span>Indicium)<span> </span>Seed<span> </span>Oil),<span> </span>Avocado<span> </span>Oil/Huile<span> </span>d’avocat<span> </span>(Persea<span> </span>Gratissima<span> </span>(Avocado)<span> </span>Oil),<span> </span>Ar-ginine,<span> </span>Citric<span> </span>Acid/Acide<span> </span>citrique,<span> </span>Polyquaterium-7,<span> </span>Polyglyceryl-6<span> </span>Octastearate,<span> </span>Hydroxytethyl Cellulose, Polyglyceryl-10 Mono/Dioleate, Acrylates/C10-30 Alkyl Acrylate Crosspolymer, Sucralose, Carbomer, Vanillyl Butyl Ether, Proprietary Extract<span> </span>Blend<span> </span>of<span> </span>/<span> </span>Mélange<span> </span>exclusif<span> </span>de<span> </span>(Lepidium<span> </span>meyenii<span> </span>root,<span> </span>Epimedi-um Grandiflorum C Herb, Tribulus Terrestris, Paullinia Cupana (Guarana) Seed, Ptychopetalum olacoides), Vitamin/Vitamine E (Tocopherol), Capsicum, Benzyl Alcohol, Butylated Hydroxytoluene (BHT)</p>
<p></p>",SHUNGA,cosmetica intima,FALSE,draft,SH570,697309052009,Title,Default Title,41.90,TRUE,shopify,60,DENY,115,g,TRUE,manual,https://backoffice.saintsual.com/44383-superlarge_default_2x/shunga-crema-virility-dragon-60-ml.jpg,1,SHUNGA CREMA VIRILITY DRAGON 60 ML,FALSE
,shunga-crema-virility-dragon-60-ml,,,,,,,,,,,,,,,,,,,https://backoffice.saintsual.com/44384-superlarge_default_2x/shunga-crema-virility-dragon-60-ml.jpg,2,SHUNGA CREMA VIRILITY DRAGON 60 ML,
,shunga-crema-virility-dragon-60-ml,,,,,,,,,,,,,,,,,,,https://backoffice.saintsual.com/44385-superlarge_default_2x/shunga-crema-virility-dragon-60-ml.jpg,3,SHUNGA CREMA VIRILITY DRAGON 60 ML,
SHUNGA ACEITE AFROD. FRESA/CAVA 100ML,shunga-aceite-afrod-fresa-cava-100ml,"<p>Aceite Íntimo Efecto Calor: Una Experiencia Sensorial Comestible (100 ml)<br />Transforma tus encuentros íntimos en un banquete para los sentidos con nuestro Aceite Comestible de Efecto Calor. Diseñado específicamente para explorar las zonas más sensibles del cuerpo, este elixir combina el juego de la temperatura con sabores irresistibles para elevar la pasión a un nivel completamente nuevo.<br /><br />El Arte del Beso Térmico<br />Lo que hace único a este aceite es su tecnología de activación térmica. Al aplicarlo sobre la piel, se mantiene sutil y suave, pero en el momento en que recibe un aliento cálido o un beso, reacciona liberando una intensa y placentera sensación de calor. Es la herramienta perfecta para guiar los juegos preliminares y redescubrir cada rincón de la anatomía de tu pareja.<br /><br />Sabor Afrodisíaco sin Culpa<br />Disfruta de una experiencia dulce y tentadora sin preocuparte por los ingredientes. Nuestra fórmula ha sido creada pensando en el placer total:<br /><br />Delicioso Sabor: Diseñado para ser degustado, convirtiendo los besos en una experiencia gourmet.<br /><br />0% Azúcar: Disfruta de su dulzor sin rastro de azúcares, lo que lo hace más ligero y respetuoso con tu cuerpo.<br /><br />Ingredientes Naturales: Compuesto por elementos de origen natural para cuidar la piel mientras juegas.<br /><br />Modo de Uso: ¿Cómo despertar el calor?<br />Aplica una pequeña cantidad de aceite sobre la zona erógena deseada.<br /><br />Extiéndelo suavemente con un masaje.<br /><br />El secreto: Sopla suavemente o deposita besos íntimos sobre el área. Sentirás cómo el efecto calor se activa instantáneamente, intensificando la sensibilidad y el deseo.<br /><br />Características Principales:<br />- Efecto Calor Inmediato: Se activa con el aliento y la fricción.<br />- Base Natural: Fórmula respetuosa con la piel y apta para el consumo humano.<br />- Libre de Azúcar: Ideal para quienes buscan un juego limpio y saludable.<br />- Formato Generoso: Envase de 100 ml, perfecto para múltiples sesiones de placer.<br /><br />Nota importante: Este producto es un aceite de masaje diseñado para el juego previo y la estimulación de zonas erógenas. No se recomienda su uso como lubricante íntimo ni es compatible con el látex de los preservativos.</p>
<p></p>
<p class=""MsoNormal"">Ingredientes:<span> </span>Glycerin <span> </span>USP/Glycérine<span> </span>USP,<span> </span>Propylene<span> </span>glycol,<span> </span>Flavor/Saveur (Aroma), Sodium Saccharin, Colors for: CHERRY: FD&amp;C Red/Rouge #40 (CI<span> </span>16035).<span> </span>RASPBERRY:<span> </span>FD&amp;C<span> </span>Red/Rouge<span> </span>#40<span> </span>(CI<span> </span>16035),<span> </span>D&amp;C<span> </span>Red/Rouge<span> </span>#33<span> </span>(CI<span> </span>17200).<span> </span>FRUITS:<span> </span>D-Limonene,<span> </span>FD&amp;C<span> </span>Blue/Bleu<span> </span>#1<span> </span>(CI<span> </span>42090),<span> </span>D&amp;C<span> </span>Red/Rouge<span> </span>#33<span> </span>(CI17200).<span> </span>STRAWBERRY:<span> </span>D&amp;C<span> </span>Red/Rouge<span> </span>#33<span> </span>(CI<span> </span>17200),<span> </span>FD&amp;C<span> </span>Red/Rouge<span> </span>#40<span> </span>(CI<span> </span>16035).<span> </span>CHOCOLATE:<span> </span>FD&amp;C<span> </span>Red/Rouge<span> </span>#40<span> </span>(CI<span> </span>16035),<span> </span>FD&amp;C<span> </span>Blue/Bleu<span> </span>#1<span> </span>(CI<span> </span>42090),<span> </span>FD&amp;C<span> </span>Yellow/Jaune<span> </span>#5<span> </span>(CI<span> </span>19140).<span> </span>COCONUT: FD&amp;C Blue/Bleu #1 (CI 42090), D&amp;C Red/Rouge #33 (CI 17200). CARAMEL: FD&amp;C Red/Rouge #40 (CI16035), D&amp;C Red/Rouge #33 (CI 17200), FD&amp;C<span> </span>Blue/Bleu<span> </span>#1<span> </span>(CI<span> </span>42090),<span> </span>FD&amp;C<span> </span>Yellow/Jaune<span> </span>#5<span> </span>(CI<span> </span>19140).<span> </span>SORBET:<span> </span>FD&amp;C<span> </span>Blue/Bleu<span> </span>#1<span> </span>(CI<span> </span>42090), <span> </span>FD&amp;C<span> </span>Yellow/Jaune<span> </span>#5<span> </span>(CI<span> </span>19140).<span> </span>VANILLA<span> </span>(and/et) LATTE: No color.</p>
<p></p>",SHUNGA,cosmetica intima,FALSE,draft,SH084,697309022088,Title,Default Title,27.90,TRUE,shopify,0,DENY,345,g,TRUE,manual,https://backoffice.saintsual.com/44420-superlarge_default_2x/shunga-aceite-afrod-fresa-cava-100ml.jpg,1,SHUNGA ACEITE AFROD. FRESA/CAVA 100ML,FALSE
,shunga-aceite-afrod-fresa-cava-100ml,,,,,,,,,,,,,,,,,,,https://backoffice.saintsual.com/417-superlarge_default_2x/shunga-aceite-afrod-fresa-cava-100ml.jpg,2,SHUNGA ACEITE AFROD. FRESA/CAVA 100ML,
CREMA SHUNGA FEMALE ORGASM - JARDÍN SECRETO - 30 ML,crema-shunga-female-orgasm-jardin-secreto-30-ml,"<p></p>
<p>Aquí tienes una propuesta de descripción larga, profesional y persuasiva, diseñada para transmitir confianza y deseo, ideal para una tienda online de salud y bienestar sexual.<br /><br />Secret Garden: Gel Estimulante para un Orgasmo Femenino Intenso (30 ml)<br />Descubre una nueva dimensión del placer con Secret Garden, el gel tópico diseñado exclusivamente para potenciar la sensibilidad femenina y llevar tus orgasmos a una intensidad nunca antes experimentada. Este elixir no es solo un estimulante; es una invitación a alcanzar un estado de bienestar y plenitud sexual absoluta.<br /><br />¿Cómo funciona Secret Garden?<br />A diferencia de los lubricantes convencionales, Secret Garden es una fórmula activa que trabaja en armonía con tu cuerpo. Al aplicarse sobre las zonas íntimas y el clítoris, el gel penetra suavemente en las mucosas para crear una cascada de sensaciones.<br /><br />En cuestión de segundos, comenzarás a notar una vibrante mezcla de calor y cosquilleo excitante, una señal de que tu cuerpo está despertando a una sensibilidad aumentada.<br /><br />Fórmula Avanzada con L-Arginina<br />El secreto de su eficacia reside en su composición única, enriquecida con extractos naturales y el aminoácido clave: L-Arginina.<br /><br />Aumento del Flujo Sanguíneo: La L-Arginina actúa dilatando suavemente los vasos de la región genital, enviando una mayor oxigenación y circulación a los puntos más sensibles.<br /><br />Descompresión y Relajación: Sus ácidos específicos ayudan a relajar las paredes vaginales, facilitando una respuesta sexual más rápida y profunda.<br /><br />Deseo Potenciado: Al realzar físicamente la excitación, Secret Garden ayuda a conectar la mente con el cuerpo, acelerando el camino hacia el clímax.<br /><br />¿Qué sentirás con Secret Garden?<br />Intensidad Prolongada: Orgasmos más explosivos y duraderos.<br /><br />Multisensorialidad: Una transición excitante entre el calor profundo y un hormigueo eléctrico.<br /><br />Bienestar Post-Placer: Gracias a sus ingredientes naturales, deja una sensación de confort y satisfacción total.<br /><br />Características Principales:<br />Fórmula Natural y Segura: Ingredientes de alta calidad que respetan el pH de tu zona más íntima.<br /><br />Textura de Rápida Absorción: Una crema ligera que penetra eficazmente sin dejar sensación pegajosa.<br /><br />Efecto Inmediato: Siente cómo tu deseo se activa pocos instantes después de la aplicación.<br /><br />Envase Discreto de 30 ml: El tamaño perfecto para tenerlo siempre en tu mesita de noche o llevarlo contigo en tus viajes.<br /><br />Modo de Empleo:<br />Aplica una pequeña cantidad de Secret Garden sobre el clítoris y los labios vaginales con un suave masaje. En pocos instantes, notarás el efecto térmico y el cosquilleo que te indicarán que estás lista para una experiencia inolvidable, ya sea a solas o con tu pareja.<br /><br />Compromiso Secret Garden: Un producto pensado para la mujer moderna que prioriza su propio placer y busca herramientas seguras para explorar su sexualidad al máximo.</p>
<p></p>
<p class=""MsoNormal"">Ingredientes: NCI): Water/Eau (Aqua), Glycerin/Glycérine, Propylene Glycol, Poly-quaternium-7,<span> </span>L-Arginine<span> </span>HCL,<span> </span>Hydroxyethyl<span> </span>Cellulose,<span> </span>Damiana<span> </span>Extract/Extrait<span> </span>de damiane (Tunera Aphrodisiaca Extract), DMDM Hydantoin, Sodium Benzoate, Peppermint<span> </span>Oil/Huile<span> </span>de<span> </span>menthe<span> </span>poivrée<span> </span>(Mentha<span> </span>Piperita),<span> </span>Capsicum<span> </span>O.R., Vitamin/Vitamine E (Tocopherol), Citric Acid/Acide citrique</p>
<p></p>",SHUNGA,cosmetica intima,FALSE,draft,SH816,697309055000,Title,Default Title,41.90,TRUE,shopify,0,DENY,112,g,TRUE,manual,https://backoffice.saintsual.com/44405-superlarge_default_2x/crema-shunga-female-orgasm--jardrn-secreto--30-ml.jpg,1,CREMA SHUNGA FEMALE ORGASM - JARDÍN SECRETO - 30 ML,FALSE
,crema-shunga-female-orgasm-jardin-secreto-30-ml,,,,,,,,,,,,,,,,,,,https://backoffice.saintsual.com/44399-superlarge_default_2x/crema-shunga-female-orgasm--jardrn-secreto--30-ml.jpg,2,CREMA SHUNGA FEMALE ORGASM - JARDÍN SECRETO - 30 ML,
,crema-shunga-female-orgasm-jardin-secreto-30-ml,,,,,,,,,,,,,,,,,,,https://backoffice.saintsual.com/44397-superlarge_default_2x/crema-shunga-female-orgasm--jardrn-secreto--30-ml.jpg,3,CREMA SHUNGA FEMALE ORGASM - JARDÍN SECRETO - 30 ML,
SHUNGA ORAL PLEASURE GLOSS 10ML,shunga-oral-pleasure-gloss-10ml,"<p></p>
<p>Aquí tienes una versión renovada y sofisticada para este producto, enfocada en la exclusividad y la experiencia sensorial que ofrece Shunga para los momentos de mayor intimidad.<br /><br />Brillo de Placer Oral Shunga: El Secreto del Beso Multisensorial<br />Eleva el arte de la seducción a un nivel profesional con el Brillo de Placer Oral de Shunga. Este sofisticado bálsamo no es solo un complemento de belleza; es una herramienta de placer diseñada para convertir tus labios en una fuente inagotable de sensaciones. Ideal para parejas que desean explorar el sexo oral con una intensidad renovada, este brillo actúa como un conductor de estímulos que hará que cada beso sea inolvidable.<br /><br />La Revolución 3 en 1: Calor, Frío y Cosquilleo<br />Lo que hace único a este brillo es su fórmula de triple acción. Al entrar en contacto con la piel delicada, desencadena una secuencia de estímulos que juegan con la percepción térmica y nerviosa:<br /><br />Efecto Frío: Una ráfaga refrescante que despierta las terminaciones nerviosas y agudiza la sensibilidad al instante.<br /><br />Efecto Calor: Una transición cálida y envolvente que promueve el flujo sanguíneo, intensificando la respuesta física.<br /><br />Sensación de Cosquilleo: Un suave murmullo eléctrico que recorre la zona, manteniendo la excitación en un nivel vibrante y constante.<br /><br />Esta combinación asegura que las sensaciones se mantengan en ascenso, acompañando a la pareja hasta el punto más álgido del orgasmo.<br /><br />Sensibilización Dual para un Placer Compartido<br />El Brillo de Shunga ha sido elaborado pensando en la complicidad. Su efecto está diseñado para excitar y sensibilizar por igual tanto al hombre como a la mujer:<br /><br />Para quien recibe: Experimentará una tormenta de contrastes térmicos en sus zonas más sensibles (glande o clítoris) que multiplicarán el placer de la succión y el roce.<br /><br />Para quien da: La textura sedosa y el ligero efecto reactivo en los labios hacen que el acto de dar placer sea igual de excitante y estimulante.<br /><br />Formato Práctico y Sofisticado<br />Presentado en un delicado envase de 10 ml, este brillo es perfecto para tenerlo siempre a mano en la mesita de noche. Su aplicación es discreta, su textura es fluida y su calidad garantiza que una pequeña cantidad sea suficiente para una sesión llena de magia y descubrimiento.<br /><br />¿Por qué elegir el Brillo de Placer Shunga?<br />Experiencia de Spa Erótico: Transforma un encuentro casual en un ritual de lujo.<br /><br />Intensidad Prolongada: Los efectos no desaparecen de inmediato, permitiendo juegos preliminares extensos.<br /><br />Fórmula Segura: Desarrollado por Shunga, expertos en cosmética íntima de alta gama.<br /><br />Versatilidad Total: Úsalo para besos íntimos, masajes con los labios o simplemente para añadir un toque ""eléctrico"" a tus encuentros.<br /><br />Modo de Uso:<br />Aplica una generosa capa de brillo sobre tus labios o los de tu pareja. Inicia el juego de besos en las zonas erógenas y deja que el aliento y el roce activen la fórmula 3 en 1. Prepárate para descubrir cómo el contraste de temperaturas redefine el concepto de placer oral.</p>
<p></p>
<p class=""MsoNormal"">Ingredientes: Hydrogenated<span> </span>Polyisobutene<span> </span>(And)<span> </span>Ethylene<span> </span>/<span> </span>Propylene<span> </span>/<span> </span>Styrene<span> </span>Copolymer<span> </span>(And)<span> </span>Butylene<span> </span>/<span> </span>Ethylene/<span> </span>Styrene<span> </span>Copolymer,<span> </span>Caprylic/Capric<span> </span>Triglyceride,<span> </span>Menthyl<span> </span>Lactate,<span> </span>Glycerin<span> </span>USP/Glycérine<span> </span>USP,<span> </span>Flavor/Saveur<span> </span>(Aroma),<span> </span>PolyGlyceryl-6<span> </span>Octastearate,<span> </span>PolyGlyceryl-10<span> </span>Mono/Dioleate,<span> </span>Sucralose,<span> </span>Vanillyl Butyl Ether.STRAWBERRY: Benzyl Alcohol</p>
<p></p>",SHUNGA,cosmetica intima,FALSE,draft,SH569,697309079006,Title,Default Title,27.90,TRUE,shopify,11,DENY,48,g,TRUE,manual,https://backoffice.saintsual.com/44404-superlarge_default_2x/shunga-oral-pleasure-gloss-10ml.jpg,1,SHUNGA ORAL PLEASURE GLOSS 10ML,FALSE
,shunga-oral-pleasure-gloss-10ml,,,,,,,,,,,,,,,,,,,https://backoffice.saintsual.com/44389-superlarge_default_2x/shunga-oral-pleasure-gloss-10ml.jpg,2,SHUNGA ORAL PLEASURE GLOSS 10ML,
,shunga-oral-pleasure-gloss-10ml,,,,,,,,,,,,,,,,,,,https://backoffice.saintsual.com/44393-superlarge_default_2x/shunga-oral-pleasure-gloss-10ml.jpg,3,SHUNGA ORAL PLEASURE GLOSS 10ML,
,shunga-oral-pleasure-gloss-10ml,,,,,,,,,,,,,,,,,,,https://backoffice.saintsual.com/19976-superlarge_default_2x/shunga-oral-pleasure-gloss-10ml.jpg,4,SHUNGA ORAL PLEASURE GLOSS 10ML,
,shunga-oral-pleasure-gloss-10ml,,,,,,,,,,,,,,,,,,,https://backoffice.saintsual.com/44390-superlarge_default_2x/shunga-oral-pleasure-gloss-10ml.jpg,5,SHUNGA ORAL PLEASURE GLOSS 10ML,
,shunga-oral-pleasure-gloss-10ml,,,,,,,,,,,,,,,,,,,https://backoffice.saintsual.com/44394-superlarge_default_2x/shunga-oral-pleasure-gloss-10ml.jpg,6,SHUNGA ORAL PLEASURE GLOSS 10ML,
TESTER ORAL PLEASURE GLOSS COCO,tester-oral-pleasure-gloss-coco,<p>Unidades muy limitadas para cada cliente.<br /></p>,SHUNGA,cosmetica intima,FALSE,draft,TSH9105,697309178102,Title,Default Title,,TRUE,shopify,3,DENY,0,g,TRUE,manual,https://backoffice.saintsual.com/44407-superlarge_default_2x/tester-oral-pleasure-gloss-coco.jpg,1,TESTER ORAL PLEASURE GLOSS COCO,FALSE
TESTER ORAL PLEASURE GLOSS,tester-oral-pleasure-gloss,<p>Unidades muy limitadas para cada cliente.<br /></p>,SHUNGA,cosmetica intima,FALSE,draft,TSH569,697309179003,Title,Default Title,,TRUE,shopify,5,DENY,0,g,TRUE,manual,https://backoffice.saintsual.com/44406-superlarge_default_2x/tester-oral-pleasure-gloss.jpg,1,TESTER ORAL PLEASURE GLOSS,FALSE
TESTER CREMA DE MASAJE CHOCOLATE 60 ML,tester-crema-de-masaje-chocolate-60-ml,<p>Unidades muy limitadas para cada cliente.<br /></p>,SHUNGA,cosmetica intima,FALSE,draft,TSH1096,697309141093,Title,Default Title,,TRUE,shopify,64,DENY,0,g,TRUE,manual,https://backoffice.saintsual.com/44513-superlarge_default_2x/tester-crema-de-masaje-chocolate-60-ml.jpg,1,TESTER CREMA DE MASAJE CHOCOLATE 60 ML,FALSE
TESTER CREMA DE MASAJE FRESA CHAMPAGNE 60 ML,tester-crema-de-masaje-fresa-champagne-60-ml,<p>Unidades muy limitadas para cada cliente.<br /></p>,SHUNGA,cosmetica intima,FALSE,draft,TSH1089,697309141086,Title,Default Title,,TRUE,shopify,74,DENY,0,g,TRUE,manual,https://backoffice.saintsual.com/44512-superlarge_default_2x/tester-crema-de-masaje-fresa-champagne-60-ml.jpg,1,TESTER CREMA DE MASAJE FRESA CHAMPAGNE 60 ML,FALSE
TESTER CREMA DE MASAJE FRUTOS EXÓTICOS 60 ML,tester-crema-de-masaje-frutos-exoticos-60-ml,<p>Unidades muy limitadas para cada cliente.<br /></p>,SHUNGA,cosmetica intima,FALSE,draft,TSH1027,697309141024,Title,Default Title,,TRUE,shopify,8,DENY,0,g,TRUE,manual,https://backoffice.saintsual.com/44511-superlarge_default_2x/tester-crema-de-masaje-frutos-exrticos-60-ml.jpg,1,TESTER CREMA DE MASAJE FRUTOS EXÓTICOS 60 ML,FALSE
TESTER CREMA DE MASAJE FRAMBUESA 60 ML,tester-crema-de-masaje-frambuesa-60-ml,<p>Unidades muy limitadas para cada cliente.<br /></p>,SHUNGA,cosmetica intima,FALSE,draft,TSH1010,697309141017,Title,Default Title,,TRUE,shopify,12,DENY,0,g,TRUE,manual,https://backoffice.saintsual.com/44510-superlarge_default_2x/tester-crema-de-masaje-frambuesa-60-ml.jpg,1,TESTER CREMA DE MASAJE FRAMBUESA 60 ML,FALSE
TESTER POLVOS CORPORALES MIEL 60ML,tester-polvos-corporales-miel-60ml,<p>Unidades muy limitadas para cada cliente.<br /></p>,SHUNGA,cosmetica intima,FALSE,draft,TSH760,697309130035,Title,Default Title,,TRUE,shopify,10,DENY,0,g,TRUE,manual,https://backoffice.saintsual.com/1597-superlarge_default_2x/tester-polvos-corporales-miel-60ml.jpg,1,TESTER POLVOS CORPORALES MIEL 60ML,FALSE
TESTER POLVOS CORPORALES CEREZA 60ML,tester-polvos-corporales-cereza-60ml,<p>Unidades muy limitadas para cada cliente.<br /></p>,SHUNGA,cosmetica intima,FALSE,draft,TSH757,697309130004,Title,Default Title,,TRUE,shopify,0,DENY,0,g,TRUE,manual,https://backoffice.saintsual.com/1599-superlarge_default_2x/tester-polvos-corporales-cereza-60ml.jpg,1,TESTER POLVOS CORPORALES CEREZA 60ML,FALSE
TESTER ACEITE SHUNGA ORGÁNICO ALMENDRA 60ML,tester-aceite-shunga-organico-almendra-60ml,<p>Unidades muy limitadas para cada cliente.<br /></p>,SHUNGA,cosmetica intima,FALSE,draft,TSH1129,697309111126,Title,Default Title,,TRUE,shopify,0,DENY,71,g,TRUE,manual,https://backoffice.saintsual.com/44472-superlarge_default_2x/tester-aceite-shunga-orgrnico-almendra-60ml.jpg,1,TESTER ACEITE SHUNGA ORGÁNICO ALMENDRA 60ML,FALSE
TESTER CREMA DE MASAJE PERA Y TÉ VERDE 60 ML,tester-crema-de-masaje-pera-y-te-verde-60-ml,<p>Unidades muy limitadas para cada cliente.<br /></p>,SHUNGA,cosmetica intima,FALSE,draft,TSH1119,697309141116,Title,Default Title,,TRUE,shopify,45,DENY,0,g,TRUE,manual,https://backoffice.saintsual.com/44509-superlarge_default_2x/tester-crema-de-masaje-pera-y-tr-verde-60-ml.jpg,1,TESTER CREMA DE MASAJE PERA Y TÉ VERDE 60 ML,FALSE
TESTER CREMA DE MASAJE ALMENDRAS 60 ML,tester-crema-de-masaje-almendras-60-ml,<p>Unidades muy limitadas para cada cliente.<br /></p>,SHUNGA,cosmetica intima,FALSE,draft,TSH1126,697309141123,Title,Default Title,,TRUE,shopify,4,DENY,0,g,TRUE,manual,https://backoffice.saintsual.com/44508-superlarge_default_2x/tester-crema-de-masaje-almendras-60-ml.jpg,1,TESTER CREMA DE MASAJE ALMENDRAS 60 ML,FALSE
TESTER LUBRICANTE TOKO FRUTOS EXÓTICOS 60ML,tester-lubricante-toko-frutos-exoticos-60ml,<p>Unidades muy limitadas para cada cliente.<br /></p>,SHUNGA,cosmetica intima,FALSE,draft,TSH576,697309164023,Title,Default Title,,TRUE,shopify,2,DENY,85,g,TRUE,manual,https://backoffice.saintsual.com/44502-superlarge_default_2x/tester-lubricante-toko-frutos-exrticos-60ml.jpg,1,TESTER LUBRICANTE TOKO FRUTOS EXÓTICOS 60ML,FALSE
TESTER PINTURA CORPORAL FRESA/CHAMPAGNE 60ML,tester-pintura-corporal-fresa-champagne-60ml,<p>Unidades muy limitadas para cada cliente.<br /></p>,SHUNGA,cosmetica intima,FALSE,draft,TSH572,697309170024,Title,Default Title,,TRUE,shopify,17,DENY,0,g,TRUE,manual,https://backoffice.saintsual.com/44506-superlarge_default_2x/tester-pintura-corporal-fresa-champagne-60ml.jpg,1,TESTER PINTURA CORPORAL FRESA/CHAMPAGNE 60ML,FALSE
TESTER PINTURA CORPORAL CHOCOLATE 60ML,tester-pintura-corporal-chocolate-60ml,<p>Unidades muy limitadas para cada cliente.<br /></p>,SHUNGA,cosmetica intima,FALSE,draft,TSH773,697309170000,Title,Default Title,,TRUE,shopify,12,DENY,0,g,TRUE,manual,https://backoffice.saintsual.com/44507-superlarge_default_2x/tester-pintura-corporal-chocolate-60ml.jpg,1,TESTER PINTURA CORPORAL CHOCOLATE 60ML,FALSE
TESTER PINTURA CORPORAL CHOCOLATE BLANCO 60ML,tester-pintura-corporal-chocolate-blanco-60ml,<p>Unidades muy limitadas para cada cliente.<br /></p>,SHUNGA,cosmetica intima,FALSE,draft,TSH571,697309170017,Title,Default Title,,TRUE,shopify,22,DENY,0,g,TRUE,manual,https://backoffice.saintsual.com/44505-superlarge_default_2x/tester-pintura-corporal-chocolate-blanco-60ml.jpg,1,TESTER PINTURA CORPORAL CHOCOLATE BLANCO 60ML,FALSE
TESTER ACEITE DE MASAJE CALOR CHOCOLATE 60ML,tester-aceite-de-masaje-calor-chocolate-60ml,<p>Unidades muy limitadas para cada cliente.<br /></p>,SHUNGA,cosmetica intima,FALSE,draft,TSH750,697309122092,Title,Default Title,,TRUE,shopify,0,DENY,71,g,TRUE,manual,https://backoffice.saintsual.com/44491-superlarge_default_2x/tester-aceite-de-masaje-calor-chocolate-60ml.jpg,1,TESTER ACEITE DE MASAJE CALOR CHOCOLATE 60ML,FALSE
EXPOSITOR SALES DE BAÑO  75 GR. 24 UDS,expositor-sales-de-bano-75-gr-24-uds,<p>Expositor con 6 unidades de cada aroma de sales de baño de 75 gramos cada uno.<br /></p>,SHUNGA,cosmetica intima,FALSE,draft,SH6990,697309066990,Title,Default Title,,TRUE,shopify,8,DENY,0,g,TRUE,manual,https://backoffice.saintsual.com/2070-superlarge_default_2x/expositor-sales-de-baro-75-gr-24-uds.jpg,1,EXPOSITOR SALES DE BAÑO  75 GR. 24 UDS,FALSE
,expositor-sales-de-bano-75-gr-24-uds,,,,,,,,,,,,,,,,,,,https://backoffice.saintsual.com/44426-superlarge_default_2x/expositor-sales-de-baro-75-gr-24-uds.jpg,2,EXPOSITOR SALES DE BAÑO  75 GR. 24 UDS,
,expositor-sales-de-bano-75-gr-24-uds,,,,,,,,,,,,,,,,,,,https://backoffice.saintsual.com/44427-superlarge_default_2x/expositor-sales-de-baro-75-gr-24-uds.jpg,3,EXPOSITOR SALES DE BAÑO  75 GR. 24 UDS,
CREMA SHUNGA  RAIN OF LOVE - LLUVIA DE AMOR - 30ML,crema-shunga-rain-of-love-lluvia-de-amor-30ml,"<p>Aquí tienes una propuesta de descripción detallada y profesional, diseñada para informar y seducir al cliente, destacando los beneficios científicos y sensoriales del producto.<br /><br />Crema Estimuladora del Punto G ""Lluvia de Amor"": Descubre el Éxtasis Interior<br />Lleva tu exploración personal y de pareja a un nivel superior con la Crema Lluvia de Amor, una fórmula avanzada diseñada específicamente para localizar, estimular y potenciar el escurridizo Punto G. Esta crema no solo facilita el acceso a esta zona de placer, sino que transforma la sensibilidad interna para que cada contacto se convierta en una explosión de sensaciones.<br /><br />Ciencia al Servicio del Placer: El Poder de la L-Arginina<br />El secreto de su eficacia reside en su ingrediente clave: la L-Arginina. Este aminoácido actúa como un precursor del óxido nítrico, ayudando a:<br /><br />Aumentar el flujo sanguíneo: Mejora la circulación en la región pélvica, lo que provoca una mayor congestión de los tejidos.<br /><br />Engrosar el área del Punto G: Al aumentar el riego sanguíneo, la zona se vuelve más turgente y prominente, facilitando su localización táctil.<br /><br />Sensibilización Extrema: Al ""descomprimir"" y relajar las paredes vaginales, la zona se vuelve mucho más receptiva a la estimulación, reduciendo el tiempo necesario para alcanzar la excitación.<br /><br />Una Experiencia Versátil y Compatible<br />Ya sea en un momento de introspección y autodescubrimiento o en el fragor de un encuentro en pareja, esta crema es la aliada perfecta:<br /><br />Sola o en Pareja: Ideal para masajes íntimos manuales o durante el coito, permitiendo que el Punto G sea el protagonista de la sesión.<br /><br />Potencia tus Juguetes: Se complementa de forma maravillosa con vibradores específicos para el punto G o masajeadores de ondas de presión, elevando la intensidad de los orgasmos.<br /><br />Seguridad Total: Su fórmula es totalmente compatible con el látex, por lo que puedes utilizarla con preservativos y con tus juguetes favoritos sin riesgo de dañar el material.<br /><br />Beneficios Principales<br />- Accesibilidad: Convierte el Punto G en una zona más fácil de encontrar gracias a su efecto de engrosamiento.<br />- Deseo Potenciado: Realza el deseo y la libido gracias a la estimulación física inmediata.<br />- Orgasmos Intensos: Prepara el terreno para clímax más duraderos y profundos.<br /><br />Modo de Uso:<br />Aplica una pequeña cantidad de crema en la punta del dedo e introdúcela en la vagina. Masajea suavemente en la pared superior (hacia el vientre) hasta localizar la zona rugosa del Punto G. En pocos minutos, sentirás cómo el área se vuelve más sensible y activa, lista para la acción.<br /><br />Especificaciones:<br />- Ingrediente Activo: L-Arginina de alta pureza.<br />- Compatibilidad: Segura para látex y silicona.<br />- Efecto: Aumento de la sensibilidad y flujo sanguíneo.</p>
<p class=""MsoNormal"">Ingredientes:<span> </span>Water/Eau<span> </span>(Aqua),<span> </span>Safflower<span> </span>Seed<span> </span>Oil/Huile<span> </span>de<span> </span>carthame<span> </span>(Carthamus Tinctorius Oil), Glycerin USP/Glycérine USP, Sweet Almond Oil/Huile d’amande douce (Almond (Prunus Dulcis) Oil), Pecan Oil/Huile de pacane (Carya Illinoensis Seed Oil), Glycereth-2 cocoate, Polysorbate 20,Grape Seed Oil/Huile de<span> </span>pépin<span> </span>de<span> </span>raisin<span> </span>(Grape<span> </span>(Vitis<span> </span>Vinifera)<span> </span>Seed<span> </span>Oil),<span> </span>Sesame<span> </span>Seed<span> </span>Oil/Huile<span> </span>de<span> </span>sesame<span> </span>(Sesame<span> </span>(Sesamum<span> </span>Indicium)<span> </span>Seed<span> </span>Oil),<span> </span>Avocado<span> </span>Oil/Huile<span> </span>d’avocat<span> </span>(Persea Gratissima (Avocado) Oil), Benzoate de sodium, Carbomer, Peppermint Oil/Huile<span> </span>de<span> </span>menthe<span> </span>poivrée<span> </span>(Peppermint<span> </span>(Mentha<span> </span>Piperita)<span> </span>Oil), Vitamin/Vitamine<span> </span>E<span> </span>(Tocopherol),<span> </span>Citric<span> </span>Acid/Acid<span> </span>citrique,<span> </span>Acrylate/C10-30<span> </span>Alkyl<span> </span>Acry-late Crosspolymer, Arginine, Menthyl lactate/ PPG-26 Buteth-26/PEG-40 Hydro-genated Castor Oil, Proprietary Extracts Blend of/Mélange exclusif d’extraits de (Turnera Diffusa, Withania Somnifera, Erythroxylum Catuaba, Paullinia Cupana, Clavo Huasca), Benzoic acid, Sodium PCA, Butylated Hydroxytoluene (BHT)</p>
<p></p>",SHUNGA,cosmetica intima,FALSE,draft,SH537,697309075008,Title,Default Title,43.90,TRUE,shopify,70,DENY,99,g,TRUE,manual,https://backoffice.saintsual.com/44388-superlarge_default_2x/crema-shunga-rain-of-love--lluvia-de-amor--30ml.jpg,1,CREMA SHUNGA  RAIN OF LOVE - LLUVIA DE AMOR - 30ML,FALSE
,crema-shunga-rain-of-love-lluvia-de-amor-30ml,,,,,,,,,,,,,,,,,,,https://backoffice.saintsual.com/44386-superlarge_default_2x/crema-shunga-rain-of-love--lluvia-de-amor--30ml.jpg,2,CREMA SHUNGA  RAIN OF LOVE - LLUVIA DE AMOR - 30ML,
,crema-shunga-rain-of-love-lluvia-de-amor-30ml,,,,,,,,,,,,,,,,,,,https://backoffice.saintsual.com/44391-superlarge_default_2x/crema-shunga-rain-of-love--lluvia-de-amor--30ml.jpg,3,CREMA SHUNGA  RAIN OF LOVE - LLUVIA DE AMOR - 30ML,
,crema-shunga-rain-of-love-lluvia-de-amor-30ml,,,,,,,,,,,,,,,,,,,https://backoffice.saintsual.com/44392-superlarge_default_2x/crema-shunga-rain-of-love--lluvia-de-amor--30ml.jpg,4,CREMA SHUNGA  RAIN OF LOVE - LLUVIA DE AMOR - 30ML,
LUBRICANTE TOKO CEREZA,lubricante-toko-cereza,"<p>Aquí tienes una propuesta de descripción larga, diseñada para resaltar tanto la funcionalidad técnica como el placer sensorial de este lubricante, ideal para una ficha de producto premium.<br /><br />Toko Aroma: El Lubricante de Frutas que Despierta tus Sentidos (165 ml)<br />Eleva la calidad de tus encuentros íntimos con Toko Aroma, una de las joyas de la marca Shunga. Este lubricante no es solo un facilitador de la intimidad, es una experiencia gourmet diseñada para quienes no quieren elegir entre funcionalidad, sabor y una textura inigualable.<br /><br />Lubricación que Imita a la Naturaleza<br />La fórmula de Toko Aroma ha sido perfeccionada para reproducir la lubricación natural del cuerpo de la manera más fiel posible. Gracias a su base de agua de alta calidad, ofrece una sensación ultrasedosa y fluida que elimina cualquier fricción incómoda, permitiendo que la penetración sea suave, placentera y, sobre todo, muy natural.<br /><br />Un Festín de Sabor a Fruta Fresca (Sin Azúcar)<br />¿Por qué conformarse con un lubricante neutro cuando puedes añadir un toque delicioso? Toko Aroma está infusionado con un intenso sabor a fruta fresca que transforma el sexo oral en un momento dulce y divertido.<br /><br />0% Azúcar: Disfruta de su sabor exquisito sin preocuparte por las calorías o por posibles desequilibrios en el pH de la zona íntima.<br /><br />Sin Regusto Químico: Elaborado con ingredientes seleccionados para garantizar que el sabor sea tan auténtico como la fruta misma.<br /><br />Textura Duradera y Sensación de Seda<br />A diferencia de otros lubricantes de base acuosa que se secan rápidamente, la línea Aroma está diseñada para ser duradera. Una pequeña cantidad es suficiente para mantener una hidratación constante, permitiendo que sientas cada movimiento de tu pareja al máximo, sin interrupciones para volver a aplicar producto.<br /><br />Características que lo hacen único:<br />Efecto Ultrasedoso: Tacto suave que mejora la sensibilidad y el deslizamiento.<br /><br />Compatible con Látex: Puedes usarlo con total seguridad con preservativos y todo tipo de juguetes de silicona.<br /><br />Fácil Limpieza: Al ser de base acuosa, no mancha las sábanas y se retira fácilmente con agua, sin dejar residuos pegajosos.<br /><br />Envase Generoso de 165 ml: Un formato elegante y duradero para que nunca falte en tus momentos de pasión.<br /><br />Versatilidad Total: Ideal tanto para el juego preliminar (sexo oral) como para la penetración vaginal o anal.<br /><br />¿Por qué elegir Toko Aroma?<br />Si buscas un producto que combine la seguridad de un lubricante médico con el erotismo de un producto de placer, Toko Aroma es la elección perfecta. Es la herramienta ideal para parejas que desean explorar sensaciones frescas, dulces y profundamente sedosas.</p>
<p></p>
<p class=""MsoNormal"">Ingredientes: Water/Eau (Aqua), Glycerin USP/Glycérine USP, Propylene Glycol,<span> </span>Flavor/Saveur<span> </span>(Aroma),<span> </span>Sucralose,<span> </span>Hydroxyethylcellulose.<span> </span>Exotic<span> </span>Fruits/Fruits exotiques: D-Limonene.</p>
<p></p>",SHUNGA,cosmetica intima,FALSE,draft,SH574,697309064002,Title,Default Title,20.90,TRUE,shopify,150,DENY,217,g,TRUE,manual,https://backoffice.saintsual.com/44455-superlarge_default_2x/lubricante-toko-cereza.jpg,1,LUBRICANTE TOKO CEREZA,FALSE
,lubricante-toko-cereza,,,,,,,,,,,,,,,,,,,https://backoffice.saintsual.com/533-superlarge_default_2x/lubricante-toko-cereza.jpg,2,LUBRICANTE TOKO CEREZA,
LUBRICANTE TOKO FRESA-CHAMPAGNE,lubricante-toko-fresa-champagne,"<p>Aquí tienes una propuesta de descripción larga, diseñada para resaltar tanto la funcionalidad técnica como el placer sensorial de este lubricante, ideal para una ficha de producto premium.<br /><br />Toko Aroma: El Lubricante de Frutas que Despierta tus Sentidos (165 ml)<br />Eleva la calidad de tus encuentros íntimos con Toko Aroma, una de las joyas de la marca Shunga. Este lubricante no es solo un facilitador de la intimidad, es una experiencia gourmet diseñada para quienes no quieren elegir entre funcionalidad, sabor y una textura inigualable.<br /><br />Lubricación que Imita a la Naturaleza<br />La fórmula de Toko Aroma ha sido perfeccionada para reproducir la lubricación natural del cuerpo de la manera más fiel posible. Gracias a su base de agua de alta calidad, ofrece una sensación ultrasedosa y fluida que elimina cualquier fricción incómoda, permitiendo que la penetración sea suave, placentera y, sobre todo, muy natural.<br /><br />Un Festín de Sabor a Fruta Fresca (Sin Azúcar)<br />¿Por qué conformarse con un lubricante neutro cuando puedes añadir un toque delicioso? Toko Aroma está infusionado con un intenso sabor a fruta fresca que transforma el sexo oral en un momento dulce y divertido.<br /><br />0% Azúcar: Disfruta de su sabor exquisito sin preocuparte por las calorías o por posibles desequilibrios en el pH de la zona íntima.<br /><br />Sin Regusto Químico: Elaborado con ingredientes seleccionados para garantizar que el sabor sea tan auténtico como la fruta misma.<br /><br />Textura Duradera y Sensación de Seda<br />A diferencia de otros lubricantes de base acuosa que se secan rápidamente, la línea Aroma está diseñada para ser duradera. Una pequeña cantidad es suficiente para mantener una hidratación constante, permitiendo que sientas cada movimiento de tu pareja al máximo, sin interrupciones para volver a aplicar producto.<br /><br />Características que lo hacen único:<br />Efecto Ultrasedoso: Tacto suave que mejora la sensibilidad y el deslizamiento.<br /><br />Compatible con Látex: Puedes usarlo con total seguridad con preservativos y todo tipo de juguetes de silicona.<br /><br />Fácil Limpieza: Al ser de base acuosa, no mancha las sábanas y se retira fácilmente con agua, sin dejar residuos pegajosos.<br /><br />Envase Generoso de 165 ml: Un formato elegante y duradero para que nunca falte en tus momentos de pasión.<br /><br />Versatilidad Total: Ideal tanto para el juego preliminar (sexo oral) como para la penetración vaginal o anal.<br /><br />¿Por qué elegir Toko Aroma?<br />Si buscas un producto que combine la seguridad de un lubricante médico con el erotismo de un producto de placer, Toko Aroma es la elección perfecta. Es la herramienta ideal para parejas que desean explorar sensaciones frescas, dulces y profundamente sedosas.</p>
<p></p>
<p class=""MsoNormal"">Ingredientes: Water/Eau (Aqua), Glycerin USP/Glycérine USP, Propylene Glycol,<span> </span>Flavor/Saveur<span> </span>(Aroma),<span> </span>Sucralose,<span> </span>Hydroxyethylcellulose.<span> </span>Exotic<span> </span>Fruits/Fruits exotiques: D-Limonene.</p>
<p></p>",SHUNGA,cosmetica intima,FALSE,draft,SH575,697309064019,Title,Default Title,20.90,TRUE,shopify,0,DENY,217,g,TRUE,manual,https://backoffice.saintsual.com/44454-superlarge_default_2x/lubricante-toko-fresa-champagne.jpg,1,LUBRICANTE TOKO FRESA-CHAMPAGNE,FALSE
,lubricante-toko-fresa-champagne,,,,,,,,,,,,,,,,,,,https://backoffice.saintsual.com/535-superlarge_default_2x/lubricante-toko-fresa-champagne.jpg,2,LUBRICANTE TOKO FRESA-CHAMPAGNE,
LUBRICANTE TOKO FRUTOS EXÓTICOS,lubricante-toko-frutos-exoticos,"<p>Aquí tienes una propuesta de descripción larga, diseñada para resaltar tanto la funcionalidad técnica como el placer sensorial de este lubricante, ideal para una ficha de producto premium.<br /><br />Toko Aroma: El Lubricante de Frutas que Despierta tus Sentidos (165 ml)<br />Eleva la calidad de tus encuentros íntimos con Toko Aroma, una de las joyas de la marca Shunga. Este lubricante no es solo un facilitador de la intimidad, es una experiencia gourmet diseñada para quienes no quieren elegir entre funcionalidad, sabor y una textura inigualable.<br /><br />Lubricación que Imita a la Naturaleza<br />La fórmula de Toko Aroma ha sido perfeccionada para reproducir la lubricación natural del cuerpo de la manera más fiel posible. Gracias a su base de agua de alta calidad, ofrece una sensación ultrasedosa y fluida que elimina cualquier fricción incómoda, permitiendo que la penetración sea suave, placentera y, sobre todo, muy natural.<br /><br />Un Festín de Sabor a Fruta Fresca (Sin Azúcar)<br />¿Por qué conformarse con un lubricante neutro cuando puedes añadir un toque delicioso? Toko Aroma está infusionado con un intenso sabor a fruta fresca que transforma el sexo oral en un momento dulce y divertido.<br /><br />0% Azúcar: Disfruta de su sabor exquisito sin preocuparte por las calorías o por posibles desequilibrios en el pH de la zona íntima.<br /><br />Sin Regusto Químico: Elaborado con ingredientes seleccionados para garantizar que el sabor sea tan auténtico como la fruta misma.<br /><br />Textura Duradera y Sensación de Seda<br />A diferencia de otros lubricantes de base acuosa que se secan rápidamente, la línea Aroma está diseñada para ser duradera. Una pequeña cantidad es suficiente para mantener una hidratación constante, permitiendo que sientas cada movimiento de tu pareja al máximo, sin interrupciones para volver a aplicar producto.<br /><br />Características que lo hacen único:<br />Efecto Ultrasedoso: Tacto suave que mejora la sensibilidad y el deslizamiento.<br /><br />Compatible con Látex: Puedes usarlo con total seguridad con preservativos y todo tipo de juguetes de silicona.<br /><br />Fácil Limpieza: Al ser de base acuosa, no mancha las sábanas y se retira fácilmente con agua, sin dejar residuos pegajosos.<br /><br />Envase Generoso de 165 ml: Un formato elegante y duradero para que nunca falte en tus momentos de pasión.<br /><br />Versatilidad Total: Ideal tanto para el juego preliminar (sexo oral) como para la penetración vaginal o anal.<br /><br />¿Por qué elegir Toko Aroma?<br />Si buscas un producto que combine la seguridad de un lubricante médico con el erotismo de un producto de placer, Toko Aroma es la elección perfecta. Es la herramienta ideal para parejas que desean explorar sensaciones frescas, dulces y profundamente sedosas.</p>
<p class=""MsoNormal"">Ingredientes: Water/Eau (Aqua), Glycerin USP/Glycérine USP, Propylene Glycol,<span> </span>Flavor/Saveur<span> </span>(Aroma),<span> </span>Sucralose,<span> </span>Hydroxyethylcellulose.<span> </span>Exotic<span> </span>Fruits/Fruits exotiques: D-Limonene.</p>
<p></p>",SHUNGA,cosmetica intima,FALSE,draft,SH576,697309064026,Title,Default Title,20.90,TRUE,shopify,86,DENY,217,g,TRUE,manual,https://backoffice.saintsual.com/44453-superlarge_default_2x/lubricante-toko-frutos-exrticos.jpg,1,LUBRICANTE TOKO FRUTOS EXÓTICOS,FALSE
,lubricante-toko-frutos-exoticos,,,,,,,,,,,,,,,,,,,https://backoffice.saintsual.com/537-superlarge_default_2x/lubricante-toko-frutos-exrticos.jpg,2,LUBRICANTE TOKO FRUTOS EXÓTICOS,
LUBRICANTE TOKO AGUA,lubricante-toko-agua,"<p></p>
<p>Toko Aqua está formulado especialmente para reproducir una lubricación natural y facilita la penetración.</p>
<p>Este lubricante ultra sedoso aumenta la sensación de los cuerpos en movimiento en momentos de sobreexcitación amorosa.</p>
<p>Sin aroma. Compatible con látex y de fácil limpieza.</p>
<p>Envase de 165 ml.</p>
<p></p>
<p class=""MsoNormal"">Ingredientes: Glycerin USP/Glycérine USP, Water/Eau (Aqua), Propylene Glycol, Polyquaternium-7</p>
<p></p>",SHUNGA,cosmetica intima,FALSE,draft,SH580,697309062008,Title,Default Title,19.90,TRUE,shopify,0,DENY,217,g,TRUE,manual,https://backoffice.saintsual.com/539-superlarge_default_2x/lubricante-toko-agua.jpg,1,LUBRICANTE TOKO AGUA,FALSE
LUBRICANTE TOKO SILICONA,lubricante-toko-silicona,"<p>Toko Silicona: Lubricación Ilimitada y Tacto de Seda (165 ml)<br />Lleva tus experiencias íntimas a un nivel de sofisticación superior con Toko Silicona. Este lubricante premium ha sido diseñado para quienes exigen una duración excepcional y una textura inigualable. A diferencia de los lubricantes de base agua, la fórmula de silicona ofrece una resistencia y una suavidad que no conocen límites.<br /><br />Textura Suntuosa y Aterciopelada<br />Desde el primer contacto, notarás la diferencia. Toko Silicona posee una textura rica y densa que se desliza sobre la piel como si fuera seda líquida. Su acabado aterciopelado elimina cualquier rastro de fricción, permitiendo que las caricias y la penetración fluyan con una comodidad absoluta y un placer intensificado.<br /><br />Lubricación Sin Límites (Incluso Bajo el Agua)<br />Una de las mayores ventajas de su fórmula es que no se evapora ni se absorbe rápidamente:<br /><br />Larga Duración: Una sola aplicación es suficiente para sesiones prolongadas, sin necesidad de interrumpir el momento para reaplicar.<br /><br />Resistente al Agua: ¿Te apetece jugar en la ducha, la bañera o el jacuzzi? Toko Silicona mantiene su capacidad de deslizamiento incluso bajo el agua, donde otros lubricantes desaparecerían.<br /><br />Doble Función: No es solo un lubricante; su textura lo convierte en una loción de masaje sensual ideal para recorrer todo el cuerpo de tu pareja antes de la intimidad.<br /><br />Calidad de Grado Médico<br />Tu seguridad es lo primero. Toko Silicona está elaborado con silicona de grado médico de la más alta pureza, lo que garantiza un producto:<br /><br />Hipoalergénico: Suave con las pieles más sensibles y las mucosas.<br /><br />Seguro: Compatible con preservativos de látex.<br /><br />Puro: Libre de conservantes, agua o ingredientes que puedan alterar el equilibrio natural.<br /><br />Características Principales:<br />Efecto de Deslizamiento Infinito: Ideal para sexo vaginal, anal y masajes eróticos.<br /><br />Sensación Premium: No es pegajoso ni deja residuos incómodos, dejando la piel suave tras su uso.<br /><br />Compatible con Látex: Disfruta con total seguridad.<br /><br />Envase de 165 ml: Formato generoso para disfrutar de su calidad en innumerables ocasiones.<br /><br />Consejo de Uso: Al ser una fórmula de silicona pura, recuerda que no debe utilizarse con juguetes de silicona, ya que podría dañarlos. Es perfecto para el contacto piel con piel, juguetes de vidrio, metal o para usar con preservativos.</p>
<p></p>
<p class=""MsoNormal"">Ingredientes: Dimethicone, Cyclopentasiloxane, Dimethiconol.</p>
<p></p>",SHUNGA,cosmetica intima,FALSE,draft,SH581,697309063005,Title,Default Title,33.90,TRUE,shopify,0,DENY,217,g,TRUE,manual,https://backoffice.saintsual.com/541-superlarge_default_2x/lubricante-toko-silicona.jpg,1,LUBRICANTE TOKO SILICONA,FALSE
LOVEBATH OCEAN TEMPTATIONS,lovebath-ocean-temptations,"<p>Aquí tienes una propuesta de descripción larga, optimizada para cautivar al cliente y mejorar el posicionamiento en una web de bienestar o erotismo.<br /><br />Sumérgete en el Lujo: Experiencia Gel de Baño Japonés Shunga<br />Lleva el ritual del baño a un nivel de sensualidad y relajación nunca antes visto. Inspirado en las milenarias tradiciones del baño japonés, este set de Shunga no es solo un producto de higiene, es una experiencia sensorial completa diseñada para desconectar del mundo y conectar con tus sentidos (o los de tu pareja).<br /><br />Una Metamorfosis Mágica en tu Bañera<br />Imagina deslizarte en un agua que, ante tus ojos, se transforma en un gel rico, denso y profundamente cremoso. Esta textura única envuelve el cuerpo, reteniendo el calor por mucho más tiempo que el agua convencional y ofreciendo una sensación sedosa que invita a la caricia y al descanso profundo.<br /><br />El Ritual en Dos Pasos<br />El kit ha sido diseñado para ser tan práctico como placentero, incluyendo un proceso de transformación reversible:<br /><br />Paso 1 (Transformación): El primer sobre convierte instantáneamente el agua de tu bañera en un gel suntuoso. Su densidad permite masajear el cuerpo mientras flotas en una nube de suavidad.<br /><br />Paso 2 (Retorno): Cuando decidas terminar tu ritual, el segundo sobre disuelve el gel, devolviéndole su estado líquido original para que pueda evacuarse por el desagüe de forma limpia y sin residuos.<br /><br />Beneficios para tu Piel y tu Entorno<br />Hidratación Profunda: Formulado con propiedades hidratantes de alta calidad que actúan sobre los poros abiertos por el calor, dejando la piel increíblemente suave, elástica y aterciopelada al tacto.<br /><br />Aromaterapia Envolvente: Al entrar en contacto con el agua caliente, libera un aroma exquisito que impregna no solo el baño, sino toda la habitación, creando una atmósfera de spa de lujo en la intimidad de tu hogar.<br /><br />Textura Sensual: La densidad del gel reduce la fricción, haciendo que cada movimiento bajo el agua se sienta como un masaje continuo.<br /><br />¿Buscas el regalo perfecto o una noche inolvidable? El Gel de Baño Shunga es la invitación ideal para disfrutar de un momento maravilloso, único y lleno de erotismo elegante.<br /><br />Detalles del Producto:<br />Marca: Shunga.<br /><br />Incluye: 2 sobres (Gelificante + Disolvente).<br /><br />Efecto: Agua transformada en gel cremoso.<br /><br />Uso: Ideal para baños individuales o en pareja.</p>
<p class=""MsoNormal"">Ingredientes: Dead<span> </span>Sea<span> </span>Salts/Sels<span> </span>de<span> </span>la<span> </span>Mer<span> </span>Morte<span> </span>(Sodium<span> </span>chlo-ride),<span> </span>Sodium<span> </span>Lauryl<span> </span>Sulfate,<span> </span>Sodium<span> </span>DodecylBenzeneSulfonate,<span> </span>Sodium Sulfate, Fragrance (Parfum), Calcium Silicate, Glycerin/Glycérine, Safflower Oil/Huile de carthame (Carthamus tinctorius oil), Almond Oil/Huile d’amande (Prunus amygda-lus dulcis oil), APHRODISIA (pink): Coumarin, Butylphenyl Methylproponial, Linalo-ol, Benzyl Benzoate, Geraniol, Alpha–Isomethyl Ionone, Water/Eau (Aqua), D&amp;C Red/Rouge #33 (CI 17200), FD&amp;C Red/Rouge #40 (CI16035). OCEAN BREEZE (blue):Amyl Cinnamal, Benzyl Salicylate, Linalool, Benzyl Benzoate, Hexyl Cinnamaldehyde, D-Limonene, Butylphenyl Methylpropional, Hydroxyisohexyl 3-Cyclohexene Carboxal-dehyde,<span> </span>Water/Eau (Aqua), FD&amp;C Blue/Bleu #1 (CI 42090). EXOTIC FRUITS (purple):Benzyl<span> </span>Salicylate,<span> </span>Linalool,<span> </span>Hexyl<span> </span>Cinnamal,<span> </span>D-Limonene,<span> </span>Hydroxyisohexyl<span> </span>3-Cyclo-hexene Carboxaldehyde, Water/Eau (Aqua),<span> </span>FD&amp;C Blue/Bleu #1 (CI 42090), D&amp;C Red/Rouge #33 (CI 17200). LOTUS FLOWER (green): Amyl Cinnamal, Benzyl Sa-licylate,<span> </span>Linalool,<span> </span>Benzyl<span> </span>Benzoate,<span> </span>Geraniol,<span> </span>Hexyl<span> </span>Cinnamaldehyde,D-Limonene,<span> </span>Butylphenyl<span> </span>Methylpropional,<span> </span>Water/Eau<span> </span>(Aqua),<span> </span>FD&amp;C<span> </span>Blue/Bleu<span> </span>#1<span> </span>(CI<span> </span>42090),<span> </span>FD&amp;C Yellow/Jaune #5 (CI 19140)</p>
<p></p>",SHUNGA,cosmetica intima,FALSE,draft,SH069,697309068000,Title,Default Title,27.90,TRUE,shopify,0,DENY,700,g,TRUE,manual,https://backoffice.saintsual.com/546-superlarge_default_2x/lovebath-ocean-temptations.jpg,1,LOVEBATH OCEAN TEMPTATIONS,FALSE
,lovebath-ocean-temptations,,,,,,,,,,,,,,,,,,,https://backoffice.saintsual.com/44448-superlarge_default_2x/lovebath-ocean-temptations.jpg,2,LOVEBATH OCEAN TEMPTATIONS,
,lovebath-ocean-temptations,,,,,,,,,,,,,,,,,,,https://backoffice.saintsual.com/44451-superlarge_default_2x/lovebath-ocean-temptations.jpg,3,LOVEBATH OCEAN TEMPTATIONS,
LOVEBATH DRAGON FRUIT,lovebath-dragon-fruit,"<p></p>
<p>Transforma el agua del baño en un gel rico y cremoso. Inspirada en el ritual sensual del baño japonés, Shunga invita a disfrutar de este momento maravilloso y único.</p>
<p>Contiene dos bolsas: el primero convierte el agua en gel y el segundo lo vuelve nuevamente agua.</p>
<p>Contiene propiedades hidratantes que permite a la piel ponerse suave al tacto.</p>
<p>Proporcionar agradable aroma en la habitación.</p>
<p></p>
<p class=""MsoNormal"">Ingredientes: Dead<span> </span>Sea<span> </span>Salts/Sels<span> </span>de<span> </span>la<span> </span>Mer<span> </span>Morte<span> </span>(Sodium<span> </span>chlo-ride),<span> </span>Sodium<span> </span>Lauryl<span> </span>Sulfate,<span> </span>Sodium<span> </span>DodecylBenzeneSulfonate,<span> </span>Sodium Sulfate, Fragrance (Parfum), Calcium Silicate, Glycerin/Glycérine, Safflower Oil/Huile de carthame (Carthamus tinctorius oil), Almond Oil/Huile d’amande (Prunus amygda-lus dulcis oil), APHRODISIA (pink): Coumarin, Butylphenyl Methylproponial, Linalo-ol, Benzyl Benzoate, Geraniol, Alpha–Isomethyl Ionone, Water/Eau (Aqua), D&amp;C Red/Rouge #33 (CI 17200), FD&amp;C Red/Rouge #40 (CI16035). OCEAN BREEZE (blue):Amyl Cinnamal, Benzyl Salicylate, Linalool, Benzyl Benzoate, Hexyl Cinnamaldehyde, D-Limonene, Butylphenyl Methylpropional, Hydroxyisohexyl 3-Cyclohexene Carboxal-dehyde,<span> </span>Water/Eau (Aqua), FD&amp;C Blue/Bleu #1 (CI 42090). EXOTIC FRUITS (purple):Benzyl<span> </span>Salicylate,<span> </span>Linalool,<span> </span>Hexyl<span> </span>Cinnamal,<span> </span>D-Limonene,<span> </span>Hydroxyisohexyl<span> </span>3-Cyclo-hexene Carboxaldehyde, Water/Eau (Aqua),<span> </span>FD&amp;C Blue/Bleu #1 (CI 42090), D&amp;C Red/Rouge #33 (CI 17200). LOTUS FLOWER (green): Amyl Cinnamal, Benzyl Sa-licylate,<span> </span>Linalool,<span> </span>Benzyl<span> </span>Benzoate,<span> </span>Geraniol,<span> </span>Hexyl<span> </span>Cinnamaldehyde,D-Limonene,<span> </span>Butylphenyl<span> </span>Methylpropional,<span> </span>Water/Eau<span> </span>(Aqua),<span> </span>FD&amp;C<span> </span>Blue/Bleu<span> </span>#1<span> </span>(CI<span> </span>42090),<span> </span>FD&amp;C Yellow/Jaune #5 (CI 19140)</p>
<p></p>",SHUNGA,cosmetica intima,FALSE,draft,SH070,697309068017,Title,Default Title,27.90,TRUE,shopify,0,DENY,700,g,TRUE,manual,https://backoffice.saintsual.com/547-superlarge_default_2x/lovebath-dragon-fruit.jpg,1,LOVEBATH DRAGON FRUIT,FALSE
,lovebath-dragon-fruit,,,,,,,,,,,,,,,,,,,https://backoffice.saintsual.com/44449-superlarge_default_2x/lovebath-dragon-fruit.jpg,2,LOVEBATH DRAGON FRUIT,
,lovebath-dragon-fruit,,,,,,,,,,,,,,,,,,,https://backoffice.saintsual.com/44450-superlarge_default_2x/lovebath-dragon-fruit.jpg,3,LOVEBATH DRAGON FRUIT,
LOVEBATH SENSUAL LOTUS,lovebath-sensual-lotus,"<p>Aquí tienes una propuesta de descripción larga, optimizada para cautivar al cliente y mejorar el posicionamiento en una web de bienestar o erotismo.<br /><br />Sumérgete en el Lujo: Experiencia Gel de Baño Japonés Shunga<br />Lleva el ritual del baño a un nivel de sensualidad y relajación nunca antes visto. Inspirado en las milenarias tradiciones del baño japonés, este set de Shunga no es solo un producto de higiene, es una experiencia sensorial completa diseñada para desconectar del mundo y conectar con tus sentidos (o los de tu pareja).<br /><br />Una Metamorfosis Mágica en tu Bañera<br />Imagina deslizarte en un agua que, ante tus ojos, se transforma en un gel rico, denso y profundamente cremoso. Esta textura única envuelve el cuerpo, reteniendo el calor por mucho más tiempo que el agua convencional y ofreciendo una sensación sedosa que invita a la caricia y al descanso profundo.<br /><br />El Ritual en Dos Pasos<br />El kit ha sido diseñado para ser tan práctico como placentero, incluyendo un proceso de transformación reversible:<br /><br />Paso 1 (Transformación): El primer sobre convierte instantáneamente el agua de tu bañera en un gel suntuoso. Su densidad permite masajear el cuerpo mientras flotas en una nube de suavidad.<br /><br />Paso 2 (Retorno): Cuando decidas terminar tu ritual, el segundo sobre disuelve el gel, devolviéndole su estado líquido original para que pueda evacuarse por el desagüe de forma limpia y sin residuos.<br /><br />Beneficios para tu Piel y tu Entorno<br />Hidratación Profunda: Formulado con propiedades hidratantes de alta calidad que actúan sobre los poros abiertos por el calor, dejando la piel increíblemente suave, elástica y aterciopelada al tacto.<br /><br />Aromaterapia Envolvente: Al entrar en contacto con el agua caliente, libera un aroma exquisito que impregna no solo el baño, sino toda la habitación, creando una atmósfera de spa de lujo en la intimidad de tu hogar.<br /><br />Textura Sensual: La densidad del gel reduce la fricción, haciendo que cada movimiento bajo el agua se sienta como un masaje continuo.<br /><br />¿Buscas el regalo perfecto o una noche inolvidable? El Gel de Baño Shunga es la invitación ideal para disfrutar de un momento maravilloso, único y lleno de erotismo elegante.<br /><br />Detalles del Producto:<br />Marca: Shunga.<br /><br />Incluye: 2 sobres (Gelificante + Disolvente).<br /><br />Efecto: Agua transformada en gel cremoso.<br /><br />Uso: Ideal para baños individuales o en pareja.</p>
<p></p>
<p class=""MsoNormal"">Ingredientes: Dead<span> </span>Sea<span> </span>Salts/Sels<span> </span>de<span> </span>la<span> </span>Mer<span> </span>Morte<span> </span>(Sodium<span> </span>chlo-ride),<span> </span>Sodium<span> </span>Lauryl<span> </span>Sulfate,<span> </span>Sodium<span> </span>DodecylBenzeneSulfonate,<span> </span>Sodium Sulfate, Fragrance (Parfum), Calcium Silicate, Glycerin/Glycérine, Safflower Oil/Huile de carthame (Carthamus tinctorius oil), Almond Oil/Huile d’amande (Prunus amygda-lus dulcis oil), APHRODISIA (pink): Coumarin, Butylphenyl Methylproponial, Linalo-ol, Benzyl Benzoate, Geraniol, Alpha–Isomethyl Ionone, Water/Eau (Aqua), D&amp;C Red/Rouge #33 (CI 17200), FD&amp;C Red/Rouge #40 (CI16035). OCEAN BREEZE (blue):Amyl Cinnamal, Benzyl Salicylate, Linalool, Benzyl Benzoate, Hexyl Cinnamaldehyde, D-Limonene, Butylphenyl Methylpropional, Hydroxyisohexyl 3-Cyclohexene Carboxal-dehyde,<span> </span>Water/Eau (Aqua), FD&amp;C Blue/Bleu #1 (CI 42090). EXOTIC FRUITS (purple):Benzyl<span> </span>Salicylate,<span> </span>Linalool,<span> </span>Hexyl<span> </span>Cinnamal,<span> </span>D-Limonene,<span> </span>Hydroxyisohexyl<span> </span>3-Cyclo-hexene Carboxaldehyde, Water/Eau (Aqua),<span> </span>FD&amp;C Blue/Bleu #1 (CI 42090), D&amp;C Red/Rouge #33 (CI 17200). LOTUS FLOWER (green): Amyl Cinnamal, Benzyl Sa-licylate,<span> </span>Linalool,<span> </span>Benzyl<span> </span>Benzoate,<span> </span>Geraniol,<span> </span>Hexyl<span> </span>Cinnamaldehyde,D-Limonene,<span> </span>Butylphenyl<span> </span>Methylpropional,<span> </span>Water/Eau<span> </span>(Aqua),<span> </span>FD&amp;C<span> </span>Blue/Bleu<span> </span>#1<span> </span>(CI<span> </span>42090),<span> </span>FD&amp;C Yellow/Jaune #5 (CI 19140)</p>
<p></p>",SHUNGA,cosmetica intima,FALSE,draft,SH071,697309068024,Title,Default Title,27.90,TRUE,shopify,0,DENY,700,g,TRUE,manual,https://backoffice.saintsual.com/548-superlarge_default_2x/lovebath-sensual-lotus.jpg,1,LOVEBATH SENSUAL LOTUS,FALSE
,lovebath-sensual-lotus,,,,,,,,,,,,,,,,,,,https://backoffice.saintsual.com/44446-superlarge_default_2x/lovebath-sensual-lotus.jpg,2,LOVEBATH SENSUAL LOTUS,
,lovebath-sensual-lotus,,,,,,,,,,,,,,,,,,,https://backoffice.saintsual.com/44447-superlarge_default_2x/lovebath-sensual-lotus.jpg,3,LOVEBATH SENSUAL LOTUS,
SHUNGA ACEITE AFROD. ORGÁNICO TÉ VERDE 100ML,shunga-aceite-afrod-organico-te-verde-100ml,"<p>Aceite Íntimo Efecto Calor: Una Experiencia Sensorial Comestible (100 ml)<br />Transforma tus encuentros íntimos en un banquete para los sentidos con nuestro Aceite Comestible de Efecto Calor. Diseñado específicamente para explorar las zonas más sensibles del cuerpo, este elixir combina el juego de la temperatura con sabores irresistibles para elevar la pasión a un nivel completamente nuevo.<br /><br />El Arte del Beso Térmico<br />Lo que hace único a este aceite es su tecnología de activación térmica. Al aplicarlo sobre la piel, se mantiene sutil y suave, pero en el momento en que recibe un aliento cálido o un beso, reacciona liberando una intensa y placentera sensación de calor. Es la herramienta perfecta para guiar los juegos preliminares y redescubrir cada rincón de la anatomía de tu pareja.<br /><br />Sabor Afrodisíaco sin Culpa<br />Disfruta de una experiencia dulce y tentadora sin preocuparte por los ingredientes. Nuestra fórmula ha sido creada pensando en el placer total:<br /><br />Delicioso Sabor: Diseñado para ser degustado, convirtiendo los besos en una experiencia gourmet.<br /><br />0% Azúcar: Disfruta de su dulzor sin rastro de azúcares, lo que lo hace más ligero y respetuoso con tu cuerpo.<br /><br />Ingredientes Naturales: Compuesto por elementos de origen natural para cuidar la piel mientras juegas.<br /><br />Modo de Uso: ¿Cómo despertar el calor?<br />Aplica una pequeña cantidad de aceite sobre la zona erógena deseada.<br /><br />Extiéndelo suavemente con un masaje.<br /><br />El secreto: Sopla suavemente o deposita besos íntimos sobre el área. Sentirás cómo el efecto calor se activa instantáneamente, intensificando la sensibilidad y el deseo.<br /><br />Características Principales:<br />- Efecto Calor Inmediato: Se activa con el aliento y la fricción.<br />- Base Natural: Fórmula respetuosa con la piel y apta para el consumo humano.<br />- Libre de Azúcar: Ideal para quienes buscan un juego limpio y saludable.<br />- Formato Generoso: Envase de 100 ml, perfecto para múltiples sesiones de placer.<br /><br />Nota importante: Este producto es un aceite de masaje diseñado para el juego previo y la estimulación de zonas erógenas. No se recomienda su uso como lubricante íntimo ni es compatible con el látex de los preservativos.</p>
<p class=""MsoNormal"">Ingredientes:<span> </span>Glycerin<span> </span>USP/Glycérine<span> </span>USP*,<span> </span>Propanediol**,<span> </span>Flavor/Saveur<span> </span>(Aroma), Sodium Saccharine, FD&amp;C Blue/Bleu #1 (CI 42090), FD&amp;C Yellow/Jaune #5<span> </span>(CI<span> </span>19140).<span> </span>*Certified Organic/Certifiés biologiques. **100% Natural/Naturel</p>
<p></p>",SHUNGA,cosmetica intima,FALSE,draft,SH978,697309023115,Title,Default Title,28.90,TRUE,shopify,0,DENY,345,g,TRUE,manual,https://backoffice.saintsual.com/44418-superlarge_default_2x/shunga-aceite-afrod-orgrnico-tr-verde-100ml.jpg,1,SHUNGA ACEITE AFROD. ORGÁNICO TÉ VERDE 100ML,FALSE
,shunga-aceite-afrod-organico-te-verde-100ml,,,,,,,,,,,,,,,,,,,https://backoffice.saintsual.com/568-superlarge_default_2x/shunga-aceite-afrod-orgrnico-tr-verde-100ml.jpg,2,SHUNGA ACEITE AFROD. ORGÁNICO TÉ VERDE 100ML,
LUBRICANTE TOKO MELÓN MANGO 165ML,lubricante-toko-melon-mango-165ml,"<p>Aquí tienes una propuesta de descripción larga, diseñada para resaltar tanto la funcionalidad técnica como el placer sensorial de este lubricante, ideal para una ficha de producto premium.<br /><br />Toko Aroma: El Lubricante de Frutas que Despierta tus Sentidos (165 ml)<br />Eleva la calidad de tus encuentros íntimos con Toko Aroma, una de las joyas de la marca Shunga. Este lubricante no es solo un facilitador de la intimidad, es una experiencia gourmet diseñada para quienes no quieren elegir entre funcionalidad, sabor y una textura inigualable.<br /><br />Lubricación que Imita a la Naturaleza<br />La fórmula de Toko Aroma ha sido perfeccionada para reproducir la lubricación natural del cuerpo de la manera más fiel posible. Gracias a su base de agua de alta calidad, ofrece una sensación ultrasedosa y fluida que elimina cualquier fricción incómoda, permitiendo que la penetración sea suave, placentera y, sobre todo, muy natural.<br /><br />Un Festín de Sabor a Fruta Fresca (Sin Azúcar)<br />¿Por qué conformarse con un lubricante neutro cuando puedes añadir un toque delicioso? Toko Aroma está infusionado con un intenso sabor a fruta fresca que transforma el sexo oral en un momento dulce y divertido.<br /><br />0% Azúcar: Disfruta de su sabor exquisito sin preocuparte por las calorías o por posibles desequilibrios en el pH de la zona íntima.<br /><br />Sin Regusto Químico: Elaborado con ingredientes seleccionados para garantizar que el sabor sea tan auténtico como la fruta misma.<br /><br />Textura Duradera y Sensación de Seda<br />A diferencia de otros lubricantes de base acuosa que se secan rápidamente, la línea Aroma está diseñada para ser duradera. Una pequeña cantidad es suficiente para mantener una hidratación constante, permitiendo que sientas cada movimiento de tu pareja al máximo, sin interrupciones para volver a aplicar producto.<br /><br />Características que lo hacen único:<br />Efecto Ultrasedoso: Tacto suave que mejora la sensibilidad y el deslizamiento.<br /><br />Compatible con Látex: Puedes usarlo con total seguridad con preservativos y todo tipo de juguetes de silicona.<br /><br />Fácil Limpieza: Al ser de base acuosa, no mancha las sábanas y se retira fácilmente con agua, sin dejar residuos pegajosos.<br /><br />Envase Generoso de 165 ml: Un formato elegante y duradero para que nunca falte en tus momentos de pasión.<br /><br />Versatilidad Total: Ideal tanto para el juego preliminar (sexo oral) como para la penetración vaginal o anal.<br /><br />¿Por qué elegir Toko Aroma?<br />Si buscas un producto que combine la seguridad de un lubricante médico con el erotismo de un producto de placer, Toko Aroma es la elección perfecta. Es la herramienta ideal para parejas que desean explorar sensaciones frescas, dulces y profundamente sedosas.</p>
<p></p>
<p class=""MsoNormal"">Ingredientes: Water/Eau (Aqua), Glycerin USP/Glycérine USP, Propylene Glycol,<span> </span>Flavor/Saveur<span> </span>(Aroma),<span> </span>Sucralose,<span> </span>Hydroxyethylcellulose.<span> </span>Exotic<span> </span>Fruits/Fruits exotiques: D-Limonene.</p>
<p></p>",SHUNGA,cosmetica intima,FALSE,draft,SH577,697309064033,Title,Default Title,20.90,TRUE,shopify,0,DENY,217,g,TRUE,manual,https://backoffice.saintsual.com/44452-superlarge_default_2x/lubricante-toko-melrn-mango-165ml.jpg,1,LUBRICANTE TOKO MELÓN MANGO 165ML,FALSE
,lubricante-toko-melon-mango-165ml,,,,,,,,,,,,,,,,,,,https://backoffice.saintsual.com/569-superlarge_default_2x/lubricante-toko-melrn-mango-165ml.jpg,2,LUBRICANTE TOKO MELÓN MANGO 165ML,
TESTER ACEITE DE MASAJE CALOR CARAMELO 60 ML,tester-aceite-de-masaje-calor-caramelo-60-ml,<p>Unidades muy limitadas para cada cliente.</p>,SHUNGA,cosmetica intima,FALSE,draft,TSH2156,697309122153,Title,Default Title,,TRUE,shopify,0,DENY,71,g,TRUE,manual,https://backoffice.saintsual.com/44489-superlarge_default_2x/tester-aceite-de-masaje-calor-caramelo-60-ml.jpg,1,TESTER ACEITE DE MASAJE CALOR CARAMELO 60 ML,FALSE
TESTER ACEITE DE MASAJE CALOR LOVE LATTE 60ML,tester-aceite-de-masaje-calor-love-latte-60ml,Unidades muy limitadas para cada cliente.,SHUNGA,cosmetica intima,FALSE,draft,TSH2149,697309122146,Title,Default Title,,TRUE,shopify,7,DENY,71,g,TRUE,manual,https://backoffice.saintsual.com/44486-superlarge_default_2x/tester-aceite-de-masaje-calor-love-latte-60ml-.jpg,1,TESTER ACEITE DE MASAJE CALOR LOVE LATTE 60ML,FALSE
TESTER ACEITE SHUNGA IRRESISTIBLE FUSIÓN DE ASIA 60 ML,tester-aceite-shunga-irresistible-fusion-de-asia-60-ml,<p>Unidades muy limitadas para cada cliente.</p>,SHUNGA,cosmetica intima,FALSE,draft,TSH0184,697309112185,Title,Default Title,,TRUE,shopify,0,DENY,71,g,TRUE,manual,https://backoffice.saintsual.com/44482-superlarge_default_2x/tester-aceite-shunga-irresistible-fusirn-de-asia-60-ml.jpg,1,TESTER ACEITE SHUNGA IRRESISTIBLE FUSIÓN DE ASIA 60 ML,FALSE
TESTER LUBRICANTE TOKO PERA Y TE VERDE 60 ML,tester-lubricante-toko-pera-y-te-verde-60-ml,<p>Unidades muy limitadas para cada cliente.</p>,SHUNGA,cosmetica intima,FALSE,draft,TSH4118,697309164115,Title,Default Title,,TRUE,shopify,0,DENY,0,g,TRUE,manual,https://backoffice.saintsual.com/44496-superlarge_default_2x/tester-lubricante-toko-pera-y-te-verde-60-ml.jpg,1,TESTER LUBRICANTE TOKO PERA Y TE VERDE 60 ML,FALSE
GEL MASAJE SHUNGA FRUTA EXÓTICA,gel-masaje-shunga-fruta-exotica,"<div>Este masaje cuerpo a cuerpo oriental es una experiencia erótica 
intensamente sensual y sumamente placentera, en la que los cuerpos se 
mueven sin esfuerzo el uno contra el otro en suaves movimientos 
deslizantes. Una vez vertido el gel corporal sobre los dos cuerpos 
desnudos, se crea un efecto afrodisiaco y embriagador. La textura de la 
piel se vuelve receptiva y transforma las caricias en roces que llevan a
 los límites de la imaginación. Una aventura divertida para los amantes 
sensuales.<br /></div><div>Gel de masaje que da 4 litros una vez que combinas las dos mezclas.</div><div>Contiene dos envases: el envase 1 es la mezcla arómatica para preparar el masaje y la mezcla 2 es para espesar el masaje.</div>Incluye sábana para no manchar ninguna superficie de 150 cm x 224 cm.",SHUNGA,cosmetica intima,FALSE,draft,SH567,697309077019,Title,Default Title,35.90,TRUE,shopify,12,DENY,700,g,TRUE,manual,https://backoffice.saintsual.com/44440-superlarge_default_2x/gel-masaje-shunga-fruta-exrtica.jpg,1,GEL MASAJE SHUNGA FRUTA EXÓTICA,FALSE
,gel-masaje-shunga-fruta-exotica,,,,,,,,,,,,,,,,,,,https://backoffice.saintsual.com/44438-superlarge_default_2x/gel-masaje-shunga-fruta-exrtica.jpg,2,GEL MASAJE SHUNGA FRUTA EXÓTICA,
,gel-masaje-shunga-fruta-exotica,,,,,,,,,,,,,,,,,,,https://backoffice.saintsual.com/44431-superlarge_default_2x/gel-masaje-shunga-fruta-exrtica.jpg,3,GEL MASAJE SHUNGA FRUTA EXÓTICA,
,gel-masaje-shunga-fruta-exotica,,,,,,,,,,,,,,,,,,,https://backoffice.saintsual.com/44436-superlarge_default_2x/gel-masaje-shunga-fruta-exrtica.jpg,4,GEL MASAJE SHUNGA FRUTA EXÓTICA,
GEL MASAJE SHUNGA FRESA CHAMPAGNE,gel-masaje-shunga-fresa-champagne,"<div>
</div><div>Este masaje cuerpo a cuerpo oriental es una experiencia erótica intensamente sensual y sumamente placentera, en la que los cuerpos se mueven sin esfuerzo el uno contra el otro en suaves movimientos deslizantes. Una vez vertido el gel corporal sobre los dos cuerpos desnudos, se crea un efecto afrodisiaco y embriagador. La textura de la piel se vuelve receptiva y transforma las caricias en roces que llevan a los límites de la imaginación. Una aventura divertida para los amantes sensuales.<br /></div><div>Gel de masaje que da 4 litros una vez que combinas las dos mezclas.</div><div>Contiene dos envases: el envase 1 es la mezcla arómatica para preparar el masaje y la mezcla 2 es para espesar el masaje.</div><div>Incluye sábana para no manchar ninguna superficie de 150 cm x 224 cm.<br /></div>",SHUNGA,cosmetica intima,FALSE,draft,SH566,697309077002,Title,Default Title,35.90,TRUE,shopify,10,DENY,700,g,TRUE,manual,https://backoffice.saintsual.com/44435-superlarge_default_2x/gel-masaje-shunga-fresa-champagne.jpg,1,GEL MASAJE SHUNGA FRESA CHAMPAGNE,FALSE
,gel-masaje-shunga-fresa-champagne,,,,,,,,,,,,,,,,,,,https://backoffice.saintsual.com/44434-superlarge_default_2x/gel-masaje-shunga-fresa-champagne.jpg,2,GEL MASAJE SHUNGA FRESA CHAMPAGNE,
,gel-masaje-shunga-fresa-champagne,,,,,,,,,,,,,,,,,,,https://backoffice.saintsual.com/44430-superlarge_default_2x/gel-masaje-shunga-fresa-champagne.jpg,3,GEL MASAJE SHUNGA FRESA CHAMPAGNE,
,gel-masaje-shunga-fresa-champagne,,,,,,,,,,,,,,,,,,,https://backoffice.saintsual.com/44432-superlarge_default_2x/gel-masaje-shunga-fresa-champagne.jpg,4,GEL MASAJE SHUNGA FRESA CHAMPAGNE,
SHUNGA HOLD ME TIGHT 30ML,shunga-hold-me-tight-30ml,"<div></div>
<p>Gel Reafirmante Vaginal Shunga: Recupera la Firmeza y el Placer Intenso<br />Redescubre la confianza y la intensidad en tus momentos más íntimos con el Gel Reafirmante de Shunga. Este producto ha sido cuidadosamente formulado para aquellas mujeres que desean mejorar la tonicidad de su zona íntima, proporcionando una sensación de mayor firmeza y estrechamiento que transforma positivamente la experiencia de la penetración para ambos miembros de la pareja.<br /><br />El Secreto de la Firmeza Natural<br />Este gel no utiliza químicos agresivos; su eficacia reside en una selección de ingredientes naturales de alta calidad, reconocidos ancestralmente por sus poderosas propiedades astringentes. Al aplicarse:<br /><br />Efecto de ""Estrechamiento"": Actúa suavemente sobre los tejidos vaginales, ayudando a que se sientan más contraídos y firmes de forma temporal pero efectiva.<br /><br />Mayor Contacto y Fricción: Al reducirse ligeramente el espacio, el contacto piel con piel durante la penetración se vuelve más estrecho y profundo.<br /><br />Estimulación Multiplicada: Ambos amantes experimentan una mayor fricción, lo que deriva en una estimulación más intensa y facilita el camino hacia el clímax.<br /><br />¿Para quién es ideal este Gel?<br />Es el aliado perfecto para diversas etapas de la vida de una mujer:<br /><br />Etapa Postparto: Excelente para mujeres que han dado a luz y buscan recuperar la sensación de firmeza previa al embarazo.<br /><br />Efecto Rejuvenecedor: Ideal para quienes desean recobrar la elasticidad y la tonicidad propias de la juventud, mejorando la confianza personal.<br /><br />Parejas en busca de intensidad: Para aquellos que desean experimentar un ""abrazo"" vaginal más ajustado e intenso durante sus encuentros.<br /><br />Cuidado y Sensualidad en un Solo Envase<br />Fiel a la estética de Shunga, el gel viene en un práctico envase de 30 ml, perfecto para dosificar la cantidad exacta y fácil de llevar contigo. Su textura es agradable, se absorbe de manera óptima y respeta la delicada naturaleza de tu zona íntima.<br /><br />Beneficios Principales:<br />Sensación Inmediata: Efecto reafirmante perceptible poco después de la aplicación.<br /><br />Fórmula Natural: Elaborado con extractos botánicos seguros para el cuerpo.<br /><br />Mejora la Confianza: Ayuda a sentirse más segura y activa en la vida sexual.<br /><br />Placer compartido: Ambos disfrutarán de una penetración mucho más sensitiva y ajustada.<br /><br />Modo de Empleo:<br />Aplica una pequeña cantidad de gel en la entrada y ligeramente en el interior de la vagina unos minutos antes de la relación sexual. Masajea suavemente para permitir que los ingredientes astringentes actúen. Notarás cómo los tejidos se vuelven más firmes, preparando el escenario para un encuentro inolvidable</p>
<div>
<p class=""MsoNormal"">Ingredientes: Water/Eau<span> </span>(Aqua),<span> </span>Glycerin<span> </span>USP/Glycérine<span> </span>USP*,<span> </span>Propanediol<span> </span>(Corn/Mais)**,<span> </span>HEC,<span> </span>Alchemille<span> </span>extract<span> </span>(Herba<span> </span>Alchemillae),<span> </span>Iceland <span> </span>moss<span> </span>extract<span> </span>(Lichen<span> </span>Islandicus),<span> </span>Alum.*Certified<span> </span>Organic/Certifiés<span> </span>biologiques.<span> </span>**100%<span> </span>Natural/Nature</p>
</div>",SHUNGA,cosmetica intima,FALSE,draft,SH979,697309074001,Title,Default Title,41.90,TRUE,shopify,102,DENY,99,g,TRUE,manual,https://backoffice.saintsual.com/44403-superlarge_default_2x/shunga-hold-me-tight-30ml.jpg,1,SHUNGA HOLD ME TIGHT 30ML,FALSE
,shunga-hold-me-tight-30ml,,,,,,,,,,,,,,,,,,,https://backoffice.saintsual.com/44401-superlarge_default_2x/shunga-hold-me-tight-30ml.jpg,2,SHUNGA HOLD ME TIGHT 30ML,
,shunga-hold-me-tight-30ml,,,,,,,,,,,,,,,,,,,https://backoffice.saintsual.com/44402-superlarge_default_2x/shunga-hold-me-tight-30ml.jpg,3,SHUNGA HOLD ME TIGHT 30ML,
SHUNGA ORAL PLEASURE GLOSS COCO 10ML,shunga-oral-pleasure-gloss-coco-10ml,"<p>Aquí tienes una propuesta de descripción seductora y sofisticada para tu web, resaltando la innovación y la intensidad de este producto.<br /><br />Brillo de Placer Oral Shunga: El Arte del Beso Eléctrico<br />Eleva el sexo oral a una categoría artística con el Brillo de Placer Shunga, un cosmético erótico diseñado para transformar tus labios en una herramienta de placer inigualable. Este brillo no es solo un bálsamo; es un conductor de sensaciones extremas diseñado para quienes desean explorar nuevas fronteras de excitación y ofrecer a su pareja una experiencia vibrante y multisensorial.<br /><br />Efecto Tridimensional: Calor, Frío y Cosquilleo<br />La magia de este producto reside en su innovadora fórmula 3 en 1, que crea un juego de contrastes térmicos y físicos en cuanto entra en contacto con la piel delicada de las zonas íntimas:<br /><br />Efecto Frío: Una ráfaga refrescante que despierta las terminaciones nerviosas al instante.<br /><br />Efecto Calor: Una calidez profunda que aumenta el flujo sanguíneo y la turgencia.<br /><br />Cosquilleo Eléctrico: Una sensación vibrante que mantiene la zona en alerta constante, intensificando cada movimiento.<br /><br />Este ciclo de sensaciones está diseñado para mantener el nivel de excitación en su punto más alto, acompañando a la pareja desde los primeros juegos hasta el momento álgido del orgasmo.<br /><br />Sensibilización Dual<br />Aunque se aplica en los labios de quien realiza el masaje oral, su efecto está formulado para excitar y sensibilizar por igual tanto al hombre como a la mujer. Al besar o succionar las zonas íntimas, los activos se transfieren, creando un puente de placer donde ambos experimentan la intensidad del ""hielo y fuego"" simultáneamente.<br /><br />Elegancia y Discreción<br />Presentado en un práctico y sofisticado envase de 10 ml, es el compañero ideal para tener siempre en la mesita de noche o llevar en un viaje romántico. Su textura es sedosa, agradable al tacto y ha sido creada bajo los estándares de calidad de Shunga, garantizando seguridad y eficacia en cada gota.<br /><br />Por qué te encantará:<br />Explosión Sensorial: Rompe la rutina con una mezcla de temperaturas que nunca deja de sorprender.<br /><br />Versatilidad: Perfecto tanto para el clítoris como para el glande, adaptándose a cualquier tipo de encuentro.<br /><br />Intensidad Prolongada: Mantiene la sensibilidad activa durante todo el acto, facilitando clímax más explosivos.<br /><br />Fórmula de Alta Gama: Textura ligera que no resulta pegajosa y realza el brillo natural de los labios.<br /><br />Modo de Uso:<br />Aplica una generosa capa de brillo sobre tus labios justo antes de comenzar el ritual de placer oral. Deja que la fórmula se asiente un segundo y comienza a besar las zonas íntimas de tu pareja. El contraste de tu aliento cálido con el efecto frío del brillo desencadenará una tormenta de sensaciones inolvidables.</p>
<p class=""MsoNormal"">Ingredientes: Hydrogenated<span> </span>Polyisobutene<span> </span>(And)<span> </span>Ethylene<span> </span>/<span> </span>Propylene<span> </span>/<span> </span>Styrene<span> </span>Copolymer<span> </span>(And)<span> </span>Butylene<span> </span>/<span> </span>Ethylene/<span> </span>Styrene<span> </span>Copolymer,<span> </span>Caprylic/Capric<span> </span>Triglyceride,<span> </span>Menthyl<span> </span>Lactate,<span> </span>Glycerin<span> </span>USP/Glycérine<span> </span>USP,<span> </span>Flavor/Saveur<span> </span>(Aroma),<span> </span>PolyGlyceryl-6<span> </span>Octastearate,<span> </span>PolyGlyceryl-10<span> </span>Mono/Dioleate,<span> </span>Sucralose,<span> </span>Vanillyl Butyl Ether.STRAWBERRY: Benzyl Alcohol</p>
<p></p>",SHUNGA,cosmetica intima,FALSE,draft,SH9105,697309079105,Title,Default Title,27.90,TRUE,shopify,2,DENY,48,g,TRUE,manual,https://backoffice.saintsual.com/44400-superlarge_default_2x/shunga-oral-pleasure-gloss-coco-10ml.jpg,1,SHUNGA ORAL PLEASURE GLOSS COCO 10ML,FALSE
,shunga-oral-pleasure-gloss-coco-10ml,,,,,,,,,,,,,,,,,,,https://backoffice.saintsual.com/44395-superlarge_default_2x/shunga-oral-pleasure-gloss-coco-10ml.jpg,2,SHUNGA ORAL PLEASURE GLOSS COCO 10ML,
,shunga-oral-pleasure-gloss-coco-10ml,,,,,,,,,,,,,,,,,,,https://backoffice.saintsual.com/44396-superlarge_default_2x/shunga-oral-pleasure-gloss-coco-10ml.jpg,3,SHUNGA ORAL PLEASURE GLOSS COCO 10ML,
,shunga-oral-pleasure-gloss-coco-10ml,,,,,,,,,,,,,,,,,,,https://backoffice.saintsual.com/44398-superlarge_default_2x/shunga-oral-pleasure-gloss-coco-10ml.jpg,4,SHUNGA ORAL PLEASURE GLOSS COCO 10ML,
VELA DE MASAJE FRESA CHAMPAGNE 30ML,vela-de-masaje-fresa-champagne-30ml,"<p>Vela de Masaje Erótico Shunga: El Arte del Tacto y el Calor<br />Transforma una noche ordinaria en una velada inolvidable de relajación y romance. Esta vela de masaje no es solo un elemento decorativo; es una invitación a explorar el placer a través del calor y el aroma. Al encenderla, su cera se convierte en un aceite tibio y sedoso, diseñado para deslizarse suavemente sobre la piel y despertar todos los sentidos.<br /><br />Un Cóctel de Nutrición 100% Natural<br />A diferencia de las velas convencionales, este producto está formulado exclusivamente con aceites vegetales 100% naturales que cuidan y respetan tu cuerpo:<br /><br />- Aceite de Soja: Aporta una textura ligera y facilita el deslizamiento.<br />- Aceite de Coco: Conocido por sus propiedades reparadoras y su aroma tropical sutil.<br />- Aceite de Almendra: Un potente hidratante que nutre las capas profundas de la piel.<br /><br />Gracias a esta mezcla premium, el aceite no obstruye los poros y es apto para todo tipo de pieles, dejándolas con un acabado satinado, hidratado y sin sensación grasa persistente.<br /><br />Una Experiencia Sensorial Única<br />Cada vela desprende una fragancia delicada y sutil que envuelve la habitación, creando el ambiente perfecto para el juego previo o una sesión de fisioterapia relajante en pareja. El aceite alcanza la temperatura ideal para reconfortar los músculos sin quemar, proporcionando un alivio inmediato y una conexión íntima a través del tacto.<br /><br />Instrucciones de Uso y Consejos:<br />Preparación: Enciende la vela aproximadamente 20 minutos antes de comenzar el masaje. Esto permitirá que se forme la cantidad adecuada de aceite líquido.<br /><br /><br />Aplicación: Apaga la llama y vierte el aceite tibio directamente sobre la palma de tu mano o sobre la espalda de tu pareja.<br /><br />Masaje: Extiende el aceite con movimientos circulares y lentos.<br /><br />Especificaciones del Producto:<br />- Composición: Aceites naturales (Soja, Coco y Almendra).<br />- Contenido: Disponible en dos formatos prácticos: 30 ml (ideal para viajes o probar fragancias) y 170 ml (para múltiples sesiones de placer).<br /><br />Precauciones: Solo para uso externo. No es comestible. Debido a que contiene perfumes, se recomienda evitar el contacto con las zonas íntimas y mucosas.</p>
<p>Dos tamaños disponibles: 30 ml o 170 ml.</p>
<p class=""MsoNormal"">Ingredientes: Hydrogenated Soybean Oil/Huile de soja hydrogénée, Co-conut Oil/Huile de noix de coco (Cocos nucifera oil), Fragrance (Parfum), Sweet Almond Oil/Huile d’amande douce (Prunus amygdalus dulcis oil), Safflower Oil/Huile<span> </span>de<span> </span>carthame<span> </span>(Carthamus<span> </span>tinctorius<span> </span>seed<span> </span>oil),<span> </span>Avocado<span> </span>Oil/Huile<span> </span>d’avocat<span> </span>(Persea gratissima oil), Sesame Oil/Huile de sésame (Sesamum indicum seed oil), Grape<span> </span>Seed<span> </span>Oil/Huile<span> </span>de<span> </span>pépin<span> </span>de<span> </span>raisin<span> </span>(Vitis<span> </span>vinifera<span> </span>seed<span> </span>oil),<span> </span>Benzyl<span> </span>Benzo-ate, Vitamin/Vitamine E (Tocopherol), Amyl Cinnamic Aldehyde, Benzyl Alcohol, Benzyl<span> </span>Cinnamate,<span> </span>Benzyl<span> </span>Salicylate,<span> </span>Cinnamic<span> </span>Alcohol, <span> </span>Cinnamic<span> </span>Aldehyde,<span> </span>Coumarin,<span> </span>D-Limonene,<span> </span>Eugenol,<span> </span>Farnesol,<span> </span>Geraniol,<span> </span>Isoeugenol,<span> </span>Butylphenyl<span> </span>Methylproponial, Linalool, Methyl Heptine Carbonate, Citral, G-Methyl Ionone.</p>
<p></p>",SHUNGA,cosmetica intima,FALSE,draft,SH6084,697309046084,Title,Default Title,8.90,TRUE,shopify,90,DENY,51,g,TRUE,manual,https://backoffice.saintsual.com/707-superlarge_default_2x/vela-de-masaje-fresa-champagne-30ml.jpg,1,VELA DE MASAJE FRESA CHAMPAGNE 30ML,FALSE
VELA DE MASAJE CHOCOLATE 30ML,vela-de-masaje-chocolate-30ml,"<p>Vela de Masaje Erótico Shunga: El Arte del Tacto y el Calor<br />Transforma una noche ordinaria en una velada inolvidable de relajación y romance. Esta vela de masaje no es solo un elemento decorativo; es una invitación a explorar el placer a través del calor y el aroma. Al encenderla, su cera se convierte en un aceite tibio y sedoso, diseñado para deslizarse suavemente sobre la piel y despertar todos los sentidos.<br /><br />Un Cóctel de Nutrición 100% Natural<br />A diferencia de las velas convencionales, este producto está formulado exclusivamente con aceites vegetales 100% naturales que cuidan y respetan tu cuerpo:<br /><br />- Aceite de Soja: Aporta una textura ligera y facilita el deslizamiento.<br />- Aceite de Coco: Conocido por sus propiedades reparadoras y su aroma tropical sutil.<br />- Aceite de Almendra: Un potente hidratante que nutre las capas profundas de la piel.<br /><br />Gracias a esta mezcla premium, el aceite no obstruye los poros y es apto para todo tipo de pieles, dejándolas con un acabado satinado, hidratado y sin sensación grasa persistente.<br /><br />Una Experiencia Sensorial Única<br />Cada vela desprende una fragancia delicada y sutil que envuelve la habitación, creando el ambiente perfecto para el juego previo o una sesión de fisioterapia relajante en pareja. El aceite alcanza la temperatura ideal para reconfortar los músculos sin quemar, proporcionando un alivio inmediato y una conexión íntima a través del tacto.<br /><br />Instrucciones de Uso y Consejos:<br />Preparación: Enciende la vela aproximadamente 20 minutos antes de comenzar el masaje. Esto permitirá que se forme la cantidad adecuada de aceite líquido.<br /><br /><br />Aplicación: Apaga la llama y vierte el aceite tibio directamente sobre la palma de tu mano o sobre la espalda de tu pareja.<br /><br />Masaje: Extiende el aceite con movimientos circulares y lentos.<br /><br />Especificaciones del Producto:<br />- Composición: Aceites naturales (Soja, Coco y Almendra).<br />- Contenido: Disponible en dos formatos prácticos: 30 ml (ideal para viajes o probar fragancias) y 170 ml (para múltiples sesiones de placer).<br /><br />Precauciones: Solo para uso externo. No es comestible. Debido a que contiene perfumes, se recomienda evitar el contacto con las zonas íntimas y mucosas.</p>
<p>Dos tamaños disponibles: 30 ml o 170 ml.</p>
<p class=""MsoNormal"">Ingredientes: Hydrogenated Soybean Oil/Huile de soja hydrogénée, Co-conut Oil/Huile de noix de coco (Cocos nucifera oil), Fragrance (Parfum), Sweet Almond Oil/Huile d’amande douce (Prunus amygdalus dulcis oil), Safflower Oil/Huile<span> </span>de<span> </span>carthame<span> </span>(Carthamus<span> </span>tinctorius<span> </span>seed<span> </span>oil),<span> </span>Avocado<span> </span>Oil/Huile<span> </span>d’avocat<span> </span>(Persea gratissima oil), Sesame Oil/Huile de sésame (Sesamum indicum seed oil), Grape<span> </span>Seed<span> </span>Oil/Huile<span> </span>de<span> </span>pépin<span> </span>de<span> </span>raisin<span> </span>(Vitis<span> </span>vinifera<span> </span>seed<span> </span>oil),<span> </span>Benzyl<span> </span>Benzo-ate, Vitamin/Vitamine E (Tocopherol), Amyl Cinnamic Aldehyde, Benzyl Alcohol, Benzyl<span> </span>Cinnamate,<span> </span>Benzyl<span> </span>Salicylate,<span> </span>Cinnamic<span> </span>Alcohol, <span> </span>Cinnamic<span> </span>Aldehyde,<span> </span>Coumarin,<span> </span>D-Limonene,<span> </span>Eugenol,<span> </span>Farnesol,<span> </span>Geraniol,<span> </span>Isoeugenol,<span> </span>Butylphenyl<span> </span>Methylproponial, Linalool, Methyl Heptine Carbonate, Citral, G-Methyl Ionone.</p>
<p></p>",SHUNGA,cosmetica intima,FALSE,draft,SH6091,697309046091,Title,Default Title,8.90,TRUE,shopify,85,DENY,51,g,TRUE,manual,https://backoffice.saintsual.com/708-superlarge_default_2x/vela-de-masaje-chocolate-30ml.jpg,1,VELA DE MASAJE CHOCOLATE 30ML,FALSE
VELA DE MASAJE VAINILLA 30ML,vela-de-masaje-vainilla-30ml,"<p>Vela de Masaje Erótico Shunga: El Arte del Tacto y el Calor<br />Transforma una noche ordinaria en una velada inolvidable de relajación y romance. Esta vela de masaje no es solo un elemento decorativo; es una invitación a explorar el placer a través del calor y el aroma. Al encenderla, su cera se convierte en un aceite tibio y sedoso, diseñado para deslizarse suavemente sobre la piel y despertar todos los sentidos.<br /><br />Un Cóctel de Nutrición 100% Natural<br />A diferencia de las velas convencionales, este producto está formulado exclusivamente con aceites vegetales 100% naturales que cuidan y respetan tu cuerpo:<br /><br />- Aceite de Soja: Aporta una textura ligera y facilita el deslizamiento.<br />- Aceite de Coco: Conocido por sus propiedades reparadoras y su aroma tropical sutil.<br />- Aceite de Almendra: Un potente hidratante que nutre las capas profundas de la piel.<br /><br />Gracias a esta mezcla premium, el aceite no obstruye los poros y es apto para todo tipo de pieles, dejándolas con un acabado satinado, hidratado y sin sensación grasa persistente.<br /><br />Una Experiencia Sensorial Única<br />Cada vela desprende una fragancia delicada y sutil que envuelve la habitación, creando el ambiente perfecto para el juego previo o una sesión de fisioterapia relajante en pareja. El aceite alcanza la temperatura ideal para reconfortar los músculos sin quemar, proporcionando un alivio inmediato y una conexión íntima a través del tacto.<br /><br />Instrucciones de Uso y Consejos:<br />Preparación: Enciende la vela aproximadamente 20 minutos antes de comenzar el masaje. Esto permitirá que se forme la cantidad adecuada de aceite líquido.<br /><br /><br />Aplicación: Apaga la llama y vierte el aceite tibio directamente sobre la palma de tu mano o sobre la espalda de tu pareja.<br /><br />Masaje: Extiende el aceite con movimientos circulares y lentos.<br /><br />Especificaciones del Producto:<br />- Composición: Aceites naturales (Soja, Coco y Almendra).<br />- Contenido: Disponible en dos formatos prácticos: 30 ml (ideal para viajes o probar fragancias) y 170 ml (para múltiples sesiones de placer).<br /><br />Precauciones: Solo para uso externo. No es comestible. Debido a que contiene perfumes, se recomienda evitar el contacto con las zonas íntimas y mucosas.</p>
<p>Dos tamaños disponibles: 30 ml o 170 ml.</p>
<p></p>
<p class=""MsoNormal"">Ingredientes: Hydrogenated Soybean Oil/Huile de soja hydrogénée, Co-conut Oil/Huile de noix de coco (Cocos nucifera oil), Fragrance (Parfum), Sweet Almond Oil/Huile d’amande douce (Prunus amygdalus dulcis oil), Safflower Oil/Huile<span> </span>de<span> </span>carthame<span> </span>(Carthamus<span> </span>tinctorius<span> </span>seed<span> </span>oil),<span> </span>Avocado<span> </span>Oil/Huile<span> </span>d’avocat<span> </span>(Persea gratissima oil), Sesame Oil/Huile de sésame (Sesamum indicum seed oil), Grape<span> </span>Seed<span> </span>Oil/Huile<span> </span>de<span> </span>pépin<span> </span>de<span> </span>raisin<span> </span>(Vitis<span> </span>vinifera<span> </span>seed<span> </span>oil),<span> </span>Benzyl<span> </span>Benzo-ate, Vitamin/Vitamine E (Tocopherol), Amyl Cinnamic Aldehyde, Benzyl Alcohol, Benzyl<span> </span>Cinnamate,<span> </span>Benzyl<span> </span>Salicylate,<span> </span>Cinnamic<span> </span>Alcohol, <span> </span>Cinnamic<span> </span>Aldehyde,<span> </span>Coumarin,<span> </span>D-Limonene,<span> </span>Eugenol,<span> </span>Farnesol,<span> </span>Geraniol,<span> </span>Isoeugenol,<span> </span>Butylphenyl<span> </span>Methylproponial, Linalool, Methyl Heptine Carbonate, Citral, G-Methyl Ionone.</p>
<p></p>",SHUNGA,cosmetica intima,FALSE,draft,SH6015,697309046015,Title,Default Title,8.90,TRUE,shopify,61,DENY,51,g,TRUE,manual,https://backoffice.saintsual.com/709-superlarge_default_2x/vela-de-masaje-vainilla-30ml.jpg,1,VELA DE MASAJE VAINILLA 30ML,FALSE
VELA DE MASAJE ROSAS 30ML,vela-de-masaje-rosas-30ml,"<p>Vela de Masaje Erótico Shunga: El Arte del Tacto y el Calor<br />Transforma una noche ordinaria en una velada inolvidable de relajación y romance. Esta vela de masaje no es solo un elemento decorativo; es una invitación a explorar el placer a través del calor y el aroma. Al encenderla, su cera se convierte en un aceite tibio y sedoso, diseñado para deslizarse suavemente sobre la piel y despertar todos los sentidos.<br /><br />Un Cóctel de Nutrición 100% Natural<br />A diferencia de las velas convencionales, este producto está formulado exclusivamente con aceites vegetales 100% naturales que cuidan y respetan tu cuerpo:<br /><br />- Aceite de Soja: Aporta una textura ligera y facilita el deslizamiento.<br />- Aceite de Coco: Conocido por sus propiedades reparadoras y su aroma tropical sutil.<br />- Aceite de Almendra: Un potente hidratante que nutre las capas profundas de la piel.<br /><br />Gracias a esta mezcla premium, el aceite no obstruye los poros y es apto para todo tipo de pieles, dejándolas con un acabado satinado, hidratado y sin sensación grasa persistente.<br /><br />Una Experiencia Sensorial Única<br />Cada vela desprende una fragancia delicada y sutil que envuelve la habitación, creando el ambiente perfecto para el juego previo o una sesión de fisioterapia relajante en pareja. El aceite alcanza la temperatura ideal para reconfortar los músculos sin quemar, proporcionando un alivio inmediato y una conexión íntima a través del tacto.<br /><br />Instrucciones de Uso y Consejos:<br />Preparación: Enciende la vela aproximadamente 20 minutos antes de comenzar el masaje. Esto permitirá que se forme la cantidad adecuada de aceite líquido.<br /><br /><br />Aplicación: Apaga la llama y vierte el aceite tibio directamente sobre la palma de tu mano o sobre la espalda de tu pareja.<br /><br />Masaje: Extiende el aceite con movimientos circulares y lentos.<br /><br />Especificaciones del Producto:<br />- Composición: Aceites naturales (Soja, Coco y Almendra).<br />- Contenido: Disponible en dos formatos prácticos: 30 ml (ideal para viajes o probar fragancias) y 170 ml (para múltiples sesiones de placer).<br /><br />Precauciones: Solo para uso externo. No es comestible. Debido a que contiene perfumes, se recomienda evitar el contacto con las zonas íntimas y mucosas.</p>
<p>Dos tamaños disponibles: 30 ml o 170 ml.</p>
<p></p>
<p class=""MsoNormal"">Ingredientes: Hydrogenated Soybean Oil/Huile de soja hydrogénée, Co-conut Oil/Huile de noix de coco (Cocos nucifera oil), Fragrance (Parfum), Sweet Almond Oil/Huile d’amande douce (Prunus amygdalus dulcis oil), Safflower Oil/Huile<span> </span>de<span> </span>carthame<span> </span>(Carthamus<span> </span>tinctorius<span> </span>seed<span> </span>oil),<span> </span>Avocado<span> </span>Oil/Huile<span> </span>d’avocat<span> </span>(Persea gratissima oil), Sesame Oil/Huile de sésame (Sesamum indicum seed oil), Grape<span> </span>Seed<span> </span>Oil/Huile<span> </span>de<span> </span>pépin<span> </span>de<span> </span>raisin<span> </span>(Vitis<span> </span>vinifera<span> </span>seed<span> </span>oil),<span> </span>Benzyl<span> </span>Benzo-ate, Vitamin/Vitamine E (Tocopherol), Amyl Cinnamic Aldehyde, Benzyl Alcohol, Benzyl<span> </span>Cinnamate,<span> </span>Benzyl<span> </span>Salicylate,<span> </span>Cinnamic<span> </span>Alcohol, <span> </span>Cinnamic<span> </span>Aldehyde,<span> </span>Coumarin,<span> </span>D-Limonene,<span> </span>Eugenol,<span> </span>Farnesol,<span> </span>Geraniol,<span> </span>Isoeugenol,<span> </span>Butylphenyl<span> </span>Methylproponial, Linalool, Methyl Heptine Carbonate, Citral, G-Methyl Ionone.</p>
<p></p>",SHUNGA,cosmetica intima,FALSE,draft,SH6008,697309046008,Title,Default Title,8.90,TRUE,shopify,111,DENY,51,g,TRUE,manual,https://backoffice.saintsual.com/710-superlarge_default_2x/vela-de-masaje-rosas-30ml.jpg,1,VELA DE MASAJE ROSAS 30ML,FALSE
VELA DE MASAJE FRUTOS EXÓTICOS 30ML,vela-de-masaje-frutos-exoticos-30ml,"<p>Vela de Masaje Erótico Shunga: El Arte del Tacto y el Calor<br />Transforma una noche ordinaria en una velada inolvidable de relajación y romance. Esta vela de masaje no es solo un elemento decorativo; es una invitación a explorar el placer a través del calor y el aroma. Al encenderla, su cera se convierte en un aceite tibio y sedoso, diseñado para deslizarse suavemente sobre la piel y despertar todos los sentidos.<br /><br />Un Cóctel de Nutrición 100% Natural<br />A diferencia de las velas convencionales, este producto está formulado exclusivamente con aceites vegetales 100% naturales que cuidan y respetan tu cuerpo:<br /><br />- Aceite de Soja: Aporta una textura ligera y facilita el deslizamiento.<br />- Aceite de Coco: Conocido por sus propiedades reparadoras y su aroma tropical sutil.<br />- Aceite de Almendra: Un potente hidratante que nutre las capas profundas de la piel.<br /><br />Gracias a esta mezcla premium, el aceite no obstruye los poros y es apto para todo tipo de pieles, dejándolas con un acabado satinado, hidratado y sin sensación grasa persistente.<br /><br />Una Experiencia Sensorial Única<br />Cada vela desprende una fragancia delicada y sutil que envuelve la habitación, creando el ambiente perfecto para el juego previo o una sesión de fisioterapia relajante en pareja. El aceite alcanza la temperatura ideal para reconfortar los músculos sin quemar, proporcionando un alivio inmediato y una conexión íntima a través del tacto.<br /><br />Instrucciones de Uso y Consejos:<br />Preparación: Enciende la vela aproximadamente 20 minutos antes de comenzar el masaje. Esto permitirá que se forme la cantidad adecuada de aceite líquido.<br /><br /><br />Aplicación: Apaga la llama y vierte el aceite tibio directamente sobre la palma de tu mano o sobre la espalda de tu pareja.<br /><br />Masaje: Extiende el aceite con movimientos circulares y lentos.<br /><br />Especificaciones del Producto:<br />- Composición: Aceites naturales (Soja, Coco y Almendra).<br />- Contenido: Disponible en dos formatos prácticos: 30 ml (ideal para viajes o probar fragancias) y 170 ml (para múltiples sesiones de placer).<br /><br />Precauciones: Solo para uso externo. No es comestible. Debido a que contiene perfumes, se recomienda evitar el contacto con las zonas íntimas y mucosas.</p>
<p>Dos tamaños disponibles: 30 ml o 170 ml.</p>
<p></p>
<p class=""MsoNormal"">Ingredientes: Hydrogenated Soybean Oil/Huile de soja hydrogénée, Co-conut Oil/Huile de noix de coco (Cocos nucifera oil), Fragrance (Parfum), Sweet Almond Oil/Huile d’amande douce (Prunus amygdalus dulcis oil), Safflower Oil/Huile<span> </span>de<span> </span>carthame<span> </span>(Carthamus<span> </span>tinctorius<span> </span>seed<span> </span>oil),<span> </span>Avocado<span> </span>Oil/Huile<span> </span>d’avocat<span> </span>(Persea gratissima oil), Sesame Oil/Huile de sésame (Sesamum indicum seed oil), Grape<span> </span>Seed<span> </span>Oil/Huile<span> </span>de<span> </span>pépin<span> </span>de<span> </span>raisin<span> </span>(Vitis<span> </span>vinifera<span> </span>seed<span> </span>oil),<span> </span>Benzyl<span> </span>Benzo-ate, Vitamin/Vitamine E (Tocopherol), Amyl Cinnamic Aldehyde, Benzyl Alcohol, Benzyl<span> </span>Cinnamate,<span> </span>Benzyl<span> </span>Salicylate,<span> </span>Cinnamic<span> </span>Alcohol, <span> </span>Cinnamic<span> </span>Aldehyde,<span> </span>Coumarin,<span> </span>D-Limonene,<span> </span>Eugenol,<span> </span>Farnesol,<span> </span>Geraniol,<span> </span>Isoeugenol,<span> </span>Butylphenyl<span> </span>Methylproponial, Linalool, Methyl Heptine Carbonate, Citral, G-Methyl Ionone.</p>
<p></p>",SHUNGA,cosmetica intima,FALSE,draft,SH6022,697309046022,Title,Default Title,8.90,TRUE,shopify,0,DENY,51,g,TRUE,manual,https://backoffice.saintsual.com/711-superlarge_default_2x/vela-de-masaje-frutos-exrticos-30ml.jpg,1,VELA DE MASAJE FRUTOS EXÓTICOS 30ML,FALSE
VELA DE MASAJE TÉ VERDE 30ML,vela-de-masaje-te-verde-30ml,"<p>Vela de Masaje Erótico Shunga: El Arte del Tacto y el Calor<br />Transforma una noche ordinaria en una velada inolvidable de relajación y romance. Esta vela de masaje no es solo un elemento decorativo; es una invitación a explorar el placer a través del calor y el aroma. Al encenderla, su cera se convierte en un aceite tibio y sedoso, diseñado para deslizarse suavemente sobre la piel y despertar todos los sentidos.<br /><br />Un Cóctel de Nutrición 100% Natural<br />A diferencia de las velas convencionales, este producto está formulado exclusivamente con aceites vegetales 100% naturales que cuidan y respetan tu cuerpo:<br /><br />- Aceite de Soja: Aporta una textura ligera y facilita el deslizamiento.<br />- Aceite de Coco: Conocido por sus propiedades reparadoras y su aroma tropical sutil.<br />- Aceite de Almendra: Un potente hidratante que nutre las capas profundas de la piel.<br /><br />Gracias a esta mezcla premium, el aceite no obstruye los poros y es apto para todo tipo de pieles, dejándolas con un acabado satinado, hidratado y sin sensación grasa persistente.<br /><br />Una Experiencia Sensorial Única<br />Cada vela desprende una fragancia delicada y sutil que envuelve la habitación, creando el ambiente perfecto para el juego previo o una sesión de fisioterapia relajante en pareja. El aceite alcanza la temperatura ideal para reconfortar los músculos sin quemar, proporcionando un alivio inmediato y una conexión íntima a través del tacto.<br /><br />Instrucciones de Uso y Consejos:<br />Preparación: Enciende la vela aproximadamente 20 minutos antes de comenzar el masaje. Esto permitirá que se forme la cantidad adecuada de aceite líquido.<br /><br /><br />Aplicación: Apaga la llama y vierte el aceite tibio directamente sobre la palma de tu mano o sobre la espalda de tu pareja.<br /><br />Masaje: Extiende el aceite con movimientos circulares y lentos.<br /><br />Especificaciones del Producto:<br />- Composición: Aceites naturales (Soja, Coco y Almendra).<br />- Contenido: Disponible en dos formatos prácticos: 30 ml (ideal para viajes o probar fragancias) y 170 ml (para múltiples sesiones de placer).<br /><br />Precauciones: Solo para uso externo. No es comestible. Debido a que contiene perfumes, se recomienda evitar el contacto con las zonas íntimas y mucosas.</p>
<p>Dos tamaños disponibles: 30 ml o 170 ml.</p>
<p></p>
<p class=""MsoNormal"">Ingredientes: Hydrogenated Soybean Oil/Huile de soja hydrogénée, Co-conut Oil/Huile de noix de coco (Cocos nucifera oil), Fragrance (Parfum), Sweet Almond Oil/Huile d’amande douce (Prunus amygdalus dulcis oil), Safflower Oil/Huile<span> </span>de<span> </span>carthame<span> </span>(Carthamus<span> </span>tinctorius<span> </span>seed<span> </span>oil),<span> </span>Avocado<span> </span>Oil/Huile<span> </span>d’avocat<span> </span>(Persea gratissima oil), Sesame Oil/Huile de sésame (Sesamum indicum seed oil), Grape<span> </span>Seed<span> </span>Oil/Huile<span> </span>de<span> </span>pépin<span> </span>de<span> </span>raisin<span> </span>(Vitis<span> </span>vinifera<span> </span>seed<span> </span>oil),<span> </span>Benzyl<span> </span>Benzo-ate, Vitamin/Vitamine E (Tocopherol), Amyl Cinnamic Aldehyde, Benzyl Alcohol, Benzyl<span> </span>Cinnamate,<span> </span>Benzyl<span> </span>Salicylate,<span> </span>Cinnamic<span> </span>Alcohol, <span> </span>Cinnamic<span> </span>Aldehyde,<span> </span>Coumarin,<span> </span>D-Limonene,<span> </span>Eugenol,<span> </span>Farnesol,<span> </span>Geraniol,<span> </span>Isoeugenol,<span> </span>Butylphenyl<span> </span>Methylproponial, Linalool, Methyl Heptine Carbonate, Citral, G-Methyl Ionone.</p>
<p></p>",SHUNGA,cosmetica intima,FALSE,draft,SH6114,697309046114,Title,Default Title,8.90,TRUE,shopify,37,DENY,51,g,TRUE,manual,https://backoffice.saintsual.com/712-superlarge_default_2x/vela-de-masaje-tr-verde-30ml.jpg,1,VELA DE MASAJE TÉ VERDE 30ML,FALSE
VELA DE MASAJE ROSAS 170ML,vela-de-masaje-rosas-170ml,"<p>Vela de Masaje Erótico Shunga: El Arte del Tacto y el Calor<br />Transforma una noche ordinaria en una velada inolvidable de relajación y romance. Esta vela de masaje no es solo un elemento decorativo; es una invitación a explorar el placer a través del calor y el aroma. Al encenderla, su cera se convierte en un aceite tibio y sedoso, diseñado para deslizarse suavemente sobre la piel y despertar todos los sentidos.<br /><br />Un Cóctel de Nutrición 100% Natural<br />A diferencia de las velas convencionales, este producto está formulado exclusivamente con aceites vegetales 100% naturales que cuidan y respetan tu cuerpo:<br /><br />- Aceite de Soja: Aporta una textura ligera y facilita el deslizamiento.<br />- Aceite de Coco: Conocido por sus propiedades reparadoras y su aroma tropical sutil.<br />- Aceite de Almendra: Un potente hidratante que nutre las capas profundas de la piel.<br /><br />Gracias a esta mezcla premium, el aceite no obstruye los poros y es apto para todo tipo de pieles, dejándolas con un acabado satinado, hidratado y sin sensación grasa persistente.<br /><br />Una Experiencia Sensorial Única<br />Cada vela desprende una fragancia delicada y sutil que envuelve la habitación, creando el ambiente perfecto para el juego previo o una sesión de fisioterapia relajante en pareja. El aceite alcanza la temperatura ideal para reconfortar los músculos sin quemar, proporcionando un alivio inmediato y una conexión íntima a través del tacto.<br /><br />Instrucciones de Uso y Consejos:<br />Preparación: Enciende la vela aproximadamente 20 minutos antes de comenzar el masaje. Esto permitirá que se forme la cantidad adecuada de aceite líquido.<br /><br /><br />Aplicación: Apaga la llama y vierte el aceite tibio directamente sobre la palma de tu mano o sobre la espalda de tu pareja.<br /><br />Masaje: Extiende el aceite con movimientos circulares y lentos.<br /><br />Especificaciones del Producto:<br />- Composición: Aceites naturales (Soja, Coco y Almendra).<br />- Contenido: Disponible en dos formatos prácticos: 30 ml (ideal para viajes o probar fragancias) y 170 ml (para múltiples sesiones de placer).<br /><br />Precauciones: Solo para uso externo. No es comestible. Debido a que contiene perfumes, se recomienda evitar el contacto con las zonas íntimas y mucosas.</p>
<p>Dos tamaños disponibles: 30 ml o 170 ml.</p>
<p></p>
<p class=""MsoNormal"">Ingredientes: Hydrogenated Soybean Oil/Huile de soja hydrogénée, Co-conut Oil/Huile de noix de coco (Cocos nucifera oil), Fragrance (Parfum), Sweet Almond Oil/Huile d’amande douce (Prunus amygdalus dulcis oil), Safflower Oil/Huile<span> </span>de<span> </span>carthame<span> </span>(Carthamus<span> </span>tinctorius<span> </span>seed<span> </span>oil),<span> </span>Avocado<span> </span>Oil/Huile<span> </span>d’avocat<span> </span>(Persea gratissima oil), Sesame Oil/Huile de sésame (Sesamum indicum seed oil), Grape<span> </span>Seed<span> </span>Oil/Huile<span> </span>de<span> </span>pépin<span> </span>de<span> </span>raisin<span> </span>(Vitis<span> </span>vinifera<span> </span>seed<span> </span>oil),<span> </span>Benzyl<span> </span>Benzo-ate, Vitamin/Vitamine E (Tocopherol), Amyl Cinnamic Aldehyde, Benzyl Alcohol, Benzyl<span> </span>Cinnamate,<span> </span>Benzyl<span> </span>Salicylate,<span> </span>Cinnamic<span> </span>Alcohol, <span> </span>Cinnamic<span> </span>Aldehyde,<span> </span>Coumarin,<span> </span>D-Limonene,<span> </span>Eugenol,<span> </span>Farnesol,<span> </span>Geraniol,<span> </span>Isoeugenol,<span> </span>Butylphenyl<span> </span>Methylproponial, Linalool, Methyl Heptine Carbonate, Citral, G-Methyl Ionone.</p>
<p></p>",SHUNGA,cosmetica intima,FALSE,draft,SH5001,697309045001,Title,Default Title,27.50,TRUE,shopify,11,DENY,284,g,TRUE,manual,https://backoffice.saintsual.com/714-superlarge_default_2x/vela-de-masaje-rosas-170ml.jpg,1,VELA DE MASAJE ROSAS 170ML,FALSE
VELA DE MASAJE VAINILLA 170ML,vela-de-masaje-vainilla-170ml,"<p></p>
<p>Vela de Masaje Erótico Shunga: El Arte del Tacto y el Calor<br />Transforma una noche ordinaria en una velada inolvidable de relajación y romance. Esta vela de masaje no es solo un elemento decorativo; es una invitación a explorar el placer a través del calor y el aroma. Al encenderla, su cera se convierte en un aceite tibio y sedoso, diseñado para deslizarse suavemente sobre la piel y despertar todos los sentidos.<br /><br />Un Cóctel de Nutrición 100% Natural<br />A diferencia de las velas convencionales, este producto está formulado exclusivamente con aceites vegetales 100% naturales que cuidan y respetan tu cuerpo:<br /><br />- Aceite de Soja: Aporta una textura ligera y facilita el deslizamiento.<br />- Aceite de Coco: Conocido por sus propiedades reparadoras y su aroma tropical sutil.<br />- Aceite de Almendra: Un potente hidratante que nutre las capas profundas de la piel.<br /><br />Gracias a esta mezcla premium, el aceite no obstruye los poros y es apto para todo tipo de pieles, dejándolas con un acabado satinado, hidratado y sin sensación grasa persistente.<br /><br />Una Experiencia Sensorial Única<br />Cada vela desprende una fragancia delicada y sutil que envuelve la habitación, creando el ambiente perfecto para el juego previo o una sesión de fisioterapia relajante en pareja. El aceite alcanza la temperatura ideal para reconfortar los músculos sin quemar, proporcionando un alivio inmediato y una conexión íntima a través del tacto.<br /><br />Instrucciones de Uso y Consejos:<br />Preparación: Enciende la vela aproximadamente 20 minutos antes de comenzar el masaje. Esto permitirá que se forme la cantidad adecuada de aceite líquido.<br /><br /><br />Aplicación: Apaga la llama y vierte el aceite tibio directamente sobre la palma de tu mano o sobre la espalda de tu pareja.<br /><br />Masaje: Extiende el aceite con movimientos circulares y lentos.<br /><br />Especificaciones del Producto:<br />- Composición: Aceites naturales (Soja, Coco y Almendra).<br />- Contenido: Disponible en dos formatos prácticos: 30 ml (ideal para viajes o probar fragancias) y 170 ml (para múltiples sesiones de placer).<br /><br />Precauciones: Solo para uso externo. No es comestible. Debido a que contiene perfumes, se recomienda evitar el contacto con las zonas íntimas y mucosas.</p>
<p>Dos tamaños disponibles: 30 ml o 170 ml.</p>
<p class=""MsoNormal"">Ingredientes: Hydrogenated Soybean Oil/Huile de soja hydrogénée, Co-conut Oil/Huile de noix de coco (Cocos nucifera oil), Fragrance (Parfum), Sweet Almond Oil/Huile d’amande douce (Prunus amygdalus dulcis oil), Safflower Oil/Huile<span> </span>de<span> </span>carthame<span> </span>(Carthamus<span> </span>tinctorius<span> </span>seed<span> </span>oil),<span> </span>Avocado<span> </span>Oil/Huile<span> </span>d’avocat<span> </span>(Persea gratissima oil), Sesame Oil/Huile de sésame (Sesamum indicum seed oil), Grape<span> </span>Seed<span> </span>Oil/Huile<span> </span>de<span> </span>pépin<span> </span>de<span> </span>raisin<span> </span>(Vitis<span> </span>vinifera<span> </span>seed<span> </span>oil),<span> </span>Benzyl<span> </span>Benzo-ate, Vitamin/Vitamine E (Tocopherol), Amyl Cinnamic Aldehyde, Benzyl Alcohol, Benzyl<span> </span>Cinnamate,<span> </span>Benzyl<span> </span>Salicylate,<span> </span>Cinnamic<span> </span>Alcohol, <span> </span>Cinnamic<span> </span>Aldehyde,<span> </span>Coumarin,<span> </span>D-Limonene,<span> </span>Eugenol,<span> </span>Farnesol,<span> </span>Geraniol,<span> </span>Isoeugenol,<span> </span>Butylphenyl<span> </span>Methylproponial, Linalool, Methyl Heptine Carbonate, Citral, G-Methyl Ionone.</p>
<p></p>",SHUNGA,cosmetica intima,FALSE,draft,SH5018,697309045018,Title,Default Title,27.50,TRUE,shopify,0,DENY,284,g,TRUE,manual,https://backoffice.saintsual.com/715-superlarge_default_2x/vela-de-masaje-vainilla-170ml.jpg,1,VELA DE MASAJE VAINILLA 170ML,FALSE
VELA DE MASAJE FRUTOS EXÓTICOS 170ML,vela-de-masaje-frutos-exoticos-170ml,"<p>Vela de Masaje Erótico Shunga: El Arte del Tacto y el Calor<br />Transforma una noche ordinaria en una velada inolvidable de relajación y romance. Esta vela de masaje no es solo un elemento decorativo; es una invitación a explorar el placer a través del calor y el aroma. Al encenderla, su cera se convierte en un aceite tibio y sedoso, diseñado para deslizarse suavemente sobre la piel y despertar todos los sentidos.<br /><br />Un Cóctel de Nutrición 100% Natural<br />A diferencia de las velas convencionales, este producto está formulado exclusivamente con aceites vegetales 100% naturales que cuidan y respetan tu cuerpo:<br /><br />- Aceite de Soja: Aporta una textura ligera y facilita el deslizamiento.<br />- Aceite de Coco: Conocido por sus propiedades reparadoras y su aroma tropical sutil.<br />- Aceite de Almendra: Un potente hidratante que nutre las capas profundas de la piel.<br /><br />Gracias a esta mezcla premium, el aceite no obstruye los poros y es apto para todo tipo de pieles, dejándolas con un acabado satinado, hidratado y sin sensación grasa persistente.<br /><br />Una Experiencia Sensorial Única<br />Cada vela desprende una fragancia delicada y sutil que envuelve la habitación, creando el ambiente perfecto para el juego previo o una sesión de fisioterapia relajante en pareja. El aceite alcanza la temperatura ideal para reconfortar los músculos sin quemar, proporcionando un alivio inmediato y una conexión íntima a través del tacto.<br /><br />Instrucciones de Uso y Consejos:<br />Preparación: Enciende la vela aproximadamente 20 minutos antes de comenzar el masaje. Esto permitirá que se forme la cantidad adecuada de aceite líquido.<br /><br /><br />Aplicación: Apaga la llama y vierte el aceite tibio directamente sobre la palma de tu mano o sobre la espalda de tu pareja.<br /><br />Masaje: Extiende el aceite con movimientos circulares y lentos.<br /><br />Especificaciones del Producto:<br />- Composición: Aceites naturales (Soja, Coco y Almendra).<br />- Contenido: Disponible en dos formatos prácticos: 30 ml (ideal para viajes o probar fragancias) y 170 ml (para múltiples sesiones de placer).<br /><br />Precauciones: Solo para uso externo. No es comestible. Debido a que contiene perfumes, se recomienda evitar el contacto con las zonas íntimas y mucosas.</p>
<p>Dos tamaños disponibles: 30 ml o 170 ml.</p>
<p></p>
<p class=""MsoNormal"">Ingredientes: Hydrogenated Soybean Oil/Huile de soja hydrogénée, Co-conut Oil/Huile de noix de coco (Cocos nucifera oil), Fragrance (Parfum), Sweet Almond Oil/Huile d’amande douce (Prunus amygdalus dulcis oil), Safflower Oil/Huile<span> </span>de<span> </span>carthame<span> </span>(Carthamus<span> </span>tinctorius<span> </span>seed<span> </span>oil),<span> </span>Avocado<span> </span>Oil/Huile<span> </span>d’avocat<span> </span>(Persea gratissima oil), Sesame Oil/Huile de sésame (Sesamum indicum seed oil), Grape<span> </span>Seed<span> </span>Oil/Huile<span> </span>de<span> </span>pépin<span> </span>de<span> </span>raisin<span> </span>(Vitis<span> </span>vinifera<span> </span>seed<span> </span>oil),<span> </span>Benzyl<span> </span>Benzo-ate, Vitamin/Vitamine E (Tocopherol), Amyl Cinnamic Aldehyde, Benzyl Alcohol, Benzyl<span> </span>Cinnamate,<span> </span>Benzyl<span> </span>Salicylate,<span> </span>Cinnamic<span> </span>Alcohol, <span> </span>Cinnamic<span> </span>Aldehyde,<span> </span>Coumarin,<span> </span>D-Limonene,<span> </span>Eugenol,<span> </span>Farnesol,<span> </span>Geraniol,<span> </span>Isoeugenol,<span> </span>Butylphenyl<span> </span>Methylproponial, Linalool, Methyl Heptine Carbonate, Citral, G-Methyl Ionone.</p>
<p></p>",SHUNGA,cosmetica intima,FALSE,draft,SH5025,697309045025,Title,Default Title,27.50,TRUE,shopify,0,DENY,284,g,TRUE,manual,https://backoffice.saintsual.com/716-superlarge_default_2x/vela-de-masaje-frutos-exrticos-170ml.jpg,1,VELA DE MASAJE FRUTOS EXÓTICOS 170ML,FALSE
VELA DE MASAJE FRESA CHAMPAGNE 170ML,vela-de-masaje-fresa-champagne-170ml,"<p>Vela de Masaje Erótico Shunga: El Arte del Tacto y el Calor<br />Transforma una noche ordinaria en una velada inolvidable de relajación y romance. Esta vela de masaje no es solo un elemento decorativo; es una invitación a explorar el placer a través del calor y el aroma. Al encenderla, su cera se convierte en un aceite tibio y sedoso, diseñado para deslizarse suavemente sobre la piel y despertar todos los sentidos.<br /><br />Un Cóctel de Nutrición 100% Natural<br />A diferencia de las velas convencionales, este producto está formulado exclusivamente con aceites vegetales 100% naturales que cuidan y respetan tu cuerpo:<br /><br />- Aceite de Soja: Aporta una textura ligera y facilita el deslizamiento.<br />- Aceite de Coco: Conocido por sus propiedades reparadoras y su aroma tropical sutil.<br />- Aceite de Almendra: Un potente hidratante que nutre las capas profundas de la piel.<br /><br />Gracias a esta mezcla premium, el aceite no obstruye los poros y es apto para todo tipo de pieles, dejándolas con un acabado satinado, hidratado y sin sensación grasa persistente.<br /><br />Una Experiencia Sensorial Única<br />Cada vela desprende una fragancia delicada y sutil que envuelve la habitación, creando el ambiente perfecto para el juego previo o una sesión de fisioterapia relajante en pareja. El aceite alcanza la temperatura ideal para reconfortar los músculos sin quemar, proporcionando un alivio inmediato y una conexión íntima a través del tacto.<br /><br />Instrucciones de Uso y Consejos:<br />Preparación: Enciende la vela aproximadamente 20 minutos antes de comenzar el masaje. Esto permitirá que se forme la cantidad adecuada de aceite líquido.<br /><br /><br />Aplicación: Apaga la llama y vierte el aceite tibio directamente sobre la palma de tu mano o sobre la espalda de tu pareja.<br /><br />Masaje: Extiende el aceite con movimientos circulares y lentos.<br /><br />Especificaciones del Producto:<br />- Composición: Aceites naturales (Soja, Coco y Almendra).<br />- Contenido: Disponible en dos formatos prácticos: 30 ml (ideal para viajes o probar fragancias) y 170 ml (para múltiples sesiones de placer).<br /><br />Precauciones: Solo para uso externo. No es comestible. Debido a que contiene perfumes, se recomienda evitar el contacto con las zonas íntimas y mucosas.</p>
<p class=""MsoNormal"">Ingredientes: Hydrogenated Soybean Oil/Huile de soja hydrogénée, Co-conut Oil/Huile de noix de coco (Cocos nucifera oil), Fragrance (Parfum), Sweet Almond Oil/Huile d’amande douce (Prunus amygdalus dulcis oil), Safflower Oil/Huile<span> </span>de<span> </span>carthame<span> </span>(Carthamus<span> </span>tinctorius<span> </span>seed<span> </span>oil),<span> </span>Avocado<span> </span>Oil/Huile<span> </span>d’avocat<span> </span>(Persea gratissima oil), Sesame Oil/Huile de sésame (Sesamum indicum seed oil), Grape<span> </span>Seed<span> </span>Oil/Huile<span> </span>de<span> </span>pépin<span> </span>de<span> </span>raisin<span> </span>(Vitis<span> </span>vinifera<span> </span>seed<span> </span>oil),<span> </span>Benzyl<span> </span>Benzo-ate, Vitamin/Vitamine E (Tocopherol), Amyl Cinnamic Aldehyde, Benzyl Alcohol, Benzyl<span> </span>Cinnamate,<span> </span>Benzyl<span> </span>Salicylate,<span> </span>Cinnamic<span> </span>Alcohol, <span> </span>Cinnamic<span> </span>Aldehyde,<span> </span>Coumarin,<span> </span>D-Limonene,<span> </span>Eugenol,<span> </span>Farnesol,<span> </span>Geraniol,<span> </span>Isoeugenol,<span> </span>Butylphenyl<span> </span>Methylproponial, Linalool, Methyl Heptine Carbonate, Citral, G-Methyl Ionone.</p>
<p></p>",SHUNGA,cosmetica intima,FALSE,draft,SH5087,697309045087,Title,Default Title,27.50,TRUE,shopify,0,DENY,284,g,TRUE,manual,https://backoffice.saintsual.com/717-superlarge_default_2x/vela-de-masaje-fresa-champagne-170ml.jpg,1,VELA DE MASAJE FRESA CHAMPAGNE 170ML,FALSE
VELA DE MASAJE CHOCOLATE 170ML,vela-de-masaje-chocolate-170ml,"<p>Vela de Masaje Erótico Shunga: El Arte del Tacto y el Calor<br />Transforma una noche ordinaria en una velada inolvidable de relajación y romance. Esta vela de masaje no es solo un elemento decorativo; es una invitación a explorar el placer a través del calor y el aroma. Al encenderla, su cera se convierte en un aceite tibio y sedoso, diseñado para deslizarse suavemente sobre la piel y despertar todos los sentidos.<br /><br />Un Cóctel de Nutrición 100% Natural<br />A diferencia de las velas convencionales, este producto está formulado exclusivamente con aceites vegetales 100% naturales que cuidan y respetan tu cuerpo:<br /><br />- Aceite de Soja: Aporta una textura ligera y facilita el deslizamiento.<br />- Aceite de Coco: Conocido por sus propiedades reparadoras y su aroma tropical sutil.<br />- Aceite de Almendra: Un potente hidratante que nutre las capas profundas de la piel.<br /><br />Gracias a esta mezcla premium, el aceite no obstruye los poros y es apto para todo tipo de pieles, dejándolas con un acabado satinado, hidratado y sin sensación grasa persistente.<br /><br />Una Experiencia Sensorial Única<br />Cada vela desprende una fragancia delicada y sutil que envuelve la habitación, creando el ambiente perfecto para el juego previo o una sesión de fisioterapia relajante en pareja. El aceite alcanza la temperatura ideal para reconfortar los músculos sin quemar, proporcionando un alivio inmediato y una conexión íntima a través del tacto.<br /><br />Instrucciones de Uso y Consejos:<br />Preparación: Enciende la vela aproximadamente 20 minutos antes de comenzar el masaje. Esto permitirá que se forme la cantidad adecuada de aceite líquido.<br /><br /><br />Aplicación: Apaga la llama y vierte el aceite tibio directamente sobre la palma de tu mano o sobre la espalda de tu pareja.<br /><br />Masaje: Extiende el aceite con movimientos circulares y lentos.<br /><br />Especificaciones del Producto:<br />- Composición: Aceites naturales (Soja, Coco y Almendra).<br />- Contenido: Disponible en dos formatos prácticos: 30 ml (ideal para viajes o probar fragancias) y 170 ml (para múltiples sesiones de placer).<br /><br />Precauciones: Solo para uso externo. No es comestible. Debido a que contiene perfumes, se recomienda evitar el contacto con las zonas íntimas y mucosas.</p>
<div>Dos tamaños disponibles: 30 ml o 170 ml.</div>
<div></div>
<div>
<p class=""MsoNormal"">Ingredientes: Hydrogenated Soybean Oil/Huile de soja hydrogénée, Co-conut Oil/Huile de noix de coco (Cocos nucifera oil), Fragrance (Parfum), Sweet Almond Oil/Huile d’amande douce (Prunus amygdalus dulcis oil), Safflower Oil/Huile<span> </span>de<span> </span>carthame<span> </span>(Carthamus<span> </span>tinctorius<span> </span>seed<span> </span>oil),<span> </span>Avocado<span> </span>Oil/Huile<span> </span>d’avocat<span> </span>(Persea gratissima oil), Sesame Oil/Huile de sésame (Sesamum indicum seed oil), Grape<span> </span>Seed<span> </span>Oil/Huile<span> </span>de<span> </span>pépin<span> </span>de<span> </span>raisin<span> </span>(Vitis<span> </span>vinifera<span> </span>seed<span> </span>oil),<span> </span>Benzyl<span> </span>Benzo-ate, Vitamin/Vitamine E (Tocopherol), Amyl Cinnamic Aldehyde, Benzyl Alcohol, Benzyl<span> </span>Cinnamate,<span> </span>Benzyl<span> </span>Salicylate,<span> </span>Cinnamic<span> </span>Alcohol, <span> </span>Cinnamic<span> </span>Aldehyde,<span> </span>Coumarin,<span> </span>D-Limonene,<span> </span>Eugenol,<span> </span>Farnesol,<span> </span>Geraniol,<span> </span>Isoeugenol,<span> </span>Butylphenyl<span> </span>Methylproponial, Linalool, Methyl Heptine Carbonate, Citral, G-Methyl Ionone.</p>
</div>",SHUNGA,cosmetica intima,FALSE,draft,SH5094,697309045094,Title,Default Title,27.50,TRUE,shopify,31,DENY,284,g,TRUE,manual,https://backoffice.saintsual.com/718-superlarge_default_2x/vela-de-masaje-chocolate-170ml.jpg,1,VELA DE MASAJE CHOCOLATE 170ML,FALSE
VELA DE MASAJE TÉ VERDE 170ML,vela-de-masaje-te-verde-170ml,"<p>Vela de Masaje Erótico Shunga: El Arte del Tacto y el Calor<br />Transforma una noche ordinaria en una velada inolvidable de relajación y romance. Esta vela de masaje no es solo un elemento decorativo; es una invitación a explorar el placer a través del calor y el aroma. Al encenderla, su cera se convierte en un aceite tibio y sedoso, diseñado para deslizarse suavemente sobre la piel y despertar todos los sentidos.<br /><br />Un Cóctel de Nutrición 100% Natural<br />A diferencia de las velas convencionales, este producto está formulado exclusivamente con aceites vegetales 100% naturales que cuidan y respetan tu cuerpo:<br /><br />- Aceite de Soja: Aporta una textura ligera y facilita el deslizamiento.<br />- Aceite de Coco: Conocido por sus propiedades reparadoras y su aroma tropical sutil.<br />- Aceite de Almendra: Un potente hidratante que nutre las capas profundas de la piel.<br /><br />Gracias a esta mezcla premium, el aceite no obstruye los poros y es apto para todo tipo de pieles, dejándolas con un acabado satinado, hidratado y sin sensación grasa persistente.<br /><br />Una Experiencia Sensorial Única<br />Cada vela desprende una fragancia delicada y sutil que envuelve la habitación, creando el ambiente perfecto para el juego previo o una sesión de fisioterapia relajante en pareja. El aceite alcanza la temperatura ideal para reconfortar los músculos sin quemar, proporcionando un alivio inmediato y una conexión íntima a través del tacto.<br /><br />Instrucciones de Uso y Consejos:<br />Preparación: Enciende la vela aproximadamente 20 minutos antes de comenzar el masaje. Esto permitirá que se forme la cantidad adecuada de aceite líquido.<br /><br /><br />Aplicación: Apaga la llama y vierte el aceite tibio directamente sobre la palma de tu mano o sobre la espalda de tu pareja.<br /><br />Masaje: Extiende el aceite con movimientos circulares y lentos.<br /><br />Especificaciones del Producto:<br />- Composición: Aceites naturales (Soja, Coco y Almendra).<br />- Contenido: Disponible en dos formatos prácticos: 30 ml (ideal para viajes o probar fragancias) y 170 ml (para múltiples sesiones de placer).<br /><br />Precauciones: Solo para uso externo. No es comestible. Debido a que contiene perfumes, se recomienda evitar el contacto con las zonas íntimas y mucosas.</p>
<p>Dos tamaños disponibles: 30 ml o 170 ml.</p>
<p class=""MsoNormal"">Ingredientes: Hydrogenated Soybean Oil/Huile de soja hydrogénée, Co-conut Oil/Huile de noix de coco (Cocos nucifera oil), Fragrance (Parfum), Sweet Almond Oil/Huile d’amande douce (Prunus amygdalus dulcis oil), Safflower Oil/Huile<span> </span>de<span> </span>carthame<span> </span>(Carthamus<span> </span>tinctorius<span> </span>seed<span> </span>oil),<span> </span>Avocado<span> </span>Oil/Huile<span> </span>d’avocat<span> </span>(Persea gratissima oil), Sesame Oil/Huile de sésame (Sesamum indicum seed oil), Grape<span> </span>Seed<span> </span>Oil/Huile<span> </span>de<span> </span>pépin<span> </span>de<span> </span>raisin<span> </span>(Vitis<span> </span>vinifera<span> </span>seed<span> </span>oil),<span> </span>Benzyl<span> </span>Benzo-ate, Vitamin/Vitamine E (Tocopherol), Amyl Cinnamic Aldehyde, Benzyl Alcohol, Benzyl<span> </span>Cinnamate,<span> </span>Benzyl<span> </span>Salicylate,<span> </span>Cinnamic<span> </span>Alcohol, <span> </span>Cinnamic<span> </span>Aldehyde,<span> </span>Coumarin,<span> </span>D-Limonene,<span> </span>Eugenol,<span> </span>Farnesol,<span> </span>Geraniol,<span> </span>Isoeugenol,<span> </span>Butylphenyl<span> </span>Methylproponial, Linalool, Methyl Heptine Carbonate, Citral, G-Methyl Ionone.</p>
<p></p>",SHUNGA,cosmetica intima,FALSE,draft,SH5117,697309045117,Title,Default Title,27.50,TRUE,shopify,63,DENY,284,g,TRUE,manual,https://backoffice.saintsual.com/719-superlarge_default_2x/vela-de-masaje-tr-verde-170ml.jpg,1,VELA DE MASAJE TÉ VERDE 170ML,FALSE
CREMA DE MASAJE PERA Y TÉ VERDE 200ML,crema-de-masaje-pera-y-te-verde-200ml,"<p>Crema de masaje 100% comestible con sabores exquisitos de una textura
 sedosa que deja un gusto delicioso sobre la piel, permitiendo un 
contacto intenso y duradero.</p><p>Gracias a su composición deja la piel muy suave, fresca y no grasa.</p><p>No se recomienda usarla como lubricante. </p><p>Formato de 200 ml.</p><p>

</p><p class=""MsoNormal"">Ingredientes: Water/Eau<span> 
</span>(Aqua),<span>  </span>Glycerin<span>  </span>USP/Glycérine<span> 
</span>USP,<span>  </span>Stea-ric<span>  </span>Acid,<span> 
</span>Sunflower<span>  </span>Oil/Huile<span>  </span>de<span> 
</span>tournesol<span>  </span>(Helianthus<span>  </span>Annuus<span> 
</span>Seed<span>  </span>Oil),<span>  </span>Cetyl<span> 
</span>Alcohol,<span>  </span>Glyceryl<span>  </span>Stearate,<span> 
</span>Petrolatum,<span>  </span>Propylene<span>  </span>Glycol,<span> 
</span>Canola<span>  </span>Oil/Huile<span>  </span>de<span> 
</span>canola, Glycereth-2 Cocoate, Flavor/Saveur (Aroma), Sodium Polyacrylate,
Citric Acid/Acide citrique, Xanthan Gum, Benzoic acid, Sodium PCA,
Vitamin/Vitamine E (Tocopherol), Avocado Oil/Huile d’avocat (Persea Gratissima
Oil), Grape Seed Oil/Huile<span>  </span>de<span>  </span>pépin<span> 
</span>de<span>  </span>raisin<span>  </span>(Vitis<span> 
</span>Vinifera<span>  </span>Seed<span>  </span>Oil),<span> 
</span>Sucralose,<span>  </span>Safflower<span>  </span>Oil/Huile de carthame (Carthamus Tinctorius
Seed Oil), Sesame Oil/Huile de sésame (Sesamum<span> 
</span>Indicum<span>  </span>Seed<span>  </span>Oil),<span> 
</span>STRAWBERRY - RASPBERRRY: Honey/Miel<span> 
</span>(Mel),<span>  </span>DMDM Hydantoin, Sodium
Benzoate, Citral, Methyl-2 octynoate. EXOTIC FRUITS - GREEN TEA: Honey/Miel
(Mel), DMDM Hydantoin, Sodium Benzoate. CHOCO-L ATE - ALMOND: Honey/Miel (Mel),
DMDM Hydantoin, Sodium Benzoate, Benzyl Alcohol.</p>

<p></p>",SHUNGA,cosmetica intima,FALSE,draft,SH1119,697309041119,Title,Default Title,23.90,TRUE,shopify,17,DENY,339,g,TRUE,manual,https://backoffice.saintsual.com/44413-superlarge_default_2x/crema-de-masaje-pera-y-tr-verde-200ml.jpg,1,CREMA DE MASAJE PERA Y TÉ VERDE 200ML,FALSE
,crema-de-masaje-pera-y-te-verde-200ml,,,,,,,,,,,,,,,,,,,https://backoffice.saintsual.com/816-superlarge_default_2x/crema-de-masaje-pera-y-tr-verde-200ml.jpg,2,CREMA DE MASAJE PERA Y TÉ VERDE 200ML,
CREMA DE MASAJE ALMENDRAS 200ML,crema-de-masaje-almendras-200ml,"<p>Crema de Masaje Comestible Shunga: Un Festín para los Sentidos<br />Eleva la temperatura de tus encuentros y convierte cada rincón del cuerpo en una delicia. Esta crema de masaje 100% comestible ha sido diseñada para quienes buscan combinar el placer del tacto con el placer del gusto, permitiendo que el juego previo sea mucho más intenso, dulce y prolongado.<br /><br />Textura Sedosa y Sabor Exquisito<br />A diferencia de otros productos, esta crema destaca por su textura increíblemente sedosa que facilita un deslizamiento perfecto sobre la piel. Su fórmula avanzada permite un contacto piel con piel duradero, sin secarse rápidamente, lo que la hace ideal para masajes de cuerpo completo que culminan en besos y caricias íntimas.<br /><br />Lo que realmente la hace especial es su sabor delicioso. Cada caricia deja un rastro de sabor gourmet que invita a explorar a la pareja centímetro a centímetro, transformando el masaje en una experiencia gastronómica erótica de primer nivel.<br /><br />Cuidado de la Piel sin Residuos<br />A pesar de su sabor dulce y su capacidad de deslizamiento, la composición de esta crema ha sido cuidadosamente equilibrada para ofrecer beneficios cosméticos:<br />-Efecto de frescura: Deja una sensación revitalizante y fresca sobre la piel de manera inmediata.<br />- Acabado no graso: Al terminar, la piel queda profundamente suave y tersa al tacto, sin esa sensación pegajosa o aceitosa incómoda.<br />- Hidratación ligera: Sus ingredientes ayudan a que la piel se sienta cuidada y sedosa después del contacto.<br /><br />Recomendaciones y Uso:<br />- Uso sugerido: Aplica una cantidad generosa sobre la zona deseada y masajea suavemente con las manos o el cuerpo. Disfruta de su sabor libremente mientras exploras a tu pareja.<br />- Nota importante: Aunque es deliciosa y segura para ingerir, esta crema no se recomienda para ser usada como lubricante vaginal o anal. Su función es deleitar los sentidos sobre la piel.<br />- Fácil limpieza: Se retira fácilmente con agua o simplemente se disfruta hasta que la piel la absorba.-</p>
<p>Formato de 200 ml.</p>
<p></p>
<p class=""MsoNormal"">Ingredientes: Water/Eau<span> </span>(Aqua),<span> </span>Glycerin<span> </span>USP/Glycérine<span> </span>USP,<span> </span>Stea-ric<span> </span>Acid,<span> </span>Sunflower<span> </span>Oil/Huile<span> </span>de<span> </span>tournesol<span> </span>(Helianthus<span> </span>Annuus<span> </span>Seed<span> </span>Oil),<span> </span>Cetyl<span> </span>Alcohol,<span> </span>Glyceryl<span> </span>Stearate,<span> </span>Petrolatum,<span> </span>Propylene<span> </span>Glycol,<span> </span>Canola<span> </span>Oil/Huile<span> </span>de<span> </span>canola, Glycereth-2 Cocoate, Flavor/Saveur (Aroma), Sodium Polyacrylate, Citric Acid/Acide citrique, Xanthan Gum, Benzoic acid, Sodium PCA, Vitamin/Vitamine E (Tocopherol), Avocado Oil/Huile d’avocat (Persea Gratissima Oil), Grape Seed Oil/Huile<span> </span>de<span> </span>pépin<span> </span>de<span> </span>raisin<span> </span>(Vitis<span> </span>Vinifera<span> </span>Seed<span> </span>Oil),<span> </span>Sucralose,<span> </span>Safflower<span> </span>Oil/Huile de carthame (Carthamus Tinctorius Seed Oil), Sesame Oil/Huile de sésame (Sesamum<span> </span>Indicum<span> </span>Seed<span> </span>Oil),<span> </span>STRAWBERRY - RASPBERRRY: Honey/Miel<span> </span>(Mel),<span> </span>DMDM Hydantoin, Sodium Benzoate, Citral, Methyl-2 octynoate. EXOTIC FRUITS - GREEN TEA: Honey/Miel (Mel), DMDM Hydantoin, Sodium Benzoate. CHOCO-L ATE - ALMOND: Honey/Miel (Mel), DMDM Hydantoin, Sodium Benzoate, Benzyl Alcohol.</p>
<p></p>",SHUNGA,cosmetica intima,FALSE,draft,SH1126,697309041126,Title,Default Title,23.90,TRUE,shopify,11,DENY,339,g,TRUE,manual,https://backoffice.saintsual.com/44411-superlarge_default_2x/crema-de-masaje-almendras-200ml.jpg,1,CREMA DE MASAJE ALMENDRAS 200ML,FALSE
,crema-de-masaje-almendras-200ml,,,,,,,,,,,,,,,,,,,https://backoffice.saintsual.com/815-superlarge_default_2x/crema-de-masaje-almendras-200ml.jpg,2,CREMA DE MASAJE ALMENDRAS 200ML,
CREMA DE MASAJE FRAMBUESA 200ML,crema-de-masaje-frambuesa-200ml,"<p>Crema de Masaje Comestible Shunga: Un Festín para los Sentidos<br />Eleva la temperatura de tus encuentros y convierte cada rincón del cuerpo en una delicia. Esta crema de masaje 100% comestible ha sido diseñada para quienes buscan combinar el placer del tacto con el placer del gusto, permitiendo que el juego previo sea mucho más intenso, dulce y prolongado.<br /><br />Textura Sedosa y Sabor Exquisito<br />A diferencia de otros productos, esta crema destaca por su textura increíblemente sedosa que facilita un deslizamiento perfecto sobre la piel. Su fórmula avanzada permite un contacto piel con piel duradero, sin secarse rápidamente, lo que la hace ideal para masajes de cuerpo completo que culminan en besos y caricias íntimas.<br /><br />Lo que realmente la hace especial es su sabor delicioso. Cada caricia deja un rastro de sabor gourmet que invita a explorar a la pareja centímetro a centímetro, transformando el masaje en una experiencia gastronómica erótica de primer nivel.<br /><br />Cuidado de la Piel sin Residuos<br />A pesar de su sabor dulce y su capacidad de deslizamiento, la composición de esta crema ha sido cuidadosamente equilibrada para ofrecer beneficios cosméticos:<br />-Efecto de frescura: Deja una sensación revitalizante y fresca sobre la piel de manera inmediata.<br />- Acabado no graso: Al terminar, la piel queda profundamente suave y tersa al tacto, sin esa sensación pegajosa o aceitosa incómoda.<br />- Hidratación ligera: Sus ingredientes ayudan a que la piel se sienta cuidada y sedosa después del contacto.<br /><br />Recomendaciones y Uso:<br />- Uso sugerido: Aplica una cantidad generosa sobre la zona deseada y masajea suavemente con las manos o el cuerpo. Disfruta de su sabor libremente mientras exploras a tu pareja.<br />- Nota importante: Aunque es deliciosa y segura para ingerir, esta crema no se recomienda para ser usada como lubricante vaginal o anal. Su función es deleitar los sentidos sobre la piel.<br />- Fácil limpieza: Se retira fácilmente con agua o simplemente se disfruta hasta que la piel la absorba.</p>
<p>Formato de 200 ml.</p>
<p class=""MsoNormal"">Ingredientes: Water/Eau<span> </span>(Aqua),<span> </span>Glycerin<span> </span>USP/Glycérine<span> </span>USP,<span> </span>Stea-ric<span> </span>Acid,<span> </span>Sunflower<span> </span>Oil/Huile<span> </span>de<span> </span>tournesol<span> </span>(Helianthus<span> </span>Annuus<span> </span>Seed<span> </span>Oil),<span> </span>Cetyl<span> </span>Alcohol,<span> </span>Glyceryl<span> </span>Stearate,<span> </span>Petrolatum,<span> </span>Propylene<span> </span>Glycol,<span> </span>Canola<span> </span>Oil/Huile<span> </span>de<span> </span>canola, Glycereth-2 Cocoate, Flavor/Saveur (Aroma), Sodium Polyacrylate, Citric Acid/Acide citrique, Xanthan Gum, Benzoic acid, Sodium PCA, Vitamin/Vitamine E (Tocopherol), Avocado Oil/Huile d’avocat (Persea Gratissima Oil), Grape Seed Oil/Huile<span> </span>de<span> </span>pépin<span> </span>de<span> </span>raisin<span> </span>(Vitis<span> </span>Vinifera<span> </span>Seed<span> </span>Oil),<span> </span>Sucralose,<span> </span>Safflower<span> </span>Oil/Huile de carthame (Carthamus Tinctorius Seed Oil), Sesame Oil/Huile de sésame (Sesamum<span> </span>Indicum<span> </span>Seed<span> </span>Oil),<span> </span>STRAWBERRY - RASPBERRRY: Honey/Miel<span> </span>(Mel),<span> </span>DMDM Hydantoin, Sodium Benzoate, Citral, Methyl-2 octynoate. EXOTIC FRUITS - GREEN TEA: Honey/Miel (Mel), DMDM Hydantoin, Sodium Benzoate. CHOCO-L ATE - ALMOND: Honey/Miel (Mel), DMDM Hydantoin, Sodium Benzoate, Benzyl Alcohol.</p>",SHUNGA,cosmetica intima,FALSE,draft,SH1010,697309041010,Title,Default Title,23.90,TRUE,shopify,17,DENY,339,g,TRUE,manual,https://backoffice.saintsual.com/44412-superlarge_default_2x/crema-de-masaje-frambuesa-200ml.jpg,1,CREMA DE MASAJE FRAMBUESA 200ML,FALSE
,crema-de-masaje-frambuesa-200ml,,,,,,,,,,,,,,,,,,,https://backoffice.saintsual.com/817-superlarge_default_2x/crema-de-masaje-frambuesa-200ml.jpg,2,CREMA DE MASAJE FRAMBUESA 200ML,
CREMA DE MASAJE FRUTOS EXÓTICOS 200ML,crema-de-masaje-frutos-exoticos-200ml,"<p>Crema de Masaje Comestible Shunga: Un Festín para los Sentidos<br />Eleva la temperatura de tus encuentros y convierte cada rincón del cuerpo en una delicia. Esta crema de masaje 100% comestible ha sido diseñada para quienes buscan combinar el placer del tacto con el placer del gusto, permitiendo que el juego previo sea mucho más intenso, dulce y prolongado.<br /><br />Textura Sedosa y Sabor Exquisito<br />A diferencia de otros productos, esta crema destaca por su textura increíblemente sedosa que facilita un deslizamiento perfecto sobre la piel. Su fórmula avanzada permite un contacto piel con piel duradero, sin secarse rápidamente, lo que la hace ideal para masajes de cuerpo completo que culminan en besos y caricias íntimas.<br /><br />Lo que realmente la hace especial es su sabor delicioso. Cada caricia deja un rastro de sabor gourmet que invita a explorar a la pareja centímetro a centímetro, transformando el masaje en una experiencia gastronómica erótica de primer nivel.<br /><br />Cuidado de la Piel sin Residuos<br />A pesar de su sabor dulce y su capacidad de deslizamiento, la composición de esta crema ha sido cuidadosamente equilibrada para ofrecer beneficios cosméticos:<br />-Efecto de frescura: Deja una sensación revitalizante y fresca sobre la piel de manera inmediata.<br />- Acabado no graso: Al terminar, la piel queda profundamente suave y tersa al tacto, sin esa sensación pegajosa o aceitosa incómoda.<br />- Hidratación ligera: Sus ingredientes ayudan a que la piel se sienta cuidada y sedosa después del contacto.<br /><br />Recomendaciones y Uso:<br />- Uso sugerido: Aplica una cantidad generosa sobre la zona deseada y masajea suavemente con las manos o el cuerpo. Disfruta de su sabor libremente mientras exploras a tu pareja.<br />- Nota importante: Aunque es deliciosa y segura para ingerir, esta crema no se recomienda para ser usada como lubricante vaginal o anal. Su función es deleitar los sentidos sobre la piel.<br />- Fácil limpieza: Se retira fácilmente con agua o simplemente se disfruta hasta que la piel la absorba.</p>
<p>Formato de 200 ml.</p>
<p></p>
<p class=""MsoNormal"">Ingredientes: Water/Eau<span> </span>(Aqua),<span> </span>Glycerin<span> </span>USP/Glycérine<span> </span>USP,<span> </span>Stea-ric<span> </span>Acid,<span> </span>Sunflower<span> </span>Oil/Huile<span> </span>de<span> </span>tournesol<span> </span>(Helianthus<span> </span>Annuus<span> </span>Seed<span> </span>Oil),<span> </span>Cetyl<span> </span>Alcohol,<span> </span>Glyceryl<span> </span>Stearate,<span> </span>Petrolatum,<span> </span>Propylene<span> </span>Glycol,<span> </span>Canola<span> </span>Oil/Huile<span> </span>de<span> </span>canola, Glycereth-2 Cocoate, Flavor/Saveur (Aroma), Sodium Polyacrylate, Citric Acid/Acide citrique, Xanthan Gum, Benzoic acid, Sodium PCA, Vitamin/Vitamine E (Tocopherol), Avocado Oil/Huile d’avocat (Persea Gratissima Oil), Grape Seed Oil/Huile<span> </span>de<span> </span>pépin<span> </span>de<span> </span>raisin<span> </span>(Vitis<span> </span>Vinifera<span> </span>Seed<span> </span>Oil),<span> </span>Sucralose,<span> </span>Safflower<span> </span>Oil/Huile de carthame (Carthamus Tinctorius Seed Oil), Sesame Oil/Huile de sésame (Sesamum<span> </span>Indicum<span> </span>Seed<span> </span>Oil),<span> </span>STRAWBERRY - RASPBERRRY: Honey/Miel<span> </span>(Mel),<span> </span>DMDM Hydantoin, Sodium Benzoate, Citral, Methyl-2 octynoate. EXOTIC FRUITS - GREEN TEA: Honey/Miel (Mel), DMDM Hydantoin, Sodium Benzoate. CHOCO-L ATE - ALMOND: Honey/Miel (Mel), DMDM Hydantoin, Sodium Benzoate, Benzyl Alcohol.</p>
<p></p>",SHUNGA,cosmetica intima,FALSE,draft,SH1027,697309041027,Title,Default Title,23.90,TRUE,shopify,20,DENY,339,g,TRUE,manual,https://backoffice.saintsual.com/44410-superlarge_default_2x/crema-de-masaje-frutos-exrticos-200ml.jpg,1,CREMA DE MASAJE FRUTOS EXÓTICOS 200ML,FALSE
,crema-de-masaje-frutos-exoticos-200ml,,,,,,,,,,,,,,,,,,,https://backoffice.saintsual.com/818-superlarge_default_2x/crema-de-masaje-frutos-exrticos-200ml.jpg,2,CREMA DE MASAJE FRUTOS EXÓTICOS 200ML,
CREMA DE MASAJE CHOCOLATE 200ML,crema-de-masaje-chocolate-200ml,"<p>Crema de Masaje Comestible Shunga: Un Festín para los Sentidos<br />Eleva la temperatura de tus encuentros y convierte cada rincón del cuerpo en una delicia. Esta crema de masaje 100% comestible ha sido diseñada para quienes buscan combinar el placer del tacto con el placer del gusto, permitiendo que el juego previo sea mucho más intenso, dulce y prolongado.<br /><br />Textura Sedosa y Sabor Exquisito<br />A diferencia de otros productos, esta crema destaca por su textura increíblemente sedosa que facilita un deslizamiento perfecto sobre la piel. Su fórmula avanzada permite un contacto piel con piel duradero, sin secarse rápidamente, lo que la hace ideal para masajes de cuerpo completo que culminan en besos y caricias íntimas.<br /><br />Lo que realmente la hace especial es su sabor delicioso. Cada caricia deja un rastro de sabor gourmet que invita a explorar a la pareja centímetro a centímetro, transformando el masaje en una experiencia gastronómica erótica de primer nivel.<br /><br />Cuidado de la Piel sin Residuos<br />A pesar de su sabor dulce y su capacidad de deslizamiento, la composición de esta crema ha sido cuidadosamente equilibrada para ofrecer beneficios cosméticos:<br />-Efecto de frescura: Deja una sensación revitalizante y fresca sobre la piel de manera inmediata.<br />- Acabado no graso: Al terminar, la piel queda profundamente suave y tersa al tacto, sin esa sensación pegajosa o aceitosa incómoda.<br />- Hidratación ligera: Sus ingredientes ayudan a que la piel se sienta cuidada y sedosa después del contacto.<br /><br />Recomendaciones y Uso:<br />- Uso sugerido: Aplica una cantidad generosa sobre la zona deseada y masajea suavemente con las manos o el cuerpo. Disfruta de su sabor libremente mientras exploras a tu pareja.<br />- Nota importante: Aunque es deliciosa y segura para ingerir, esta crema no se recomienda para ser usada como lubricante vaginal o anal. Su función es deleitar los sentidos sobre la piel.<br />- Fácil limpieza: Se retira fácilmente con agua o simplemente se disfruta hasta que la piel la absorba.-</p>
<p>Formato de 200 ml.</p>
<p></p>
<p class=""MsoNormal"">Ingredientes: Water/Eau<span> </span>(Aqua),<span> </span>Glycerin<span> </span>USP/Glycérine<span> </span>USP,<span> </span>Stea-ric<span> </span>Acid,<span> </span>Sunflower<span> </span>Oil/Huile<span> </span>de<span> </span>tournesol<span> </span>(Helianthus<span> </span>Annuus<span> </span>Seed<span> </span>Oil),<span> </span>Cetyl<span> </span>Alcohol,<span> </span>Glyceryl<span> </span>Stearate,<span> </span>Petrolatum,<span> </span>Propylene<span> </span>Glycol,<span> </span>Canola<span> </span>Oil/Huile<span> </span>de<span> </span>canola, Glycereth-2 Cocoate, Flavor/Saveur (Aroma), Sodium Polyacrylate, Citric Acid/Acide citrique, Xanthan Gum, Benzoic acid, Sodium PCA, Vitamin/Vitamine E (Tocopherol), Avocado Oil/Huile d’avocat (Persea Gratissima Oil), Grape Seed Oil/Huile<span> </span>de<span> </span>pépin<span> </span>de<span> </span>raisin<span> </span>(Vitis<span> </span>Vinifera<span> </span>Seed<span> </span>Oil),<span> </span>Sucralose,<span> </span>Safflower<span> </span>Oil/Huile de carthame (Carthamus Tinctorius Seed Oil), Sesame Oil/Huile de sésame (Sesamum<span> </span>Indicum<span> </span>Seed<span> </span>Oil),<span> </span>STRAWBERRY - RASPBERRRY: Honey/Miel<span> </span>(Mel),<span> </span>DMDM Hydantoin, Sodium Benzoate, Citral, Methyl-2 octynoate. EXOTIC FRUITS - GREEN TEA: Honey/Miel (Mel), DMDM Hydantoin, Sodium Benzoate. CHOCO-L ATE - ALMOND: Honey/Miel (Mel), DMDM Hydantoin, Sodium Benzoate, Benzyl Alcohol.</p>
<p></p>",SHUNGA,cosmetica intima,FALSE,draft,SH1096,697309041096,Title,Default Title,23.90,TRUE,shopify,27,DENY,339,g,TRUE,manual,https://backoffice.saintsual.com/44409-superlarge_default_2x/crema-de-masaje-chocolate-200ml.jpg,1,CREMA DE MASAJE CHOCOLATE 200ML,FALSE
,crema-de-masaje-chocolate-200ml,,,,,,,,,,,,,,,,,,,https://backoffice.saintsual.com/819-superlarge_default_2x/crema-de-masaje-chocolate-200ml.jpg,2,CREMA DE MASAJE CHOCOLATE 200ML,
CREMA DE MASAJE FRESA CHAMPAGNE 200ML,crema-de-masaje-fresa-champagne-200ml,"<p>Crema de Masaje Comestible Shunga: Un Festín para los Sentidos<br />Eleva la temperatura de tus encuentros y convierte cada rincón del cuerpo en una delicia. Esta crema de masaje 100% comestible ha sido diseñada para quienes buscan combinar el placer del tacto con el placer del gusto, permitiendo que el juego previo sea mucho más intenso, dulce y prolongado.<br /><br />Textura Sedosa y Sabor Exquisito<br />A diferencia de otros productos, esta crema destaca por su textura increíblemente sedosa que facilita un deslizamiento perfecto sobre la piel. Su fórmula avanzada permite un contacto piel con piel duradero, sin secarse rápidamente, lo que la hace ideal para masajes de cuerpo completo que culminan en besos y caricias íntimas.<br /><br />Lo que realmente la hace especial es su sabor delicioso. Cada caricia deja un rastro de sabor gourmet que invita a explorar a la pareja centímetro a centímetro, transformando el masaje en una experiencia gastronómica erótica de primer nivel.<br /><br />Cuidado de la Piel sin Residuos<br />A pesar de su sabor dulce y su capacidad de deslizamiento, la composición de esta crema ha sido cuidadosamente equilibrada para ofrecer beneficios cosméticos:<br />-Efecto de frescura: Deja una sensación revitalizante y fresca sobre la piel de manera inmediata.<br />- Acabado no graso: Al terminar, la piel queda profundamente suave y tersa al tacto, sin esa sensación pegajosa o aceitosa incómoda.<br />- Hidratación ligera: Sus ingredientes ayudan a que la piel se sienta cuidada y sedosa después del contacto.<br /><br />Recomendaciones y Uso:<br />- Uso sugerido: Aplica una cantidad generosa sobre la zona deseada y masajea suavemente con las manos o el cuerpo. Disfruta de su sabor libremente mientras exploras a tu pareja.<br />- Nota importante: Aunque es deliciosa y segura para ingerir, esta crema no se recomienda para ser usada como lubricante vaginal o anal. Su función es deleitar los sentidos sobre la piel.<br />- Fácil limpieza: Se retira fácilmente con agua o simplemente se disfruta hasta que la piel la absorba.-</p>
<p>Formato de 200 ml.</p>
<p></p>
<p class=""MsoNormal"">Ingredientes: Water/Eau<span> </span>(Aqua),<span> </span>Glycerin<span> </span>USP/Glycérine<span> </span>USP,<span> </span>Stea-ric<span> </span>Acid,<span> </span>Sunflower<span> </span>Oil/Huile<span> </span>de<span> </span>tournesol<span> </span>(Helianthus<span> </span>Annuus<span> </span>Seed<span> </span>Oil),<span> </span>Cetyl<span> </span>Alcohol,<span> </span>Glyceryl<span> </span>Stearate,<span> </span>Petrolatum,<span> </span>Propylene<span> </span>Glycol,<span> </span>Canola<span> </span>Oil/Huile<span> </span>de<span> </span>canola, Glycereth-2 Cocoate, Flavor/Saveur (Aroma), Sodium Polyacrylate, Citric Acid/Acide citrique, Xanthan Gum, Benzoic acid, Sodium PCA, Vitamin/Vitamine E (Tocopherol), Avocado Oil/Huile d’avocat (Persea Gratissima Oil), Grape Seed Oil/Huile<span> </span>de<span> </span>pépin<span> </span>de<span> </span>raisin<span> </span>(Vitis<span> </span>Vinifera<span> </span>Seed<span> </span>Oil),<span> </span>Sucralose,<span> </span>Safflower<span> </span>Oil/Huile de carthame (Carthamus Tinctorius Seed Oil), Sesame Oil/Huile de sésame (Sesamum<span> </span>Indicum<span> </span>Seed<span> </span>Oil),<span> </span>STRAWBERRY - RASPBERRRY: Honey/Miel<span> </span>(Mel),<span> </span>DMDM Hydantoin, Sodium Benzoate, Citral, Methyl-2 octynoate. EXOTIC FRUITS - GREEN TEA: Honey/Miel (Mel), DMDM Hydantoin, Sodium Benzoate. CHOCO-L ATE - ALMOND: Honey/Miel (Mel), DMDM Hydantoin, Sodium Benzoate, Benzyl Alcohol.</p>
<p></p>",SHUNGA,cosmetica intima,FALSE,draft,SH1089,697309041089,Title,Default Title,23.90,TRUE,shopify,45,DENY,339,g,TRUE,manual,https://backoffice.saintsual.com/44408-superlarge_default_2x/crema-de-masaje-fresa-champagne-200ml.jpg,1,CREMA DE MASAJE FRESA CHAMPAGNE 200ML,FALSE
,crema-de-masaje-fresa-champagne-200ml,,,,,,,,,,,,,,,,,,,https://backoffice.saintsual.com/820-superlarge_default_2x/crema-de-masaje-fresa-champagne-200ml.jpg,2,CREMA DE MASAJE FRESA CHAMPAGNE 200ML,
LUBRICANTE TOKO ORGÁNICO 165ML,lubricante-toko-organico-165ml,"<p class=""MsoNormal"">Lubricante Orgánico Toko Organics: Té Verde y Pureza Natural (165 ml)<br />Descubre el equilibrio perfecto entre bienestar y placer con el lubricante de la línea Organics. Formulado para quienes priorizan la salud de su cuerpo tanto como su vida sexual, este lubricante a base de agua combina la delicadeza de los ingredientes orgánicos con una experiencia sensorial refrescante y sofisticada.<br /><br />Pureza Certificada: De la Naturaleza a tu Piel<br />A diferencia de los lubricantes convencionales, este producto se basa en un compromiso total con lo natural. Su fórmula está compuesta por:<br /><br />Glicerina Vegetal Pura: Extraída de fuentes orgánicas para proporcionar una hidratación profunda y sedosa.<br /><br />Derivados Naturales del Maíz: Aportan una textura deslizante de larga duración sin necesidad de químicos sintéticos.<br /><br />Sin Procesos Químicos: Desde el cultivo de las plantas hasta el proceso de refinación, no se utilizan pesticidas ni agentes químicos, garantizando un producto limpio y puro.<br /><br />Cuidado Especializado: Ideal para Pieles Sensibles<br />Este lubricante ha sido diseñado pensando en la salud femenina. Su composición orgánica es especialmente recomendada para mujeres con tendencia a infecciones vaginales o sensibilidad extrema. Al respetar el equilibrio delicado de la zona íntima y evitar irritantes comunes, permite disfrutar de las relaciones con total tranquilidad y confort.<br /><br />El Aroma de la Serenidad: Té Verde<br />Déjate envolver por el sutil y relajante aroma al Té Verde. Su fragancia ligera y natural ayuda a crear una atmósfera de calma y conexión, transformando el encuentro íntimo en un ritual de bienestar para los sentidos.<br /><br />Características Destacadas:<br />Ingredientes Orgánicos Certificados: Máxima calidad y respeto por el medio ambiente.<br /><br />Base de Agua Premium: Textura fluida, no pegajosa y de fácil absorción.<br /><br />Compatible con Látex y Juguetes: Seguro para usar con preservativos y todo tipo de accesorios de silicona.<br /><br />Hipoalergénico: Minimiza el riesgo de reacciones alérgicas o irritaciones.<br /><br />Envase de 165 ml: Formato ideal para un uso frecuente, manteniendo siempre la frescura del producto.<br /><br />¿Por qué elegir la línea Organics?<br />Elegir este lubricante es optar por un estilo de vida consciente. Es la solución ideal para parejas que buscan eliminar los parabenos y químicos de su intimidad, sin sacrificar la suavidad y el deslizamiento que un lubricante de alta gama debe ofrecer.</p>
<p class=""MsoNormal"">Ingredientes: Water/Eau (Aqua), Glycerin USP/Glycérine USP *, Propanediol**,Hydroxyethyl Cellulose. *Certified Organic/Certifiés biologiques.. *100% Natural</p>",SHUNGA,cosmetica intima,FALSE,draft,SH1001,697309061001,Title,Default Title,24.90,TRUE,shopify,195,DENY,217,g,TRUE,manual,https://backoffice.saintsual.com/898-superlarge_default_2x/lubricante-toko-orgrnico-165ml.jpg,1,LUBRICANTE TOKO ORGÁNICO 165ML,FALSE
,lubricante-toko-organico-165ml,,,,,,,,,,,,,,,,,,,https://backoffice.saintsual.com/44456-superlarge_default_2x/lubricante-toko-orgrnico-165ml.jpg,2,LUBRICANTE TOKO ORGÁNICO 165ML,
KIT SHUNGA SECRET GEISHA FRESA CHAMPAGNE,kit-shunga-secret-geisha-fresa-champagne,<p>Kit de shunga con aroma a fresas-champagne que está compuesto por:</p><p>- Aceite de Masaje Romance 10 ml.</p><p>- Aceite Afrodisíaco 10 ml.</p><p>- Vela de masaje Romance 30 ml.</p><p>- Lubricante Toko a base de agua 10 ml.</p><p>- Crema Dragon Virility 7 ml.<br /></p>,SHUNGA,cosmetica intima,FALSE,draft,SH2082,697309082082,Title,Default Title,35.90,TRUE,shopify,33,DENY,245,g,TRUE,manual,https://backoffice.saintsual.com/911-superlarge_default_2x/kit-shunga-secret-geisha-fresa-champagne.jpg,1,KIT SHUNGA SECRET GEISHA FRESA CHAMPAGNE,FALSE
,kit-shunga-secret-geisha-fresa-champagne,,,,,,,,,,,,,,,,,,,https://backoffice.saintsual.com/6620-superlarge_default_2x/kit-shunga-secret-geisha-fresa-champagne.jpg,2,KIT SHUNGA SECRET GEISHA FRESA CHAMPAGNE,
,kit-shunga-secret-geisha-fresa-champagne,,,,,,,,,,,,,,,,,,,https://backoffice.saintsual.com/6621-superlarge_default_2x/kit-shunga-secret-geisha-fresa-champagne.jpg,3,KIT SHUNGA SECRET GEISHA FRESA CHAMPAGNE,
KIT SHUNGA SECRET GEISHA TÉ VERDE ORGÁNICO,kit-shunga-secret-geisha-te-verde-organico,<p>Kit de shunga orgánico con aroma a Té Verde que está compuesto por:</p><p>- Aceite de Masaje Orgánica 10 ml.</p><p>- Aceite Afrodisíaco 10 ml.</p><p>- Vela de masaje Zenitude 30 ml.</p><p>- Lubricante Toko Orgánica a base de agua 10 ml.</p>- Gel sensibilizante Lotus Noir 7 ml.<br />,SHUNGA,cosmetica intima,FALSE,draft,SH2112,697309082112,Title,Default Title,38.90,TRUE,shopify,15,DENY,245,g,TRUE,manual,https://backoffice.saintsual.com/912-superlarge_default_2x/kit-shunga-secret-geisha-tr-verde-orgrnico.jpg,1,KIT SHUNGA SECRET GEISHA TÉ VERDE ORGÁNICO,FALSE
,kit-shunga-secret-geisha-te-verde-organico,,,,,,,,,,,,,,,,,,,https://backoffice.saintsual.com/6622-superlarge_default_2x/kit-shunga-secret-geisha-tr-verde-orgrnico.jpg,2,KIT SHUNGA SECRET GEISHA TÉ VERDE ORGÁNICO,
,kit-shunga-secret-geisha-te-verde-organico,,,,,,,,,,,,,,,,,,,https://backoffice.saintsual.com/6623-superlarge_default_2x/kit-shunga-secret-geisha-tr-verde-orgrnico.jpg,3,KIT SHUNGA SECRET GEISHA TÉ VERDE ORGÁNICO,
SHUNGA CREMA VIRILITY DRAGON SENSIBLE 60ML,shunga-crema-virility-dragon-sensible-60ml,"<p>Crema Intensificadora Shunga: La Alquimia del ""Fuego y Hielo"" para la Pareja<br />Descubre una nueva dimensión del placer compartido con la Crema Intensificadora de Shunga, una fórmula magistral diseñada para armonizar y potenciar la respuesta sexual de ambos miembros de la pareja. Inspirada en la sabiduría ancestral y perfeccionada con biotecnología moderna, esta crema es la llave para encuentros más vibrantes, profundos y memorables.<br /><br />El Efecto ""Fuego y Hielo"": Una Dualidad Sensorial<br />Esta crema no es un estimulante común. Su exclusiva fórmula crea una sensación dual de ""Fuego y Hielo"" que juega con los receptores térmicos de la piel. Una oleada de frescor electrizante seguida de un calor intenso y profundo que estimula el flujo sanguíneo, maximizando la sensibilidad en cada roce.<br /><br />Para Él: Ayuda a desatar toda la fuerza y energía vital, promoviendo un rendimiento óptimo y una sensación de vigor renovado.<br /><br />Para Ella: Sensibiliza las zonas íntimas de forma excepcional, permitiendo que cada caricia se sienta multiplicada. Esta estimulación está diseñada para facilitar el camino hacia orgasmos múltiples y más intensos.<br /><br />Ingredientes Naturales para un Placer Puro<br />La eficacia de esta crema reside en su mezcla exclusiva de plantas y extractos 100% naturales. Shunga utiliza ingredientes botánicos seleccionados por sus propiedades afrodisíacas y estimulantes, garantizando una experiencia potente pero respetuosa con el equilibrio de las zonas más delicadas del cuerpo.<br /><br />Rendimiento y Duración Excepcional<br />A diferencia de otros geles de efecto efímero, la Crema Intensificadora Shunga ofrece una larga duración de entre 30 y 45 minutos. Este tiempo de acción asegura que ambos puedan disfrutar del clímax sin prisas, permitiendo que el efecto ""fuego y hielo"" acompañe todo el acto sexual, desde los juegos preliminares hasta el éxtasis final.<br /><br />Características Destacadas:<br />- Fórmula Natural: Realizada a base de extractos botánicos de alta calidad.<br />- Efecto Dual: Sensación térmica alternada que intensifica el placer.<br />- Uso en Pareja: Diseñada para beneficiar a ambos simultáneamente.<br />- Larga Duración: Hasta 45 minutos de estimulación continua.<br /><br />Modo de Uso:<br />Aplica una pequeña cantidad sobre las zonas íntimas de ambos unos minutos antes del encuentro. Masajea suavemente para que los extractos naturales comiencen a actuar y prepárate para una experiencia de rendimiento y sensibilidad sin precedentes.</p>
<p></p>
<p class=""MsoNormal"">Ingredientes:<span> </span>Water/Eau<span> </span>(Aqua),<span> </span>Glycerin<span> </span>USP/Glycérine<span> </span>USP,<span> </span>Propylene<span> </span>Glycol,<span> </span>Safflower<span> </span>Oil/Huile<span> </span>de<span> </span>carthame<span> </span>(Carthamus<span> </span>Tinctorius<span> </span>Seed<span> </span>Oil),<span> </span>Ca-pryllic/Capric Triglycerine, Hydrogenated Polyisobutene and Ethylene/Propylene/Styrene,Copolymer, (And) Butylene/Ethylene/Styrene, Copolymer, Flavor/Saveur (Aroma), Sweet Almond Oil/Huile d’amande douce (Almond (Prunus Dulcis) Oil), Grape Seed Oil/Huile de pépin de raisin (Grape (Vitis Vinefera) Seed Oil), Sesa-me Oil/Huile de sesame (Sesame (Sesamum Indicium) Seed Oil), Avocado Oil/Huile d’avocat (Persea Gratissima (Avocado) Oil), Arginine, Mentyl lactate, Cit-ric Acid/Acide citrique, Polyquaterium-7, Polyglyceryl-6 Octastearate, Hydroxytet-hyl<span> </span>Cellulose,<span> </span>Polyglyceryl-10<span> </span>Mono/Dioleate,<span> </span>Acrylates/C10-30<span> </span>Alkyl<span> </span>Acrylate<span> </span>Crosspolymer, Sucralose, Carbomer, Vanillyl<span> </span>Butyl<span> </span>Ether,<span> </span>Proprietary<span> </span>Extract<span> </span>Blend of / Mélange exclusif de (Lepidium meyenii root, Epimedium Gran-diflorum<span> </span>C<span> </span>Herb,<span> </span>Tribulus<span> </span>Terrestris,<span> </span>Paullinia<span> </span>Cupana<span> </span>(Guarana)<span> </span>Seed,<span> </span>Ptychopetalum olacoides), Vitamin/Vitamine E (Tocopherol), Capsicum, Benzyl Alcohol, Butylated hydroxytoluene (BHT)</p>
<p></p>",SHUNGA,cosmetica intima,FALSE,draft,SH2207,697309052207,Title,Default Title,41.90,TRUE,shopify,60,DENY,111,g,TRUE,manual,https://backoffice.saintsual.com/44381-superlarge_default_2x/shunga-crema-virility-dragon-sensible-60ml.jpg,1,SHUNGA CREMA VIRILITY DRAGON SENSIBLE 60ML,FALSE
,shunga-crema-virility-dragon-sensible-60ml,,,,,,,,,,,,,,,,,,,https://backoffice.saintsual.com/44380-superlarge_default_2x/shunga-crema-virility-dragon-sensible-60ml.jpg,2,SHUNGA CREMA VIRILITY DRAGON SENSIBLE 60ML,
,shunga-crema-virility-dragon-sensible-60ml,,,,,,,,,,,,,,,,,,,https://backoffice.saintsual.com/44382-superlarge_default_2x/shunga-crema-virility-dragon-sensible-60ml.jpg,3,SHUNGA CREMA VIRILITY DRAGON SENSIBLE 60ML,
GEL PARA PAREJAS LOTUS NOIR,gel-para-parejas-lotus-noir,"<p>Aquí tienes una propuesta de descripción larga y detallada, enfocada en la pureza de sus ingredientes y el poder de la biotecnología orgánica para mejorar la vida sexual de la pareja.<br /><br />Lotus Noir de Shunga: El Despertar Orgánico de la Sensibilidad<br />Lleva tus encuentros íntimos a una nueva dimensión de placer con Lotus Noir, el gel sensibilizante premium de Shunga diseñado para quienes buscan una estimulación intensa sin renunciar a la pureza. Este gel unisex ha sido formulado para despertar las terminaciones nerviosas y maximizar la respuesta física ante cada caricia, permitiendo que tanto el hombre como la mujer experimenten un placer más profundo y vibrante.<br /><br />La Ciencia de la Naturaleza: Fórmula 100% Orgánica<br />Lo que hace único a Lotus Noir es su compromiso con la salud íntima y el medio ambiente. Es una fórmula de certificación ecológica que demuestra que la potencia no está reñida con la naturalidad:<br /><br />Base de Agua y Glicerina Vegetal Pura: A diferencia de otros estimulantes, su base es extremadamente respetuosa con el pH, proporcionando una textura sedosa que se funde con la piel sin dejar residuos pegajosos.<br /><br />Potenciado con L-Arginina: Este aminoácido esencial actúa como un motor de placer natural. Al aplicarse, ayuda a aumentar la circulación sanguínea en las regiones más sensibles, provocando una mayor turgencia y una receptividad extrema al tacto.<br /><br />Extractos Naturales Enriquecidos: Su receta exclusiva utiliza botánicos seleccionados para nutrir la zona mientras actúan como un estimulante externo de acción rápida.<br /><br />Beneficios para Él y para Ella<br />Lotus Noir es el aliado perfecto para la pareja, ya que sus efectos se adaptan a cada anatomía:<br /><br />En la Mujer: Sensibiliza el área del clítoris y los labios, facilitando la llegada al orgasmo y aumentando la intensidad de las contracciones.<br /><br />En el Hombre: Aplicado en el glande, proporciona un ""extra"" de sensibilidad que intensifica la sensación de la penetración o el masaje manual, permitiendo un control más consciente y placentero.<br /><br />Seguridad y Calidad Shunga<br />Fiel a los estándares de excelencia de la marca, este gel de 60 ml ha sido diseñado pensando en la versatilidad y la seguridad:<br /><br />Compatible con Látex: Puedes usarlo con total tranquilidad junto a tus preservativos y juguetes de silicona favoritos.<br /><br />Uso Externo: Su aplicación es sencilla y su efecto es casi inmediato, ideal para integrar en los juegos preliminares.<br /><br />Libre de químicos agresivos: Al ser orgánico, es la opción ideal para pieles sensibles que buscan una estimulación potente pero segura.<br /><br />Por qué elegir Lotus Noir:<br />Estimulación Dual: Un solo producto para potenciar el placer de ambos.<br /><br />Certificación Ecológica: Ingredientes puros para un cuidado íntimo consciente.<br /><br />Circulación Potenciada: Gracias a la L-Arginina, sentirás la zona ""despierta"" y lista para el placer.<br /><br />Textura Premium: Se desliza como la seda y se absorbe dejando la piel suave.<br /><br />Modo de Empleo:<br />Aplica una pequeña gota del gel sobre las zonas externas más sensibles (clítoris o glande) y realiza un suave masaje circular. En pocos segundos, notarás una sensación de hormigueo o calidez que indica que los ingredientes activos están trabajando para elevar tu sensibilidad al máximo.</p>",SHUNGA,cosmetica intima,FALSE,draft,SH6007,697309056007,Title,Default Title,44.90,TRUE,shopify,38,DENY,146,g,TRUE,manual,https://backoffice.saintsual.com/44441-superlarge_default_2x/gel-para-parejas-lotus-noir.jpg,1,GEL PARA PAREJAS LOTUS NOIR,FALSE
,gel-para-parejas-lotus-noir,,,,,,,,,,,,,,,,,,,https://backoffice.saintsual.com/44442-superlarge_default_2x/gel-para-parejas-lotus-noir.jpg,2,GEL PARA PAREJAS LOTUS NOIR,
,gel-para-parejas-lotus-noir,,,,,,,,,,,,,,,,,,,https://backoffice.saintsual.com/44443-superlarge_default_2x/gel-para-parejas-lotus-noir.jpg,3,GEL PARA PAREJAS LOTUS NOIR,
,gel-para-parejas-lotus-noir,,,,,,,,,,,,,,,,,,,https://backoffice.saintsual.com/44444-superlarge_default_2x/gel-para-parejas-lotus-noir.jpg,4,GEL PARA PAREJAS LOTUS NOIR,
KIT SHUNGA CARNAL PLEASURES COLLECTION,kit-shunga-carnal-pleasures-collection,<p>Kit de la prestigiosa marca Shunga que contiene:</p><p>- Aceite de masaje de frutas exóticas de 240 ml.</p><p>- Crema de masaje de frutas exóticas de 200 ml.</p><p>- Oral gloss de Fresas  Champán de 10 ml.</p><p>- Toko Agua de 165 ml.</p><p>- Dragón sensible de 60 ml.</p><p>- Collar de perlas blanco.</p><p>¡Todo un pecado carnal!<br /></p>,SHUNGA,cosmetica intima,FALSE,draft,SH0070,697309090070,Title,Default Title,107.90,TRUE,shopify,0,DENY,1020,g,TRUE,manual,https://backoffice.saintsual.com/1134-superlarge_default_2x/kit-shunga-carnal-pleasures-collection.jpg,1,KIT SHUNGA CARNAL PLEASURES COLLECTION,FALSE
SHUNGA ACEITE AFROD. MIDNIGHT SORBET 100 ML,shunga-aceite-afrod-midnight-sorbet-100-ml,"<p>Aceite Íntimo Efecto Calor: Una Experiencia Sensorial Comestible (100 ml)<br />Transforma tus encuentros íntimos en un banquete para los sentidos con nuestro Aceite Comestible de Efecto Calor. Diseñado específicamente para explorar las zonas más sensibles del cuerpo, este elixir combina el juego de la temperatura con sabores irresistibles para elevar la pasión a un nivel completamente nuevo.<br /><br />El Arte del Beso Térmico<br />Lo que hace único a este aceite es su tecnología de activación térmica. Al aplicarlo sobre la piel, se mantiene sutil y suave, pero en el momento en que recibe un aliento cálido o un beso, reacciona liberando una intensa y placentera sensación de calor. Es la herramienta perfecta para guiar los juegos preliminares y redescubrir cada rincón de la anatomía de tu pareja.<br /><br />Sabor Afrodisíaco sin Culpa<br />Disfruta de una experiencia dulce y tentadora sin preocuparte por los ingredientes. Nuestra fórmula ha sido creada pensando en el placer total:<br /><br />Delicioso Sabor: Diseñado para ser degustado, convirtiendo los besos en una experiencia gourmet.<br /><br />0% Azúcar: Disfruta de su dulzor sin rastro de azúcares, lo que lo hace más ligero y respetuoso con tu cuerpo.<br /><br />Ingredientes Naturales: Compuesto por elementos de origen natural para cuidar la piel mientras juegas.<br /><br />Modo de Uso: ¿Cómo despertar el calor?<br />Aplica una pequeña cantidad de aceite sobre la zona erógena deseada.<br /><br />Extiéndelo suavemente con un masaje.<br /><br />El secreto: Sopla suavemente o deposita besos íntimos sobre el área. Sentirás cómo el efecto calor se activa instantáneamente, intensificando la sensibilidad y el deseo.<br /><br />Características Principales:<br />- Efecto Calor Inmediato: Se activa con el aliento y la fricción.<br />- Base Natural: Fórmula respetuosa con la piel y apta para el consumo humano.<br />- Libre de Azúcar: Ideal para quienes buscan un juego limpio y saludable.<br />- Formato Generoso: Envase de 100 ml, perfecto para múltiples sesiones de placer.<br /><br />Nota importante: Este producto es un aceite de masaje diseñado para el juego previo y la estimulación de zonas erógenas. No se recomienda su uso como lubricante íntimo ni es compatible con el látex de los preservativos.</p>
<p class=""MsoNormal"">Ingredientes:<span> </span>Glycerin <span> </span>USP/Glycérine<span> </span>USP,<span> </span>Propylene<span> </span>glycol,<span> </span>Flavor/Saveur (Aroma), Sodium Saccharin, Colors for: CHERRY: FD&amp;C Red/Rouge #40 (CI<span> </span>16035).<span> </span>RASPBERRY:<span> </span>FD&amp;C<span> </span>Red/Rouge<span> </span>#40<span> </span>(CI<span> </span>16035),<span> </span>D&amp;C<span> </span>Red/Rouge<span> </span>#33<span> </span>(CI<span> </span>17200).<span> </span>FRUITS:<span> </span>D-Limonene,<span> </span>FD&amp;C<span> </span>Blue/Bleu<span> </span>#1<span> </span>(CI<span> </span>42090),<span> </span>D&amp;C<span> </span>Red/Rouge<span> </span>#33<span> </span>(CI17200).<span> </span>STRAWBERRY:<span> </span>D&amp;C<span> </span>Red/Rouge<span> </span>#33<span> </span>(CI<span> </span>17200),<span> </span>FD&amp;C<span> </span>Red/Rouge<span> </span>#40<span> </span>(CI<span> </span>16035).<span> </span>CHOCOLATE:<span> </span>FD&amp;C<span> </span>Red/Rouge<span> </span>#40<span> </span>(CI<span> </span>16035),<span> </span>FD&amp;C<span> </span>Blue/Bleu<span> </span>#1<span> </span>(CI<span> </span>42090),<span> </span>FD&amp;C<span> </span>Yellow/Jaune<span> </span>#5<span> </span>(CI<span> </span>19140).<span> </span>COCONUT: FD&amp;C Blue/Bleu #1 (CI 42090), D&amp;C Red/Rouge #33 (CI 17200). CARAMEL: FD&amp;C Red/Rouge #40 (CI16035), D&amp;C Red/Rouge #33 (CI 17200), FD&amp;C<span> </span>Blue/Bleu<span> </span>#1<span> </span>(CI<span> </span>42090),<span> </span>FD&amp;C<span> </span>Yellow/Jaune<span> </span>#5<span> </span>(CI<span> </span>19140).<span> </span>SORBET:<span> </span>FD&amp;C<span> </span>Blue/Bleu<span> </span>#1<span> </span>(CI<span> </span>42090), <span> </span>FD&amp;C<span> </span>Yellow/Jaune<span> </span>#5<span> </span>(CI<span> </span>19140).<span> </span>VANILLA<span> </span>(and/et) LATTE: No color.</p>
<p></p>",SHUNGA,cosmetica intima,FALSE,draft,SH2163,697309022163,Title,Default Title,26.90,TRUE,shopify,6,DENY,345,g,TRUE,manual,https://backoffice.saintsual.com/44417-superlarge_default_2x/shunga-aceite-afrod-midnight-sorbet-100-ml.jpg,1,SHUNGA ACEITE AFROD. MIDNIGHT SORBET 100 ML,FALSE
,shunga-aceite-afrod-midnight-sorbet-100-ml,,,,,,,,,,,,,,,,,,,https://backoffice.saintsual.com/1565-superlarge_default_2x/shunga-aceite-afrod-midnight-sorbet-100-ml.jpg,2,SHUNGA ACEITE AFROD. MIDNIGHT SORBET 100 ML,
SHUNGA ACEITE AFROD. CARAMELO 100 ML,shunga-aceite-afrod-caramelo-100-ml,"<p>Aceite Íntimo Efecto Calor: Una Experiencia Sensorial Comestible (100 ml)<br />Transforma tus encuentros íntimos en un banquete para los sentidos con nuestro Aceite Comestible de Efecto Calor. Diseñado específicamente para explorar las zonas más sensibles del cuerpo, este elixir combina el juego de la temperatura con sabores irresistibles para elevar la pasión a un nivel completamente nuevo.<br /><br />El Arte del Beso Térmico<br />Lo que hace único a este aceite es su tecnología de activación térmica. Al aplicarlo sobre la piel, se mantiene sutil y suave, pero en el momento en que recibe un aliento cálido o un beso, reacciona liberando una intensa y placentera sensación de calor. Es la herramienta perfecta para guiar los juegos preliminares y redescubrir cada rincón de la anatomía de tu pareja.<br /><br />Sabor Afrodisíaco sin Culpa<br />Disfruta de una experiencia dulce y tentadora sin preocuparte por los ingredientes. Nuestra fórmula ha sido creada pensando en el placer total:<br /><br />Delicioso Sabor: Diseñado para ser degustado, convirtiendo los besos en una experiencia gourmet.<br /><br />0% Azúcar: Disfruta de su dulzor sin rastro de azúcares, lo que lo hace más ligero y respetuoso con tu cuerpo.<br /><br />Ingredientes Naturales: Compuesto por elementos de origen natural para cuidar la piel mientras juegas.<br /><br />Modo de Uso: ¿Cómo despertar el calor?<br />Aplica una pequeña cantidad de aceite sobre la zona erógena deseada.<br /><br />Extiéndelo suavemente con un masaje.<br /><br />El secreto: Sopla suavemente o deposita besos íntimos sobre el área. Sentirás cómo el efecto calor se activa instantáneamente, intensificando la sensibilidad y el deseo.<br /><br />Características Principales:<br />- Efecto Calor Inmediato: Se activa con el aliento y la fricción.<br />- Base Natural: Fórmula respetuosa con la piel y apta para el consumo humano.<br />- Libre de Azúcar: Ideal para quienes buscan un juego limpio y saludable.<br />- Formato Generoso: Envase de 100 ml, perfecto para múltiples sesiones de placer.<br /><br />Nota importante: Este producto es un aceite de masaje diseñado para el juego previo y la estimulación de zonas erógenas. No se recomienda su uso como lubricante íntimo ni es compatible con el látex de los preservativos.</p>
<p></p>
<p class=""MsoNormal"">Ingredientes:<span> </span>Glycerin <span> </span>USP/Glycérine<span> </span>USP,<span> </span>Propylene<span> </span>glycol,<span> </span>Flavor/Saveur (Aroma), Sodium Saccharin, Colors for: CHERRY: FD&amp;C Red/Rouge #40 (CI<span> </span>16035).<span> </span>RASPBERRY:<span> </span>FD&amp;C<span> </span>Red/Rouge<span> </span>#40<span> </span>(CI<span> </span>16035),<span> </span>D&amp;C<span> </span>Red/Rouge<span> </span>#33<span> </span>(CI<span> </span>17200).<span> </span>FRUITS:<span> </span>D-Limonene,<span> </span>FD&amp;C<span> </span>Blue/Bleu<span> </span>#1<span> </span>(CI<span> </span>42090),<span> </span>D&amp;C<span> </span>Red/Rouge<span> </span>#33<span> </span>(CI17200).<span> </span>STRAWBERRY:<span> </span>D&amp;C<span> </span>Red/Rouge<span> </span>#33<span> </span>(CI<span> </span>17200),<span> </span>FD&amp;C<span> </span>Red/Rouge<span> </span>#40<span> </span>(CI<span> </span>16035).<span> </span>CHOCOLATE:<span> </span>FD&amp;C<span> </span>Red/Rouge<span> </span>#40<span> </span>(CI<span> </span>16035),<span> </span>FD&amp;C<span> </span>Blue/Bleu<span> </span>#1<span> </span>(CI<span> </span>42090),<span> </span>FD&amp;C<span> </span>Yellow/Jaune<span> </span>#5<span> </span>(CI<span> </span>19140).<span> </span>COCONUT: FD&amp;C Blue/Bleu #1 (CI 42090), D&amp;C Red/Rouge #33 (CI 17200). CARAMEL: FD&amp;C Red/Rouge #40 (CI16035), D&amp;C Red/Rouge #33 (CI 17200), FD&amp;C<span> </span>Blue/Bleu<span> </span>#1<span> </span>(CI<span> </span>42090),<span> </span>FD&amp;C<span> </span>Yellow/Jaune<span> </span>#5<span> </span>(CI<span> </span>19140).<span> </span>SORBET:<span> </span>FD&amp;C<span> </span>Blue/Bleu<span> </span>#1<span> </span>(CI<span> </span>42090), <span> </span>FD&amp;C<span> </span>Yellow/Jaune<span> </span>#5<span> </span>(CI<span> </span>19140).<span> </span>VANILLA<span> </span>(and/et) LATTE: No color.</p>
<p></p>",SHUNGA,cosmetica intima,FALSE,draft,SH2156,697309022156,Title,Default Title,26.90,TRUE,shopify,6,DENY,345,g,TRUE,manual,https://backoffice.saintsual.com/44416-superlarge_default_2x/shunga-aceite-afrod-caramelo-100-ml.jpg,1,SHUNGA ACEITE AFROD. CARAMELO 100 ML,FALSE
,shunga-aceite-afrod-caramelo-100-ml,,,,,,,,,,,,,,,,,,,https://backoffice.saintsual.com/1566-superlarge_default_2x/shunga-aceite-afrod-caramelo-100-ml.jpg,2,SHUNGA ACEITE AFROD. CARAMELO 100 ML,
SHUNGA ACEITE AFROD. LOVE LATTE 100 ML,shunga-aceite-afrod-love-latte-100-ml,"<p>Aceite Íntimo Efecto Calor: Una Experiencia Sensorial Comestible (100 ml)<br />Transforma tus encuentros íntimos en un banquete para los sentidos con nuestro Aceite Comestible de Efecto Calor. Diseñado específicamente para explorar las zonas más sensibles del cuerpo, este elixir combina el juego de la temperatura con sabores irresistibles para elevar la pasión a un nivel completamente nuevo.<br /><br />El Arte del Beso Térmico<br />Lo que hace único a este aceite es su tecnología de activación térmica. Al aplicarlo sobre la piel, se mantiene sutil y suave, pero en el momento en que recibe un aliento cálido o un beso, reacciona liberando una intensa y placentera sensación de calor. Es la herramienta perfecta para guiar los juegos preliminares y redescubrir cada rincón de la anatomía de tu pareja.<br /><br />Sabor Afrodisíaco sin Culpa<br />Disfruta de una experiencia dulce y tentadora sin preocuparte por los ingredientes. Nuestra fórmula ha sido creada pensando en el placer total:<br /><br />Delicioso Sabor: Diseñado para ser degustado, convirtiendo los besos en una experiencia gourmet.<br /><br />0% Azúcar: Disfruta de su dulzor sin rastro de azúcares, lo que lo hace más ligero y respetuoso con tu cuerpo.<br /><br />Ingredientes Naturales: Compuesto por elementos de origen natural para cuidar la piel mientras juegas.<br /><br />Modo de Uso: ¿Cómo despertar el calor?<br />Aplica una pequeña cantidad de aceite sobre la zona erógena deseada.<br /><br />Extiéndelo suavemente con un masaje.<br /><br />El secreto: Sopla suavemente o deposita besos íntimos sobre el área. Sentirás cómo el efecto calor se activa instantáneamente, intensificando la sensibilidad y el deseo.<br /><br />Características Principales:<br />- Efecto Calor Inmediato: Se activa con el aliento y la fricción.<br />- Base Natural: Fórmula respetuosa con la piel y apta para el consumo humano.<br />- Libre de Azúcar: Ideal para quienes buscan un juego limpio y saludable.<br />- Formato Generoso: Envase de 100 ml, perfecto para múltiples sesiones de placer.<br /><br />Nota importante: Este producto es un aceite de masaje diseñado para el juego previo y la estimulación de zonas erógenas. No se recomienda su uso como lubricante íntimo ni es compatible con el látex de los preservativos.</p>
<p></p>
<p class=""MsoNormal"">Ingredientes:<span> </span>Glycerin <span> </span>USP/Glycérine<span> </span>USP,<span> </span>Propylene<span> </span>glycol,<span> </span>Flavor/Saveur (Aroma), Sodium Saccharin, Colors for: CHERRY: FD&amp;C Red/Rouge #40 (CI<span> </span>16035).<span> </span>RASPBERRY:<span> </span>FD&amp;C<span> </span>Red/Rouge<span> </span>#40<span> </span>(CI<span> </span>16035),<span> </span>D&amp;C<span> </span>Red/Rouge<span> </span>#33<span> </span>(CI<span> </span>17200).<span> </span>FRUITS:<span> </span>D-Limonene,<span> </span>FD&amp;C<span> </span>Blue/Bleu<span> </span>#1<span> </span>(CI<span> </span>42090),<span> </span>D&amp;C<span> </span>Red/Rouge<span> </span>#33<span> </span>(CI17200).<span> </span>STRAWBERRY:<span> </span>D&amp;C<span> </span>Red/Rouge<span> </span>#33<span> </span>(CI<span> </span>17200),<span> </span>FD&amp;C<span> </span>Red/Rouge<span> </span>#40<span> </span>(CI<span> </span>16035).<span> </span>CHOCOLATE:<span> </span>FD&amp;C<span> </span>Red/Rouge<span> </span>#40<span> </span>(CI<span> </span>16035),<span> </span>FD&amp;C<span> </span>Blue/Bleu<span> </span>#1<span> </span>(CI<span> </span>42090),<span> </span>FD&amp;C<span> </span>Yellow/Jaune<span> </span>#5<span> </span>(CI<span> </span>19140).<span> </span>COCONUT: FD&amp;C Blue/Bleu #1 (CI 42090), D&amp;C Red/Rouge #33 (CI 17200). CARAMEL: FD&amp;C Red/Rouge #40 (CI16035), D&amp;C Red/Rouge #33 (CI 17200), FD&amp;C<span> </span>Blue/Bleu<span> </span>#1<span> </span>(CI<span> </span>42090),<span> </span>FD&amp;C<span> </span>Yellow/Jaune<span> </span>#5<span> </span>(CI<span> </span>19140).<span> </span>SORBET:<span> </span>FD&amp;C<span> </span>Blue/Bleu<span> </span>#1<span> </span>(CI<span> </span>42090), <span> </span>FD&amp;C<span> </span>Yellow/Jaune<span> </span>#5<span> </span>(CI<span> </span>19140).<span> </span>VANILLA<span> </span>(and/et) LATTE: No color.</p>
<p></p>",SHUNGA,cosmetica intima,FALSE,draft,SH2149,697309022149,Title,Default Title,26.90,TRUE,shopify,7,DENY,345,g,TRUE,manual,https://backoffice.saintsual.com/44415-superlarge_default_2x/shunga-aceite-afrod-love-latte-100-ml.jpg,1,SHUNGA ACEITE AFROD. LOVE LATTE 100 ML,FALSE
,shunga-aceite-afrod-love-latte-100-ml,,,,,,,,,,,,,,,,,,,https://backoffice.saintsual.com/1567-superlarge_default_2x/shunga-aceite-afrod-love-latte-100-ml.jpg,2,SHUNGA ACEITE AFROD. LOVE LATTE 100 ML,
SHUNGA ACEITE AFROD. COCO 100 ML,shunga-aceite-afrod-coco-100-ml,"<p>Aceite Íntimo Efecto Calor: Una Experiencia Sensorial Comestible (100 ml)<br />Transforma tus encuentros íntimos en un banquete para los sentidos con nuestro Aceite Comestible de Efecto Calor. Diseñado específicamente para explorar las zonas más sensibles del cuerpo, este elixir combina el juego de la temperatura con sabores irresistibles para elevar la pasión a un nivel completamente nuevo.<br /><br />El Arte del Beso Térmico<br />Lo que hace único a este aceite es su tecnología de activación térmica. Al aplicarlo sobre la piel, se mantiene sutil y suave, pero en el momento en que recibe un aliento cálido o un beso, reacciona liberando una intensa y placentera sensación de calor. Es la herramienta perfecta para guiar los juegos preliminares y redescubrir cada rincón de la anatomía de tu pareja.<br /><br />Sabor Afrodisíaco sin Culpa<br />Disfruta de una experiencia dulce y tentadora sin preocuparte por los ingredientes. Nuestra fórmula ha sido creada pensando en el placer total:<br /><br />Delicioso Sabor: Diseñado para ser degustado, convirtiendo los besos en una experiencia gourmet.<br /><br />0% Azúcar: Disfruta de su dulzor sin rastro de azúcares, lo que lo hace más ligero y respetuoso con tu cuerpo.<br /><br />Ingredientes Naturales: Compuesto por elementos de origen natural para cuidar la piel mientras juegas.<br /><br />Modo de Uso: ¿Cómo despertar el calor?<br />Aplica una pequeña cantidad de aceite sobre la zona erógena deseada.<br /><br />Extiéndelo suavemente con un masaje.<br /><br />El secreto: Sopla suavemente o deposita besos íntimos sobre el área. Sentirás cómo el efecto calor se activa instantáneamente, intensificando la sensibilidad y el deseo.<br /><br />Características Principales:<br />- Efecto Calor Inmediato: Se activa con el aliento y la fricción.<br />- Base Natural: Fórmula respetuosa con la piel y apta para el consumo humano.<br />- Libre de Azúcar: Ideal para quienes buscan un juego limpio y saludable.<br />- Formato Generoso: Envase de 100 ml, perfecto para múltiples sesiones de placer.<br /><br />Nota importante: Este producto es un aceite de masaje diseñado para el juego previo y la estimulación de zonas erógenas. No se recomienda su uso como lubricante íntimo ni es compatible con el látex de los preservativos.</p>
<p class=""MsoNormal"">Ingredientes:<span> </span>Glycerin <span> </span>USP/Glycérine<span> </span>USP,<span> </span>Propylene<span> </span>glycol,<span> </span>Flavor/Saveur (Aroma), Sodium Saccharin, Colors for: CHERRY: FD&amp;C Red/Rouge #40 (CI<span> </span>16035).<span> </span>RASPBERRY:<span> </span>FD&amp;C<span> </span>Red/Rouge<span> </span>#40<span> </span>(CI<span> </span>16035),<span> </span>D&amp;C<span> </span>Red/Rouge<span> </span>#33<span> </span>(CI<span> </span>17200).<span> </span>FRUITS:<span> </span>D-Limonene,<span> </span>FD&amp;C<span> </span>Blue/Bleu<span> </span>#1<span> </span>(CI<span> </span>42090),<span> </span>D&amp;C<span> </span>Red/Rouge<span> </span>#33<span> </span>(CI17200).<span> </span>STRAWBERRY:<span> </span>D&amp;C<span> </span>Red/Rouge<span> </span>#33<span> </span>(CI<span> </span>17200),<span> </span>FD&amp;C<span> </span>Red/Rouge<span> </span>#40<span> </span>(CI<span> </span>16035).<span> </span>CHOCOLATE:<span> </span>FD&amp;C<span> </span>Red/Rouge<span> </span>#40<span> </span>(CI<span> </span>16035),<span> </span>FD&amp;C<span> </span>Blue/Bleu<span> </span>#1<span> </span>(CI<span> </span>42090),<span> </span>FD&amp;C<span> </span>Yellow/Jaune<span> </span>#5<span> </span>(CI<span> </span>19140).<span> </span>COCONUT: FD&amp;C Blue/Bleu #1 (CI 42090), D&amp;C Red/Rouge #33 (CI 17200). CARAMEL: FD&amp;C Red/Rouge #40 (CI16035), D&amp;C Red/Rouge #33 (CI 17200), FD&amp;C<span> </span>Blue/Bleu<span> </span>#1<span> </span>(CI<span> </span>42090),<span> </span>FD&amp;C<span> </span>Yellow/Jaune<span> </span>#5<span> </span>(CI<span> </span>19140).<span> </span>SORBET:<span> </span>FD&amp;C<span> </span>Blue/Bleu<span> </span>#1<span> </span>(CI<span> </span>42090), <span> </span>FD&amp;C<span> </span>Yellow/Jaune<span> </span>#5<span> </span>(CI<span> </span>19140).<span> </span>VANILLA<span> </span>(and/et) LATTE: No color.</p>
<p></p>",SHUNGA,cosmetica intima,FALSE,draft,SH2101,697309022101,Title,Default Title,27.90,TRUE,shopify,0,DENY,345,g,TRUE,manual,https://backoffice.saintsual.com/44425-superlarge_default_2x/shunga-aceite-afrod-coco-100-ml.jpg,1,SHUNGA ACEITE AFROD. COCO 100 ML,FALSE
,shunga-aceite-afrod-coco-100-ml,,,,,,,,,,,,,,,,,,,https://backoffice.saintsual.com/1568-superlarge_default_2x/shunga-aceite-afrod-coco-100-ml.jpg,2,SHUNGA ACEITE AFROD. COCO 100 ML,
SALES DE BAÑO OCEANIA 75 GR.,sales-de-bano-oceania-75-gr,"<p>Sales de Baño de Espuma Shunga: El Elixir del Mar Muerto para tus Sentidos<br />Transforma tu cuarto de baño en un santuario de relajación y erotismo. Las Sales de Baño de Shunga no son un simple complemento de higiene, sino una invitación a un ritual compartido donde el color, el aroma y la textura se unen para crear una atmósfera inolvidable.<br /><br />Diseñadas para parejas que buscan escapar de la rutina, estas sales convierten una bañera convencional en un oasis de placer visual y sensorial.<br /><br />El Poder Curativo del Mar Muerto<br />A diferencia de las sales comunes, este producto está elaborado con 100% Sal del Mar Muerto, reconocida mundialmente por sus incomparables beneficios terapéuticos:<br /><br />Remineralización: Rica en magnesio, calcio y potasio que nutren la piel profundamente.<br /><br />Propiedades Curativas: Ayuda a relajar los músculos tensos, desintoxicar los poros y calmar la mente tras un largo día.<br /><br />Suavidad Absoluta: Deja la piel con un tacto aterciopelado, preparada para las caricias.<br /><br />Un Espectáculo de Color y Espuma<br />Déjate seducir por la metamorfosis del agua:<br />- Agua Embriagante: Al disolverse, las sales tiñen el agua con colores vibrantes y seductores, creando un escenario visualmente excitante.<br />- Espuma Untuosa: Generan una capa de espuma exuberante y cremosa que acaricia el cuerpo y mantiene la privacidad bajo el agua, ideal para los juegos en pareja.<br />- Sin Residuos: Su fórmula de alta calidad está diseñada para no dejar manchas en la bañera ni en la piel, facilitando una limpieza rápida tras el baño.<br /><br />Aromaterapia Afrodisíaca<br />Desde el momento en que las sales tocan el agua caliente, liberan aromas afrodisíacos cuidadosamente seleccionados. La fragancia no solo envuelve tu cuerpo, dejando un perfume sutil y delicioso en la piel, sino que se expande por toda la habitación, transformando el ambiente en un entorno de spa de lujo. </p>
<p></p>
<p class=""MsoNormal"">Ingredientes: Dead<span> </span>Sea<span> </span>Salts/Sels<span> </span>de<span> </span>la<span> </span>Mer<span> </span>Morte<span> </span>(Sodium<span> </span>chlo-ride),<span> </span>Sodium<span> </span>Lauryl<span> </span>Sulfate,<span> </span>Sodium<span> </span>DodecylBenzeneSulfonate,<span> </span>Sodium Sulfate, Fragrance (Parfum), Calcium Silicate, Glycerin/Glycérine, Safflower Oil/Huile de carthame (Carthamus tinctorius oil), Almond Oil/Huile d’amande (Prunus amygda-lus dulcis oil), APHRODISIA (pink): Coumarin, Butylphenyl Methylproponial, Linalo-ol, Benzyl Benzoate, Geraniol, Alpha–Isomethyl Ionone, Water/Eau (Aqua), D&amp;C Red/Rouge #33 (CI 17200), FD&amp;C Red/Rouge #40 (CI16035). OCEAN BREEZE (blue):Amyl Cinnamal, Benzyl Salicylate, Linalool, Benzyl Benzoate, Hexyl Cinnamaldehyde, D-Limonene, Butylphenyl Methylpropional, Hydroxyisohexyl 3-Cyclohexene Carboxal-dehyde,<span> </span>Water/Eau (Aqua), FD&amp;C Blue/Bleu #1 (CI 42090). EXOTIC FRUITS (purple):Benzyl<span> </span>Salicylate,<span> </span>Linalool,<span> </span>Hexyl<span> </span>Cinnamal,<span> </span>D-Limonene,<span> </span>Hydroxyisohexyl<span> </span>3-Cyclo-hexene Carboxaldehyde, Water/Eau (Aqua),<span> </span>FD&amp;C Blue/Bleu #1 (CI 42090), D&amp;C Red/Rouge #33 (CI 17200). LOTUS FLOWER (green): Amyl Cinnamal, Benzyl Sa-licylate,<span> </span>Linalool,<span> </span>Benzyl<span> </span>Benzoate,<span> </span>Geraniol,<span> </span>Hexyl<span> </span>Cinnamaldehyde,D-Limonene,<span> </span>Butylphenyl<span> </span>Methylpropional,<span> </span>Water/Eau<span> </span>(Aqua),<span> </span>FD&amp;C<span> </span>Blue/Bleu<span> </span>#1<span> </span>(CI<span> </span>42090),<span> </span>FD&amp;C Yellow/Jaune #5 (CI 19140).</p>
<p></p>",SHUNGA,cosmetica intima,FALSE,draft,SH6013,697309066013,Title,Default Title,6.90,TRUE,shopify,300,DENY,617,g,TRUE,manual,https://backoffice.saintsual.com/44461-superlarge_default_2x/sales-de-baro-oceania-75-gr.jpg,1,SALES DE BAÑO OCEANIA 75 GR.,FALSE
,sales-de-bano-oceania-75-gr,,,,,,,,,,,,,,,,,,,https://backoffice.saintsual.com/2068-superlarge_default_2x/sales-de-baro-oceania-75-gr.jpg,2,SALES DE BAÑO OCEANIA 75 GR.,
SALES DE BAÑO LOTUS GREEN 75 GR.,sales-de-bano-lotus-green-75-gr,"<p>Sales de Baño de Espuma Shunga: El Elixir del Mar Muerto para tus Sentidos<br />Transforma tu cuarto de baño en un santuario de relajación y erotismo. Las Sales de Baño de Shunga no son un simple complemento de higiene, sino una invitación a un ritual compartido donde el color, el aroma y la textura se unen para crear una atmósfera inolvidable.<br /><br />Diseñadas para parejas que buscan escapar de la rutina, estas sales convierten una bañera convencional en un oasis de placer visual y sensorial.<br /><br />El Poder Curativo del Mar Muerto<br />A diferencia de las sales comunes, este producto está elaborado con 100% Sal del Mar Muerto, reconocida mundialmente por sus incomparables beneficios terapéuticos:<br /><br />Remineralización: Rica en magnesio, calcio y potasio que nutren la piel profundamente.<br /><br />Propiedades Curativas: Ayuda a relajar los músculos tensos, desintoxicar los poros y calmar la mente tras un largo día.<br /><br />Suavidad Absoluta: Deja la piel con un tacto aterciopelado, preparada para las caricias.<br /><br />Un Espectáculo de Color y Espuma<br />Déjate seducir por la metamorfosis del agua:<br />- Agua Embriagante: Al disolverse, las sales tiñen el agua con colores vibrantes y seductores, creando un escenario visualmente excitante.<br />- Espuma Untuosa: Generan una capa de espuma exuberante y cremosa que acaricia el cuerpo y mantiene la privacidad bajo el agua, ideal para los juegos en pareja.<br />- Sin Residuos: Su fórmula de alta calidad está diseñada para no dejar manchas en la bañera ni en la piel, facilitando una limpieza rápida tras el baño.<br /><br />Aromaterapia Afrodisíaca<br />Desde el momento en que las sales tocan el agua caliente, liberan aromas afrodisíacos cuidadosamente seleccionados. La fragancia no solo envuelve tu cuerpo, dejando un perfume sutil y delicioso en la piel, sino que se expande por toda la habitación, transformando el ambiente en un entorno de spa de lujo. </p>
<p></p>
<p class=""MsoNormal"">Ingredientes: Dead<span> </span>Sea<span> </span>Salts/Sels<span> </span>de<span> </span>la<span> </span>Mer<span> </span>Morte<span> </span>(Sodium<span> </span>chlo-ride),<span> </span>Sodium<span> </span>Lauryl<span> </span>Sulfate,<span> </span>Sodium<span> </span>DodecylBenzeneSulfonate,<span> </span>Sodium Sulfate, Fragrance (Parfum), Calcium Silicate, Glycerin/Glycérine, Safflower Oil/Huile de carthame (Carthamus tinctorius oil), Almond Oil/Huile d’amande (Prunus amygda-lus dulcis oil), APHRODISIA (pink): Coumarin, Butylphenyl Methylproponial, Linalo-ol, Benzyl Benzoate, Geraniol, Alpha–Isomethyl Ionone, Water/Eau (Aqua), D&amp;C Red/Rouge #33 (CI 17200), FD&amp;C Red/Rouge #40 (CI16035). OCEAN BREEZE (blue):Amyl Cinnamal, Benzyl Salicylate, Linalool, Benzyl Benzoate, Hexyl Cinnamaldehyde, D-Limonene, Butylphenyl Methylpropional, Hydroxyisohexyl 3-Cyclohexene Carboxal-dehyde,<span> </span>Water/Eau (Aqua), FD&amp;C Blue/Bleu #1 (CI 42090). EXOTIC FRUITS (purple):Benzyl<span> </span>Salicylate,<span> </span>Linalool,<span> </span>Hexyl<span> </span>Cinnamal,<span> </span>D-Limonene,<span> </span>Hydroxyisohexyl<span> </span>3-Cyclo-hexene Carboxaldehyde, Water/Eau (Aqua),<span> </span>FD&amp;C Blue/Bleu #1 (CI 42090), D&amp;C Red/Rouge #33 (CI 17200). LOTUS FLOWER (green): Amyl Cinnamal, Benzyl Sa-licylate,<span> </span>Linalool,<span> </span>Benzyl<span> </span>Benzoate,<span> </span>Geraniol,<span> </span>Hexyl<span> </span>Cinnamaldehyde,D-Limonene,<span> </span>Butylphenyl<span> </span>Methylpropional,<span> </span>Water/Eau<span> </span>(Aqua),<span> </span>FD&amp;C<span> </span>Blue/Bleu<span> </span>#1<span> </span>(CI<span> </span>42090),<span> </span>FD&amp;C Yellow/Jaune #5 (CI 19140).</p>
<p></p>",SHUNGA,cosmetica intima,FALSE,draft,SH6174,697309066174,Title,Default Title,6.90,TRUE,shopify,384,DENY,617,g,TRUE,manual,https://backoffice.saintsual.com/44460-superlarge_default_2x/sales-de-baro-lotus-green-75-gr.jpg,1,SALES DE BAÑO LOTUS GREEN 75 GR.,FALSE
,sales-de-bano-lotus-green-75-gr,,,,,,,,,,,,,,,,,,,https://backoffice.saintsual.com/2069-superlarge_default_2x/sales-de-baro-lotus-green-75-gr.jpg,2,SALES DE BAÑO LOTUS GREEN 75 GR.,
SALES DE BAÑO EXOTIC PURPLE 75 GR.,sales-de-bano-exotic-purple-75-gr,"<p>Sales de Baño de Espuma Shunga: El Elixir del Mar Muerto para tus Sentidos<br />Transforma tu cuarto de baño en un santuario de relajación y erotismo. Las Sales de Baño de Shunga no son un simple complemento de higiene, sino una invitación a un ritual compartido donde el color, el aroma y la textura se unen para crear una atmósfera inolvidable.<br /><br />Diseñadas para parejas que buscan escapar de la rutina, estas sales convierten una bañera convencional en un oasis de placer visual y sensorial.<br /><br />El Poder Curativo del Mar Muerto<br />A diferencia de las sales comunes, este producto está elaborado con 100% Sal del Mar Muerto, reconocida mundialmente por sus incomparables beneficios terapéuticos:<br /><br />Remineralización: Rica en magnesio, calcio y potasio que nutren la piel profundamente.<br /><br />Propiedades Curativas: Ayuda a relajar los músculos tensos, desintoxicar los poros y calmar la mente tras un largo día.<br /><br />Suavidad Absoluta: Deja la piel con un tacto aterciopelado, preparada para las caricias.<br /><br />Un Espectáculo de Color y Espuma<br />Déjate seducir por la metamorfosis del agua:<br />- Agua Embriagante: Al disolverse, las sales tiñen el agua con colores vibrantes y seductores, creando un escenario visualmente excitante.<br />- Espuma Untuosa: Generan una capa de espuma exuberante y cremosa que acaricia el cuerpo y mantiene la privacidad bajo el agua, ideal para los juegos en pareja.<br />- Sin Residuos: Su fórmula de alta calidad está diseñada para no dejar manchas en la bañera ni en la piel, facilitando una limpieza rápida tras el baño.<br /><br />Aromaterapia Afrodisíaca<br />Desde el momento en que las sales tocan el agua caliente, liberan aromas afrodisíacos cuidadosamente seleccionados. La fragancia no solo envuelve tu cuerpo, dejando un perfume sutil y delicioso en la piel, sino que se expande por toda la habitación, transformando el ambiente en un entorno de spa de lujo. </p>
<p class=""MsoNormal"">Ingredientes: Dead<span> </span>Sea<span> </span>Salts/Sels<span> </span>de<span> </span>la<span> </span>Mer<span> </span>Morte<span> </span>(Sodium<span> </span>chlo-ride),<span> </span>Sodium<span> </span>Lauryl<span> </span>Sulfate,<span> </span>Sodium<span> </span>DodecylBenzeneSulfonate,<span> </span>Sodium Sulfate, Fragrance (Parfum), Calcium Silicate, Glycerin/Glycérine, Safflower Oil/Huile de carthame (Carthamus tinctorius oil), Almond Oil/Huile d’amande (Prunus amygda-lus dulcis oil), APHRODISIA (pink): Coumarin, Butylphenyl Methylproponial, Linalo-ol, Benzyl Benzoate, Geraniol, Alpha–Isomethyl Ionone, Water/Eau (Aqua), D&amp;C Red/Rouge #33 (CI 17200), FD&amp;C Red/Rouge #40 (CI16035). OCEAN BREEZE (blue):Amyl Cinnamal, Benzyl Salicylate, Linalool, Benzyl Benzoate, Hexyl Cinnamaldehyde, D-Limonene, Butylphenyl Methylpropional, Hydroxyisohexyl 3-Cyclohexene Carboxal-dehyde,<span> </span>Water/Eau (Aqua), FD&amp;C Blue/Bleu #1 (CI 42090). EXOTIC FRUITS (purple):Benzyl<span> </span>Salicylate,<span> </span>Linalool,<span> </span>Hexyl<span> </span>Cinnamal,<span> </span>D-Limonene,<span> </span>Hydroxyisohexyl<span> </span>3-Cyclo-hexene Carboxaldehyde, Water/Eau (Aqua),<span> </span>FD&amp;C Blue/Bleu #1 (CI 42090), D&amp;C Red/Rouge #33 (CI 17200). LOTUS FLOWER (green): Amyl Cinnamal, Benzyl Sa-licylate,<span> </span>Linalool,<span> </span>Benzyl<span> </span>Benzoate,<span> </span>Geraniol,<span> </span>Hexyl<span> </span>Cinnamaldehyde,D-Limonene,<span> </span>Butylphenyl<span> </span>Methylpropional,<span> </span>Water/Eau<span> </span>(Aqua),<span> </span>FD&amp;C<span> </span>Blue/Bleu<span> </span>#1<span> </span>(CI<span> </span>42090),<span> </span>FD&amp;C Yellow/Jaune #5 (CI 19140).</p>
<p></p>",SHUNGA,cosmetica intima,FALSE,draft,SH6020,697309066020,Title,Default Title,6.90,TRUE,shopify,48,DENY,617,g,TRUE,manual,https://backoffice.saintsual.com/44458-superlarge_default_2x/sales-de-baro-exotic-purple-75-gr.jpg,1,SALES DE BAÑO EXOTIC PURPLE 75 GR.,FALSE
,sales-de-bano-exotic-purple-75-gr,,,,,,,,,,,,,,,,,,,https://backoffice.saintsual.com/2071-superlarge_default_2x/sales-de-baro-exotic-purple-75-gr.jpg,2,SALES DE BAÑO EXOTIC PURPLE 75 GR.,
SALES DE BAÑO APHRODISIA 75 GR.,sales-de-bano-aphrodisia-75-gr,"<p>Sales de Baño de Espuma Shunga: El Elixir del Mar Muerto para tus Sentidos<br />Transforma tu cuarto de baño en un santuario de relajación y erotismo. Las Sales de Baño de Shunga no son un simple complemento de higiene, sino una invitación a un ritual compartido donde el color, el aroma y la textura se unen para crear una atmósfera inolvidable.<br /><br />Diseñadas para parejas que buscan escapar de la rutina, estas sales convierten una bañera convencional en un oasis de placer visual y sensorial.<br /><br />El Poder Curativo del Mar Muerto<br />A diferencia de las sales comunes, este producto está elaborado con 100% Sal del Mar Muerto, reconocida mundialmente por sus incomparables beneficios terapéuticos:<br /><br />Remineralización: Rica en magnesio, calcio y potasio que nutren la piel profundamente.<br /><br />Propiedades Curativas: Ayuda a relajar los músculos tensos, desintoxicar los poros y calmar la mente tras un largo día.<br /><br />Suavidad Absoluta: Deja la piel con un tacto aterciopelado, preparada para las caricias.<br /><br />Un Espectáculo de Color y Espuma<br />Déjate seducir por la metamorfosis del agua:<br />- Agua Embriagante: Al disolverse, las sales tiñen el agua con colores vibrantes y seductores, creando un escenario visualmente excitante.<br />- Espuma Untuosa: Generan una capa de espuma exuberante y cremosa que acaricia el cuerpo y mantiene la privacidad bajo el agua, ideal para los juegos en pareja.<br />- Sin Residuos: Su fórmula de alta calidad está diseñada para no dejar manchas en la bañera ni en la piel, facilitando una limpieza rápida tras el baño.<br /><br />Aromaterapia Afrodisíaca<br />Desde el momento en que las sales tocan el agua caliente, liberan aromas afrodisíacos cuidadosamente seleccionados. La fragancia no solo envuelve tu cuerpo, dejando un perfume sutil y delicioso en la piel, sino que se expande por toda la habitación, transformando el ambiente en un entorno de spa de lujo. </p>
<p class=""MsoNormal"">Ingredientes: Dead<span> </span>Sea<span> </span>Salts/Sels<span> </span>de<span> </span>la<span> </span>Mer<span> </span>Morte<span> </span>(Sodium<span> </span>chlo-ride),<span> </span>Sodium<span> </span>Lauryl<span> </span>Sulfate,<span> </span>Sodium<span> </span>DodecylBenzeneSulfonate,<span> </span>Sodium Sulfate, Fragrance (Parfum), Calcium Silicate, Glycerin/Glycérine, Safflower Oil/Huile de carthame (Carthamus tinctorius oil), Almond Oil/Huile d’amande (Prunus amygda-lus dulcis oil), APHRODISIA (pink): Coumarin, Butylphenyl Methylproponial, Linalo-ol, Benzyl Benzoate, Geraniol, Alpha–Isomethyl Ionone, Water/Eau (Aqua), D&amp;C Red/Rouge #33 (CI 17200), FD&amp;C Red/Rouge #40 (CI16035). OCEAN BREEZE (blue):Amyl Cinnamal, Benzyl Salicylate, Linalool, Benzyl Benzoate, Hexyl Cinnamaldehyde, D-Limonene, Butylphenyl Methylpropional, Hydroxyisohexyl 3-Cyclohexene Carboxal-dehyde,<span> </span>Water/Eau (Aqua), FD&amp;C Blue/Bleu #1 (CI 42090). EXOTIC FRUITS (purple):Benzyl<span> </span>Salicylate,<span> </span>Linalool,<span> </span>Hexyl<span> </span>Cinnamal,<span> </span>D-Limonene,<span> </span>Hydroxyisohexyl<span> </span>3-Cyclo-hexene Carboxaldehyde, Water/Eau (Aqua),<span> </span>FD&amp;C Blue/Bleu #1 (CI 42090), D&amp;C Red/Rouge #33 (CI 17200). LOTUS FLOWER (green): Amyl Cinnamal, Benzyl Sa-licylate,<span> </span>Linalool,<span> </span>Benzyl<span> </span>Benzoate,<span> </span>Geraniol,<span> </span>Hexyl<span> </span>Cinnamaldehyde,D-Limonene,<span> </span>Butylphenyl<span> </span>Methylpropional,<span> </span>Water/Eau<span> </span>(Aqua),<span> </span>FD&amp;C<span> </span>Blue/Bleu<span> </span>#1<span> </span>(CI<span> </span>42090),<span> </span>FD&amp;C Yellow/Jaune #5 (CI 19140).</p>
<p></p>",SHUNGA,cosmetica intima,FALSE,draft,SH6006,697309066006,Title,Default Title,6.90,TRUE,shopify,48,DENY,617,g,TRUE,manual,https://backoffice.saintsual.com/44457-superlarge_default_2x/sales-de-baro-aphrodisia-75-gr.jpg,1,SALES DE BAÑO APHRODISIA 75 GR.,FALSE
,sales-de-bano-aphrodisia-75-gr,,,,,,,,,,,,,,,,,,,https://backoffice.saintsual.com/2072-superlarge_default_2x/sales-de-baro-aphrodisia-75-gr.jpg,2,SALES DE BAÑO APHRODISIA 75 GR.,
KIT SHUNGA FRUITY KISSES COLLECTION,kit-shunga-fruity-kisses-collection,"Kit formado por aceite de Frutos Exóticos, lubricante Toko Melón y Mango y por aceite afrodisíaco de frambuesa.<br />",SHUNGA,cosmetica intima,FALSE,draft,SH7000,697309097000,Title,Default Title,62.90,TRUE,shopify,9,DENY,950,g,TRUE,manual,https://backoffice.saintsual.com/4561-superlarge_default_2x/kit-shunga-fruity-kisses-collection.jpg,1,KIT SHUNGA FRUITY KISSES COLLECTION,FALSE
,kit-shunga-fruity-kisses-collection,,,,,,,,,,,,,,,,,,,https://backoffice.saintsual.com/10544-superlarge_default_2x/kit-shunga-fruity-kisses-collection.jpg,2,KIT SHUNGA FRUITY KISSES COLLECTION,
,kit-shunga-fruity-kisses-collection,,,,,,,,,,,,,,,,,,,https://backoffice.saintsual.com/10545-superlarge_default_2x/kit-shunga-fruity-kisses-collection.jpg,3,KIT SHUNGA FRUITY KISSES COLLECTION,
,kit-shunga-fruity-kisses-collection,,,,,,,,,,,,,,,,,,,https://backoffice.saintsual.com/10546-superlarge_default_2x/kit-shunga-fruity-kisses-collection.jpg,4,KIT SHUNGA FRUITY KISSES COLLECTION,
,kit-shunga-fruity-kisses-collection,,,,,,,,,,,,,,,,,,,https://backoffice.saintsual.com/10547-superlarge_default_2x/kit-shunga-fruity-kisses-collection.jpg,5,KIT SHUNGA FRUITY KISSES COLLECTION,
,kit-shunga-fruity-kisses-collection,,,,,,,,,,,,,,,,,,,https://backoffice.saintsual.com/10548-superlarge_default_2x/kit-shunga-fruity-kisses-collection.jpg,6,KIT SHUNGA FRUITY KISSES COLLECTION,
,kit-shunga-fruity-kisses-collection,,,,,,,,,,,,,,,,,,,https://backoffice.saintsual.com/10549-superlarge_default_2x/kit-shunga-fruity-kisses-collection.jpg,7,KIT SHUNGA FRUITY KISSES COLLECTION,
KIT SHUNGA SECRET GEISHA COQUINE,kit-shunga-secret-geisha-coquine,<p>Kit de shunga con cremas orgásmicas que está compuesto por:</p><p>- Crema Jardín Secreto 7 ml.</p><p>- Crema Lluvia de amor 7 ml.</p><p>- Crema Dragon Virility 7 ml.</p><p>- Lubricante Toko a base de agua 10 ml.</p>,SHUNGA,cosmetica intima,FALSE,draft,SH2693,697309082693,Title,Default Title,46.90,TRUE,shopify,15,DENY,245,g,TRUE,manual,https://backoffice.saintsual.com/2583-superlarge_default_2x/kit-shunga-secret-geisha-coquine.jpg,1,KIT SHUNGA SECRET GEISHA COQUINE,FALSE
,kit-shunga-secret-geisha-coquine,,,,,,,,,,,,,,,,,,,https://backoffice.saintsual.com/8025-superlarge_default_2x/kit-shunga-secret-geisha-coquine.jpg,2,KIT SHUNGA SECRET GEISHA COQUINE,
,kit-shunga-secret-geisha-coquine,,,,,,,,,,,,,,,,,,,https://backoffice.saintsual.com/8026-superlarge_default_2x/kit-shunga-secret-geisha-coquine.jpg,3,KIT SHUNGA SECRET GEISHA COQUINE,
,kit-shunga-secret-geisha-coquine,,,,,,,,,,,,,,,,,,,https://backoffice.saintsual.com/44445-superlarge_default_2x/kit-shunga-secret-geisha-coquine.jpg,4,KIT SHUNGA SECRET GEISHA COQUINE,
LUBRICANTE TOKO PERA Y TE VERDE,lubricante-toko-pera-y-te-verde,"<p>Aquí tienes una propuesta de descripción larga, diseñada para resaltar tanto la funcionalidad técnica como el placer sensorial de este lubricante, ideal para una ficha de producto premium.<br /><br />Toko Aroma: El Lubricante de Frutas que Despierta tus Sentidos (165 ml)<br />Eleva la calidad de tus encuentros íntimos con Toko Aroma, una de las joyas de la marca Shunga. Este lubricante no es solo un facilitador de la intimidad, es una experiencia gourmet diseñada para quienes no quieren elegir entre funcionalidad, sabor y una textura inigualable.<br /><br />Lubricación que Imita a la Naturaleza<br />La fórmula de Toko Aroma ha sido perfeccionada para reproducir la lubricación natural del cuerpo de la manera más fiel posible. Gracias a su base de agua de alta calidad, ofrece una sensación ultrasedosa y fluida que elimina cualquier fricción incómoda, permitiendo que la penetración sea suave, placentera y, sobre todo, muy natural.<br /><br />Un Festín de Sabor a Fruta Fresca (Sin Azúcar)<br />¿Por qué conformarse con un lubricante neutro cuando puedes añadir un toque delicioso? Toko Aroma está infusionado con un intenso sabor a fruta fresca que transforma el sexo oral en un momento dulce y divertido.<br /><br />0% Azúcar: Disfruta de su sabor exquisito sin preocuparte por las calorías o por posibles desequilibrios en el pH de la zona íntima.<br /><br />Sin Regusto Químico: Elaborado con ingredientes seleccionados para garantizar que el sabor sea tan auténtico como la fruta misma.<br /><br />Textura Duradera y Sensación de Seda<br />A diferencia de otros lubricantes de base acuosa que se secan rápidamente, la línea Aroma está diseñada para ser duradera. Una pequeña cantidad es suficiente para mantener una hidratación constante, permitiendo que sientas cada movimiento de tu pareja al máximo, sin interrupciones para volver a aplicar producto.<br /><br />Características que lo hacen único:<br />Efecto Ultrasedoso: Tacto suave que mejora la sensibilidad y el deslizamiento.<br /><br />Compatible con Látex: Puedes usarlo con total seguridad con preservativos y todo tipo de juguetes de silicona.<br /><br />Fácil Limpieza: Al ser de base acuosa, no mancha las sábanas y se retira fácilmente con agua, sin dejar residuos pegajosos.<br /><br />Envase Generoso de 165 ml: Un formato elegante y duradero para que nunca falte en tus momentos de pasión.<br /><br />Versatilidad Total: Ideal tanto para el juego preliminar (sexo oral) como para la penetración vaginal o anal.<br /><br />¿Por qué elegir Toko Aroma?<br />Si buscas un producto que combine la seguridad de un lubricante médico con el erotismo de un producto de placer, Toko Aroma es la elección perfecta. Es la herramienta ideal para parejas que desean explorar sensaciones frescas, dulces y profundamente sedosas.</p>
<p></p>
<p class=""MsoNormal"">Ingredientes: Water/Eau (Aqua), Glycerin USP/Glycérine USP, Propylene Glycol,<span> </span>Flavor/Saveur<span> </span>(Aroma),<span> </span>Sucralose,<span> </span>Hydroxyethylcellulose.<span> </span>Exotic<span> </span>Fruits/Fruits exotiques: D-Limonene.</p>
<p></p>",SHUNGA,cosmetica intima,FALSE,draft,SH4118,697309064118,Title,Default Title,20.90,TRUE,shopify,7,DENY,217,g,TRUE,manual,https://backoffice.saintsual.com/2586-superlarge_default_2x/lubricante-toko-pera-y-te-verde.jpg,1,LUBRICANTE TOKO PERA Y TE VERDE,FALSE
LUBRICANTE TOKO AGUA DE COCO,lubricante-toko-agua-de-coco,"<p>Aquí tienes una propuesta de descripción larga, diseñada para resaltar tanto la funcionalidad técnica como el placer sensorial de este lubricante, ideal para una ficha de producto premium.<br /><br />Toko Aroma: El Lubricante de Frutas que Despierta tus Sentidos (165 ml)<br />Eleva la calidad de tus encuentros íntimos con Toko Aroma, una de las joyas de la marca Shunga. Este lubricante no es solo un facilitador de la intimidad, es una experiencia gourmet diseñada para quienes no quieren elegir entre funcionalidad, sabor y una textura inigualable.<br /><br />Lubricación que Imita a la Naturaleza<br />La fórmula de Toko Aroma ha sido perfeccionada para reproducir la lubricación natural del cuerpo de la manera más fiel posible. Gracias a su base de agua de alta calidad, ofrece una sensación ultrasedosa y fluida que elimina cualquier fricción incómoda, permitiendo que la penetración sea suave, placentera y, sobre todo, muy natural.<br /><br />Un Festín de Sabor a Fruta Fresca (Sin Azúcar)<br />¿Por qué conformarse con un lubricante neutro cuando puedes añadir un toque delicioso? Toko Aroma está infusionado con un intenso sabor a fruta fresca que transforma el sexo oral en un momento dulce y divertido.<br /><br />0% Azúcar: Disfruta de su sabor exquisito sin preocuparte por las calorías o por posibles desequilibrios en el pH de la zona íntima.<br /><br />Sin Regusto Químico: Elaborado con ingredientes seleccionados para garantizar que el sabor sea tan auténtico como la fruta misma.<br /><br />Textura Duradera y Sensación de Seda<br />A diferencia de otros lubricantes de base acuosa que se secan rápidamente, la línea Aroma está diseñada para ser duradera. Una pequeña cantidad es suficiente para mantener una hidratación constante, permitiendo que sientas cada movimiento de tu pareja al máximo, sin interrupciones para volver a aplicar producto.<br /><br />Características que lo hacen único:<br />Efecto Ultrasedoso: Tacto suave que mejora la sensibilidad y el deslizamiento.<br /><br />Compatible con Látex: Puedes usarlo con total seguridad con preservativos y todo tipo de juguetes de silicona.<br /><br />Fácil Limpieza: Al ser de base acuosa, no mancha las sábanas y se retira fácilmente con agua, sin dejar residuos pegajosos.<br /><br />Envase Generoso de 165 ml: Un formato elegante y duradero para que nunca falte en tus momentos de pasión.<br /><br />Versatilidad Total: Ideal tanto para el juego preliminar (sexo oral) como para la penetración vaginal o anal.<br /><br />¿Por qué elegir Toko Aroma?<br />Si buscas un producto que combine la seguridad de un lubricante médico con el erotismo de un producto de placer, Toko Aroma es la elección perfecta. Es la herramienta ideal para parejas que desean explorar sensaciones frescas, dulces y profundamente sedosas.</p>
<p></p>
<p class=""MsoNormal"">Ingredientes: Water/Eau (Aqua), Glycerin USP/Glycérine USP, Propylene Glycol,<span> </span>Flavor/Saveur<span> </span>(Aroma),<span> </span>Sucralose,<span> </span>Hydroxyethylcellulose.<span> </span>Exotic<span> </span>Fruits/Fruits exotiques: D-Limonene.</p>
<p></p>",SHUNGA,cosmetica intima,FALSE,draft,SH4101,697309064101,Title,Default Title,20.90,TRUE,shopify,0,DENY,217,g,TRUE,manual,https://backoffice.saintsual.com/2588-superlarge_default_2x/lubricante-toko-agua-de-coco.jpg,1,LUBRICANTE TOKO AGUA DE COCO,FALSE
LUBRICANTE TOKO LICHI,lubricante-toko-lichi,"<p>Aquí tienes una propuesta de descripción larga, diseñada para resaltar tanto la funcionalidad técnica como el placer sensorial de este lubricante, ideal para una ficha de producto premium.<br /><br />Toko Aroma: El Lubricante de Frutas que Despierta tus Sentidos (165 ml)<br />Eleva la calidad de tus encuentros íntimos con Toko Aroma, una de las joyas de la marca Shunga. Este lubricante no es solo un facilitador de la intimidad, es una experiencia gourmet diseñada para quienes no quieren elegir entre funcionalidad, sabor y una textura inigualable.<br /><br />Lubricación que Imita a la Naturaleza<br />La fórmula de Toko Aroma ha sido perfeccionada para reproducir la lubricación natural del cuerpo de la manera más fiel posible. Gracias a su base de agua de alta calidad, ofrece una sensación ultrasedosa y fluida que elimina cualquier fricción incómoda, permitiendo que la penetración sea suave, placentera y, sobre todo, muy natural.<br /><br />Un Festín de Sabor a Fruta Fresca (Sin Azúcar)<br />¿Por qué conformarse con un lubricante neutro cuando puedes añadir un toque delicioso? Toko Aroma está infusionado con un intenso sabor a fruta fresca que transforma el sexo oral en un momento dulce y divertido.<br /><br />0% Azúcar: Disfruta de su sabor exquisito sin preocuparte por las calorías o por posibles desequilibrios en el pH de la zona íntima.<br /><br />Sin Regusto Químico: Elaborado con ingredientes seleccionados para garantizar que el sabor sea tan auténtico como la fruta misma.<br /><br />Textura Duradera y Sensación de Seda<br />A diferencia de otros lubricantes de base acuosa que se secan rápidamente, la línea Aroma está diseñada para ser duradera. Una pequeña cantidad es suficiente para mantener una hidratación constante, permitiendo que sientas cada movimiento de tu pareja al máximo, sin interrupciones para volver a aplicar producto.<br /><br />Características que lo hacen único:<br />Efecto Ultrasedoso: Tacto suave que mejora la sensibilidad y el deslizamiento.<br /><br />Compatible con Látex: Puedes usarlo con total seguridad con preservativos y todo tipo de juguetes de silicona.<br /><br />Fácil Limpieza: Al ser de base acuosa, no mancha las sábanas y se retira fácilmente con agua, sin dejar residuos pegajosos.<br /><br />Envase Generoso de 165 ml: Un formato elegante y duradero para que nunca falte en tus momentos de pasión.<br /><br />Versatilidad Total: Ideal tanto para el juego preliminar (sexo oral) como para la penetración vaginal o anal.<br /><br />¿Por qué elegir Toko Aroma?<br />Si buscas un producto que combine la seguridad de un lubricante médico con el erotismo de un producto de placer, Toko Aroma es la elección perfecta. Es la herramienta ideal para parejas que desean explorar sensaciones frescas, dulces y profundamente sedosas.</p>
<p></p>
<p class=""MsoNormal"">Ingredientes: Water/Eau (Aqua), Glycerin USP/Glycérine USP, Propylene Glycol,<span> </span>Flavor/Saveur<span> </span>(Aroma),<span> </span>Sucralose,<span> </span>Hydroxyethylcellulose.<span> </span>Exotic<span> </span>Fruits/Fruits exotiques: D-Limonene.</p>
<p></p>",SHUNGA,cosmetica intima,FALSE,draft,SH4217,697309064217,Title,Default Title,20.90,TRUE,shopify,9,DENY,217,g,TRUE,manual,https://backoffice.saintsual.com/2590-superlarge_default_2x/lubricante-toko-lichi.jpg,1,LUBRICANTE TOKO LICHI,FALSE
ACEITE MASAJE DESIRE VAINILLA 240 ML,aceite-masaje-desire-vainilla-240-ml,"<p>Aceite de Masaje Profesional Shunga: El Arte del Tacto y la Nutrición<br />Eleva tus momentos de relajación y conexión con el Aceite de Masaje Premium de Shunga. Diseñado para quienes no se conforman con lo ordinario, este aceite combina la sabiduría de los rituales antiguos con la pureza de la cosmética moderna. Su fórmula equilibrada permite que las manos se deslicen sin esfuerzo, facilitando un masaje profundo y fluido que libera la tensión y despierta los sentidos.<br /><br />Pureza en Cada Gota: Aceites Prensados en Frío<br />La calidad de un masaje depende directamente de la calidad del vehículo utilizado. Por ello, Shunga utiliza exclusivamente aceites 100% naturales prensados en frío. Este método de extracción artesanal asegura que los ingredientes conserven todas sus propiedades biológicas, vitaminas y ácidos grasos esenciales, a diferencia de los aceites procesados con calor.<br /><br />Sin Aceites Minerales: Libre de parafinas y derivados del petróleo que suelen obstruir los poros.<br /><br />100% Vegano: No contiene ingredientes de origen animal, siendo respetuoso con el medio ambiente y con tu piel.<br /><br />Textura ""Toque Seco"": Ha sido formulado para dejar la piel increíblemente suave y aterciopelada, sin dejar rastro de sensación grasienta al finalizar la sesión.<br /><br />Enriquecido con Vitamina E: El Escudo de tu Piel<br />Más allá del placer del masaje, este aceite funciona como un tratamiento de belleza. Gracias a su alto contenido en Vitamina E, actúa como un potente antioxidante natural que ayuda a regenerar los tejidos, combatir los radicales libres y prevenir el envejecimiento prematuro de la piel, dejándola nutrida y luminosa.<br /><br />Una Experiencia Aromática Envolvente<br />Aromatizado con una selección de aceites esenciales y fragancias delicadas, este aceite transforma cualquier habitación en un spa de lujo. Su aroma está diseñado para perdurar suavemente en el cuerpo, creando una atmósfera de calma y sensualidad.<br /><br />Detalles y Recomendaciones:<br />Contenido: Envase generoso de 240 ml, ideal para múltiples sesiones.<br /><br />Uso Externo: Debido a su rica concentración de aceites esenciales y fragancias, este aceite no es comestible.<br /><br />Consejo de Uso: Perfecto para masajes relajantes, descontracturantes o eróticos. Aplica una pequeña cantidad en las palmas, frota para temperar el aceite y comienza el ritual.<br /><br />Nota: No se recomienda su uso como lubricante íntimo.<br /><br />Beneficios Clave:<br />- Deslizamiento Óptimo: Permite masajes prolongados sin necesidad de reaplicar constantemente.<br />- Nutrición Intensiva: La combinación de aceites naturales penetra eficazmente en la dermis.<br />- Absorción Perfecta: La piel queda hidratada pero limpia al tacto.</p>
<p></p>
<p></p>
<p class=""MsoNormal"">Ingredientes: Sweet Almond Oil/Huile d’amande douce (Prunus Amygdalus Dulcis<span> </span>Oil),<span> </span>Grape<span> </span>Seed<span> </span>Oil/Huile<span> </span>de<span> </span>pépin<span> </span>de<span> </span>raisin<span> </span>(Vitis<span> </span>Vinifera<span> </span>Seed<span> </span>Oil),<span> </span>Sesame<span> </span>Oil/Huile<span> </span>de<span> </span>sésame<span> </span>(Sesamum<span> </span>Indicum<span> </span>Seed<span> </span>Oil),<span> </span>Avocado<span> </span>Oil/Huile <span> </span>d’avocat<span> </span>(Persea<span> </span>Gratissima<span> </span>Oil),<span> </span>Pecan<span> </span>Oil/Huile<span> </span>de<span> </span>pacane<span> </span>(Carya<span> </span>Illinoensis<span> </span>Seed<span> </span>Oil),<span> </span>Safflower<span> </span>Oil/Huile<span> </span>de<span> </span>carthame<span> </span>(Carthamus<span> </span>Tinctorius<span> </span>Seed<span> </span>Oil),<span> </span>Fragrance<span> </span>(Parfum),<span> </span>Vitamin/Vitamine<span> </span>E<span> </span>(Tocopherol),<span> </span>Amyl<span> </span>Cinnamal,<span> </span>Benzyl<span> </span>Alcohol,<span> </span>Citral,<span> </span>Eugenol,<span> </span>Benzyl<span> </span>Salicylate,<span> </span>Coumarin,Limonene,<span> </span>Methyl<span> </span>2-Octynoate,<span> </span>Geraniol,<span> </span>Farnesol,<span> </span>Butylphenyl<span> </span>Methylproponial,<span> </span>Linalool,<span> </span>Benzyl Benzoate, Citronellol, Hexyl Cinnamal, Alpha-Isomethyl Ionone, Butylated Hydroxytoluene (BHT), Lyral, Cinnamyl Alcohol, IsoEugenol, Hydroxycitronellal, Hydroxyisohexyl 3-cyclohexene-Carboxaldehyde.</p>",SHUNGA,cosmetica intima,FALSE,draft,SH2072,697309012072,Title,Default Title,27.90,TRUE,shopify,23,DENY,0,g,TRUE,manual,https://backoffice.saintsual.com/4971-superlarge_default_2x/aceite-masaje-desire-vainilla-240-ml.jpg,1,ACEITE MASAJE DESIRE VAINILLA 240 ML,FALSE
,aceite-masaje-desire-vainilla-240-ml,,,,,,,,,,,,,,,,,,,https://backoffice.saintsual.com/11217-superlarge_default_2x/aceite-masaje-desire-vainilla-240-ml.jpg,2,ACEITE MASAJE DESIRE VAINILLA 240 ML,
ACEITE MASAJE ROMANCE FRESAS CHAMPAGNE 240 ML,aceite-masaje-romance-fresas-champagne-240-ml,"<p>Aceite de Masaje Profesional Shunga: El Arte del Tacto y la Nutrición<br />Eleva tus momentos de relajación y conexión con el Aceite de Masaje Premium de Shunga. Diseñado para quienes no se conforman con lo ordinario, este aceite combina la sabiduría de los rituales antiguos con la pureza de la cosmética moderna. Su fórmula equilibrada permite que las manos se deslicen sin esfuerzo, facilitando un masaje profundo y fluido que libera la tensión y despierta los sentidos.<br /><br />Pureza en Cada Gota: Aceites Prensados en Frío<br />La calidad de un masaje depende directamente de la calidad del vehículo utilizado. Por ello, Shunga utiliza exclusivamente aceites 100% naturales prensados en frío. Este método de extracción artesanal asegura que los ingredientes conserven todas sus propiedades biológicas, vitaminas y ácidos grasos esenciales, a diferencia de los aceites procesados con calor.<br /><br />Sin Aceites Minerales: Libre de parafinas y derivados del petróleo que suelen obstruir los poros.<br /><br />100% Vegano: No contiene ingredientes de origen animal, siendo respetuoso con el medio ambiente y con tu piel.<br /><br />Textura ""Toque Seco"": Ha sido formulado para dejar la piel increíblemente suave y aterciopelada, sin dejar rastro de sensación grasienta al finalizar la sesión.<br /><br />Enriquecido con Vitamina E: El Escudo de tu Piel<br />Más allá del placer del masaje, este aceite funciona como un tratamiento de belleza. Gracias a su alto contenido en Vitamina E, actúa como un potente antioxidante natural que ayuda a regenerar los tejidos, combatir los radicales libres y prevenir el envejecimiento prematuro de la piel, dejándola nutrida y luminosa.<br /><br />Una Experiencia Aromática Envolvente<br />Aromatizado con una selección de aceites esenciales y fragancias delicadas, este aceite transforma cualquier habitación en un spa de lujo. Su aroma está diseñado para perdurar suavemente en el cuerpo, creando una atmósfera de calma y sensualidad.<br /><br />Detalles y Recomendaciones:<br />Contenido: Envase generoso de 240 ml, ideal para múltiples sesiones.<br /><br />Uso Externo: Debido a su rica concentración de aceites esenciales y fragancias, este aceite no es comestible.<br /><br />Consejo de Uso: Perfecto para masajes relajantes, descontracturantes o eróticos. Aplica una pequeña cantidad en las palmas, frota para temperar el aceite y comienza el ritual.<br /><br />Nota: No se recomienda su uso como lubricante íntimo.<br /><br />Beneficios Clave:<br />- Deslizamiento Óptimo: Permite masajes prolongados sin necesidad de reaplicar constantemente.<br />- Nutrición Intensiva: La combinación de aceites naturales penetra eficazmente en la dermis.<br />- Absorción Perfecta: La piel queda hidratada pero limpia al tacto.</p>
<p></p>
<p></p>
<p></p>
<p class=""MsoNormal"">Ingredientes: Sweet Almond Oil/Huile d’amande douce (Prunus Amygdalus Dulcis<span> </span>Oil),<span> </span>Grape<span> </span>Seed<span> </span>Oil/Huile<span> </span>de<span> </span>pépin<span> </span>de<span> </span>raisin<span> </span>(Vitis<span> </span>Vinifera<span> </span>Seed<span> </span>Oil),<span> </span>Sesame<span> </span>Oil/Huile<span> </span>de<span> </span>sésame<span> </span>(Sesamum<span> </span>Indicum<span> </span>Seed<span> </span>Oil),<span> </span>Avocado<span> </span>Oil/Huile <span> </span>d’avocat<span> </span>(Persea<span> </span>Gratissima<span> </span>Oil),<span> </span>Pecan<span> </span>Oil/Huile<span> </span>de<span> </span>pacane<span> </span>(Carya<span> </span>Illinoensis<span> </span>Seed<span> </span>Oil),<span> </span>Safflower<span> </span>Oil/Huile<span> </span>de<span> </span>carthame<span> </span>(Carthamus<span> </span>Tinctorius<span> </span>Seed<span> </span>Oil),<span> </span>Fragrance<span> </span>(Parfum),<span> </span>Vitamin/Vitamine<span> </span>E<span> </span>(Tocopherol),<span> </span>Amyl<span> </span>Cinnamal,<span> </span>Benzyl<span> </span>Alcohol,<span> </span>Citral,<span> </span>Eugenol,<span> </span>Benzyl<span> </span>Salicylate,<span> </span>Coumarin,Limonene,<span> </span>Methyl<span> </span>2-Octynoate,<span> </span>Geraniol,<span> </span>Farnesol,<span> </span>Butylphenyl<span> </span>Methylproponial,<span> </span>Linalool,<span> </span>Benzyl Benzoate, Citronellol, Hexyl Cinnamal, Alpha-Isomethyl Ionone, Butylated Hydroxytoluene (BHT), Lyral, Cinnamyl Alcohol, IsoEugenol, Hydroxycitronellal, Hydroxyisohexyl 3-cyclohexene-Carboxaldehyde.</p>",SHUNGA,cosmetica intima,FALSE,draft,SH2089,697309012089,Title,Default Title,27.90,TRUE,shopify,25,DENY,258,g,TRUE,manual,https://backoffice.saintsual.com/4972-superlarge_default_2x/aceite-masaje-romance-fresas-champagne-240-ml.jpg,1,ACEITE MASAJE ROMANCE FRESAS CHAMPAGNE 240 ML,FALSE
,aceite-masaje-romance-fresas-champagne-240-ml,,,,,,,,,,,,,,,,,,,https://backoffice.saintsual.com/11218-superlarge_default_2x/aceite-masaje-romance-fresas-champagne-240-ml.jpg,2,ACEITE MASAJE ROMANCE FRESAS CHAMPAGNE 240 ML,
ACEITE MASAJE SEDUCTION FLOR DE MEDIANOCHE 240 ML,aceite-masaje-seduction-flor-de-medianoche-240-ml,"<p>Aceite de Masaje Profesional Shunga: El Arte del Tacto y la Nutrición<br />Eleva tus momentos de relajación y conexión con el Aceite de Masaje Premium de Shunga. Diseñado para quienes no se conforman con lo ordinario, este aceite combina la sabiduría de los rituales antiguos con la pureza de la cosmética moderna. Su fórmula equilibrada permite que las manos se deslicen sin esfuerzo, facilitando un masaje profundo y fluido que libera la tensión y despierta los sentidos.<br /><br />Pureza en Cada Gota: Aceites Prensados en Frío<br />La calidad de un masaje depende directamente de la calidad del vehículo utilizado. Por ello, Shunga utiliza exclusivamente aceites 100% naturales prensados en frío. Este método de extracción artesanal asegura que los ingredientes conserven todas sus propiedades biológicas, vitaminas y ácidos grasos esenciales, a diferencia de los aceites procesados con calor.<br /><br />Sin Aceites Minerales: Libre de parafinas y derivados del petróleo que suelen obstruir los poros.<br /><br />100% Vegano: No contiene ingredientes de origen animal, siendo respetuoso con el medio ambiente y con tu piel.<br /><br />Textura ""Toque Seco"": Ha sido formulado para dejar la piel increíblemente suave y aterciopelada, sin dejar rastro de sensación grasienta al finalizar la sesión.<br /><br />Enriquecido con Vitamina E: El Escudo de tu Piel<br />Más allá del placer del masaje, este aceite funciona como un tratamiento de belleza. Gracias a su alto contenido en Vitamina E, actúa como un potente antioxidante natural que ayuda a regenerar los tejidos, combatir los radicales libres y prevenir el envejecimiento prematuro de la piel, dejándola nutrida y luminosa.<br /><br />Una Experiencia Aromática Envolvente<br />Aromatizado con una selección de aceites esenciales y fragancias delicadas, este aceite transforma cualquier habitación en un spa de lujo. Su aroma está diseñado para perdurar suavemente en el cuerpo, creando una atmósfera de calma y sensualidad.<br /><br />Detalles y Recomendaciones:<br />Contenido: Envase generoso de 240 ml, ideal para múltiples sesiones.<br /><br />Uso Externo: Debido a su rica concentración de aceites esenciales y fragancias, este aceite no es comestible.<br /><br />Consejo de Uso: Perfecto para masajes relajantes, descontracturantes o eróticos. Aplica una pequeña cantidad en las palmas, frota para temperar el aceite y comienza el ritual.<br /><br />Nota: No se recomienda su uso como lubricante íntimo.<br /><br />Beneficios Clave:<br />- Deslizamiento Óptimo: Permite masajes prolongados sin necesidad de reaplicar constantemente.<br />- Nutrición Intensiva: La combinación de aceites naturales penetra eficazmente en la dermis.<br />- Absorción Perfecta: La piel queda hidratada pero limpia al tacto.</p>
<p class=""MsoNormal"">Ingredientes: Sweet Almond Oil/Huile d’amande douce (Prunus Amygdalus Dulcis<span> </span>Oil),<span> </span>Grape<span> </span>Seed<span> </span>Oil/Huile<span> </span>de<span> </span>pépin<span> </span>de<span> </span>raisin<span> </span>(Vitis<span> </span>Vinifera<span> </span>Seed<span> </span>Oil),<span> </span>Sesame<span> </span>Oil/Huile<span> </span>de<span> </span>sésame<span> </span>(Sesamum<span> </span>Indicum<span> </span>Seed<span> </span>Oil),<span> </span>Avocado<span> </span>Oil/Huile <span> </span>d’avocat<span> </span>(Persea<span> </span>Gratissima<span> </span>Oil),<span> </span>Pecan<span> </span>Oil/Huile<span> </span>de<span> </span>pacane<span> </span>(Carya<span> </span>Illinoensis<span> </span>Seed<span> </span>Oil),<span> </span>Safflower<span> </span>Oil/Huile<span> </span>de<span> </span>carthame<span> </span>(Carthamus<span> </span>Tinctorius<span> </span>Seed<span> </span>Oil),<span> </span>Fragrance<span> </span>(Parfum),<span> </span>Vitamin/Vitamine<span> </span>E<span> </span>(Tocopherol),<span> </span>Amyl<span> </span>Cinnamal,<span> </span>Benzyl<span> </span>Alcohol,<span> </span>Citral,<span> </span>Eugenol,<span> </span>Benzyl<span> </span>Salicylate,<span> </span>Coumarin,Limonene,<span> </span>Methyl<span> </span>2-Octynoate,<span> </span>Geraniol,<span> </span>Farnesol,<span> </span>Butylphenyl<span> </span>Methylproponial,<span> </span>Linalool,<span> </span>Benzyl Benzoate, Citronellol, Hexyl Cinnamal, Alpha-Isomethyl Ionone, Butylated Hydroxytoluene (BHT), Lyral, Cinnamyl Alcohol, IsoEugenol, Hydroxycitronellal, Hydroxyisohexyl 3-cyclohexene-Carboxaldehyde.</p>",SHUNGA,cosmetica intima,FALSE,draft,SH2195,697309012195,Title,Default Title,27.90,TRUE,shopify,12,DENY,258,g,TRUE,manual,https://backoffice.saintsual.com/4977-superlarge_default_2x/aceite-masaje-seduction-flor-de-medianoche-240-ml.jpg,1,ACEITE MASAJE SEDUCTION FLOR DE MEDIANOCHE 240 ML,FALSE
,aceite-masaje-seduction-flor-de-medianoche-240-ml,,,,,,,,,,,,,,,,,,,https://backoffice.saintsual.com/11223-superlarge_default_2x/aceite-masaje-seduction-flor-de-medianoche-240-ml.jpg,2,ACEITE MASAJE SEDUCTION FLOR DE MEDIANOCHE 240 ML,
TESTER ACEITE SHUNGA SENSUAL FLOR DE ISLAS 60 ML,tester-aceite-shunga-sensual-flor-de-islas-60-ml,"<p>
- ACEITE DE MASAJE CON AROMA.<br />
- SUAVIZA LA PIEL SIN DEJARLA GRASIENTA.<br />
- CONTIENE: PEPITA DE UVA, ACEITE DE ALMENDRAS, SÉSAMO, AGUACATE.<br />
- NUTRITIVO Y ENRIQUECIDO CON VITAMINA E.<br />
- ENVASE DE 100 ML.</p>",SHUNGA,cosmetica intima,FALSE,draft,TSH0245,697309112246,Title,Default Title,,TRUE,shopify,2,DENY,71,g,TRUE,manual,https://backoffice.saintsual.com/44483-superlarge_default_2x/tester-aceite-shunga-sensual-flor-de-islas-60-ml.jpg,1,TESTER ACEITE SHUNGA SENSUAL FLOR DE ISLAS 60 ML,FALSE
VELA DE MASAJE FLOR DE ISLAS 170ML,vela-de-masaje-flor-de-islas-170ml,"<p>Vela de Masaje Erótico Shunga: El Arte del Tacto y el Calor<br />Transforma una noche ordinaria en una velada inolvidable de relajación y romance. Esta vela de masaje no es solo un elemento decorativo; es una invitación a explorar el placer a través del calor y el aroma. Al encenderla, su cera se convierte en un aceite tibio y sedoso, diseñado para deslizarse suavemente sobre la piel y despertar todos los sentidos.<br /><br />Un Cóctel de Nutrición 100% Natural<br />A diferencia de las velas convencionales, este producto está formulado exclusivamente con aceites vegetales 100% naturales que cuidan y respetan tu cuerpo:<br /><br />- Aceite de Soja: Aporta una textura ligera y facilita el deslizamiento.<br />- Aceite de Coco: Conocido por sus propiedades reparadoras y su aroma tropical sutil.<br />- Aceite de Almendra: Un potente hidratante que nutre las capas profundas de la piel.<br /><br />Gracias a esta mezcla premium, el aceite no obstruye los poros y es apto para todo tipo de pieles, dejándolas con un acabado satinado, hidratado y sin sensación grasa persistente.<br /><br />Una Experiencia Sensorial Única<br />Cada vela desprende una fragancia delicada y sutil que envuelve la habitación, creando el ambiente perfecto para el juego previo o una sesión de fisioterapia relajante en pareja. El aceite alcanza la temperatura ideal para reconfortar los músculos sin quemar, proporcionando un alivio inmediato y una conexión íntima a través del tacto.<br /><br />Instrucciones de Uso y Consejos:<br />Preparación: Enciende la vela aproximadamente 20 minutos antes de comenzar el masaje. Esto permitirá que se forme la cantidad adecuada de aceite líquido.<br /><br /><br />Aplicación: Apaga la llama y vierte el aceite tibio directamente sobre la palma de tu mano o sobre la espalda de tu pareja.<br /><br />Masaje: Extiende el aceite con movimientos circulares y lentos.<br /><br />Especificaciones del Producto:<br />- Composición: Aceites naturales (Soja, Coco y Almendra).<br />- Contenido: Disponible en dos formatos prácticos: 30 ml (ideal para viajes o probar fragancias) y 170 ml (para múltiples sesiones de placer).<br /><br />Precauciones: Solo para uso externo. No es comestible. Debido a que contiene perfumes, se recomienda evitar el contacto con las zonas íntimas y mucosas.</p>
<p>Dos tamaños disponibles: 30 ml o 170 ml.</p>
<p></p>
<p class=""MsoNormal"">Ingredientes: Hydrogenated Soybean Oil/Huile de soja hydrogénée, Co-conut Oil/Huile de noix de coco (Cocos nucifera oil), Fragrance (Parfum), Sweet Almond Oil/Huile d’amande douce (Prunus amygdalus dulcis oil), Safflower Oil/Huile<span> </span>de<span> </span>carthame<span> </span>(Carthamus<span> </span>tinctorius<span> </span>seed<span> </span>oil),<span> </span>Avocado<span> </span>Oil/Huile<span> </span>d’avocat<span> </span>(Persea gratissima oil), Sesame Oil/Huile de sésame (Sesamum indicum seed oil), Grape<span> </span>Seed<span> </span>Oil/Huile<span> </span>de<span> </span>pépin<span> </span>de<span> </span>raisin<span> </span>(Vitis<span> </span>vinifera<span> </span>seed<span> </span>oil),<span> </span>Benzyl<span> </span>Benzo-ate, Vitamin/Vitamine E (Tocopherol), Amyl Cinnamic Aldehyde, Benzyl Alcohol, Benzyl<span> </span>Cinnamate,<span> </span>Benzyl<span> </span>Salicylate,<span> </span>Cinnamic<span> </span>Alcohol, <span> </span>Cinnamic<span> </span>Aldehyde,<span> </span>Coumarin,<span> </span>D-Limonene,<span> </span>Eugenol,<span> </span>Farnesol,<span> </span>Geraniol,<span> </span>Isoeugenol,<span> </span>Butylphenyl<span> </span>Methylproponial, Linalool, Methyl Heptine Carbonate, Citral, G-Methyl Ionone.</p>
<p></p>",SHUNGA,cosmetica intima,FALSE,draft,SH5247,697309045247,Title,Default Title,27.50,TRUE,shopify,7,DENY,284,g,TRUE,manual,https://backoffice.saintsual.com/4560-superlarge_default_2x/vela-de-masaje-flor-de-islas-170ml.jpg,1,VELA DE MASAJE FLOR DE ISLAS 170ML,FALSE
,vela-de-masaje-flor-de-islas-170ml,,,,,,,,,,,,,,,,,,,https://backoffice.saintsual.com/10541-superlarge_default_2x/vela-de-masaje-flor-de-islas-170ml.jpg,2,VELA DE MASAJE FLOR DE ISLAS 170ML,
,vela-de-masaje-flor-de-islas-170ml,,,,,,,,,,,,,,,,,,,https://backoffice.saintsual.com/10542-superlarge_default_2x/vela-de-masaje-flor-de-islas-170ml.jpg,3,VELA DE MASAJE FLOR DE ISLAS 170ML,
,vela-de-masaje-flor-de-islas-170ml,,,,,,,,,,,,,,,,,,,https://backoffice.saintsual.com/10543-superlarge_default_2x/vela-de-masaje-flor-de-islas-170ml.jpg,4,VELA DE MASAJE FLOR DE ISLAS 170ML,
LUBRICANTE CONTACTO NATURAL BASE AGUA 125 ML,lubricante-contacto-natural-base-agua-125-ml,"<p>Lubricante a base de agua que simula la lubricación natural.</p><p>Creado exclusivamente para reproducir una lubricación natural ilimitada y facilitar la penetración. Este lubricante ultra sedoso aumenta la sensación de los cuerpos en movimiento en momentos de sobreexcitación amorosa. </p><p>Ideal para utilizar con juguetes eróticos y látex.<br /></p><p>Envase de 125 ml.</p><p>

</p><p class=""MsoNormal"">Ingredientes: Glycerin USP/Glycérine USP, Water/Eau (Aqua),
Propylene<span>  </span>Glycol,Polyquaternium-7</p>

<p></p>",SHUNGA,cosmetica intima,FALSE,draft,SH0004,697309060004,Title,Default Title,20.90,TRUE,shopify,0,DENY,157,g,TRUE,manual,https://backoffice.saintsual.com/4740-superlarge_default_2x/lubricante-contacto-natural-base-agua-125-ml.jpg,1,LUBRICANTE CONTACTO NATURAL BASE AGUA 125 ML,FALSE
ACEITE MASAJE SENSUAL FLOR DE ISLA 240 ML,aceite-masaje-sensual-flor-de-isla-240-ml,"<p>Aceite de Masaje Profesional Shunga: El Arte del Tacto y la Nutrición<br />Eleva tus momentos de relajación y conexión con el Aceite de Masaje Premium de Shunga. Diseñado para quienes no se conforman con lo ordinario, este aceite combina la sabiduría de los rituales antiguos con la pureza de la cosmética moderna. Su fórmula equilibrada permite que las manos se deslicen sin esfuerzo, facilitando un masaje profundo y fluido que libera la tensión y despierta los sentidos.<br /><br />Pureza en Cada Gota: Aceites Prensados en Frío<br />La calidad de un masaje depende directamente de la calidad del vehículo utilizado. Por ello, Shunga utiliza exclusivamente aceites 100% naturales prensados en frío. Este método de extracción artesanal asegura que los ingredientes conserven todas sus propiedades biológicas, vitaminas y ácidos grasos esenciales, a diferencia de los aceites procesados con calor.<br /><br />Sin Aceites Minerales: Libre de parafinas y derivados del petróleo que suelen obstruir los poros.<br /><br />100% Vegano: No contiene ingredientes de origen animal, siendo respetuoso con el medio ambiente y con tu piel.<br /><br />Textura ""Toque Seco"": Ha sido formulado para dejar la piel increíblemente suave y aterciopelada, sin dejar rastro de sensación grasienta al finalizar la sesión.<br /><br />Enriquecido con Vitamina E: El Escudo de tu Piel<br />Más allá del placer del masaje, este aceite funciona como un tratamiento de belleza. Gracias a su alto contenido en Vitamina E, actúa como un potente antioxidante natural que ayuda a regenerar los tejidos, combatir los radicales libres y prevenir el envejecimiento prematuro de la piel, dejándola nutrida y luminosa.<br /><br />Una Experiencia Aromática Envolvente<br />Aromatizado con una selección de aceites esenciales y fragancias delicadas, este aceite transforma cualquier habitación en un spa de lujo. Su aroma está diseñado para perdurar suavemente en el cuerpo, creando una atmósfera de calma y sensualidad.<br /><br />Detalles y Recomendaciones:<br />Contenido: Envase generoso de 240 ml, ideal para múltiples sesiones.<br /><br />Uso Externo: Debido a su rica concentración de aceites esenciales y fragancias, este aceite no es comestible.<br /><br />Consejo de Uso: Perfecto para masajes relajantes, descontracturantes o eróticos. Aplica una pequeña cantidad en las palmas, frota para temperar el aceite y comienza el ritual.<br /><br />Nota: No se recomienda su uso como lubricante íntimo.<br /><br />Beneficios Clave:<br />- Deslizamiento Óptimo: Permite masajes prolongados sin necesidad de reaplicar constantemente.<br />- Nutrición Intensiva: La combinación de aceites naturales penetra eficazmente en la dermis.<br />- Absorción Perfecta: La piel queda hidratada pero limpia al tacto.<br /><br /></p>
<p class=""MsoNormal"">Ingredientes: Sweet Almond Oil/Huile d’amande douce (Prunus Amygdalus Dulcis<span> </span>Oil),<span> </span>Grape<span> </span>Seed<span> </span>Oil/Huile<span> </span>de<span> </span>pépin<span> </span>de<span> </span>raisin<span> </span>(Vitis<span> </span>Vinifera<span> </span>Seed<span> </span>Oil),<span> </span>Sesame<span> </span>Oil/Huile<span> </span>de<span> </span>sésame<span> </span>(Sesamum<span> </span>Indicum<span> </span>Seed<span> </span>Oil),<span> </span>Avocado<span> </span>Oil/Huile <span> </span>d’avocat<span> </span>(Persea<span> </span>Gratissima<span> </span>Oil),<span> </span>Pecan<span> </span>Oil/Huile<span> </span>de<span> </span>pacane<span> </span>(Carya<span> </span>Illinoensis<span> </span>Seed<span> </span>Oil),<span> </span>Safflower<span> </span>Oil/Huile<span> </span>de<span> </span>carthame<span> </span>(Carthamus<span> </span>Tinctorius<span> </span>Seed<span> </span>Oil),<span> </span>Fragrance<span> </span>(Parfum),<span> </span>Vitamin/Vitamine<span> </span>E<span> </span>(Tocopherol),<span> </span>Amyl<span> </span>Cinnamal,<span> </span>Benzyl<span> </span>Alcohol,<span> </span>Citral,<span> </span>Eugenol,<span> </span>Benzyl<span> </span>Salicylate,<span> </span>Coumarin,Limonene,<span> </span>Methyl<span> </span>2-Octynoate,<span> </span>Geraniol,<span> </span>Farnesol,<span> </span>Butylphenyl<span> </span>Methylproponial,<span> </span>Linalool,<span> </span>Benzyl Benzoate, Citronellol, Hexyl Cinnamal, Alpha-Isomethyl Ionone, Butylated Hydroxytoluene (BHT), Lyral, Cinnamyl Alcohol, IsoEugenol, Hydroxycitronellal, Hydroxyisohexyl 3-cyclohexene-Carboxaldehyde.</p>",SHUNGA,cosmetica intima,FALSE,draft,SH2249,697309012249,Title,Default Title,27.90,TRUE,shopify,21,DENY,258,g,TRUE,manual,https://backoffice.saintsual.com/4967-superlarge_default_2x/aceite-masaje-sensual-flor-de-isla-240-ml.jpg,1,ACEITE MASAJE SENSUAL FLOR DE ISLA 240 ML,FALSE
,aceite-masaje-sensual-flor-de-isla-240-ml,,,,,,,,,,,,,,,,,,,https://backoffice.saintsual.com/11213-superlarge_default_2x/aceite-masaje-sensual-flor-de-isla-240-ml.jpg,2,ACEITE MASAJE SENSUAL FLOR DE ISLA 240 ML,
ACEITE MASAJE APHRODISIA ROSAS 240 ML,aceite-masaje-aphrodisia-rosas-240-ml,"<p>Aceite de Masaje Profesional Shunga: El Arte del Tacto y la Nutrición<br />Eleva tus momentos de relajación y conexión con el Aceite de Masaje Premium de Shunga. Diseñado para quienes no se conforman con lo ordinario, este aceite combina la sabiduría de los rituales antiguos con la pureza de la cosmética moderna. Su fórmula equilibrada permite que las manos se deslicen sin esfuerzo, facilitando un masaje profundo y fluido que libera la tensión y despierta los sentidos.<br /><br />Pureza en Cada Gota: Aceites Prensados en Frío<br />La calidad de un masaje depende directamente de la calidad del vehículo utilizado. Por ello, Shunga utiliza exclusivamente aceites 100% naturales prensados en frío. Este método de extracción artesanal asegura que los ingredientes conserven todas sus propiedades biológicas, vitaminas y ácidos grasos esenciales, a diferencia de los aceites procesados con calor.<br /><br />Sin Aceites Minerales: Libre de parafinas y derivados del petróleo que suelen obstruir los poros.<br /><br />100% Vegano: No contiene ingredientes de origen animal, siendo respetuoso con el medio ambiente y con tu piel.<br /><br />Textura ""Toque Seco"": Ha sido formulado para dejar la piel increíblemente suave y aterciopelada, sin dejar rastro de sensación grasienta al finalizar la sesión.<br /><br />Enriquecido con Vitamina E: El Escudo de tu Piel<br />Más allá del placer del masaje, este aceite funciona como un tratamiento de belleza. Gracias a su alto contenido en Vitamina E, actúa como un potente antioxidante natural que ayuda a regenerar los tejidos, combatir los radicales libres y prevenir el envejecimiento prematuro de la piel, dejándola nutrida y luminosa.<br /><br />Una Experiencia Aromática Envolvente<br />Aromatizado con una selección de aceites esenciales y fragancias delicadas, este aceite transforma cualquier habitación en un spa de lujo. Su aroma está diseñado para perdurar suavemente en el cuerpo, creando una atmósfera de calma y sensualidad.<br /><br />Detalles y Recomendaciones:<br />Contenido: Envase generoso de 240 ml, ideal para múltiples sesiones.<br /><br />Uso Externo: Debido a su rica concentración de aceites esenciales y fragancias, este aceite no es comestible.<br /><br />Consejo de Uso: Perfecto para masajes relajantes, descontracturantes o eróticos. Aplica una pequeña cantidad en las palmas, frota para temperar el aceite y comienza el ritual.<br /><br />Nota: No se recomienda su uso como lubricante íntimo.<br /><br />Beneficios Clave:<br />- Deslizamiento Óptimo: Permite masajes prolongados sin necesidad de reaplicar constantemente.<br />- Nutrición Intensiva: La combinación de aceites naturales penetra eficazmente en la dermis.<br />- Absorción Perfecta: La piel queda hidratada pero limpia al tacto.<br /><br /></p>
<p class=""MsoNormal"">Ingredientes: Sweet Almond Oil/Huile d’amande douce (Prunus Amygdalus Dulcis<span> </span>Oil),<span> </span>Grape<span> </span>Seed<span> </span>Oil/Huile<span> </span>de<span> </span>pépin<span> </span>de<span> </span>raisin<span> </span>(Vitis<span> </span>Vinifera<span> </span>Seed<span> </span>Oil),<span> </span>Sesame<span> </span>Oil/Huile<span> </span>de<span> </span>sésame<span> </span>(Sesamum<span> </span>Indicum<span> </span>Seed<span> </span>Oil),<span> </span>Avocado<span> </span>Oil/Huile <span> </span>d’avocat<span> </span>(Persea<span> </span>Gratissima<span> </span>Oil),<span> </span>Pecan<span> </span>Oil/Huile<span> </span>de<span> </span>pacane<span> </span>(Carya<span> </span>Illinoensis<span> </span>Seed<span> </span>Oil),<span> </span>Safflower<span> </span>Oil/Huile<span> </span>de<span> </span>carthame<span> </span>(Carthamus<span> </span>Tinctorius<span> </span>Seed<span> </span>Oil),<span> </span>Fragrance<span> </span>(Parfum),<span> </span>Vitamin/Vitamine<span> </span>E<span> </span>(Tocopherol),<span> </span>Amyl<span> </span>Cinnamal,<span> </span>Benzyl<span> </span>Alcohol,<span> </span>Citral,<span> </span>Eugenol,<span> </span>Benzyl<span> </span>Salicylate,<span> </span>Coumarin,Limonene,<span> </span>Methyl<span> </span>2-Octynoate,<span> </span>Geraniol,<span> </span>Farnesol,<span> </span>Butylphenyl<span> </span>Methylproponial,<span> </span>Linalool,<span> </span>Benzyl Benzoate, Citronellol, Hexyl Cinnamal, Alpha-Isomethyl Ionone, Butylated Hydroxytoluene (BHT), Lyral, Cinnamyl Alcohol, IsoEugenol, Hydroxycitronellal, Hydroxyisohexyl 3-cyclohexene-Carboxaldehyde.</p>",SHUNGA,cosmetica intima,FALSE,draft,SH2003,697309012003,Title,Default Title,27.90,TRUE,shopify,4,DENY,258,g,TRUE,manual,https://backoffice.saintsual.com/4968-superlarge_default_2x/aceite-masaje-aphrodisia-rosas-240-ml.jpg,1,ACEITE MASAJE APHRODISIA ROSAS 240 ML,FALSE
,aceite-masaje-aphrodisia-rosas-240-ml,,,,,,,,,,,,,,,,,,,https://backoffice.saintsual.com/11214-superlarge_default_2x/aceite-masaje-aphrodisia-rosas-240-ml.jpg,2,ACEITE MASAJE APHRODISIA ROSAS 240 ML,
ACEITE MASAJE STIMULATION MELOCOTÓN 240 ML,aceite-masaje-stimulation-melocoton-240-ml,"<p>Aceite de Masaje Profesional Shunga: El Arte del Tacto y la Nutrición<br />Eleva tus momentos de relajación y conexión con el Aceite de Masaje Premium de Shunga. Diseñado para quienes no se conforman con lo ordinario, este aceite combina la sabiduría de los rituales antiguos con la pureza de la cosmética moderna. Su fórmula equilibrada permite que las manos se deslicen sin esfuerzo, facilitando un masaje profundo y fluido que libera la tensión y despierta los sentidos.<br /><br />Pureza en Cada Gota: Aceites Prensados en Frío<br />La calidad de un masaje depende directamente de la calidad del vehículo utilizado. Por ello, Shunga utiliza exclusivamente aceites 100% naturales prensados en frío. Este método de extracción artesanal asegura que los ingredientes conserven todas sus propiedades biológicas, vitaminas y ácidos grasos esenciales, a diferencia de los aceites procesados con calor.<br /><br />Sin Aceites Minerales: Libre de parafinas y derivados del petróleo que suelen obstruir los poros.<br /><br />100% Vegano: No contiene ingredientes de origen animal, siendo respetuoso con el medio ambiente y con tu piel.<br /><br />Textura ""Toque Seco"": Ha sido formulado para dejar la piel increíblemente suave y aterciopelada, sin dejar rastro de sensación grasienta al finalizar la sesión.<br /><br />Enriquecido con Vitamina E: El Escudo de tu Piel<br />Más allá del placer del masaje, este aceite funciona como un tratamiento de belleza. Gracias a su alto contenido en Vitamina E, actúa como un potente antioxidante natural que ayuda a regenerar los tejidos, combatir los radicales libres y prevenir el envejecimiento prematuro de la piel, dejándola nutrida y luminosa.<br /><br />Una Experiencia Aromática Envolvente<br />Aromatizado con una selección de aceites esenciales y fragancias delicadas, este aceite transforma cualquier habitación en un spa de lujo. Su aroma está diseñado para perdurar suavemente en el cuerpo, creando una atmósfera de calma y sensualidad.<br /><br />Detalles y Recomendaciones:<br />Contenido: Envase generoso de 240 ml, ideal para múltiples sesiones.<br /><br />Uso Externo: Debido a su rica concentración de aceites esenciales y fragancias, este aceite no es comestible.<br /><br />Consejo de Uso: Perfecto para masajes relajantes, descontracturantes o eróticos. Aplica una pequeña cantidad en las palmas, frota para temperar el aceite y comienza el ritual.<br /><br />Nota: No se recomienda su uso como lubricante íntimo.<br /><br />Beneficios Clave:<br />- Deslizamiento Óptimo: Permite masajes prolongados sin necesidad de reaplicar constantemente.<br />- Nutrición Intensiva: La combinación de aceites naturales penetra eficazmente en la dermis.<br />- Absorción Perfecta: La piel queda hidratada pero limpia al tacto.<br /><br /></p>
<p class=""MsoNormal"">Ingredientes: Sweet Almond Oil/Huile d’amande douce (Prunus Amygdalus Dulcis<span> </span>Oil),<span> </span>Grape<span> </span>Seed<span> </span>Oil/Huile<span> </span>de<span> </span>pépin<span> </span>de<span> </span>raisin<span> </span>(Vitis<span> </span>Vinifera<span> </span>Seed<span> </span>Oil),<span> </span>Sesame<span> </span>Oil/Huile<span> </span>de<span> </span>sésame<span> </span>(Sesamum<span> </span>Indicum<span> </span>Seed<span> </span>Oil),<span> </span>Avocado<span> </span>Oil/Huile <span> </span>d’avocat<span> </span>(Persea<span> </span>Gratissima<span> </span>Oil),<span> </span>Pecan<span> </span>Oil/Huile<span> </span>de<span> </span>pacane<span> </span>(Carya<span> </span>Illinoensis<span> </span>Seed<span> </span>Oil),<span> </span>Safflower<span> </span>Oil/Huile<span> </span>de<span> </span>carthame<span> </span>(Carthamus<span> </span>Tinctorius<span> </span>Seed<span> </span>Oil),<span> </span>Fragrance<span> </span>(Parfum),<span> </span>Vitamin/Vitamine<span> </span>E<span> </span>(Tocopherol),<span> </span>Amyl<span> </span>Cinnamal,<span> </span>Benzyl<span> </span>Alcohol,<span> </span>Citral,<span> </span>Eugenol,<span> </span>Benzyl<span> </span>Salicylate,<span> </span>Coumarin,Limonene,<span> </span>Methyl<span> </span>2-Octynoate,<span> </span>Geraniol,<span> </span>Farnesol,<span> </span>Butylphenyl<span> </span>Methylproponial,<span> </span>Linalool,<span> </span>Benzyl Benzoate, Citronellol, Hexyl Cinnamal, Alpha-Isomethyl Ionone, Butylated Hydroxytoluene (BHT), Lyral, Cinnamyl Alcohol, IsoEugenol, Hydroxycitronellal, Hydroxyisohexyl 3-cyclohexene-Carboxaldehyde.</p>",SHUNGA,cosmetica intima,FALSE,draft,SH2034,697309012034,Title,Default Title,27.90,TRUE,shopify,0,DENY,258,g,TRUE,manual,https://backoffice.saintsual.com/4969-superlarge_default_2x/aceite-masaje-stimulation-melocotrn-240-ml.jpg,1,ACEITE MASAJE STIMULATION MELOCOTÓN 240 ML,FALSE
,aceite-masaje-stimulation-melocoton-240-ml,,,,,,,,,,,,,,,,,,,https://backoffice.saintsual.com/11215-superlarge_default_2x/aceite-masaje-stimulation-melocotrn-240-ml.jpg,2,ACEITE MASAJE STIMULATION MELOCOTÓN 240 ML,
ACEITE MASAJE SENSATION LAVANDA 240 ML,aceite-masaje-sensation-lavanda-240-ml,"<p>Aceite de Masaje Profesional Shunga: El Arte del Tacto y la Nutrición<br />Eleva tus momentos de relajación y conexión con el Aceite de Masaje Premium de Shunga. Diseñado para quienes no se conforman con lo ordinario, este aceite combina la sabiduría de los rituales antiguos con la pureza de la cosmética moderna. Su fórmula equilibrada permite que las manos se deslicen sin esfuerzo, facilitando un masaje profundo y fluido que libera la tensión y despierta los sentidos.<br /><br />Pureza en Cada Gota: Aceites Prensados en Frío<br />La calidad de un masaje depende directamente de la calidad del vehículo utilizado. Por ello, Shunga utiliza exclusivamente aceites 100% naturales prensados en frío. Este método de extracción artesanal asegura que los ingredientes conserven todas sus propiedades biológicas, vitaminas y ácidos grasos esenciales, a diferencia de los aceites procesados con calor.<br /><br />Sin Aceites Minerales: Libre de parafinas y derivados del petróleo que suelen obstruir los poros.<br /><br />100% Vegano: No contiene ingredientes de origen animal, siendo respetuoso con el medio ambiente y con tu piel.<br /><br />Textura ""Toque Seco"": Ha sido formulado para dejar la piel increíblemente suave y aterciopelada, sin dejar rastro de sensación grasienta al finalizar la sesión.<br /><br />Enriquecido con Vitamina E: El Escudo de tu Piel<br />Más allá del placer del masaje, este aceite funciona como un tratamiento de belleza. Gracias a su alto contenido en Vitamina E, actúa como un potente antioxidante natural que ayuda a regenerar los tejidos, combatir los radicales libres y prevenir el envejecimiento prematuro de la piel, dejándola nutrida y luminosa.<br /><br />Una Experiencia Aromática Envolvente<br />Aromatizado con una selección de aceites esenciales y fragancias delicadas, este aceite transforma cualquier habitación en un spa de lujo. Su aroma está diseñado para perdurar suavemente en el cuerpo, creando una atmósfera de calma y sensualidad.<br /><br />Detalles y Recomendaciones:<br />Contenido: Envase generoso de 240 ml, ideal para múltiples sesiones.<br /><br />Uso Externo: Debido a su rica concentración de aceites esenciales y fragancias, este aceite no es comestible.<br /><br />Consejo de Uso: Perfecto para masajes relajantes, descontracturantes o eróticos. Aplica una pequeña cantidad en las palmas, frota para temperar el aceite y comienza el ritual.<br /><br />Nota: No se recomienda su uso como lubricante íntimo.<br /><br />Beneficios Clave:<br />- Deslizamiento Óptimo: Permite masajes prolongados sin necesidad de reaplicar constantemente.<br />- Nutrición Intensiva: La combinación de aceites naturales penetra eficazmente en la dermis.<br />- Absorción Perfecta: La piel queda hidratada pero limpia al tacto.</p>
<p class=""MsoNormal"">Ingredientes: Sweet Almond Oil/Huile d’amande douce (Prunus Amygdalus Dulcis<span> </span>Oil),<span> </span>Grape<span> </span>Seed<span> </span>Oil/Huile<span> </span>de<span> </span>pépin<span> </span>de<span> </span>raisin<span> </span>(Vitis<span> </span>Vinifera<span> </span>Seed<span> </span>Oil),<span> </span>Sesame<span> </span>Oil/Huile<span> </span>de<span> </span>sésame<span> </span>(Sesamum<span> </span>Indicum<span> </span>Seed<span> </span>Oil),<span> </span>Avocado<span> </span>Oil/Huile <span> </span>d’avocat<span> </span>(Persea<span> </span>Gratissima<span> </span>Oil),<span> </span>Pecan<span> </span>Oil/Huile<span> </span>de<span> </span>pacane<span> </span>(Carya<span> </span>Illinoensis<span> </span>Seed<span> </span>Oil),<span> </span>Safflower<span> </span>Oil/Huile<span> </span>de<span> </span>carthame<span> </span>(Carthamus<span> </span>Tinctorius<span> </span>Seed<span> </span>Oil),<span> </span>Fragrance<span> </span>(Parfum),<span> </span>Vitamin/Vitamine<span> </span>E<span> </span>(Tocopherol),<span> </span>Amyl<span> </span>Cinnamal,<span> </span>Benzyl<span> </span>Alcohol,<span> </span>Citral,<span> </span>Eugenol,<span> </span>Benzyl<span> </span>Salicylate,<span> </span>Coumarin,Limonene,<span> </span>Methyl<span> </span>2-Octynoate,<span> </span>Geraniol,<span> </span>Farnesol,<span> </span>Butylphenyl<span> </span>Methylproponial,<span> </span>Linalool,<span> </span>Benzyl Benzoate, Citronellol, Hexyl Cinnamal, Alpha-Isomethyl Ionone, Butylated Hydroxytoluene (BHT), Lyral, Cinnamyl Alcohol, IsoEugenol, Hydroxycitronellal, Hydroxyisohexyl 3-cyclohexene-Carboxaldehyde.</p>",SHUNGA,cosmetica intima,FALSE,draft,SH2065,697309012065,Title,Default Title,27.90,TRUE,shopify,45,DENY,258,g,TRUE,manual,https://backoffice.saintsual.com/4970-superlarge_default_2x/aceite-masaje-sensation-lavanda-240-ml.jpg,1,ACEITE MASAJE SENSATION LAVANDA 240 ML,FALSE
,aceite-masaje-sensation-lavanda-240-ml,,,,,,,,,,,,,,,,,,,https://backoffice.saintsual.com/11216-superlarge_default_2x/aceite-masaje-sensation-lavanda-240-ml.jpg,2,ACEITE MASAJE SENSATION LAVANDA 240 ML,
ACEITE MASAJE ADORABLE COCO 240 ML,aceite-masaje-adorable-coco-240-ml,"<p>Aceite de Masaje Profesional Shunga: El Arte del Tacto y la Nutrición<br />Eleva tus momentos de relajación y conexión con el Aceite de Masaje Premium de Shunga. Diseñado para quienes no se conforman con lo ordinario, este aceite combina la sabiduría de los rituales antiguos con la pureza de la cosmética moderna. Su fórmula equilibrada permite que las manos se deslicen sin esfuerzo, facilitando un masaje profundo y fluido que libera la tensión y despierta los sentidos.<br /><br />Pureza en Cada Gota: Aceites Prensados en Frío<br />La calidad de un masaje depende directamente de la calidad del vehículo utilizado. Por ello, Shunga utiliza exclusivamente aceites 100% naturales prensados en frío. Este método de extracción artesanal asegura que los ingredientes conserven todas sus propiedades biológicas, vitaminas y ácidos grasos esenciales, a diferencia de los aceites procesados con calor.<br /><br />Sin Aceites Minerales: Libre de parafinas y derivados del petróleo que suelen obstruir los poros.<br /><br />100% Vegano: No contiene ingredientes de origen animal, siendo respetuoso con el medio ambiente y con tu piel.<br /><br />Textura ""Toque Seco"": Ha sido formulado para dejar la piel increíblemente suave y aterciopelada, sin dejar rastro de sensación grasienta al finalizar la sesión.<br /><br />Enriquecido con Vitamina E: El Escudo de tu Piel<br />Más allá del placer del masaje, este aceite funciona como un tratamiento de belleza. Gracias a su alto contenido en Vitamina E, actúa como un potente antioxidante natural que ayuda a regenerar los tejidos, combatir los radicales libres y prevenir el envejecimiento prematuro de la piel, dejándola nutrida y luminosa.<br /><br />Una Experiencia Aromática Envolvente<br />Aromatizado con una selección de aceites esenciales y fragancias delicadas, este aceite transforma cualquier habitación en un spa de lujo. Su aroma está diseñado para perdurar suavemente en el cuerpo, creando una atmósfera de calma y sensualidad.<br /><br />Detalles y Recomendaciones:<br />Contenido: Envase generoso de 240 ml, ideal para múltiples sesiones.<br /><br />Uso Externo: Debido a su rica concentración de aceites esenciales y fragancias, este aceite no es comestible.<br /><br />Consejo de Uso: Perfecto para masajes relajantes, descontracturantes o eróticos. Aplica una pequeña cantidad en las palmas, frota para temperar el aceite y comienza el ritual.<br /><br />Nota: No se recomienda su uso como lubricante íntimo.<br /><br />Beneficios Clave:<br />- Deslizamiento Óptimo: Permite masajes prolongados sin necesidad de reaplicar constantemente.<br />- Nutrición Intensiva: La combinación de aceites naturales penetra eficazmente en la dermis.<br />- Absorción Perfecta: La piel queda hidratada pero limpia al tacto.<br /><br /></p>
<p class=""MsoNormal"">Ingredientes: Sweet Almond Oil/Huile d’amande douce (Prunus Amygdalus Dulcis<span> </span>Oil),<span> </span>Grape<span> </span>Seed<span> </span>Oil/Huile<span> </span>de<span> </span>pépin<span> </span>de<span> </span>raisin<span> </span>(Vitis<span> </span>Vinifera<span> </span>Seed<span> </span>Oil),<span> </span>Sesame<span> </span>Oil/Huile<span> </span>de<span> </span>sésame<span> </span>(Sesamum<span> </span>Indicum<span> </span>Seed<span> </span>Oil),<span> </span>Avocado<span> </span>Oil/Huile <span> </span>d’avocat<span> </span>(Persea<span> </span>Gratissima<span> </span>Oil),<span> </span>Pecan<span> </span>Oil/Huile<span> </span>de<span> </span>pacane<span> </span>(Carya<span> </span>Illinoensis<span> </span>Seed<span> </span>Oil),<span> </span>Safflower<span> </span>Oil/Huile<span> </span>de<span> </span>carthame<span> </span>(Carthamus<span> </span>Tinctorius<span> </span>Seed<span> </span>Oil),<span> </span>Fragrance<span> </span>(Parfum),<span> </span>Vitamin/Vitamine<span> </span>E<span> </span>(Tocopherol),<span> </span>Amyl<span> </span>Cinnamal,<span> </span>Benzyl<span> </span>Alcohol,<span> </span>Citral,<span> </span>Eugenol,<span> </span>Benzyl<span> </span>Salicylate,<span> </span>Coumarin,Limonene,<span> </span>Methyl<span> </span>2-Octynoate,<span> </span>Geraniol,<span> </span>Farnesol,<span> </span>Butylphenyl<span> </span>Methylproponial,<span> </span>Linalool,<span> </span>Benzyl Benzoate, Citronellol, Hexyl Cinnamal, Alpha-Isomethyl Ionone, Butylated Hydroxytoluene (BHT), Lyral, Cinnamyl Alcohol, IsoEugenol, Hydroxycitronellal, Hydroxyisohexyl 3-cyclohexene-Carboxaldehyde.</p>
<p></p>",SHUNGA,cosmetica intima,FALSE,draft,SH2102,697309012102,Title,Default Title,27.90,TRUE,shopify,7,DENY,258,g,TRUE,manual,https://backoffice.saintsual.com/4973-superlarge_default_2x/aceite-masaje-adorable-coco-240-ml.jpg,1,ACEITE MASAJE ADORABLE COCO 240 ML,FALSE
,aceite-masaje-adorable-coco-240-ml,,,,,,,,,,,,,,,,,,,https://backoffice.saintsual.com/11219-superlarge_default_2x/aceite-masaje-adorable-coco-240-ml.jpg,2,ACEITE MASAJE ADORABLE COCO 240 ML,
ACEITE MASAJE LIBIDO FRUTOS EXÓTICOS 240 ML,aceite-masaje-libido-frutos-exoticos-240-ml,"<p>Aceite de Masaje Profesional Shunga: El Arte del Tacto y la Nutrición<br />Eleva tus momentos de relajación y conexión con el Aceite de Masaje Premium de Shunga. Diseñado para quienes no se conforman con lo ordinario, este aceite combina la sabiduría de los rituales antiguos con la pureza de la cosmética moderna. Su fórmula equilibrada permite que las manos se deslicen sin esfuerzo, facilitando un masaje profundo y fluido que libera la tensión y despierta los sentidos.<br /><br />Pureza en Cada Gota: Aceites Prensados en Frío<br />La calidad de un masaje depende directamente de la calidad del vehículo utilizado. Por ello, Shunga utiliza exclusivamente aceites 100% naturales prensados en frío. Este método de extracción artesanal asegura que los ingredientes conserven todas sus propiedades biológicas, vitaminas y ácidos grasos esenciales, a diferencia de los aceites procesados con calor.<br /><br />Sin Aceites Minerales: Libre de parafinas y derivados del petróleo que suelen obstruir los poros.<br /><br />100% Vegano: No contiene ingredientes de origen animal, siendo respetuoso con el medio ambiente y con tu piel.<br /><br />Textura ""Toque Seco"": Ha sido formulado para dejar la piel increíblemente suave y aterciopelada, sin dejar rastro de sensación grasienta al finalizar la sesión.<br /><br />Enriquecido con Vitamina E: El Escudo de tu Piel<br />Más allá del placer del masaje, este aceite funciona como un tratamiento de belleza. Gracias a su alto contenido en Vitamina E, actúa como un potente antioxidante natural que ayuda a regenerar los tejidos, combatir los radicales libres y prevenir el envejecimiento prematuro de la piel, dejándola nutrida y luminosa.<br /><br />Una Experiencia Aromática Envolvente<br />Aromatizado con una selección de aceites esenciales y fragancias delicadas, este aceite transforma cualquier habitación en un spa de lujo. Su aroma está diseñado para perdurar suavemente en el cuerpo, creando una atmósfera de calma y sensualidad.<br /><br />Detalles y Recomendaciones:<br />Contenido: Envase generoso de 240 ml, ideal para múltiples sesiones.<br /><br />Uso Externo: Debido a su rica concentración de aceites esenciales y fragancias, este aceite no es comestible.<br /><br />Consejo de Uso: Perfecto para masajes relajantes, descontracturantes o eróticos. Aplica una pequeña cantidad en las palmas, frota para temperar el aceite y comienza el ritual.<br /><br />Nota: No se recomienda su uso como lubricante íntimo.<br /><br />Beneficios Clave:<br />- Deslizamiento Óptimo: Permite masajes prolongados sin necesidad de reaplicar constantemente.<br />- Nutrición Intensiva: La combinación de aceites naturales penetra eficazmente en la dermis.<br />- Absorción Perfecta: La piel queda hidratada pero limpia al tacto.<br /><br /></p>
<p class=""MsoNormal"">Ingredientes: Sweet Almond Oil/Huile d’amande douce (Prunus Amygdalus Dulcis<span> </span>Oil),<span> </span>Grape<span> </span>Seed<span> </span>Oil/Huile<span> </span>de<span> </span>pépin<span> </span>de<span> </span>raisin<span> </span>(Vitis<span> </span>Vinifera<span> </span>Seed<span> </span>Oil),<span> </span>Sesame<span> </span>Oil/Huile<span> </span>de<span> </span>sésame<span> </span>(Sesamum<span> </span>Indicum<span> </span>Seed<span> </span>Oil),<span> </span>Avocado<span> </span>Oil/Huile <span> </span>d’avocat<span> </span>(Persea<span> </span>Gratissima<span> </span>Oil),<span> </span>Pecan<span> </span>Oil/Huile<span> </span>de<span> </span>pacane<span> </span>(Carya<span> </span>Illinoensis<span> </span>Seed<span> </span>Oil),<span> </span>Safflower<span> </span>Oil/Huile<span> </span>de<span> </span>carthame<span> </span>(Carthamus<span> </span>Tinctorius<span> </span>Seed<span> </span>Oil),<span> </span>Fragrance<span> </span>(Parfum),<span> </span>Vitamin/Vitamine<span> </span>E<span> </span>(Tocopherol),<span> </span>Amyl<span> </span>Cinnamal,<span> </span>Benzyl<span> </span>Alcohol,<span> </span>Citral,<span> </span>Eugenol,<span> </span>Benzyl<span> </span>Salicylate,<span> </span>Coumarin,Limonene,<span> </span>Methyl<span> </span>2-Octynoate,<span> </span>Geraniol,<span> </span>Farnesol,<span> </span>Butylphenyl<span> </span>Methylproponial,<span> </span>Linalool,<span> </span>Benzyl Benzoate, Citronellol, Hexyl Cinnamal, Alpha-Isomethyl Ionone, Butylated Hydroxytoluene (BHT), Lyral, Cinnamyl Alcohol, IsoEugenol, Hydroxycitronellal, Hydroxyisohexyl 3-cyclohexene-Carboxaldehyde.</p>",SHUNGA,cosmetica intima,FALSE,draft,SH2027,697309012041,Title,Default Title,27.90,TRUE,shopify,0,DENY,258,g,TRUE,manual,https://backoffice.saintsual.com/4974-superlarge_default_2x/aceite-masaje-libido-frutos-exrticos-240-ml.jpg,1,ACEITE MASAJE LIBIDO FRUTOS EXÓTICOS 240 ML,FALSE
,aceite-masaje-libido-frutos-exoticos-240-ml,,,,,,,,,,,,,,,,,,,https://backoffice.saintsual.com/11220-superlarge_default_2x/aceite-masaje-libido-frutos-exrticos-240-ml.jpg,2,ACEITE MASAJE LIBIDO FRUTOS EXÓTICOS 240 ML,
ACEITE MASAJE SERENITY MONOI 240 ML,aceite-masaje-serenity-monoi-240-ml,"<p>Aceite de Masaje Profesional Shunga: El Arte del Tacto y la Nutrición<br />Eleva tus momentos de relajación y conexión con el Aceite de Masaje Premium de Shunga. Diseñado para quienes no se conforman con lo ordinario, este aceite combina la sabiduría de los rituales antiguos con la pureza de la cosmética moderna. Su fórmula equilibrada permite que las manos se deslicen sin esfuerzo, facilitando un masaje profundo y fluido que libera la tensión y despierta los sentidos.<br /><br />Pureza en Cada Gota: Aceites Prensados en Frío<br />La calidad de un masaje depende directamente de la calidad del vehículo utilizado. Por ello, Shunga utiliza exclusivamente aceites 100% naturales prensados en frío. Este método de extracción artesanal asegura que los ingredientes conserven todas sus propiedades biológicas, vitaminas y ácidos grasos esenciales, a diferencia de los aceites procesados con calor.<br /><br />Sin Aceites Minerales: Libre de parafinas y derivados del petróleo que suelen obstruir los poros.<br /><br />100% Vegano: No contiene ingredientes de origen animal, siendo respetuoso con el medio ambiente y con tu piel.<br /><br />Textura ""Toque Seco"": Ha sido formulado para dejar la piel increíblemente suave y aterciopelada, sin dejar rastro de sensación grasienta al finalizar la sesión.<br /><br />Enriquecido con Vitamina E: El Escudo de tu Piel<br />Más allá del placer del masaje, este aceite funciona como un tratamiento de belleza. Gracias a su alto contenido en Vitamina E, actúa como un potente antioxidante natural que ayuda a regenerar los tejidos, combatir los radicales libres y prevenir el envejecimiento prematuro de la piel, dejándola nutrida y luminosa.<br /><br />Una Experiencia Aromática Envolvente<br />Aromatizado con una selección de aceites esenciales y fragancias delicadas, este aceite transforma cualquier habitación en un spa de lujo. Su aroma está diseñado para perdurar suavemente en el cuerpo, creando una atmósfera de calma y sensualidad.<br /><br />Detalles y Recomendaciones:<br />Contenido: Envase generoso de 240 ml, ideal para múltiples sesiones.<br /><br />Uso Externo: Debido a su rica concentración de aceites esenciales y fragancias, este aceite no es comestible.<br /><br />Consejo de Uso: Perfecto para masajes relajantes, descontracturantes o eróticos. Aplica una pequeña cantidad en las palmas, frota para temperar el aceite y comienza el ritual.<br /><br />Nota: No se recomienda su uso como lubricante íntimo.<br /><br />Beneficios Clave:<br />- Deslizamiento Óptimo: Permite masajes prolongados sin necesidad de reaplicar constantemente.<br />- Nutrición Intensiva: La combinación de aceites naturales penetra eficazmente en la dermis.<br />- Absorción Perfecta: La piel queda hidratada pero limpia al tacto.<br /><br /></p>
<p class=""MsoNormal"">Ingredientes: Sweet Almond Oil/Huile d’amande douce (Prunus Amygdalus Dulcis<span> </span>Oil),<span> </span>Grape<span> </span>Seed<span> </span>Oil/Huile<span> </span>de<span> </span>pépin<span> </span>de<span> </span>raisin<span> </span>(Vitis<span> </span>Vinifera<span> </span>Seed<span> </span>Oil),<span> </span>Sesame<span> </span>Oil/Huile<span> </span>de<span> </span>sésame<span> </span>(Sesamum<span> </span>Indicum<span> </span>Seed<span> </span>Oil),<span> </span>Avocado<span> </span>Oil/Huile <span> </span>d’avocat<span> </span>(Persea<span> </span>Gratissima<span> </span>Oil),<span> </span>Pecan<span> </span>Oil/Huile<span> </span>de<span> </span>pacane<span> </span>(Carya<span> </span>Illinoensis<span> </span>Seed<span> </span>Oil),<span> </span>Safflower<span> </span>Oil/Huile<span> </span>de<span> </span>carthame<span> </span>(Carthamus<span> </span>Tinctorius<span> </span>Seed<span> </span>Oil),<span> </span>Fragrance<span> </span>(Parfum),<span> </span>Vitamin/Vitamine<span> </span>E<span> </span>(Tocopherol),<span> </span>Amyl<span> </span>Cinnamal,<span> </span>Benzyl<span> </span>Alcohol,<span> </span>Citral,<span> </span>Eugenol,<span> </span>Benzyl<span> </span>Salicylate,<span> </span>Coumarin,Limonene,<span> </span>Methyl<span> </span>2-Octynoate,<span> </span>Geraniol,<span> </span>Farnesol,<span> </span>Butylphenyl<span> </span>Methylproponial,<span> </span>Linalool,<span> </span>Benzyl Benzoate, Citronellol, Hexyl Cinnamal, Alpha-Isomethyl Ionone, Butylated Hydroxytoluene (BHT), Lyral, Cinnamyl Alcohol, IsoEugenol, Hydroxycitronellal, Hydroxyisohexyl 3-cyclohexene-Carboxaldehyde.</p>",SHUNGA,cosmetica intima,FALSE,draft,SH2133,697309012133,Title,Default Title,27.90,TRUE,shopify,0,DENY,258,g,TRUE,manual,https://backoffice.saintsual.com/4975-superlarge_default_2x/aceite-masaje-serenity-monoi-240-ml.jpg,1,ACEITE MASAJE SERENITY MONOI 240 ML,FALSE
,aceite-masaje-serenity-monoi-240-ml,,,,,,,,,,,,,,,,,,,https://backoffice.saintsual.com/11221-superlarge_default_2x/aceite-masaje-serenity-monoi-240-ml.jpg,2,ACEITE MASAJE SERENITY MONOI 240 ML,
ACEITE MASAJE IRRESISTIBLE ASIAN FUSION 240 ML,aceite-masaje-irresistible-asian-fusion-240-ml,"<p>Aceite de Masaje Profesional Shunga: El Arte del Tacto y la Nutrición<br />Eleva tus momentos de relajación y conexión con el Aceite de Masaje Premium de Shunga. Diseñado para quienes no se conforman con lo ordinario, este aceite combina la sabiduría de los rituales antiguos con la pureza de la cosmética moderna. Su fórmula equilibrada permite que las manos se deslicen sin esfuerzo, facilitando un masaje profundo y fluido que libera la tensión y despierta los sentidos.<br /><br />Pureza en Cada Gota: Aceites Prensados en Frío<br />La calidad de un masaje depende directamente de la calidad del vehículo utilizado. Por ello, Shunga utiliza exclusivamente aceites 100% naturales prensados en frío. Este método de extracción artesanal asegura que los ingredientes conserven todas sus propiedades biológicas, vitaminas y ácidos grasos esenciales, a diferencia de los aceites procesados con calor.<br /><br />Sin Aceites Minerales: Libre de parafinas y derivados del petróleo que suelen obstruir los poros.<br /><br />100% Vegano: No contiene ingredientes de origen animal, siendo respetuoso con el medio ambiente y con tu piel.<br /><br />Textura ""Toque Seco"": Ha sido formulado para dejar la piel increíblemente suave y aterciopelada, sin dejar rastro de sensación grasienta al finalizar la sesión.<br /><br />Enriquecido con Vitamina E: El Escudo de tu Piel<br />Más allá del placer del masaje, este aceite funciona como un tratamiento de belleza. Gracias a su alto contenido en Vitamina E, actúa como un potente antioxidante natural que ayuda a regenerar los tejidos, combatir los radicales libres y prevenir el envejecimiento prematuro de la piel, dejándola nutrida y luminosa.<br /><br />Una Experiencia Aromática Envolvente<br />Aromatizado con una selección de aceites esenciales y fragancias delicadas, este aceite transforma cualquier habitación en un spa de lujo. Su aroma está diseñado para perdurar suavemente en el cuerpo, creando una atmósfera de calma y sensualidad.<br /><br />Detalles y Recomendaciones:<br />Contenido: Envase generoso de 240 ml, ideal para múltiples sesiones.<br /><br />Uso Externo: Debido a su rica concentración de aceites esenciales y fragancias, este aceite no es comestible.<br /><br />Consejo de Uso: Perfecto para masajes relajantes, descontracturantes o eróticos. Aplica una pequeña cantidad en las palmas, frota para temperar el aceite y comienza el ritual.<br /><br />Nota: No se recomienda su uso como lubricante íntimo.<br /><br />Beneficios Clave:<br />- Deslizamiento Óptimo: Permite masajes prolongados sin necesidad de reaplicar constantemente.<br />- Nutrición Intensiva: La combinación de aceites naturales penetra eficazmente en la dermis.<br />- Absorción Perfecta: La piel queda hidratada pero limpia al tacto.</p>
<p class=""MsoNormal"">Ingredientes: Sweet Almond Oil/Huile d’amande douce (Prunus Amygdalus Dulcis<span> </span>Oil),<span> </span>Grape<span> </span>Seed<span> </span>Oil/Huile<span> </span>de<span> </span>pépin<span> </span>de<span> </span>raisin<span> </span>(Vitis<span> </span>Vinifera<span> </span>Seed<span> </span>Oil),<span> </span>Sesame<span> </span>Oil/Huile<span> </span>de<span> </span>sésame<span> </span>(Sesamum<span> </span>Indicum<span> </span>Seed<span> </span>Oil),<span> </span>Avocado<span> </span>Oil/Huile <span> </span>d’avocat<span> </span>(Persea<span> </span>Gratissima<span> </span>Oil),<span> </span>Pecan<span> </span>Oil/Huile<span> </span>de<span> </span>pacane<span> </span>(Carya<span> </span>Illinoensis<span> </span>Seed<span> </span>Oil),<span> </span>Safflower<span> </span>Oil/Huile<span> </span>de<span> </span>carthame<span> </span>(Carthamus<span> </span>Tinctorius<span> </span>Seed<span> </span>Oil),<span> </span>Fragrance<span> </span>(Parfum),<span> </span>Vitamin/Vitamine<span> </span>E<span> </span>(Tocopherol),<span> </span>Amyl<span> </span>Cinnamal,<span> </span>Benzyl<span> </span>Alcohol,<span> </span>Citral,<span> </span>Eugenol,<span> </span>Benzyl<span> </span>Salicylate,<span> </span>Coumarin,Limonene,<span> </span>Methyl<span> </span>2-Octynoate,<span> </span>Geraniol,<span> </span>Farnesol,<span> </span>Butylphenyl<span> </span>Methylproponial,<span> </span>Linalool,<span> </span>Benzyl Benzoate, Citronellol, Hexyl Cinnamal, Alpha-Isomethyl Ionone, Butylated Hydroxytoluene (BHT), Lyral, Cinnamyl Alcohol, IsoEugenol, Hydroxycitronellal, Hydroxyisohexyl 3-cyclohexene-Carboxaldehyde.</p>",SHUNGA,cosmetica intima,FALSE,draft,SH2188,697309012188,Title,Default Title,27.90,TRUE,shopify,0,DENY,258,g,TRUE,manual,https://backoffice.saintsual.com/4976-superlarge_default_2x/aceite-masaje-irresistible-asian-fusion-240-ml.jpg,1,ACEITE MASAJE IRRESISTIBLE ASIAN FUSION 240 ML,FALSE
,aceite-masaje-irresistible-asian-fusion-240-ml,,,,,,,,,,,,,,,,,,,https://backoffice.saintsual.com/11222-superlarge_default_2x/aceite-masaje-irresistible-asian-fusion-240-ml.jpg,2,ACEITE MASAJE IRRESISTIBLE ASIAN FUSION 240 ML,
ACEITE MASAJE AMOUR DULCE LOTUS 240 ML,aceite-masaje-amour-dulce-lotus-240-ml,"<p class=""MsoNormal"">Aceite de Masaje Profesional Shunga: El Arte del Tacto y la Nutrición<br />Eleva tus momentos de relajación y conexión con el Aceite de Masaje Premium de Shunga. Diseñado para quienes no se conforman con lo ordinario, este aceite combina la sabiduría de los rituales antiguos con la pureza de la cosmética moderna. Su fórmula equilibrada permite que las manos se deslicen sin esfuerzo, facilitando un masaje profundo y fluido que libera la tensión y despierta los sentidos.<br /><br />Pureza en Cada Gota: Aceites Prensados en Frío<br />La calidad de un masaje depende directamente de la calidad del vehículo utilizado. Por ello, Shunga utiliza exclusivamente aceites 100% naturales prensados en frío. Este método de extracción artesanal asegura que los ingredientes conserven todas sus propiedades biológicas, vitaminas y ácidos grasos esenciales, a diferencia de los aceites procesados con calor.<br /><br />Sin Aceites Minerales: Libre de parafinas y derivados del petróleo que suelen obstruir los poros.<br /><br />100% Vegano: No contiene ingredientes de origen animal, siendo respetuoso con el medio ambiente y con tu piel.<br /><br />Textura ""Toque Seco"": Ha sido formulado para dejar la piel increíblemente suave y aterciopelada, sin dejar rastro de sensación grasienta al finalizar la sesión.<br /><br />Enriquecido con Vitamina E: El Escudo de tu Piel<br />Más allá del placer del masaje, este aceite funciona como un tratamiento de belleza. Gracias a su alto contenido en Vitamina E, actúa como un potente antioxidante natural que ayuda a regenerar los tejidos, combatir los radicales libres y prevenir el envejecimiento prematuro de la piel, dejándola nutrida y luminosa.<br /><br />Una Experiencia Aromática Envolvente<br />Aromatizado con una selección de aceites esenciales y fragancias delicadas, este aceite transforma cualquier habitación en un spa de lujo. Su aroma está diseñado para perdurar suavemente en el cuerpo, creando una atmósfera de calma y sensualidad.<br /><br />Detalles y Recomendaciones:<br />Contenido: Envase generoso de 240 ml, ideal para múltiples sesiones.<br /><br />Uso Externo: Debido a su rica concentración de aceites esenciales y fragancias, este aceite no es comestible.<br /><br />Consejo de Uso: Perfecto para masajes relajantes, descontracturantes o eróticos. Aplica una pequeña cantidad en las palmas, frota para temperar el aceite y comienza el ritual.<br /><br />Nota: No se recomienda su uso como lubricante íntimo.<br /><br />Beneficios Clave:<br />- Deslizamiento Óptimo: Permite masajes prolongados sin necesidad de reaplicar constantemente.<br />- Nutrición Intensiva: La combinación de aceites naturales penetra eficazmente en la dermis.<br />- Absorción Perfecta: La piel queda hidratada pero limpia al tacto.</p>
<p class=""MsoNormal"">Ingredientes: Sweet Almond Oil/Huile d’amande douce (Prunus Amygdalus Dulcis<span> </span>Oil),<span> </span>Grape<span> </span>Seed<span> </span>Oil/Huile<span> </span>de<span> </span>pépin<span> </span>de<span> </span>raisin<span> </span>(Vitis<span> </span>Vinifera<span> </span>Seed<span> </span>Oil),<span> </span>Sesame<span> </span>Oil/Huile<span> </span>de<span> </span>sésame<span> </span>(Sesamum<span> </span>Indicum<span> </span>Seed<span> </span>Oil),<span> </span>Avocado<span> </span>Oil/Huile <span> </span>d’avocat<span> </span>(Persea<span> </span>Gratissima<span> </span>Oil),<span> </span>Pecan<span> </span>Oil/Huile<span> </span>de<span> </span>pacane<span> </span>(Carya<span> </span>Illinoensis<span> </span>Seed<span> </span>Oil),<span> </span>Safflower<span> </span>Oil/Huile<span> </span>de<span> </span>carthame<span> </span>(Carthamus<span> </span>Tinctorius<span> </span>Seed<span> </span>Oil),<span> </span>Fragrance<span> </span>(Parfum),<span> </span>Vitamin/Vitamine<span> </span>E<span> </span>(Tocopherol),<span> </span>Amyl<span> </span>Cinnamal,<span> </span>Benzyl<span> </span>Alcohol,<span> </span>Citral,<span> </span>Eugenol,<span> </span>Benzyl<span> </span>Salicylate,<span> </span>Coumarin,Limonene,<span> </span>Methyl<span> </span>2-Octynoate,<span> </span>Geraniol,<span> </span>Farnesol,<span> </span>Butylphenyl<span> </span>Methylproponial,<span> </span>Linalool,<span> </span>Benzyl Benzoate, Citronellol, Hexyl Cinnamal, Alpha-Isomethyl Ionone, Butylated Hydroxytoluene (BHT), Lyral, Cinnamyl Alcohol, IsoEugenol, Hydroxycitronellal, Hydroxyisohexyl 3-cyclohexene-Carboxaldehyde.</p>
<p></p>",SHUNGA,cosmetica intima,FALSE,draft,SH2232,697309012232,Title,Default Title,27.90,TRUE,shopify,7,DENY,258,g,TRUE,manual,https://backoffice.saintsual.com/4978-superlarge_default_2x/aceite-masaje-amour-dulce-lotus-240-ml.jpg,1,ACEITE MASAJE AMOUR DULCE LOTUS 240 ML,FALSE
,aceite-masaje-amour-dulce-lotus-240-ml,,,,,,,,,,,,,,,,,,,https://backoffice.saintsual.com/11224-superlarge_default_2x/aceite-masaje-amour-dulce-lotus-240-ml.jpg,2,ACEITE MASAJE AMOUR DULCE LOTUS 240 ML,
ACEITE MASAJE ORGÁNICO ALMENDRA DULCE 240 ML,aceite-masaje-organico-almendra-dulce-240-ml,"<p>Aceite de Masaje Orgánico Shunga: Pureza Natural para tus Sentidos<br />Descubre el equilibrio perfecto entre la naturaleza y el placer con el Aceite de Masaje 100% Orgánico de Shunga. Este elixir ha sido creado para quienes buscan un contacto íntimo consciente, utilizando solo los ingredientes más puros que la tierra nos ofrece. Su fórmula ligera y sedosa permite un deslizamiento infinito, convirtiendo cada masaje en una experiencia de bienestar profundo y respeto por el cuerpo.<br /><br />Calidad Orgánica Certificada<br />Lo que diferencia a este aceite es su compromiso con la pureza. Formulado con aceites vegetales refinados y biológicamente certificados, garantiza una experiencia libre de químicos sintéticos. Al ser un producto de origen orgánico, ofrece beneficios que van más allá del simple masaje:<br /><br /><br />100% Comestible: A diferencia de otros aceites, su pureza permite que sea ingerido de forma segura, ideal para masajes que terminan en besos y caricias.<br /><br />Libre de Alérgenos: Una fórmula limpia, libre de gluten, parabenos y azúcares, diseñada para minimizar cualquier riesgo de irritación.<br /><br />Apto para Todos: Su composición es 100% vegana, sin aceites minerales ni ingredientes de origen animal.<br /><br />Un Tratamiento de Belleza y Salud<br />Mientras disfrutas del masaje, este aceite trabaja activamente en el cuidado de tu dermis. Gracias a su alto contenido en Vitamina E, actúa como un poderoso antioxidante que protege las células de la piel y combate el envejecimiento. El resultado es una piel profundamente nutrida, elástica y con un tacto aterciopelado, sin dejar ninguna sensación grasienta tras su uso.<br /><br />Seguridad y Versatilidad<br />Este aceite ha sido diseñado para integrarse perfectamente en tus juegos íntimos. Es totalmente compatible con el látex, lo que te permite usarlo con confianza sin dañar preservativos. Aunque su textura es deliciosa y segura para la piel, se recomienda disfrutarlo sobre el cuerpo y no utilizarlo como lubricante íntimo interno.<br /><br />Por qué elegir el Aceite Orgánico Shunga:<br />Textura Superior: Deslizamiento óptimo para masajes de larga duración.<br /><br />Fórmula Limpia: Ingredientes biológicos que respetan el pH y la salud de la piel.<br /><br />Absorción Inteligente: Nutre intensamente pero deja la piel suave y limpia al finalizar.<br /><br />Envase de 240 ml: Tamaño ideal para disfrutar de numerosos rituales de pasión.<br /><br />Especificaciones Técnicas:<br />- Contenido: 240 ml.<br />- Ingredientes Clave: Aceites vegetales orgánicos y Vitamina E.<br />- Compatibilidad: Seguro con látex.<br />- Libre de: Gluten, azúcares, parabenos y aceites minerales.</p>
<p class=""MsoNormal"">Ingredientes: Cold<span> </span>Pressed<span> </span>Sunflower<span> </span>Oil/Huile<span> </span>de<span> </span>tournesol<span> </span>pressée<span> </span>à<span> </span>froid<span> </span>(Helianthus<span> </span>Annuus<span> </span>Seed<span> </span>Oil)*,<span> </span>Rapeseed<span> </span>Oil/Huile<span> </span>de<span> </span>colza<span> </span>(Brassica<span> </span>Campestris Seed Oil)*, Grape Seed Oil/Huile de pépin de raisin (Vitis Vinifera Seed Oil), Avocado Oil/Huile d’avocat (Persea Gratissima Oil), Sesame Oil/Huile de sesame (Sesamum Indicum Seed Oil), Flavor/Saveur (Aroma), Natural Vitamin E/Vitamine<span> </span>E<span> </span>naturelle<span> </span>(Tocopherol),<span> </span>Benzyl<span> </span>Alcohol.<span> </span>*Certified<span> </span>Organic/Cer-tifiés biologiques.</p>
<p></p>",SHUNGA,cosmetica intima,FALSE,draft,SH3123,697309013123,Title,Default Title,29.90,TRUE,shopify,0,DENY,258,g,TRUE,manual,https://backoffice.saintsual.com/4979-superlarge_default_2x/aceite-masaje-orgrnico-almendra-dulce-240-ml.jpg,1,ACEITE MASAJE ORGÁNICO ALMENDRA DULCE 240 ML,FALSE
,aceite-masaje-organico-almendra-dulce-240-ml,,,,,,,,,,,,,,,,,,,https://backoffice.saintsual.com/11225-superlarge_default_2x/aceite-masaje-orgrnico-almendra-dulce-240-ml.jpg,2,ACEITE MASAJE ORGÁNICO ALMENDRA DULCE 240 ML,
,aceite-masaje-organico-almendra-dulce-240-ml,,,,,,,,,,,,,,,,,,,https://backoffice.saintsual.com/58542-superlarge_default_2x/aceite-masaje-orgrnico-almendra-dulce-240-ml.jpg,3,ACEITE MASAJE ORGÁNICO ALMENDRA DULCE 240 ML,
ACEITE MASAJE ORGÁNICO TÉ VERDE 240 ML,aceite-masaje-organico-te-verde-240-ml,"<p>Aceite de Masaje Orgánico Shunga: Pureza Natural para tus Sentidos<br />Descubre el equilibrio perfecto entre la naturaleza y el placer con el Aceite de Masaje 100% Orgánico de Shunga. Este elixir ha sido creado para quienes buscan un contacto íntimo consciente, utilizando solo los ingredientes más puros que la tierra nos ofrece. Su fórmula ligera y sedosa permite un deslizamiento infinito, convirtiendo cada masaje en una experiencia de bienestar profundo y respeto por el cuerpo.<br /><br />Calidad Orgánica Certificada<br />Lo que diferencia a este aceite es su compromiso con la pureza. Formulado con aceites vegetales refinados y biológicamente certificados, garantiza una experiencia libre de químicos sintéticos. Al ser un producto de origen orgánico, ofrece beneficios que van más allá del simple masaje:<br /><br /><br />100% Comestible: A diferencia de otros aceites, su pureza permite que sea ingerido de forma segura, ideal para masajes que terminan en besos y caricias.<br /><br />Libre de Alérgenos: Una fórmula limpia, libre de gluten, parabenos y azúcares, diseñada para minimizar cualquier riesgo de irritación.<br /><br />Apto para Todos: Su composición es 100% vegana, sin aceites minerales ni ingredientes de origen animal.<br /><br />Un Tratamiento de Belleza y Salud<br />Mientras disfrutas del masaje, este aceite trabaja activamente en el cuidado de tu dermis. Gracias a su alto contenido en Vitamina E, actúa como un poderoso antioxidante que protege las células de la piel y combate el envejecimiento. El resultado es una piel profundamente nutrida, elástica y con un tacto aterciopelado, sin dejar ninguna sensación grasienta tras su uso.<br /><br />Seguridad y Versatilidad<br />Este aceite ha sido diseñado para integrarse perfectamente en tus juegos íntimos. Es totalmente compatible con el látex, lo que te permite usarlo con confianza sin dañar preservativos. Aunque su textura es deliciosa y segura para la piel, se recomienda disfrutarlo sobre el cuerpo y no utilizarlo como lubricante íntimo interno.<br /><br />Por qué elegir el Aceite Orgánico Shunga:<br />Textura Superior: Deslizamiento óptimo para masajes de larga duración.<br /><br />Fórmula Limpia: Ingredientes biológicos que respetan el pH y la salud de la piel.<br /><br />Absorción Inteligente: Nutre intensamente pero deja la piel suave y limpia al finalizar.<br /><br />Envase de 240 ml: Tamaño ideal para disfrutar de numerosos rituales de pasión.<br /><br />Especificaciones Técnicas:<br />- Contenido: 240 ml.<br />- Ingredientes Clave: Aceites vegetales orgánicos y Vitamina E.<br />- Compatibilidad: Seguro con látex.<br />- Libre de: Gluten, azúcares, parabenos y aceites minerales.</p>
<p class=""MsoNormal"">Ingredientes: Cold<span> </span>Pressed<span> </span>Sunflower<span> </span>Oil/Huile<span> </span>de<span> </span>tournesol<span> </span>pressée<span> </span>à<span> </span>froid<span> </span>(Helianthus<span> </span>Annuus<span> </span>Seed<span> </span>Oil)*,<span> </span>Rapeseed<span> </span>Oil/Huile<span> </span>de<span> </span>colza<span> </span>(Brassica<span> </span>Campestris Seed Oil)*, Grape Seed Oil/Huile de pépin de raisin (Vitis Vinifera Seed Oil), Avocado Oil/Huile d’avocat (Persea Gratissima Oil), Sesame Oil/Huile de sesame (Sesamum Indicum Seed Oil), Flavor/Saveur (Aroma), Natural Vitamin E/Vitamine<span> </span>E<span> </span>naturelle<span> </span>(Tocopherol),<span> </span>Benzyl<span> </span>Alcohol.<span> </span>*Certified<span> </span>Organic/Cer-tifiés biologiques.</p>
<p></p>",SHUNGA,cosmetica intima,FALSE,draft,SH3116,697309013116,Title,Default Title,29.90,TRUE,shopify,2,DENY,258,g,TRUE,manual,https://backoffice.saintsual.com/4981-superlarge_default_2x/aceite-masaje-orgrnico-tr-verde-240-ml.jpg,1,ACEITE MASAJE ORGÁNICO TÉ VERDE 240 ML,FALSE
,aceite-masaje-organico-te-verde-240-ml,,,,,,,,,,,,,,,,,,,https://backoffice.saintsual.com/11227-superlarge_default_2x/aceite-masaje-orgrnico-tr-verde-240-ml.jpg,2,ACEITE MASAJE ORGÁNICO TÉ VERDE 240 ML,
ACEITE MASAJE ORGÁNICO SIN FRAGANCIA 240 ML,aceite-masaje-organico-sin-fragancia-240-ml,"<p>Aceite de Masaje Orgánico Shunga: Pureza Natural para tus Sentidos<br />Descubre el equilibrio perfecto entre la naturaleza y el placer con el Aceite de Masaje 100% Orgánico de Shunga. Este elixir ha sido creado para quienes buscan un contacto íntimo consciente, utilizando solo los ingredientes más puros que la tierra nos ofrece. Su fórmula ligera y sedosa permite un deslizamiento infinito, convirtiendo cada masaje en una experiencia de bienestar profundo y respeto por el cuerpo.<br /><br />Calidad Orgánica Certificada<br />Lo que diferencia a este aceite es su compromiso con la pureza. Formulado con aceites vegetales refinados y biológicamente certificados, garantiza una experiencia libre de químicos sintéticos. Al ser un producto de origen orgánico, ofrece beneficios que van más allá del simple masaje:<br /><br /><br />100% Comestible: A diferencia de otros aceites, su pureza permite que sea ingerido de forma segura, ideal para masajes que terminan en besos y caricias.<br /><br />Libre de Alérgenos: Una fórmula limpia, libre de gluten, parabenos y azúcares, diseñada para minimizar cualquier riesgo de irritación.<br /><br />Apto para Todos: Su composición es 100% vegana, sin aceites minerales ni ingredientes de origen animal.<br /><br />Un Tratamiento de Belleza y Salud<br />Mientras disfrutas del masaje, este aceite trabaja activamente en el cuidado de tu dermis. Gracias a su alto contenido en Vitamina E, actúa como un poderoso antioxidante que protege las células de la piel y combate el envejecimiento. El resultado es una piel profundamente nutrida, elástica y con un tacto aterciopelado, sin dejar ninguna sensación grasienta tras su uso.<br /><br />Seguridad y Versatilidad<br />Este aceite ha sido diseñado para integrarse perfectamente en tus juegos íntimos. Es totalmente compatible con el látex, lo que te permite usarlo con confianza sin dañar preservativos. Aunque su textura es deliciosa y segura para la piel, se recomienda disfrutarlo sobre el cuerpo y no utilizarlo como lubricante íntimo interno.<br /><br />Por qué elegir el Aceite Orgánico Shunga:<br />Textura Superior: Deslizamiento óptimo para masajes de larga duración.<br /><br />Fórmula Limpia: Ingredientes biológicos que respetan el pH y la salud de la piel.<br /><br />Absorción Inteligente: Nutre intensamente pero deja la piel suave y limpia al finalizar.<br /><br />Envase de 240 ml: Tamaño ideal para disfrutar de numerosos rituales de pasión.<br /><br />Especificaciones Técnicas:<br />- Contenido: 240 ml.<br />- Ingredientes Clave: Aceites vegetales orgánicos y Vitamina E.<br />- Compatibilidad: Seguro con látex.<br />- Libre de: Gluten, azúcares, parabenos y aceites minerales.</p>
<p class=""MsoNormal"">Ingredientes: Cold<span> </span>Pressed<span> </span>Sunflower<span> </span>Oil/Huile<span> </span>de<span> </span>tournesol<span> </span>pressée<span> </span>à<span> </span>froid<span> </span>(Helianthus<span> </span>Annuus<span> </span>Seed<span> </span>Oil)*,<span> </span>Rapeseed<span> </span>Oil/Huile<span> </span>de<span> </span>colza<span> </span>(Brassica<span> </span>Campestris Seed Oil)*, Grape Seed Oil/Huile de pépin de raisin (Vitis Vinifera Seed Oil), Avocado Oil/Huile d’avocat (Persea Gratissima Oil), Sesame Oil/Huile de sesame (Sesamum Indicum Seed Oil), Flavor/Saveur (Aroma), Natural Vitamin E/Vitamine<span> </span>E<span> </span>naturelle<span> </span>(Tocopherol),<span> </span>Benzyl<span> </span>Alcohol.<span> </span>*Certified<span> </span>Organic/Cer-tifiés biologiques.</p>
<p></p>",SHUNGA,cosmetica intima,FALSE,draft,SH3222,697309013222,Title,Default Title,29.90,TRUE,shopify,0,DENY,258,g,TRUE,manual,https://backoffice.saintsual.com/4982-superlarge_default_2x/aceite-masaje-orgrnico-sin-fragancia-240-ml.jpg,1,ACEITE MASAJE ORGÁNICO SIN FRAGANCIA 240 ML,FALSE
,aceite-masaje-organico-sin-fragancia-240-ml,,,,,,,,,,,,,,,,,,,https://backoffice.saintsual.com/58543-superlarge_default_2x/aceite-masaje-orgrnico-sin-fragancia-240-ml.jpg,2,ACEITE MASAJE ORGÁNICO SIN FRAGANCIA 240 ML,
KIT SHUNGA SWEET KISSES COLLECTION,kit-shunga-sweet-kisses-collection,"<p>Kit dulces besos formado por:</p><p>- Aceite afrodisíaco con efecto calor de caramelo de 125 ml.</p><p>- Polvos comestibles sabor miel.</p><p>- Gloss Placer Oral Divino de Coco.</p><p>- Aceite de masaje orgánico de almendras 165 ml.</p><p>- Pintura corporal sabor chocolate.</p><p>Presentado en una elegante caja,<br /></p>",SHUNGA,cosmetica intima,FALSE,draft,SH3003,697309083003,Title,Default Title,94.90,TRUE,shopify,4,DENY,119,g,TRUE,manual,https://backoffice.saintsual.com/5356-superlarge_default_2x/kit-shunga-sweet-kisses-collection.jpg,1,KIT SHUNGA SWEET KISSES COLLECTION,FALSE
,kit-shunga-sweet-kisses-collection,,,,,,,,,,,,,,,,,,,https://backoffice.saintsual.com/12158-superlarge_default_2x/kit-shunga-sweet-kisses-collection.jpg,2,KIT SHUNGA SWEET KISSES COLLECTION,
,kit-shunga-sweet-kisses-collection,,,,,,,,,,,,,,,,,,,https://backoffice.saintsual.com/12159-superlarge_default_2x/kit-shunga-sweet-kisses-collection.jpg,3,KIT SHUNGA SWEET KISSES COLLECTION,
,kit-shunga-sweet-kisses-collection,,,,,,,,,,,,,,,,,,,https://backoffice.saintsual.com/12160-superlarge_default_2x/kit-shunga-sweet-kisses-collection.jpg,4,KIT SHUNGA SWEET KISSES COLLECTION,
,kit-shunga-sweet-kisses-collection,,,,,,,,,,,,,,,,,,,https://backoffice.saintsual.com/12161-superlarge_default_2x/kit-shunga-sweet-kisses-collection.jpg,5,KIT SHUNGA SWEET KISSES COLLECTION,
,kit-shunga-sweet-kisses-collection,,,,,,,,,,,,,,,,,,,https://backoffice.saintsual.com/12162-superlarge_default_2x/kit-shunga-sweet-kisses-collection.jpg,6,KIT SHUNGA SWEET KISSES COLLECTION,
SALES DE BAÑO ORIENTALES LOTUS APHRODISIA,sales-de-bano-orientales-lotus-aphrodisia,"<p>Sales de Baño Orientales Shunga: El Secreto del Ritual Japonés en tu Hogar<br />Sumérgete en una tradición milenaria y transforma tu bañera en un auténtico Onsen japonés. Las Sales de Baño Orientales de Shunga han sido creadas para quienes buscan algo más que un simple baño; son una invitación a detener el tiempo, relajar la mente y entregarse a un ritual de bienestar absoluto, ya sea en la soledad del autocuidado o en la intimidad de la pareja.<br /><br />Una Experiencia Sensorial Inmersiva<br />Inspiradas en los exquisitos baños de la cultura oriental, estas sales actúan sobre todos tus sentidos desde el primer contacto con el agua:<br /><br />Color Terapéutico: Con solo una pequeña cantidad, el agua se tiñe de un color vibrante y profundo que ayuda a crear una atmósfera de serenidad y misterio.<br /><br />Aromas que Cautivan: Sus fragancias orientales han sido seleccionadas para envolver la habitación, liberando notas que calman el sistema nervioso y actúan como un suave afrodisíaco natural.<br /><br />Suavidad en la Piel: La mezcla mineral ayuda a ablandar el agua, permitiendo que tu piel absorba los beneficios del baño y quede con un tacto sedoso y delicadamente perfumado.<br /><br />Rendimiento y Calidad Premium<br />A diferencia de otras sales de baño, la fórmula de Shunga es altamente concentrada. Gracias a su gran capacidad de pigmentación y aromatización, solo necesitas una pequeña cantidad para obtener el nivel idóneo de color y fragancia, lo que garantiza una larga duración del producto.<br /><br />El formato de 500 gramos asegura que podrás disfrutar de este ritual en múltiples ocasiones, convirtiendo tu baño en un destino exótico cada vez que necesites desconectar del estrés diario.<br /><br />¿Por qué elegir las Sales de Baño Orientales Shunga?<br />- Fórmula Concentrada: Alta eficiencia en cada uso; un poco de producto es suficiente para transformar toda la bañera.<br />- Ambiente Único: Ideal para preparar una noche romántica o un momento de meditación profunda.<br />- Sin Residuos: Disfruta de colores intensos sin preocuparte por manchas persistentes en tu bañera.<br />- Gran Formato: Envase de 500g diseñado para los amantes de los baños frecuentes.<br /><br />Consejos para el Ritual Perfecto:<br />Llena la bañera con agua a la temperatura de tu preferencia (recomendamos agua tibia-caliente para abrir los poros y liberar mejor los aromas). Esparce una pequeña cantidad de sales bajo el chorro de agua y observa cómo el color comienza a invadir el espacio. Una vez sumergido, cierra los ojos, respira profundamente el aroma oriental y deja que la cultura japonesa renueve tu energía.</p>",SHUNGA,cosmetica intima,FALSE,draft,SH7508,697309067508,Title,Default Title,30.90,TRUE,shopify,12,DENY,571,g,TRUE,manual,https://backoffice.saintsual.com/14831-superlarge_default_2x/sales-de-bano-orientales-lotus-aphrodisia.jpg,1,SALES DE BAÑO ORIENTALES LOTUS APHRODISIA,FALSE
SALES DE BAÑO ORIENTALES LOTUS OCEAN TEMPTATIONS,sales-de-bano-orientales-lotus-ocean-temptations,"<p>Sales de Baño Orientales Shunga: El Secreto del Ritual Japonés en tu Hogar<br />Sumérgete en una tradición milenaria y transforma tu bañera en un auténtico Onsen japonés. Las Sales de Baño Orientales de Shunga han sido creadas para quienes buscan algo más que un simple baño; son una invitación a detener el tiempo, relajar la mente y entregarse a un ritual de bienestar absoluto, ya sea en la soledad del autocuidado o en la intimidad de la pareja.<br /><br />Una Experiencia Sensorial Inmersiva<br />Inspiradas en los exquisitos baños de la cultura oriental, estas sales actúan sobre todos tus sentidos desde el primer contacto con el agua:<br /><br />Color Terapéutico: Con solo una pequeña cantidad, el agua se tiñe de un color vibrante y profundo que ayuda a crear una atmósfera de serenidad y misterio.<br /><br />Aromas que Cautivan: Sus fragancias orientales han sido seleccionadas para envolver la habitación, liberando notas que calman el sistema nervioso y actúan como un suave afrodisíaco natural.<br /><br />Suavidad en la Piel: La mezcla mineral ayuda a ablandar el agua, permitiendo que tu piel absorba los beneficios del baño y quede con un tacto sedoso y delicadamente perfumado.<br /><br />Rendimiento y Calidad Premium<br />A diferencia de otras sales de baño, la fórmula de Shunga es altamente concentrada. Gracias a su gran capacidad de pigmentación y aromatización, solo necesitas una pequeña cantidad para obtener el nivel idóneo de color y fragancia, lo que garantiza una larga duración del producto.<br /><br />El formato de 500 gramos asegura que podrás disfrutar de este ritual en múltiples ocasiones, convirtiendo tu baño en un destino exótico cada vez que necesites desconectar del estrés diario.<br /><br />¿Por qué elegir las Sales de Baño Orientales Shunga?<br />- Fórmula Concentrada: Alta eficiencia en cada uso; un poco de producto es suficiente para transformar toda la bañera.<br />- Ambiente Único: Ideal para preparar una noche romántica o un momento de meditación profunda.<br />- Sin Residuos: Disfruta de colores intensos sin preocuparte por manchas persistentes en tu bañera.<br />- Gran Formato: Envase de 500g diseñado para los amantes de los baños frecuentes.<br /><br />Consejos para el Ritual Perfecto:<br />Llena la bañera con agua a la temperatura de tu preferencia (recomendamos agua tibia-caliente para abrir los poros y liberar mejor los aromas). Esparce una pequeña cantidad de sales bajo el chorro de agua y observa cómo el color comienza a invadir el espacio. Una vez sumergido, cierra los ojos, respira profundamente el aroma oriental y deja que la cultura japonesa renueve tu energía.</p>",SHUNGA,cosmetica intima,FALSE,draft,SH7515,697309067515,Title,Default Title,30.90,TRUE,shopify,7,DENY,571,g,TRUE,manual,https://backoffice.saintsual.com/14833-superlarge_default_2x/sales-de-bano-orientales-lotus-ocean-temptations.jpg,1,SALES DE BAÑO ORIENTALES LOTUS OCEAN TEMPTATIONS,FALSE
SALES DE BAÑO ORIENTALES FRUTOS EXÓTICOS,sales-de-bano-orientales-frutos-exoticos,"<p>Sales de Baño Orientales Shunga: El Secreto del Ritual Japonés en tu Hogar<br />Sumérgete en una tradición milenaria y transforma tu bañera en un auténtico Onsen japonés. Las Sales de Baño Orientales de Shunga han sido creadas para quienes buscan algo más que un simple baño; son una invitación a detener el tiempo, relajar la mente y entregarse a un ritual de bienestar absoluto, ya sea en la soledad del autocuidado o en la intimidad de la pareja.<br /><br />Una Experiencia Sensorial Inmersiva<br />Inspiradas en los exquisitos baños de la cultura oriental, estas sales actúan sobre todos tus sentidos desde el primer contacto con el agua:<br /><br />Color Terapéutico: Con solo una pequeña cantidad, el agua se tiñe de un color vibrante y profundo que ayuda a crear una atmósfera de serenidad y misterio.<br /><br />Aromas que Cautivan: Sus fragancias orientales han sido seleccionadas para envolver la habitación, liberando notas que calman el sistema nervioso y actúan como un suave afrodisíaco natural.<br /><br />Suavidad en la Piel: La mezcla mineral ayuda a ablandar el agua, permitiendo que tu piel absorba los beneficios del baño y quede con un tacto sedoso y delicadamente perfumado.<br /><br />Rendimiento y Calidad Premium<br />A diferencia de otras sales de baño, la fórmula de Shunga es altamente concentrada. Gracias a su gran capacidad de pigmentación y aromatización, solo necesitas una pequeña cantidad para obtener el nivel idóneo de color y fragancia, lo que garantiza una larga duración del producto.<br /><br />El formato de 500 gramos asegura que podrás disfrutar de este ritual en múltiples ocasiones, convirtiendo tu baño en un destino exótico cada vez que necesites desconectar del estrés diario.<br /><br />¿Por qué elegir las Sales de Baño Orientales Shunga?<br />- Fórmula Concentrada: Alta eficiencia en cada uso; un poco de producto es suficiente para transformar toda la bañera.<br />- Ambiente Único: Ideal para preparar una noche romántica o un momento de meditación profunda.<br />- Sin Residuos: Disfruta de colores intensos sin preocuparte por manchas persistentes en tu bañera.<br />- Gran Formato: Envase de 500g diseñado para los amantes de los baños frecuentes.<br /><br />Consejos para el Ritual Perfecto:<br />Llena la bañera con agua a la temperatura de tu preferencia (recomendamos agua tibia-caliente para abrir los poros y liberar mejor los aromas). Esparce una pequeña cantidad de sales bajo el chorro de agua y observa cómo el color comienza a invadir el espacio. Una vez sumergido, cierra los ojos, respira profundamente el aroma oriental y deja que la cultura japonesa renueve tu energía.</p>",SHUNGA,cosmetica intima,FALSE,draft,SH7522,697309067522,Title,Default Title,30.90,TRUE,shopify,0,DENY,571,g,TRUE,manual,https://backoffice.saintsual.com/14835-superlarge_default_2x/sales-de-bano-orientales-frutos-exoticos.jpg,1,SALES DE BAÑO ORIENTALES FRUTOS EXÓTICOS,FALSE
SALES DE BAÑO ORIENTALES LOTUS FLOWER,sales-de-bano-orientales-lotus-flower,"<p>Aquí tienes una propuesta de descripción larga, elegante y detallada, ideal para resaltar el lujo y la versatilidad de este producto en tu tienda online.<br /><br />Polvos Corporales Shunga: El Lujo del Masaje Seco y el Placer Gourmet<br />Shunga redefine la seducción con la evolución de uno de sus productos más icónicos. Anteriormente presentados en la clásica lata negra, los nuevos Polvos Corporales de Shunga llegan ahora en una presentación de lujo: cajas magnéticas con un diseño artístico impresionante y colores vibrantes que anticipan la explosión de sabor y aroma que encontrarás en su interior.<br /><br />Un Ritual de Tacto y Sabor<br />Este producto es una joya de la cosmética erótica gracias a su increíble versatilidad. No es solo un polvo corporal; es una herramienta para explorar nuevas sensaciones en pareja:<br /><br />Masaje Seco Relajante: Su textura ultrafina permite que las manos se deslicen sobre la piel con una suavidad aterciopelada, ideal para quienes prefieren una alternativa a los aceites tradicionales.<br /><br />Experiencia 100% Comestible: Convierte el cuerpo de tu pareja en un postre irresistible. Su sabor dulce y equilibrado es perfecto para juegos de besos y caricias orales.<br /><br />Frescura Diaria: Gracias a su capacidad de absorción, funciona maravillosamente como polvo secante, manteniendo la piel fresca, seca y deliciosamente perfumada durante todo el día.<br /><br />Ambiente Romántico: Espolvoréalo ligeramente sobre las sábanas para que su aroma exótico impregne el dormitorio y cree una atmósfera de ensueño.<br /><br />Presentación de Lujo: El Regalo Perfecto<br />Cada detalle ha sido cuidado para ofrecer una experiencia de ""unboxing"" inigualable. Las llamativas cajas magnéticas no solo protegen el producto, sino que lo convierten en un objeto de deseo.<br /><br />Accesorios Exclusivos: Incluye un plumero de tacto sedoso a juego con el color del sabor elegido, adornado con una elegante cinta negra que luce el logotipo de Shunga bordado en hilo dorado.<br /><br />Diseño Funcional: Los 75 gramos de polvo vienen en un recipiente transparente que te permite ver cuánto queda. Además, incorpora un tamiz que asegura un vertido controlado y una aplicación uniforme sobre la piel o las sábanas.<br /><br />Sabores Exóticos para Cada Ocasión<br />Elige el aroma que mejor encaje con tu estado de ánimo entre sus 4 deliciosas variedades:<br /><br />Vino Espumoso de Fresa: Elegante, festivo y romántico.<br /><br />Sensación de Frambuesa: Dulce, intenso y vibrante.<br /><br />Emoción de Coco: Exótico, cremoso y paradisíaco.<br /><br />Mango Delicioso: Tropical, jugoso y lleno de energía.<br /><br />Especificaciones del Producto:<br />Contenido: 75g de polvo fino.<br /><br />Incluye: Caja magnética de lujo y plumero bordado.<br /><br />Propiedades: Comestible, sin gluten y libre de parabenos.<br /><br />Uso: Masaje, secante corporal y juego erótico.</p>",SHUNGA,cosmetica intima,FALSE,draft,SH7119,697309067119,Title,Default Title,30.90,TRUE,shopify,26,DENY,571,g,TRUE,manual,https://backoffice.saintsual.com/14836-superlarge_default_2x/sales-de-bano-orientales-lotus-flower.jpg,1,SALES DE BAÑO ORIENTALES LOTUS FLOWER,FALSE
TESTER ACEITE MASAJE STIMULATION MELOCOTÓN 60 ML,tester-aceite-masaje-stimulation-melocoton-60-ml,"<p></p>
<p>Aceite de masaje realizado con ingreditentes de alta calidad de manera que permite un masaje óptimo dejando la piel suave y sin dejarla grasienta. Contiene aceites 100% naturales presionados al frío (emolientes).</p>
<p>Contiene vitamina E para un enriquecmiento de la piel y además actúa como antioxidante.</p>
<p>Los aceites de masaje de Shunga no están realizados a base de aceite mineral ni animal.</p>
<p>Este aceite está aromatizado con aceites esenciales y fragancias que lo hacen no comestible.</p>
<p>No se recomienda usarlo como lubricante íntimo.</p>
<p>Envase de 240 ml.</p>
<p></p>
<p></p>
<p class=""MsoNormal"">Ingredientes: Sweet Almond Oil/Huile d’amande douce (Prunus Amygdalus Dulcis<span> </span>Oil),<span> </span>Grape<span> </span>Seed<span> </span>Oil/Huile<span> </span>de<span> </span>pépin<span> </span>de<span> </span>raisin<span> </span>(Vitis<span> </span>Vinifera<span> </span>Seed<span> </span>Oil),<span> </span>Sesame<span> </span>Oil/Huile<span> </span>de<span> </span>sésame<span> </span>(Sesamum<span> </span>Indicum<span> </span>Seed<span> </span>Oil),<span> </span>Avocado<span> </span>Oil/Huile <span> </span>d’avocat<span> </span>(Persea<span> </span>Gratissima<span> </span>Oil),<span> </span>Pecan<span> </span>Oil/Huile<span> </span>de<span> </span>pacane<span> </span>(Carya<span> </span>Illinoensis<span> </span>Seed<span> </span>Oil),<span> </span>Safflower<span> </span>Oil/Huile<span> </span>de<span> </span>carthame<span> </span>(Carthamus<span> </span>Tinctorius<span> </span>Seed<span> </span>Oil),<span> </span>Fragrance<span> </span>(Parfum),<span> </span>Vitamin/Vitamine<span> </span>E<span> </span>(Tocopherol),<span> </span>Amyl<span> </span>Cinnamal,<span> </span>Benzyl<span> </span>Alcohol,<span> </span>Citral,<span> </span>Eugenol,<span> </span>Benzyl<span> </span>Salicylate,<span> </span>Coumarin,Limonene,<span> </span>Methyl<span> </span>2-Octynoate,<span> </span>Geraniol,<span> </span>Farnesol,<span> </span>Butylphenyl<span> </span>Methylproponial,<span> </span>Linalool,<span> </span>Benzyl Benzoate, Citronellol, Hexyl Cinnamal, Alpha-Isomethyl Ionone, Butylated Hydroxytoluene (BHT), Lyral, Cinnamyl Alcohol, IsoEugenol, Hydroxycitronellal, Hydroxyisohexyl 3-cyclohexene-Carboxaldehyde.</p>",SHUNGA,cosmetica intima,FALSE,draft,TSH2034,697309112031,Title,Default Title,,TRUE,shopify,0,DENY,71,g,TRUE,manual,https://backoffice.saintsual.com/44478-superlarge_default_2x/tester-aceite-masaje-stimulation-melocoton-60-ml.jpg,1,TESTER ACEITE MASAJE STIMULATION MELOCOTÓN 60 ML,FALSE
TESTER ACEITE DE MASAJE CALOR TE VERDE 60ML,tester-aceite-de-masaje-calor-te-verde-60ml,Unidades muy limitadas para cada cliente.,SHUNGA,cosmetica intima,FALSE,draft,TSH3112,697309123112,Title,Default Title,,TRUE,shopify,0,DENY,71,g,TRUE,manual,https://backoffice.saintsual.com/49309-superlarge_default_2x/tester-aceite-de-masaje-calor-te-verde-60ml.jpg,1,TESTER ACEITE DE MASAJE CALOR TE VERDE 60ML,FALSE
TESTER POLVOS CORPORALES FRAMBUESA 60ML,tester-polvos-corporales-frambuesa-60ml,Unidades muy limitadas para cada cliente.,SHUNGA,cosmetica intima,FALSE,draft,TSH0011,697309130011,Title,Default Title,,TRUE,shopify,5,DENY,71,g,TRUE,manual,https://backoffice.saintsual.com/49299-superlarge_default_2x/tester-polvos-corporales-frambuesa-60ml.jpg,1,TESTER POLVOS CORPORALES FRAMBUESA 60ML,FALSE
TESTER POLVOS CORPORALES FRESA CHAMPAGNE 60ML,tester-polvos-corporales-fresa-champagne-60ml,Unidades muy limitadas para cada cliente.,SHUNGA,cosmetica intima,FALSE,draft,TSH0042,697309130042,Title,Default Title,,TRUE,shopify,6,DENY,71,g,TRUE,manual,https://backoffice.saintsual.com/49298-superlarge_default_2x/tester-polvos-corporales-fresa-champagne-60ml.jpg,1,TESTER POLVOS CORPORALES FRESA CHAMPAGNE 60ML,FALSE
TESTER SHUNGA GEL DE BAÑO CEREZA 60 ML,tester-shunga-gel-de-bano-cereza-60-ml,Unidades muy limitadas para cada cliente.,SHUNGA,cosmetica intima,FALSE,draft,TSH5020,697309165020,Title,Default Title,,TRUE,shopify,4,DENY,71,g,TRUE,manual,https://backoffice.saintsual.com/49297-superlarge_default_2x/tester-shunga-gel-de-bano-cereza-60-ml.jpg,1,TESTER SHUNGA GEL DE BAÑO CEREZA 60 ML,FALSE
TESTER PACK LOVEBATH OCEAN / DRAGON / LOTUS,tester-pack-lovebath-ocean-dragon-lotus,Unidades muy limitadas para cada cliente.,SHUNGA,cosmetica intima,FALSE,draft,TSH8007,697309168007,Title,Default Title,,TRUE,shopify,4,DENY,660,g,TRUE,manual,https://backoffice.saintsual.com/49296-superlarge_default_2x/tester-pack-lovebath-ocean-dragon-lotus.jpg,1,TESTER PACK LOVEBATH OCEAN / DRAGON / LOTUS,FALSE
GEL MASAJE SHUNGA MELÓN MANGO,gel-masaje-shunga-melon-mango,"<div>Este masaje cuerpo a cuerpo oriental es una experiencia erótica 
intensamente sensual y sumamente placentera, en la que los cuerpos se 
mueven sin esfuerzo el uno contra el otro en suaves movimientos 
deslizantes. Una vez vertido el gel corporal sobre los dos cuerpos 
desnudos, se crea un efecto afrodisiaco y embriagador. La textura de la 
piel se vuelve receptiva y transforma las caricias en roces que llevan a
 los límites de la imaginación. Una aventura divertida para los amantes 
sensuales.<br /></div><div>Gel de masaje que da 4 litros una vez que combinas las dos mezclas.</div><div>Contiene dos envases: el envase 1 es la mezcla arómatica para preparar el masaje y la mezcla 2 es para espesar el masaje.</div>Incluye sábana para no manchar ninguna superficie de 150 cm x 224 cm.",SHUNGA,cosmetica intima,FALSE,draft,SH7026,697309077026,Title,Default Title,35.90,TRUE,shopify,0,DENY,700,g,TRUE,manual,https://backoffice.saintsual.com/44433-superlarge_default_2x/gel-masaje-shunga-melon-mango.jpg,1,GEL MASAJE SHUNGA MELÓN MANGO,FALSE
,gel-masaje-shunga-melon-mango,,,,,,,,,,,,,,,,,,,https://backoffice.saintsual.com/44429-superlarge_default_2x/gel-masaje-shunga-melon-mango.jpg,2,GEL MASAJE SHUNGA MELÓN MANGO,
,gel-masaje-shunga-melon-mango,,,,,,,,,,,,,,,,,,,https://backoffice.saintsual.com/44428-superlarge_default_2x/gel-masaje-shunga-melon-mango.jpg,3,GEL MASAJE SHUNGA MELÓN MANGO,
,gel-masaje-shunga-melon-mango,,,,,,,,,,,,,,,,,,,https://backoffice.saintsual.com/44437-superlarge_default_2x/gel-masaje-shunga-melon-mango.jpg,4,GEL MASAJE SHUNGA MELÓN MANGO,
SHUNGA VIBRADOR MASAJEADOR OBI USB NEGRO,shunga-vibrador-masajeador-obi-usb-negro,"<p>OBI™: La Cumbre de la Elegancia y el Placer Clitoridiano<br />Donde el diseño de alta gama se encuentra con la potencia más pura, nace OBI™. Este masajeador no es solo un accesorio de placer, es una pieza de ingeniería ergonómica diseñada para la mujer que sabe lo que quiere y no está dispuesta a renunciar ni a la estética ni a la intensidad.<br /><br />OBI™ ha sido creado para ofrecer una cobertura total. A diferencia de los vibradores convencionales, su forma única permite estimular de manera simultánea el clítoris, los labios y el perineo, creando una onda expansiva de placer que recorre toda la zona íntima. Su diseño abraza tu anatomía, brindándote un abanico de sensaciones que te transportarán directamente al éxtasis.<br /><br />Un Placer sin Género ni Límites<br />Aunque OBI™ es el aliado perfecto para los orgasmos clitoridianos más intensos, su versatilidad lo convierte en un juguete ideal para compartir. Su potente motor externo permite que el hombre explore nuevas fronteras de placer, utilizándolo para estimular zonas erógenas externas con una vibración profunda y vigorosa. Es el puente perfecto para la exploración en pareja o el deleite individual.<br /><br />Rendimiento Superior para Sesiones Inagotables<br />No dejes que nada interrumpa tu momento. OBI™ destaca por una autonomía excepcional en el mercado:<br /><br />Batería de larga duración: Con solo 2 horas de carga, obtendrás hasta 3 horas de placer ininterrumpido.<br /><br />Potencia constante: Su motor de última generación mantiene la intensidad desde el primer minuto hasta el último.<br /><br />10 Funciones de Vibración: Desde suaves ondas sugerentes hasta ritmos sísmicos para las metas más exigentes.<br /><br />Diseñado para Acompañarte Siempre<br />Ya sea en la calidez de tu cama, en un baño relajante (gracias a su certificación IPX7 sumergible) o en tu próxima escapada, OBI™ es el compañero ideal. Incluye una función de bloqueo de viaje, asegurando que el juguete permanezca apagado y discreto dentro de tu equipaje, dándote total tranquilidad estés donde estés.<br /><br />Características Principales:<br />Silicona Premium: Fabricado en silicona hipoalergénica de tacto ultra sedoso, respetuosa con la piel y fácil de mantener.<br /><br />Estimulación Multizona: Diseño ergonómico para clítoris, labios y perineo.<br /><br />Silencio Absoluto: Potente pero extremadamente discreto, diseñado para la máxima privacidad.<br /><br />Resistencia al Agua: Totalmente sumergible (IPX7), perfecto para jugar bajo el agua.<br /><br />Carga Inteligente: Recargable mediante USB con indicador LED de estado de batería.<br /><br />Seguridad: Función de bloqueo para transporte seguro.<br /><br />Especificaciones Técnicas:<br />- Tiempo de carga: 2 horas para carga completa.<br />- Autonomía: Hasta 180 minutos de uso.<br />- Modos: 10 patrones de vibración.<br />- Interfaz: Panel de control intuitivo y fácil de usar.<br /><br />Sugerencia de uso: Combina OBI™ con un lubricante de base acuosa para potenciar la suavidad de su silicona y maximizar la transmisión de las vibraciones a tu piel.</p>",SHUNGA,cosmetica intima,FALSE,draft,SH1048,697309901048,Title,Default Title,54.90,TRUE,shopify,0,DENY,114,g,TRUE,manual,https://backoffice.saintsual.com/21823-superlarge_default_2x/shunga-vibrador-masajeador-obi-usb-negro.jpg,1,SHUNGA VIBRADOR MASAJEADOR OBI USB NEGRO,FALSE
,shunga-vibrador-masajeador-obi-usb-negro,,,,,,,,,,,,,,,,,,,https://backoffice.saintsual.com/21822-superlarge_default_2x/shunga-vibrador-masajeador-obi-usb-negro.jpg,2,SHUNGA VIBRADOR MASAJEADOR OBI USB NEGRO,
,shunga-vibrador-masajeador-obi-usb-negro,,,,,,,,,,,,,,,,,,,https://backoffice.saintsual.com/21824-superlarge_default_2x/shunga-vibrador-masajeador-obi-usb-negro.jpg,3,SHUNGA VIBRADOR MASAJEADOR OBI USB NEGRO,
,shunga-vibrador-masajeador-obi-usb-negro,,,,,,,,,,,,,,,,,,,https://backoffice.saintsual.com/21825-superlarge_default_2x/shunga-vibrador-masajeador-obi-usb-negro.jpg,4,SHUNGA VIBRADOR MASAJEADOR OBI USB NEGRO,
,shunga-vibrador-masajeador-obi-usb-negro,,,,,,,,,,,,,,,,,,,https://backoffice.saintsual.com/21826-superlarge_default_2x/shunga-vibrador-masajeador-obi-usb-negro.jpg,5,SHUNGA VIBRADOR MASAJEADOR OBI USB NEGRO,
,shunga-vibrador-masajeador-obi-usb-negro,,,,,,,,,,,,,,,,,,,https://backoffice.saintsual.com/21827-superlarge_default_2x/shunga-vibrador-masajeador-obi-usb-negro.jpg,6,SHUNGA VIBRADOR MASAJEADOR OBI USB NEGRO,
,shunga-vibrador-masajeador-obi-usb-negro,,,,,,,,,,,,,,,,,,,https://backoffice.saintsual.com/22080-superlarge_default_2x/shunga-vibrador-masajeador-obi-usb-negro.jpg,7,SHUNGA VIBRADOR MASAJEADOR OBI USB NEGRO,
SHUNGA VIBRADOR MASAJEADOR OBI USB ROSA,shunga-vibrador-masajeador-obi-usb-rosa,"<p>OBI™: La Cumbre de la Elegancia y el Placer Clitoridiano<br />Donde el diseño de alta gama se encuentra con la potencia más pura, nace OBI™. Este masajeador no es solo un accesorio de placer, es una pieza de ingeniería ergonómica diseñada para la mujer que sabe lo que quiere y no está dispuesta a renunciar ni a la estética ni a la intensidad.<br /><br />OBI™ ha sido creado para ofrecer una cobertura total. A diferencia de los vibradores convencionales, su forma única permite estimular de manera simultánea el clítoris, los labios y el perineo, creando una onda expansiva de placer que recorre toda la zona íntima. Su diseño abraza tu anatomía, brindándote un abanico de sensaciones que te transportarán directamente al éxtasis.<br /><br />Un Placer sin Género ni Límites<br />Aunque OBI™ es el aliado perfecto para los orgasmos clitoridianos más intensos, su versatilidad lo convierte en un juguete ideal para compartir. Su potente motor externo permite que el hombre explore nuevas fronteras de placer, utilizándolo para estimular zonas erógenas externas con una vibración profunda y vigorosa. Es el puente perfecto para la exploración en pareja o el deleite individual.<br /><br />Rendimiento Superior para Sesiones Inagotables<br />No dejes que nada interrumpa tu momento. OBI™ destaca por una autonomía excepcional en el mercado:<br /><br />Batería de larga duración: Con solo 2 horas de carga, obtendrás hasta 3 horas de placer ininterrumpido.<br /><br />Potencia constante: Su motor de última generación mantiene la intensidad desde el primer minuto hasta el último.<br /><br />10 Funciones de Vibración: Desde suaves ondas sugerentes hasta ritmos sísmicos para las metas más exigentes.<br /><br />Diseñado para Acompañarte Siempre<br />Ya sea en la calidez de tu cama, en un baño relajante (gracias a su certificación IPX7 sumergible) o en tu próxima escapada, OBI™ es el compañero ideal. Incluye una función de bloqueo de viaje, asegurando que el juguete permanezca apagado y discreto dentro de tu equipaje, dándote total tranquilidad estés donde estés.<br /><br />Características Principales:<br />Silicona Premium: Fabricado en silicona hipoalergénica de tacto ultra sedoso, respetuosa con la piel y fácil de mantener.<br /><br />Estimulación Multizona: Diseño ergonómico para clítoris, labios y perineo.<br /><br />Silencio Absoluto: Potente pero extremadamente discreto, diseñado para la máxima privacidad.<br /><br />Resistencia al Agua: Totalmente sumergible (IPX7), perfecto para jugar bajo el agua.<br /><br />Carga Inteligente: Recargable mediante USB con indicador LED de estado de batería.<br /><br />Seguridad: Función de bloqueo para transporte seguro.<br /><br />Especificaciones Técnicas:<br />- Tiempo de carga: 2 horas para carga completa.<br />- Autonomía: Hasta 180 minutos de uso.<br />- Modos: 10 patrones de vibración.<br />- Interfaz: Panel de control intuitivo y fácil de usar.<br /><br />Sugerencia de uso: Combina OBI™ con un lubricante de base acuosa para potenciar la suavidad de su silicona y maximizar la transmisión de las vibraciones a tu piel.</p>",SHUNGA,cosmetica intima,FALSE,draft,SH1024,697309901024,Title,Default Title,54.90,TRUE,shopify,1,DENY,114,g,TRUE,manual,https://backoffice.saintsual.com/21828-superlarge_default_2x/shunga-vibrador-masajeador-obi-usb-rosa.jpg,1,SHUNGA VIBRADOR MASAJEADOR OBI USB ROSA,FALSE
,shunga-vibrador-masajeador-obi-usb-rosa,,,,,,,,,,,,,,,,,,,https://backoffice.saintsual.com/21829-superlarge_default_2x/shunga-vibrador-masajeador-obi-usb-rosa.jpg,2,SHUNGA VIBRADOR MASAJEADOR OBI USB ROSA,
,shunga-vibrador-masajeador-obi-usb-rosa,,,,,,,,,,,,,,,,,,,https://backoffice.saintsual.com/21831-superlarge_default_2x/shunga-vibrador-masajeador-obi-usb-rosa.jpg,3,SHUNGA VIBRADOR MASAJEADOR OBI USB ROSA,
,shunga-vibrador-masajeador-obi-usb-rosa,,,,,,,,,,,,,,,,,,,https://backoffice.saintsual.com/21833-superlarge_default_2x/shunga-vibrador-masajeador-obi-usb-rosa.jpg,4,SHUNGA VIBRADOR MASAJEADOR OBI USB ROSA,
,shunga-vibrador-masajeador-obi-usb-rosa,,,,,,,,,,,,,,,,,,,https://backoffice.saintsual.com/21830-superlarge_default_2x/shunga-vibrador-masajeador-obi-usb-rosa.jpg,5,SHUNGA VIBRADOR MASAJEADOR OBI USB ROSA,
,shunga-vibrador-masajeador-obi-usb-rosa,,,,,,,,,,,,,,,,,,,https://backoffice.saintsual.com/21832-superlarge_default_2x/shunga-vibrador-masajeador-obi-usb-rosa.jpg,6,SHUNGA VIBRADOR MASAJEADOR OBI USB ROSA,
,shunga-vibrador-masajeador-obi-usb-rosa,,,,,,,,,,,,,,,,,,,https://backoffice.saintsual.com/22079-superlarge_default_2x/shunga-vibrador-masajeador-obi-usb-rosa.jpg,7,SHUNGA VIBRADOR MASAJEADOR OBI USB ROSA,
SHUNGA VIBRADOR MASAJEADOR OBI USB LILA,shunga-vibrador-masajeador-obi-usb-lila,"<p>OBI™: La Cumbre de la Elegancia y el Placer Clitoridiano<br />Donde el diseño de alta gama se encuentra con la potencia más pura, nace OBI™. Este masajeador no es solo un accesorio de placer, es una pieza de ingeniería ergonómica diseñada para la mujer que sabe lo que quiere y no está dispuesta a renunciar ni a la estética ni a la intensidad.<br /><br />OBI™ ha sido creado para ofrecer una cobertura total. A diferencia de los vibradores convencionales, su forma única permite estimular de manera simultánea el clítoris, los labios y el perineo, creando una onda expansiva de placer que recorre toda la zona íntima. Su diseño abraza tu anatomía, brindándote un abanico de sensaciones que te transportarán directamente al éxtasis.<br /><br />Un Placer sin Género ni Límites<br />Aunque OBI™ es el aliado perfecto para los orgasmos clitoridianos más intensos, su versatilidad lo convierte en un juguete ideal para compartir. Su potente motor externo permite que el hombre explore nuevas fronteras de placer, utilizándolo para estimular zonas erógenas externas con una vibración profunda y vigorosa. Es el puente perfecto para la exploración en pareja o el deleite individual.<br /><br />Rendimiento Superior para Sesiones Inagotables<br />No dejes que nada interrumpa tu momento. OBI™ destaca por una autonomía excepcional en el mercado:<br /><br />Batería de larga duración: Con solo 2 horas de carga, obtendrás hasta 3 horas de placer ininterrumpido.<br /><br />Potencia constante: Su motor de última generación mantiene la intensidad desde el primer minuto hasta el último.<br /><br />10 Funciones de Vibración: Desde suaves ondas sugerentes hasta ritmos sísmicos para las metas más exigentes.<br /><br />Diseñado para Acompañarte Siempre<br />Ya sea en la calidez de tu cama, en un baño relajante (gracias a su certificación IPX7 sumergible) o en tu próxima escapada, OBI™ es el compañero ideal. Incluye una función de bloqueo de viaje, asegurando que el juguete permanezca apagado y discreto dentro de tu equipaje, dándote total tranquilidad estés donde estés.<br /><br />Características Principales:<br />Silicona Premium: Fabricado en silicona hipoalergénica de tacto ultra sedoso, respetuosa con la piel y fácil de mantener.<br /><br />Estimulación Multizona: Diseño ergonómico para clítoris, labios y perineo.<br /><br />Silencio Absoluto: Potente pero extremadamente discreto, diseñado para la máxima privacidad.<br /><br />Resistencia al Agua: Totalmente sumergible (IPX7), perfecto para jugar bajo el agua.<br /><br />Carga Inteligente: Recargable mediante USB con indicador LED de estado de batería.<br /><br />Seguridad: Función de bloqueo para transporte seguro.<br /><br />Especificaciones Técnicas:<br />- Tiempo de carga: 2 horas para carga completa.<br />- Autonomía: Hasta 180 minutos de uso.<br />- Modos: 10 patrones de vibración.<br />- Interfaz: Panel de control intuitivo y fácil de usar.<br /><br />Sugerencia de uso: Combina OBI™ con un lubricante de base acuosa para potenciar la suavidad de su silicona y maximizar la transmisión de las vibraciones a tu piel.</p>",SHUNGA,cosmetica intima,FALSE,draft,SH1031,697309901031,Title,Default Title,54.90,TRUE,shopify,4,DENY,114,g,TRUE,manual,https://backoffice.saintsual.com/21835-superlarge_default_2x/shunga-vibrador-masajeador-obi-usb-lila.jpg,1,SHUNGA VIBRADOR MASAJEADOR OBI USB LILA,FALSE
,shunga-vibrador-masajeador-obi-usb-lila,,,,,,,,,,,,,,,,,,,https://backoffice.saintsual.com/21837-superlarge_default_2x/shunga-vibrador-masajeador-obi-usb-lila.jpg,2,SHUNGA VIBRADOR MASAJEADOR OBI USB LILA,
,shunga-vibrador-masajeador-obi-usb-lila,,,,,,,,,,,,,,,,,,,https://backoffice.saintsual.com/21836-superlarge_default_2x/shunga-vibrador-masajeador-obi-usb-lila.jpg,3,SHUNGA VIBRADOR MASAJEADOR OBI USB LILA,
,shunga-vibrador-masajeador-obi-usb-lila,,,,,,,,,,,,,,,,,,,https://backoffice.saintsual.com/21843-superlarge_default_2x/shunga-vibrador-masajeador-obi-usb-lila.jpg,4,SHUNGA VIBRADOR MASAJEADOR OBI USB LILA,
,shunga-vibrador-masajeador-obi-usb-lila,,,,,,,,,,,,,,,,,,,https://backoffice.saintsual.com/21840-superlarge_default_2x/shunga-vibrador-masajeador-obi-usb-lila.jpg,5,SHUNGA VIBRADOR MASAJEADOR OBI USB LILA,
,shunga-vibrador-masajeador-obi-usb-lila,,,,,,,,,,,,,,,,,,,https://backoffice.saintsual.com/21839-superlarge_default_2x/shunga-vibrador-masajeador-obi-usb-lila.jpg,6,SHUNGA VIBRADOR MASAJEADOR OBI USB LILA,
,shunga-vibrador-masajeador-obi-usb-lila,,,,,,,,,,,,,,,,,,,https://backoffice.saintsual.com/22083-superlarge_default_2x/shunga-vibrador-masajeador-obi-usb-lila.jpg,7,SHUNGA VIBRADOR MASAJEADOR OBI USB LILA,
SHUNGA VIBRADOR MASAJEADOR SANYA USB NEGRO,shunga-vibrador-masajeador-sanya-usb-negro,"<p>Sanya: La Versatilidad Hecha Placer<br />Déjate seducir por Sanya, un vibrador diseñado para quienes buscan potencia, elegancia y, sobre todo, polivalencia. Sanya no es solo un juguete; es una herramienta de exploración sensorial que se adapta perfectamente tanto a la estimulación vaginal interna como al placer clitoridiano externo.<br /><br />Con unos acabados extremadamente cuidados y una estética minimalista, Sanya ha sido creado para ofrecer una experiencia inolvidable. Su cuerpo ergonómico se desliza suavemente, permitiéndote descubrir nuevas zonas erógenas con una facilidad asombrosa.<br /><br />Un Aliado para el Placer Individual y en Pareja<br />Lo que hace que Sanya destaque es su increíble fuerza. Aunque es un favorito para el uso femenino, su diseño de alto rendimiento permite que el hombre también disfrute de su potencia, utilizándolo para estimular zonas externas del cuerpo o para añadir una vibración extra durante los juegos preliminares. Sanya rompe las barreras del placer convencional, convirtiéndose en el complemento ideal para cualquier persona que desee elevar su temperatura.<br /><br />Tecnología y Suavidad en un solo Dispositivo<br />Sanya está revestido con silicona hipoalergénica de grado médico, lo que garantiza un tacto aterciopelado y una seguridad total para tu piel. En su interior, un motor de última generación trabaja para ofrecerte:<br /><br />10 Modos de Vibración: Desde pulsaciones rítmicas hasta una potencia continua y profunda. Encuentra el ritmo exacto que tu cuerpo pide en cada momento.<br /><br />Silencio y Discreción: A pesar de su gran fuerza, el motor está diseñado para ser ultra silencioso, permitiéndote disfrutar de tu intimidad sin distracciones.<br /><br />Aventura Bajo el Agua: Gracias a su certificación IPX7, Sanya es totalmente sumergible. Es el compañero perfecto para transformar una ducha rápida en una experiencia de spa erótico.<br /><br />Características Principales:<br />- Tacto de Seda: Silicona hipoalergénica de máxima calidad, extremadamente suave y segura.<br />- Potencia sin Límites: Motor de alto rendimiento con vibraciones profundas que se sienten en todo el cuerpo.<br />- Control Total: 10 funciones de vibración fácilmente intercambiables con un solo botón.<br />- Siempre Listo: Recargable mediante USB, para que te olvides de las pilas. Incluye un discreto indicador de carga.<br />- Resistente al Agua: Totalmente sumergible (Grado IPX7).<br /><br />Especificaciones Técnicas:<br />- Material: Silicona médica y ABS (libre de ftalatos).<br />- Modos: 10 patrones de vibración.<br />- Carga: Cable USB incluido.<br />- Limpieza: Muy fácil de lavar con agua y jabón neutro.<br /><br />Para disfrutar de Sanya al máximo y mantener su silicona en perfectas condiciones, recomendamos el uso de lubricantes de base agua. Evita los lubricantes de silicona para prolongar la vida útil de tu juguete.</p>",SHUNGA,cosmetica intima,FALSE,draft,SH3042,697309903042,Title,Default Title,74.90,TRUE,shopify,2,DENY,250,g,TRUE,manual,https://backoffice.saintsual.com/21863-superlarge_default_2x/shunga-vibrador-masajeador-sanya-usb-negro.jpg,1,SHUNGA VIBRADOR MASAJEADOR SANYA USB NEGRO,FALSE
,shunga-vibrador-masajeador-sanya-usb-negro,,,,,,,,,,,,,,,,,,,https://backoffice.saintsual.com/21861-superlarge_default_2x/shunga-vibrador-masajeador-sanya-usb-negro.jpg,2,SHUNGA VIBRADOR MASAJEADOR SANYA USB NEGRO,
,shunga-vibrador-masajeador-sanya-usb-negro,,,,,,,,,,,,,,,,,,,https://backoffice.saintsual.com/21868-superlarge_default_2x/shunga-vibrador-masajeador-sanya-usb-negro.jpg,3,SHUNGA VIBRADOR MASAJEADOR SANYA USB NEGRO,
,shunga-vibrador-masajeador-sanya-usb-negro,,,,,,,,,,,,,,,,,,,https://backoffice.saintsual.com/21865-superlarge_default_2x/shunga-vibrador-masajeador-sanya-usb-negro.jpg,4,SHUNGA VIBRADOR MASAJEADOR SANYA USB NEGRO,
,shunga-vibrador-masajeador-sanya-usb-negro,,,,,,,,,,,,,,,,,,,https://backoffice.saintsual.com/21866-superlarge_default_2x/shunga-vibrador-masajeador-sanya-usb-negro.jpg,5,SHUNGA VIBRADOR MASAJEADOR SANYA USB NEGRO,
,shunga-vibrador-masajeador-sanya-usb-negro,,,,,,,,,,,,,,,,,,,https://backoffice.saintsual.com/22082-superlarge_default_2x/shunga-vibrador-masajeador-sanya-usb-negro.jpg,6,SHUNGA VIBRADOR MASAJEADOR SANYA USB NEGRO,
SHUNGA VIBRADOR MASAJEADOR SANYA USB ROSA,shunga-vibrador-masajeador-sanya-usb-rosa,"<p>Sanya: La Versatilidad Hecha Placer<br />Déjate seducir por Sanya, un vibrador diseñado para quienes buscan potencia, elegancia y, sobre todo, polivalencia. Sanya no es solo un juguete; es una herramienta de exploración sensorial que se adapta perfectamente tanto a la estimulación vaginal interna como al placer clitoridiano externo.<br /><br />Con unos acabados extremadamente cuidados y una estética minimalista, Sanya ha sido creado para ofrecer una experiencia inolvidable. Su cuerpo ergonómico se desliza suavemente, permitiéndote descubrir nuevas zonas erógenas con una facilidad asombrosa.<br /><br />Un Aliado para el Placer Individual y en Pareja<br />Lo que hace que Sanya destaque es su increíble fuerza. Aunque es un favorito para el uso femenino, su diseño de alto rendimiento permite que el hombre también disfrute de su potencia, utilizándolo para estimular zonas externas del cuerpo o para añadir una vibración extra durante los juegos preliminares. Sanya rompe las barreras del placer convencional, convirtiéndose en el complemento ideal para cualquier persona que desee elevar su temperatura.<br /><br />Tecnología y Suavidad en un solo Dispositivo<br />Sanya está revestido con silicona hipoalergénica de grado médico, lo que garantiza un tacto aterciopelado y una seguridad total para tu piel. En su interior, un motor de última generación trabaja para ofrecerte:<br /><br />10 Modos de Vibración: Desde pulsaciones rítmicas hasta una potencia continua y profunda. Encuentra el ritmo exacto que tu cuerpo pide en cada momento.<br /><br />Silencio y Discreción: A pesar de su gran fuerza, el motor está diseñado para ser ultra silencioso, permitiéndote disfrutar de tu intimidad sin distracciones.<br /><br />Aventura Bajo el Agua: Gracias a su certificación IPX7, Sanya es totalmente sumergible. Es el compañero perfecto para transformar una ducha rápida en una experiencia de spa erótico.<br /><br />Características Principales:<br />- Tacto de Seda: Silicona hipoalergénica de máxima calidad, extremadamente suave y segura.<br />- Potencia sin Límites: Motor de alto rendimiento con vibraciones profundas que se sienten en todo el cuerpo.<br />- Control Total: 10 funciones de vibración fácilmente intercambiables con un solo botón.<br />- Siempre Listo: Recargable mediante USB, para que te olvides de las pilas. Incluye un discreto indicador de carga.<br />- Resistente al Agua: Totalmente sumergible (Grado IPX7).<br /><br />Especificaciones Técnicas:<br />- Material: Silicona médica y ABS (libre de ftalatos).<br />- Modos: 10 patrones de vibración.<br />- Carga: Cable USB incluido.<br />- Limpieza: Muy fácil de lavar con agua y jabón neutro.<br /><br />Para disfrutar de Sanya al máximo y mantener su silicona en perfectas condiciones, recomendamos el uso de lubricantes de base agua. Evita los lubricantes de silicona para prolongar la vida útil de tu juguete.</p>",SHUNGA,cosmetica intima,FALSE,draft,SH3028,697309903028,Title,Default Title,74.90,TRUE,shopify,9,DENY,250,g,TRUE,manual,https://backoffice.saintsual.com/21860-superlarge_default_2x/shunga-vibrador-masajeador-sanya-usb-rosa.jpg,1,SHUNGA VIBRADOR MASAJEADOR SANYA USB ROSA,FALSE
,shunga-vibrador-masajeador-sanya-usb-rosa,,,,,,,,,,,,,,,,,,,https://backoffice.saintsual.com/21867-superlarge_default_2x/shunga-vibrador-masajeador-sanya-usb-rosa.jpg,2,SHUNGA VIBRADOR MASAJEADOR SANYA USB ROSA,
,shunga-vibrador-masajeador-sanya-usb-rosa,,,,,,,,,,,,,,,,,,,https://backoffice.saintsual.com/21859-superlarge_default_2x/shunga-vibrador-masajeador-sanya-usb-rosa.jpg,3,SHUNGA VIBRADOR MASAJEADOR SANYA USB ROSA,
,shunga-vibrador-masajeador-sanya-usb-rosa,,,,,,,,,,,,,,,,,,,https://backoffice.saintsual.com/21864-superlarge_default_2x/shunga-vibrador-masajeador-sanya-usb-rosa.jpg,4,SHUNGA VIBRADOR MASAJEADOR SANYA USB ROSA,
,shunga-vibrador-masajeador-sanya-usb-rosa,,,,,,,,,,,,,,,,,,,https://backoffice.saintsual.com/21862-superlarge_default_2x/shunga-vibrador-masajeador-sanya-usb-rosa.jpg,5,SHUNGA VIBRADOR MASAJEADOR SANYA USB ROSA,
,shunga-vibrador-masajeador-sanya-usb-rosa,,,,,,,,,,,,,,,,,,,https://backoffice.saintsual.com/22077-superlarge_default_2x/shunga-vibrador-masajeador-sanya-usb-rosa.jpg,6,SHUNGA VIBRADOR MASAJEADOR SANYA USB ROSA,
SHUNGA VIBRADOR MASAJEADOR SANYA USB FRAMBUESA,shunga-vibrador-masajeador-sanya-usb-frambuesa,"<p>Sanya: La Versatilidad Hecha Placer<br />Déjate seducir por Sanya, un vibrador diseñado para quienes buscan potencia, elegancia y, sobre todo, polivalencia. Sanya no es solo un juguete; es una herramienta de exploración sensorial que se adapta perfectamente tanto a la estimulación vaginal interna como al placer clitoridiano externo.<br /><br />Con unos acabados extremadamente cuidados y una estética minimalista, Sanya ha sido creado para ofrecer una experiencia inolvidable. Su cuerpo ergonómico se desliza suavemente, permitiéndote descubrir nuevas zonas erógenas con una facilidad asombrosa.<br /><br />Un Aliado para el Placer Individual y en Pareja<br />Lo que hace que Sanya destaque es su increíble fuerza. Aunque es un favorito para el uso femenino, su diseño de alto rendimiento permite que el hombre también disfrute de su potencia, utilizándolo para estimular zonas externas del cuerpo o para añadir una vibración extra durante los juegos preliminares. Sanya rompe las barreras del placer convencional, convirtiéndose en el complemento ideal para cualquier persona que desee elevar su temperatura.<br /><br />Tecnología y Suavidad en un solo Dispositivo<br />Sanya está revestido con silicona hipoalergénica de grado médico, lo que garantiza un tacto aterciopelado y una seguridad total para tu piel. En su interior, un motor de última generación trabaja para ofrecerte:<br /><br />10 Modos de Vibración: Desde pulsaciones rítmicas hasta una potencia continua y profunda. Encuentra el ritmo exacto que tu cuerpo pide en cada momento.<br /><br />Silencio y Discreción: A pesar de su gran fuerza, el motor está diseñado para ser ultra silencioso, permitiéndote disfrutar de tu intimidad sin distracciones.<br /><br />Aventura Bajo el Agua: Gracias a su certificación IPX7, Sanya es totalmente sumergible. Es el compañero perfecto para transformar una ducha rápida en una experiencia de spa erótico.<br /><br />Características Principales:<br />- Tacto de Seda: Silicona hipoalergénica de máxima calidad, extremadamente suave y segura.<br />- Potencia sin Límites: Motor de alto rendimiento con vibraciones profundas que se sienten en todo el cuerpo.<br />- Control Total: 10 funciones de vibración fácilmente intercambiables con un solo botón.<br />- Siempre Listo: Recargable mediante USB, para que te olvides de las pilas. Incluye un discreto indicador de carga.<br />- Resistente al Agua: Totalmente sumergible (Grado IPX7).<br /><br />Especificaciones Técnicas:<br />- Material: Silicona médica y ABS (libre de ftalatos).<br />- Modos: 10 patrones de vibración.<br />- Carga: Cable USB incluido.<br />- Limpieza: Muy fácil de lavar con agua y jabón neutro.<br /><br />Para disfrutar de Sanya al máximo y mantener su silicona en perfectas condiciones, recomendamos el uso de lubricantes de base agua. Evita los lubricantes de silicona para prolongar la vida útil de tu juguete.</p>",SHUNGA,cosmetica intima,FALSE,draft,SH3011,697309903011,Title,Default Title,74.90,TRUE,shopify,1,DENY,250,g,TRUE,manual,https://backoffice.saintsual.com/21870-superlarge_default_2x/shunga-vibrador-masajeador-sanya-usb-frambuesa.jpg,1,SHUNGA VIBRADOR MASAJEADOR SANYA USB FRAMBUESA,FALSE
,shunga-vibrador-masajeador-sanya-usb-frambuesa,,,,,,,,,,,,,,,,,,,https://backoffice.saintsual.com/21869-superlarge_default_2x/shunga-vibrador-masajeador-sanya-usb-frambuesa.jpg,2,SHUNGA VIBRADOR MASAJEADOR SANYA USB FRAMBUESA,
,shunga-vibrador-masajeador-sanya-usb-frambuesa,,,,,,,,,,,,,,,,,,,https://backoffice.saintsual.com/21874-superlarge_default_2x/shunga-vibrador-masajeador-sanya-usb-frambuesa.jpg,3,SHUNGA VIBRADOR MASAJEADOR SANYA USB FRAMBUESA,
,shunga-vibrador-masajeador-sanya-usb-frambuesa,,,,,,,,,,,,,,,,,,,https://backoffice.saintsual.com/21871-superlarge_default_2x/shunga-vibrador-masajeador-sanya-usb-frambuesa.jpg,4,SHUNGA VIBRADOR MASAJEADOR SANYA USB FRAMBUESA,
,shunga-vibrador-masajeador-sanya-usb-frambuesa,,,,,,,,,,,,,,,,,,,https://backoffice.saintsual.com/21872-superlarge_default_2x/shunga-vibrador-masajeador-sanya-usb-frambuesa.jpg,5,SHUNGA VIBRADOR MASAJEADOR SANYA USB FRAMBUESA,
,shunga-vibrador-masajeador-sanya-usb-frambuesa,,,,,,,,,,,,,,,,,,,https://backoffice.saintsual.com/21873-superlarge_default_2x/shunga-vibrador-masajeador-sanya-usb-frambuesa.jpg,6,SHUNGA VIBRADOR MASAJEADOR SANYA USB FRAMBUESA,
,shunga-vibrador-masajeador-sanya-usb-frambuesa,,,,,,,,,,,,,,,,,,,https://backoffice.saintsual.com/22081-superlarge_default_2x/shunga-vibrador-masajeador-sanya-usb-frambuesa.jpg,7,SHUNGA VIBRADOR MASAJEADOR SANYA USB FRAMBUESA,
SHUNGA VIBRADOR MASAJEADOR SANYA USB LILA,shunga-vibrador-masajeador-sanya-usb-lila,"<p>Sanya: La Versatilidad Hecha Placer<br />Déjate seducir por Sanya, un vibrador diseñado para quienes buscan potencia, elegancia y, sobre todo, polivalencia. Sanya no es solo un juguete; es una herramienta de exploración sensorial que se adapta perfectamente tanto a la estimulación vaginal interna como al placer clitoridiano externo.<br /><br />Con unos acabados extremadamente cuidados y una estética minimalista, Sanya ha sido creado para ofrecer una experiencia inolvidable. Su cuerpo ergonómico se desliza suavemente, permitiéndote descubrir nuevas zonas erógenas con una facilidad asombrosa.<br /><br />Un Aliado para el Placer Individual y en Pareja<br />Lo que hace que Sanya destaque es su increíble fuerza. Aunque es un favorito para el uso femenino, su diseño de alto rendimiento permite que el hombre también disfrute de su potencia, utilizándolo para estimular zonas externas del cuerpo o para añadir una vibración extra durante los juegos preliminares. Sanya rompe las barreras del placer convencional, convirtiéndose en el complemento ideal para cualquier persona que desee elevar su temperatura.<br /><br />Tecnología y Suavidad en un solo Dispositivo<br />Sanya está revestido con silicona hipoalergénica de grado médico, lo que garantiza un tacto aterciopelado y una seguridad total para tu piel. En su interior, un motor de última generación trabaja para ofrecerte:<br /><br />10 Modos de Vibración: Desde pulsaciones rítmicas hasta una potencia continua y profunda. Encuentra el ritmo exacto que tu cuerpo pide en cada momento.<br /><br />Silencio y Discreción: A pesar de su gran fuerza, el motor está diseñado para ser ultra silencioso, permitiéndote disfrutar de tu intimidad sin distracciones.<br /><br />Aventura Bajo el Agua: Gracias a su certificación IPX7, Sanya es totalmente sumergible. Es el compañero perfecto para transformar una ducha rápida en una experiencia de spa erótico.<br /><br />Características Principales:<br />- Tacto de Seda: Silicona hipoalergénica de máxima calidad, extremadamente suave y segura.<br />- Potencia sin Límites: Motor de alto rendimiento con vibraciones profundas que se sienten en todo el cuerpo.<br />- Control Total: 10 funciones de vibración fácilmente intercambiables con un solo botón.<br />- Siempre Listo: Recargable mediante USB, para que te olvides de las pilas. Incluye un discreto indicador de carga.<br />- Resistente al Agua: Totalmente sumergible (Grado IPX7).<br /><br />Especificaciones Técnicas:<br />- Material: Silicona médica y ABS (libre de ftalatos).<br />- Modos: 10 patrones de vibración.<br />- Carga: Cable USB incluido.<br />- Limpieza: Muy fácil de lavar con agua y jabón neutro.<br /><br />Para disfrutar de Sanya al máximo y mantener su silicona en perfectas condiciones, recomendamos el uso de lubricantes de base agua. Evita los lubricantes de silicona para prolongar la vida útil de tu juguete.</p>",SHUNGA,cosmetica intima,FALSE,draft,SH3035,697309903035,Title,Default Title,74.90,TRUE,shopify,5,DENY,250,g,TRUE,manual,https://backoffice.saintsual.com/21854-superlarge_default_2x/shunga-vibrador-masajeador-sanya-usb-lila.jpg,1,SHUNGA VIBRADOR MASAJEADOR SANYA USB LILA,FALSE
,shunga-vibrador-masajeador-sanya-usb-lila,,,,,,,,,,,,,,,,,,,https://backoffice.saintsual.com/21853-superlarge_default_2x/shunga-vibrador-masajeador-sanya-usb-lila.jpg,2,SHUNGA VIBRADOR MASAJEADOR SANYA USB LILA,
,shunga-vibrador-masajeador-sanya-usb-lila,,,,,,,,,,,,,,,,,,,https://backoffice.saintsual.com/21858-superlarge_default_2x/shunga-vibrador-masajeador-sanya-usb-lila.jpg,3,SHUNGA VIBRADOR MASAJEADOR SANYA USB LILA,
,shunga-vibrador-masajeador-sanya-usb-lila,,,,,,,,,,,,,,,,,,,https://backoffice.saintsual.com/21856-superlarge_default_2x/shunga-vibrador-masajeador-sanya-usb-lila.jpg,4,SHUNGA VIBRADOR MASAJEADOR SANYA USB LILA,
,shunga-vibrador-masajeador-sanya-usb-lila,,,,,,,,,,,,,,,,,,,https://backoffice.saintsual.com/21855-superlarge_default_2x/shunga-vibrador-masajeador-sanya-usb-lila.jpg,5,SHUNGA VIBRADOR MASAJEADOR SANYA USB LILA,
,shunga-vibrador-masajeador-sanya-usb-lila,,,,,,,,,,,,,,,,,,,https://backoffice.saintsual.com/21857-superlarge_default_2x/shunga-vibrador-masajeador-sanya-usb-lila.jpg,6,SHUNGA VIBRADOR MASAJEADOR SANYA USB LILA,
,shunga-vibrador-masajeador-sanya-usb-lila,,,,,,,,,,,,,,,,,,,https://backoffice.saintsual.com/22078-superlarge_default_2x/shunga-vibrador-masajeador-sanya-usb-lila.jpg,7,SHUNGA VIBRADOR MASAJEADOR SANYA USB LILA,
SHUNGA VIBRADOR MASAJEADOR AIKO USB NEGRO,shunga-vibrador-masajeador-aiko-usb-negro,"<p>Aiko: Doble Potencia para una Experiencia Sensorial Incomparable<br />Descubre una nueva dimensión del placer con Aiko, el masajeador de doble motor diseñado para quienes no se conforman con lo convencional. Este vibrador no es solo un juguete, es una invitación a explorar sensaciones exquisitas a través de un diseño elegante y una tecnología de vibración de vanguardia.<br /><br />Aiko destaca por sus acabados cuidados y una textura que redefine la suavidad. Gracias a su configuración de dos extremos sedosos, este dispositivo te permite experimentar con diferentes ángulos y puntos de presión, asegurando que cada encuentro sea único e inolvidable.<br /><br />¿Por qué elegir el Masajeador Aiko?<br />Lo que hace que Aiko sea especial es la armonía entre su fuerza bruta y su tacto delicado. Sus dos potentes motores están estratégicamente ubicados para transmitir vibraciones profundas y envolventes, permitiéndote disfrutar de un placer externo intenso que puedes modular a tu antojo.<br /><br />Doble Estimulación: Sus dos motores independientes trabajan en conjunto para ofrecer una potencia superior que llega donde otros no alcanzan.<br /><br />Textura de Seda: Fabricado íntegramente en silicona hipoalergénica de alta calidad, Aiko es extremadamente suave al tacto, respetuoso con tu cuerpo y muy fácil de limpiar.<br /><br />Versatilidad Total: Con sus 10 funciones de vibración, puedes pasar de una caricia suave a una pulsación intensa con solo pulsar un botón.<br /><br />Libertad bajo el agua: Su certificación IPX7 lo hace totalmente sumergible, ideal para convertir un baño relajante en una sesión de placer inolvidable.<br /><br />Discreción y Rendimiento<br />Aiko ha sido diseñado pensando en tu comodidad. Es un dispositivo discreto y silencioso, permitiéndote disfrutar de tu intimidad sin preocupaciones. Además, te olvidarás de las pilas para siempre: su batería recargable mediante cable USB garantiza que siempre esté listo para la acción, incluyendo un práctico indicador de carga para que nunca te quedes a medias.<br /><br />Especificaciones Técnicas:<br />- Material: Silicona hipoalergénica premium (libre de ftalatos).<br />- Motores: 2 motores de alto rendimiento.<br />- Modos: 10 patrones de vibración distintos.<br />- Resistencia al agua: Sumergible (Grado IPX7).<br />- Carga: Recargable mediante USB (cable incluido).<br />- Extras: Funcionamiento silencioso e indicador LED de batería.<br /><br />Consejo de uso: Para una experiencia aún más placentera y para cuidar la silicona de tu Aiko, recomendamos utilizar siempre lubricantes de base acuosa.<br /><br /></p>",SHUNGA,cosmetica intima,FALSE,draft,SH2045,697309902045,Title,Default Title,59.90,TRUE,shopify,8,DENY,143,g,TRUE,manual,https://backoffice.saintsual.com/21889-superlarge_default_2x/shunga-vibrador-masajeador-aiko-usb-negro.jpg,1,SHUNGA VIBRADOR MASAJEADOR AIKO USB NEGRO,FALSE
,shunga-vibrador-masajeador-aiko-usb-negro,,,,,,,,,,,,,,,,,,,https://backoffice.saintsual.com/21891-superlarge_default_2x/shunga-vibrador-masajeador-aiko-usb-negro.jpg,2,SHUNGA VIBRADOR MASAJEADOR AIKO USB NEGRO,
,shunga-vibrador-masajeador-aiko-usb-negro,,,,,,,,,,,,,,,,,,,https://backoffice.saintsual.com/21890-superlarge_default_2x/shunga-vibrador-masajeador-aiko-usb-negro.jpg,3,SHUNGA VIBRADOR MASAJEADOR AIKO USB NEGRO,
,shunga-vibrador-masajeador-aiko-usb-negro,,,,,,,,,,,,,,,,,,,https://backoffice.saintsual.com/21894-superlarge_default_2x/shunga-vibrador-masajeador-aiko-usb-negro.jpg,4,SHUNGA VIBRADOR MASAJEADOR AIKO USB NEGRO,
,shunga-vibrador-masajeador-aiko-usb-negro,,,,,,,,,,,,,,,,,,,https://backoffice.saintsual.com/21893-superlarge_default_2x/shunga-vibrador-masajeador-aiko-usb-negro.jpg,5,SHUNGA VIBRADOR MASAJEADOR AIKO USB NEGRO,
,shunga-vibrador-masajeador-aiko-usb-negro,,,,,,,,,,,,,,,,,,,https://backoffice.saintsual.com/21892-superlarge_default_2x/shunga-vibrador-masajeador-aiko-usb-negro.jpg,6,SHUNGA VIBRADOR MASAJEADOR AIKO USB NEGRO,
,shunga-vibrador-masajeador-aiko-usb-negro,,,,,,,,,,,,,,,,,,,https://backoffice.saintsual.com/22072-superlarge_default_2x/shunga-vibrador-masajeador-aiko-usb-negro.jpg,7,SHUNGA VIBRADOR MASAJEADOR AIKO USB NEGRO,
SHUNGA VIBRADOR MASAJEADOR AIKO USB ROSA,shunga-vibrador-masajeador-aiko-usb-rosa,"<p>Aiko: Doble Potencia para una Experiencia Sensorial Incomparable<br />Descubre una nueva dimensión del placer con Aiko, el masajeador de doble motor diseñado para quienes no se conforman con lo convencional. Este vibrador no es solo un juguete, es una invitación a explorar sensaciones exquisitas a través de un diseño elegante y una tecnología de vibración de vanguardia.<br /><br />Aiko destaca por sus acabados cuidados y una textura que redefine la suavidad. Gracias a su configuración de dos extremos sedosos, este dispositivo te permite experimentar con diferentes ángulos y puntos de presión, asegurando que cada encuentro sea único e inolvidable.<br /><br />¿Por qué elegir el Masajeador Aiko?<br />Lo que hace que Aiko sea especial es la armonía entre su fuerza bruta y su tacto delicado. Sus dos potentes motores están estratégicamente ubicados para transmitir vibraciones profundas y envolventes, permitiéndote disfrutar de un placer externo intenso que puedes modular a tu antojo.<br /><br />Doble Estimulación: Sus dos motores independientes trabajan en conjunto para ofrecer una potencia superior que llega donde otros no alcanzan.<br /><br />Textura de Seda: Fabricado íntegramente en silicona hipoalergénica de alta calidad, Aiko es extremadamente suave al tacto, respetuoso con tu cuerpo y muy fácil de limpiar.<br /><br />Versatilidad Total: Con sus 10 funciones de vibración, puedes pasar de una caricia suave a una pulsación intensa con solo pulsar un botón.<br /><br />Libertad bajo el agua: Su certificación IPX7 lo hace totalmente sumergible, ideal para convertir un baño relajante en una sesión de placer inolvidable.<br /><br />Discreción y Rendimiento<br />Aiko ha sido diseñado pensando en tu comodidad. Es un dispositivo discreto y silencioso, permitiéndote disfrutar de tu intimidad sin preocupaciones. Además, te olvidarás de las pilas para siempre: su batería recargable mediante cable USB garantiza que siempre esté listo para la acción, incluyendo un práctico indicador de carga para que nunca te quedes a medias.<br /><br />Especificaciones Técnicas:<br />- Material: Silicona hipoalergénica premium (libre de ftalatos).<br />- Motores: 2 motores de alto rendimiento.<br />- Modos: 10 patrones de vibración distintos.<br />- Resistencia al agua: Sumergible (Grado IPX7).<br />- Carga: Recargable mediante USB (cable incluido).<br />- Extras: Funcionamiento silencioso e indicador LED de batería.<br /><br />Consejo de uso: Para una experiencia aún más placentera y para cuidar la silicona de tu Aiko, recomendamos utilizar siempre lubricantes de base acuosa.</p>",SHUNGA,cosmetica intima,FALSE,draft,SH2021,697309902021,Title,Default Title,59.90,TRUE,shopify,3,DENY,143,g,TRUE,manual,https://backoffice.saintsual.com/21880-superlarge_default_2x/shunga-vibrador-masajeador-aiko-usb-rosa.jpg,1,SHUNGA VIBRADOR MASAJEADOR AIKO USB ROSA,FALSE
,shunga-vibrador-masajeador-aiko-usb-rosa,,,,,,,,,,,,,,,,,,,https://backoffice.saintsual.com/21878-superlarge_default_2x/shunga-vibrador-masajeador-aiko-usb-rosa.jpg,2,SHUNGA VIBRADOR MASAJEADOR AIKO USB ROSA,
,shunga-vibrador-masajeador-aiko-usb-rosa,,,,,,,,,,,,,,,,,,,https://backoffice.saintsual.com/21875-superlarge_default_2x/shunga-vibrador-masajeador-aiko-usb-rosa.jpg,3,SHUNGA VIBRADOR MASAJEADOR AIKO USB ROSA,
,shunga-vibrador-masajeador-aiko-usb-rosa,,,,,,,,,,,,,,,,,,,https://backoffice.saintsual.com/21876-superlarge_default_2x/shunga-vibrador-masajeador-aiko-usb-rosa.jpg,4,SHUNGA VIBRADOR MASAJEADOR AIKO USB ROSA,
,shunga-vibrador-masajeador-aiko-usb-rosa,,,,,,,,,,,,,,,,,,,https://backoffice.saintsual.com/21877-superlarge_default_2x/shunga-vibrador-masajeador-aiko-usb-rosa.jpg,5,SHUNGA VIBRADOR MASAJEADOR AIKO USB ROSA,
,shunga-vibrador-masajeador-aiko-usb-rosa,,,,,,,,,,,,,,,,,,,https://backoffice.saintsual.com/21879-superlarge_default_2x/shunga-vibrador-masajeador-aiko-usb-rosa.jpg,6,SHUNGA VIBRADOR MASAJEADOR AIKO USB ROSA,
,shunga-vibrador-masajeador-aiko-usb-rosa,,,,,,,,,,,,,,,,,,,https://backoffice.saintsual.com/21881-superlarge_default_2x/shunga-vibrador-masajeador-aiko-usb-rosa.jpg,7,SHUNGA VIBRADOR MASAJEADOR AIKO USB ROSA,
,shunga-vibrador-masajeador-aiko-usb-rosa,,,,,,,,,,,,,,,,,,,https://backoffice.saintsual.com/22073-superlarge_default_2x/shunga-vibrador-masajeador-aiko-usb-rosa.jpg,8,SHUNGA VIBRADOR MASAJEADOR AIKO USB ROSA,
SHUNGA VIBRADOR MASAJEADOR AIKO USB FRAMBUESA,shunga-vibrador-masajeador-aiko-usb-frambuesa,"<p>Aiko: Doble Potencia para una Experiencia Sensorial Incomparable<br />Descubre una nueva dimensión del placer con Aiko, el masajeador de doble motor diseñado para quienes no se conforman con lo convencional. Este vibrador no es solo un juguete, es una invitación a explorar sensaciones exquisitas a través de un diseño elegante y una tecnología de vibración de vanguardia.<br /><br />Aiko destaca por sus acabados cuidados y una textura que redefine la suavidad. Gracias a su configuración de dos extremos sedosos, este dispositivo te permite experimentar con diferentes ángulos y puntos de presión, asegurando que cada encuentro sea único e inolvidable.<br /><br />¿Por qué elegir el Masajeador Aiko?<br />Lo que hace que Aiko sea especial es la armonía entre su fuerza bruta y su tacto delicado. Sus dos potentes motores están estratégicamente ubicados para transmitir vibraciones profundas y envolventes, permitiéndote disfrutar de un placer externo intenso que puedes modular a tu antojo.<br /><br />Doble Estimulación: Sus dos motores independientes trabajan en conjunto para ofrecer una potencia superior que llega donde otros no alcanzan.<br /><br />Textura de Seda: Fabricado íntegramente en silicona hipoalergénica de alta calidad, Aiko es extremadamente suave al tacto, respetuoso con tu cuerpo y muy fácil de limpiar.<br /><br />Versatilidad Total: Con sus 10 funciones de vibración, puedes pasar de una caricia suave a una pulsación intensa con solo pulsar un botón.<br /><br />Libertad bajo el agua: Su certificación IPX7 lo hace totalmente sumergible, ideal para convertir un baño relajante en una sesión de placer inolvidable.<br /><br />Discreción y Rendimiento<br />Aiko ha sido diseñado pensando en tu comodidad. Es un dispositivo discreto y silencioso, permitiéndote disfrutar de tu intimidad sin preocupaciones. Además, te olvidarás de las pilas para siempre: su batería recargable mediante cable USB garantiza que siempre esté listo para la acción, incluyendo un práctico indicador de carga para que nunca te quedes a medias.<br /><br />Especificaciones Técnicas:<br />- Material: Silicona hipoalergénica premium (libre de ftalatos).<br />- Motores: 2 motores de alto rendimiento.<br />- Modos: 10 patrones de vibración distintos.<br />- Resistencia al agua: Sumergible (Grado IPX7).<br />- Carga: Recargable mediante USB (cable incluido).<br />- Extras: Funcionamiento silencioso e indicador LED de batería.<br /><br />Consejo de uso: Para una experiencia aún más placentera y para cuidar la silicona de tu Aiko, recomendamos utilizar siempre lubricantes de base acuosa.</p>",SHUNGA,cosmetica intima,FALSE,draft,SH2014,697309902014,Title,Default Title,59.90,TRUE,shopify,4,DENY,143,g,TRUE,manual,https://backoffice.saintsual.com/21882-superlarge_default_2x/shunga-vibrador-masajeador-aiko-usb-frambuesa.jpg,1,SHUNGA VIBRADOR MASAJEADOR AIKO USB FRAMBUESA,FALSE
,shunga-vibrador-masajeador-aiko-usb-frambuesa,,,,,,,,,,,,,,,,,,,https://backoffice.saintsual.com/21884-superlarge_default_2x/shunga-vibrador-masajeador-aiko-usb-frambuesa.jpg,2,SHUNGA VIBRADOR MASAJEADOR AIKO USB FRAMBUESA,
,shunga-vibrador-masajeador-aiko-usb-frambuesa,,,,,,,,,,,,,,,,,,,https://backoffice.saintsual.com/21883-superlarge_default_2x/shunga-vibrador-masajeador-aiko-usb-frambuesa.jpg,3,SHUNGA VIBRADOR MASAJEADOR AIKO USB FRAMBUESA,
,shunga-vibrador-masajeador-aiko-usb-frambuesa,,,,,,,,,,,,,,,,,,,https://backoffice.saintsual.com/21885-superlarge_default_2x/shunga-vibrador-masajeador-aiko-usb-frambuesa.jpg,4,SHUNGA VIBRADOR MASAJEADOR AIKO USB FRAMBUESA,
,shunga-vibrador-masajeador-aiko-usb-frambuesa,,,,,,,,,,,,,,,,,,,https://backoffice.saintsual.com/21888-superlarge_default_2x/shunga-vibrador-masajeador-aiko-usb-frambuesa.jpg,5,SHUNGA VIBRADOR MASAJEADOR AIKO USB FRAMBUESA,
,shunga-vibrador-masajeador-aiko-usb-frambuesa,,,,,,,,,,,,,,,,,,,https://backoffice.saintsual.com/21886-superlarge_default_2x/shunga-vibrador-masajeador-aiko-usb-frambuesa.jpg,6,SHUNGA VIBRADOR MASAJEADOR AIKO USB FRAMBUESA,
,shunga-vibrador-masajeador-aiko-usb-frambuesa,,,,,,,,,,,,,,,,,,,https://backoffice.saintsual.com/21887-superlarge_default_2x/shunga-vibrador-masajeador-aiko-usb-frambuesa.jpg,7,SHUNGA VIBRADOR MASAJEADOR AIKO USB FRAMBUESA,
,shunga-vibrador-masajeador-aiko-usb-frambuesa,,,,,,,,,,,,,,,,,,,https://backoffice.saintsual.com/22075-superlarge_default_2x/shunga-vibrador-masajeador-aiko-usb-frambuesa.jpg,8,SHUNGA VIBRADOR MASAJEADOR AIKO USB FRAMBUESA,
SHUNGA VIBRADOR MASAJEADOR SOYO USB ROSA,shunga-vibrador-masajeador-soyo-usb-rosa,"<p>Soyo: El Arte de la Estimulación Dual y el Punto G<br />Descubre el equilibrio perfecto entre forma y función con Soyo, un vibrador diseñado específicamente para la mujer que busca explorar su mapa del placer con precisión. Soyo no es un vibrador convencional; es una herramienta de alta gama cuya silueta curvada ha sido estudiada para alcanzar el punto G con una facilidad asombrosa, proporcionando una presión y vibración exactas donde más se siente.<br /><br />Pero Soyo va más allá. Su diseño inteligente no solo se centra en el interior; su base y cuerpo permiten un cosquilleo constante en la zona externa de la vagina, creando una experiencia de placer envolvente que combina lo mejor de la estimulación interna y externa simultáneamente.<br /><br />Diseño Curvado para sensaciones profundas<br />La clave de Soyo reside en su ergonomía. Su punta ligeramente inclinada busca el contacto directo con las zonas más sensibles, mientras que su silicona sedosa de grado médico asegura que cada movimiento sea una caricia de terciopelo. Al encender su potente motor, las vibraciones se transmiten de manera uniforme, permitiéndote sentir una fuerza profunda que resuena en todo tu cuerpo.<br /><br />¿Qué hace que Soyo sea irresistible?<br />Estimulación Focalizada: Ideal para encontrar y masajear el punto G gracias a su ángulo anatómico.<br /><br />Textura Premium: Fabricado en silicona hipoalergénica de tacto ultra suave, que se adapta rápidamente a la temperatura corporal.<br /><br />Variedad de Intensidades: Sus 10 funciones de vibración te permiten navegar desde un suave ronroneo hasta una potencia intensa, ideal para quienes buscan orgasmos explosivos.<br /><br />Silencio Cómplice: Su motor de alta tecnología es extremadamente silencioso, garantizando que tu placer sea solo para tus oídos.<br /><br />Preparado para cualquier escenario<br />Soyo ha sido diseñado para ser tu compañero inseparable. Gracias a su certificación IPX7, es totalmente sumergible, lo que lo convierte en el invitado perfecto para tus momentos de relax bajo el agua. Además, su sistema de carga mediante USB con indicador LED te ofrece la tranquilidad de saber que siempre tendrá la potencia necesaria para llevarte al clímax.<br /><br />Características Principales:<br />- Material: Silicona hipoalergénica de alta calidad y tacto sedoso.<br />- Potencia: 1 potente motor de alto rendimiento.<br />- Versatilidad: 10 modos de vibración y patrones rítmicos.<br />- Resistencia: Sumergible (IPX7), apto para ducha o bañera.<br />- Carga: Recargable por USB (cable incluido) con indicador de estado.<br />- Discreción: Diseño silencioso para una privacidad total.<br /><br />Especificaciones y Consejos de Uso:<br />- Higiene: Fácil de limpiar con agua tibia y jabón neutro o un limpiador de juguetes antibacteriano.<br />- Deslizamiento: Se recomienda encarecidamente el uso de lubricantes de base acuosa para maximizar la sensación de suavidad y proteger la integridad de la silicona.</p>",SHUNGA,cosmetica intima,FALSE,draft,SH4025,697309904025,Title,Default Title,79.90,TRUE,shopify,3,DENY,284,g,TRUE,manual,https://backoffice.saintsual.com/21895-superlarge_default_2x/shunga-vibrador-masajeador-soyo-usb-rosa.jpg,1,SHUNGA VIBRADOR MASAJEADOR SOYO USB ROSA,FALSE
,shunga-vibrador-masajeador-soyo-usb-rosa,,,,,,,,,,,,,,,,,,,https://backoffice.saintsual.com/21896-superlarge_default_2x/shunga-vibrador-masajeador-soyo-usb-rosa.jpg,2,SHUNGA VIBRADOR MASAJEADOR SOYO USB ROSA,
,shunga-vibrador-masajeador-soyo-usb-rosa,,,,,,,,,,,,,,,,,,,https://backoffice.saintsual.com/21897-superlarge_default_2x/shunga-vibrador-masajeador-soyo-usb-rosa.jpg,3,SHUNGA VIBRADOR MASAJEADOR SOYO USB ROSA,
,shunga-vibrador-masajeador-soyo-usb-rosa,,,,,,,,,,,,,,,,,,,https://backoffice.saintsual.com/21898-superlarge_default_2x/shunga-vibrador-masajeador-soyo-usb-rosa.jpg,4,SHUNGA VIBRADOR MASAJEADOR SOYO USB ROSA,
,shunga-vibrador-masajeador-soyo-usb-rosa,,,,,,,,,,,,,,,,,,,https://backoffice.saintsual.com/21899-superlarge_default_2x/shunga-vibrador-masajeador-soyo-usb-rosa.jpg,5,SHUNGA VIBRADOR MASAJEADOR SOYO USB ROSA,
,shunga-vibrador-masajeador-soyo-usb-rosa,,,,,,,,,,,,,,,,,,,https://backoffice.saintsual.com/21900-superlarge_default_2x/shunga-vibrador-masajeador-soyo-usb-rosa.jpg,6,SHUNGA VIBRADOR MASAJEADOR SOYO USB ROSA,
,shunga-vibrador-masajeador-soyo-usb-rosa,,,,,,,,,,,,,,,,,,,https://backoffice.saintsual.com/22074-superlarge_default_2x/shunga-vibrador-masajeador-soyo-usb-rosa.jpg,7,SHUNGA VIBRADOR MASAJEADOR SOYO USB ROSA,
SHUNGA VIBRADOR MASAJEADOR SOYO USB LILA,shunga-vibrador-masajeador-soyo-usb-lila,"<p>Soyo: El Arte de la Estimulación Dual y el Punto G<br />Descubre el equilibrio perfecto entre forma y función con Soyo, un vibrador diseñado específicamente para la mujer que busca explorar su mapa del placer con precisión. Soyo no es un vibrador convencional; es una herramienta de alta gama cuya silueta curvada ha sido estudiada para alcanzar el punto G con una facilidad asombrosa, proporcionando una presión y vibración exactas donde más se siente.<br /><br />Pero Soyo va más allá. Su diseño inteligente no solo se centra en el interior; su base y cuerpo permiten un cosquilleo constante en la zona externa de la vagina, creando una experiencia de placer envolvente que combina lo mejor de la estimulación interna y externa simultáneamente.<br /><br />Diseño Curvado para sensaciones profundas<br />La clave de Soyo reside en su ergonomía. Su punta ligeramente inclinada busca el contacto directo con las zonas más sensibles, mientras que su silicona sedosa de grado médico asegura que cada movimiento sea una caricia de terciopelo. Al encender su potente motor, las vibraciones se transmiten de manera uniforme, permitiéndote sentir una fuerza profunda que resuena en todo tu cuerpo.<br /><br />¿Qué hace que Soyo sea irresistible?<br />Estimulación Focalizada: Ideal para encontrar y masajear el punto G gracias a su ángulo anatómico.<br /><br />Textura Premium: Fabricado en silicona hipoalergénica de tacto ultra suave, que se adapta rápidamente a la temperatura corporal.<br /><br />Variedad de Intensidades: Sus 10 funciones de vibración te permiten navegar desde un suave ronroneo hasta una potencia intensa, ideal para quienes buscan orgasmos explosivos.<br /><br />Silencio Cómplice: Su motor de alta tecnología es extremadamente silencioso, garantizando que tu placer sea solo para tus oídos.<br /><br />Preparado para cualquier escenario<br />Soyo ha sido diseñado para ser tu compañero inseparable. Gracias a su certificación IPX7, es totalmente sumergible, lo que lo convierte en el invitado perfecto para tus momentos de relax bajo el agua. Además, su sistema de carga mediante USB con indicador LED te ofrece la tranquilidad de saber que siempre tendrá la potencia necesaria para llevarte al clímax.<br /><br />Características Principales:<br />- Material: Silicona hipoalergénica de alta calidad y tacto sedoso.<br />- Potencia: 1 potente motor de alto rendimiento.<br />- Versatilidad: 10 modos de vibración y patrones rítmicos.<br />- Resistencia: Sumergible (IPX7), apto para ducha o bañera.<br />- Carga: Recargable por USB (cable incluido) con indicador de estado.<br />- Discreción: Diseño silencioso para una privacidad total.<br /><br />Especificaciones y Consejos de Uso:<br />- Higiene: Fácil de limpiar con agua tibia y jabón neutro o un limpiador de juguetes antibacteriano.<br />- Deslizamiento: Se recomienda encarecidamente el uso de lubricantes de base acuosa para maximizar la sensación de suavidad y proteger la integridad de la silicona.</p>",SHUNGA,cosmetica intima,FALSE,draft,SH4032,697309904032,Title,Default Title,79.90,TRUE,shopify,11,DENY,284,g,TRUE,manual,https://backoffice.saintsual.com/21908-superlarge_default_2x/shunga-vibrador-masajeador-soyo-usb-lila.jpg,1,SHUNGA VIBRADOR MASAJEADOR SOYO USB LILA,FALSE
,shunga-vibrador-masajeador-soyo-usb-lila,,,,,,,,,,,,,,,,,,,https://backoffice.saintsual.com/21907-superlarge_default_2x/shunga-vibrador-masajeador-soyo-usb-lila.jpg,2,SHUNGA VIBRADOR MASAJEADOR SOYO USB LILA,
,shunga-vibrador-masajeador-soyo-usb-lila,,,,,,,,,,,,,,,,,,,https://backoffice.saintsual.com/21911-superlarge_default_2x/shunga-vibrador-masajeador-soyo-usb-lila.jpg,3,SHUNGA VIBRADOR MASAJEADOR SOYO USB LILA,
,shunga-vibrador-masajeador-soyo-usb-lila,,,,,,,,,,,,,,,,,,,https://backoffice.saintsual.com/21910-superlarge_default_2x/shunga-vibrador-masajeador-soyo-usb-lila.jpg,4,SHUNGA VIBRADOR MASAJEADOR SOYO USB LILA,
,shunga-vibrador-masajeador-soyo-usb-lila,,,,,,,,,,,,,,,,,,,https://backoffice.saintsual.com/21909-superlarge_default_2x/shunga-vibrador-masajeador-soyo-usb-lila.jpg,5,SHUNGA VIBRADOR MASAJEADOR SOYO USB LILA,
,shunga-vibrador-masajeador-soyo-usb-lila,,,,,,,,,,,,,,,,,,,https://backoffice.saintsual.com/22070-superlarge_default_2x/shunga-vibrador-masajeador-soyo-usb-lila.jpg,6,SHUNGA VIBRADOR MASAJEADOR SOYO USB LILA,
SHUNGA VIBRADOR MASAJEADOR MIYO USB NEGRO,shunga-vibrador-masajeador-miyo-usb-negro,"<p>Miyo: Flexibilidad Infinita para un Placer a tu Medida<br />Lleva la exploración de tu cuerpo a un nivel superior con Miyo, el vibrador diseñado para adaptarse a tus curvas, y no al revés. Si buscas un juguete que combine la delicadeza de una caricia con la intensidad de un motor de alto rendimiento, Miyo es tu aliado perfecto. Su estructura única te ofrece una flexibilidad excepcional, permitiéndote dirigir el placer exactamente hacia donde tú elijas, ya sea acariciando el clítoris o explorando cada rincón de la vagina.<br /><br />Lo que diferencia a Miyo de cualquier otro juguete es su capacidad para transformarse. Gracias a su cuerpo moldeable y su textura sedosa, este masajeador se siente como una extensión de tus propios deseos, garantizando una experiencia sensorial completamente diferente a todo lo que hayas probado.<br /><br />Doble Motor: Potencia que se Siente<br />No te dejes engañar por su suavidad exterior. En el corazón de Miyo laten dos potentes motores sincronizados para ofrecer vibraciones profundas y constantes. Esta tecnología de doble motor asegura que la intensidad se distribuya de manera uniforme, permitiéndote jugar con sus 10 modos de vibración que van desde ritmos suaves y lúdicos hasta pulsaciones potentes que te dejarán sin aliento.<br /><br />Características que marcan la diferencia<br />Silicona Médica Hipoalergénica: Su tacto es extremadamente suave y aterciopelado, diseñado para ser respetuoso con tu zona más íntima y proporcionar un deslizamiento sin fricciones.<br /><br />Diseño Ergonómico y Flexible: Su capacidad de doblarse te permite alcanzar puntos de placer internos y externos de forma simultánea o independiente con total comodidad.<br /><br />Sumergible (IPX7): Miyo es el compañero perfecto para tus momentos de relax en la ducha o el baño, siendo totalmente resistente al agua y fácil de higienizar.<br /><br />Silencio y Discreción: Disfruta con total tranquilidad gracias a su motor ultrasilencioso, ideal para quienes valoran la privacidad sin renunciar a la potencia.<br /><br />Detalles Técnicos:<br />- Material: Silicona hipoalergénica de alta calidad y tacto suave.<br />- Motores: 2 motores independientes de gran fuerza.<br />- Modos: 10 funciones de vibración y pulsación.<br />- Carga: Batería recargable mediante cable USB (incluido).<br />- Nivel de ruido: Discreto y silencioso.<br />- Estanqueidad: Certificación IPX7 (Sumergible).<br />- Interfaz: Indicador luminoso de carga para que siempre esté listo para la acción.<br /><br />Instrucciones de cuidado y consejos:<br />Para mantener tu Miyo como el primer día, te recomendamos limpiarlo con agua tibia y un jabón neutro o un limpiador específico de juguetes antes y después de cada uso. Recuerda utilizarlo siempre con lubricantes de base acuosa para proteger su suave capa de silicona.</p>",SHUNGA,cosmetica intima,FALSE,draft,SH5046,697309905046,Title,Default Title,79.90,TRUE,shopify,35,DENY,304,g,TRUE,manual,https://backoffice.saintsual.com/21960-superlarge_default_2x/shunga-vibrador-masajeador-miyo-usb-negro.jpg,1,SHUNGA VIBRADOR MASAJEADOR MIYO USB NEGRO,FALSE
,shunga-vibrador-masajeador-miyo-usb-negro,,,,,,,,,,,,,,,,,,,https://backoffice.saintsual.com/21959-superlarge_default_2x/shunga-vibrador-masajeador-miyo-usb-negro.jpg,2,SHUNGA VIBRADOR MASAJEADOR MIYO USB NEGRO,
,shunga-vibrador-masajeador-miyo-usb-negro,,,,,,,,,,,,,,,,,,,https://backoffice.saintsual.com/21961-superlarge_default_2x/shunga-vibrador-masajeador-miyo-usb-negro.jpg,3,SHUNGA VIBRADOR MASAJEADOR MIYO USB NEGRO,
,shunga-vibrador-masajeador-miyo-usb-negro,,,,,,,,,,,,,,,,,,,https://backoffice.saintsual.com/21963-superlarge_default_2x/shunga-vibrador-masajeador-miyo-usb-negro.jpg,4,SHUNGA VIBRADOR MASAJEADOR MIYO USB NEGRO,
,shunga-vibrador-masajeador-miyo-usb-negro,,,,,,,,,,,,,,,,,,,https://backoffice.saintsual.com/21962-superlarge_default_2x/shunga-vibrador-masajeador-miyo-usb-negro.jpg,5,SHUNGA VIBRADOR MASAJEADOR MIYO USB NEGRO,
,shunga-vibrador-masajeador-miyo-usb-negro,,,,,,,,,,,,,,,,,,,https://backoffice.saintsual.com/22064-superlarge_default_2x/shunga-vibrador-masajeador-miyo-usb-negro.jpg,6,SHUNGA VIBRADOR MASAJEADOR MIYO USB NEGRO,
SHUNGA VIBRADOR MASAJEADOR MIYO USB FRAMBUESA,shunga-vibrador-masajeador-miyo-usb-frambuesa,"<p>Miyo: Flexibilidad Infinita para un Placer a tu Medida<br />Lleva la exploración de tu cuerpo a un nivel superior con Miyo, el vibrador diseñado para adaptarse a tus curvas, y no al revés. Si buscas un juguete que combine la delicadeza de una caricia con la intensidad de un motor de alto rendimiento, Miyo es tu aliado perfecto. Su estructura única te ofrece una flexibilidad excepcional, permitiéndote dirigir el placer exactamente hacia donde tú elijas, ya sea acariciando el clítoris o explorando cada rincón de la vagina.<br /><br />Lo que diferencia a Miyo de cualquier otro juguete es su capacidad para transformarse. Gracias a su cuerpo moldeable y su textura sedosa, este masajeador se siente como una extensión de tus propios deseos, garantizando una experiencia sensorial completamente diferente a todo lo que hayas probado.<br /><br />Doble Motor: Potencia que se Siente<br />No te dejes engañar por su suavidad exterior. En el corazón de Miyo laten dos potentes motores sincronizados para ofrecer vibraciones profundas y constantes. Esta tecnología de doble motor asegura que la intensidad se distribuya de manera uniforme, permitiéndote jugar con sus 10 modos de vibración que van desde ritmos suaves y lúdicos hasta pulsaciones potentes que te dejarán sin aliento.<br /><br />Características que marcan la diferencia<br />Silicona Médica Hipoalergénica: Su tacto es extremadamente suave y aterciopelado, diseñado para ser respetuoso con tu zona más íntima y proporcionar un deslizamiento sin fricciones.<br /><br />Diseño Ergonómico y Flexible: Su capacidad de doblarse te permite alcanzar puntos de placer internos y externos de forma simultánea o independiente con total comodidad.<br /><br />Sumergible (IPX7): Miyo es el compañero perfecto para tus momentos de relax en la ducha o el baño, siendo totalmente resistente al agua y fácil de higienizar.<br /><br />Silencio y Discreción: Disfruta con total tranquilidad gracias a su motor ultrasilencioso, ideal para quienes valoran la privacidad sin renunciar a la potencia.<br /><br />Detalles Técnicos:<br />- Material: Silicona hipoalergénica de alta calidad y tacto suave.<br />- Motores: 2 motores independientes de gran fuerza.<br />- Modos: 10 funciones de vibración y pulsación.<br />- Carga: Batería recargable mediante cable USB (incluido).<br />- Nivel de ruido: Discreto y silencioso.<br />- Estanqueidad: Certificación IPX7 (Sumergible).<br />- Interfaz: Indicador luminoso de carga para que siempre esté listo para la acción.<br /><br />Instrucciones de cuidado y consejos:<br />Para mantener tu Miyo como el primer día, te recomendamos limpiarlo con agua tibia y un jabón neutro o un limpiador específico de juguetes antes y después de cada uso. Recuerda utilizarlo siempre con lubricantes de base acuosa para proteger su suave capa de silicona.</p>",SHUNGA,cosmetica intima,FALSE,draft,SH5015,697309905015,Title,Default Title,79.90,TRUE,shopify,1,DENY,304,g,TRUE,manual,https://backoffice.saintsual.com/21948-superlarge_default_2x/shunga-vibrador-masajeador-miyo-usb-frambuesa.jpg,1,SHUNGA VIBRADOR MASAJEADOR MIYO USB FRAMBUESA,FALSE
,shunga-vibrador-masajeador-miyo-usb-frambuesa,,,,,,,,,,,,,,,,,,,https://backoffice.saintsual.com/21949-superlarge_default_2x/shunga-vibrador-masajeador-miyo-usb-frambuesa.jpg,2,SHUNGA VIBRADOR MASAJEADOR MIYO USB FRAMBUESA,
,shunga-vibrador-masajeador-miyo-usb-frambuesa,,,,,,,,,,,,,,,,,,,https://backoffice.saintsual.com/21950-superlarge_default_2x/shunga-vibrador-masajeador-miyo-usb-frambuesa.jpg,3,SHUNGA VIBRADOR MASAJEADOR MIYO USB FRAMBUESA,
,shunga-vibrador-masajeador-miyo-usb-frambuesa,,,,,,,,,,,,,,,,,,,https://backoffice.saintsual.com/21951-superlarge_default_2x/shunga-vibrador-masajeador-miyo-usb-frambuesa.jpg,4,SHUNGA VIBRADOR MASAJEADOR MIYO USB FRAMBUESA,
,shunga-vibrador-masajeador-miyo-usb-frambuesa,,,,,,,,,,,,,,,,,,,https://backoffice.saintsual.com/21952-superlarge_default_2x/shunga-vibrador-masajeador-miyo-usb-frambuesa.jpg,5,SHUNGA VIBRADOR MASAJEADOR MIYO USB FRAMBUESA,
,shunga-vibrador-masajeador-miyo-usb-frambuesa,,,,,,,,,,,,,,,,,,,https://backoffice.saintsual.com/21953-superlarge_default_2x/shunga-vibrador-masajeador-miyo-usb-frambuesa.jpg,6,SHUNGA VIBRADOR MASAJEADOR MIYO USB FRAMBUESA,
,shunga-vibrador-masajeador-miyo-usb-frambuesa,,,,,,,,,,,,,,,,,,,https://backoffice.saintsual.com/22066-superlarge_default_2x/shunga-vibrador-masajeador-miyo-usb-frambuesa.jpg,7,SHUNGA VIBRADOR MASAJEADOR MIYO USB FRAMBUESA,
SHUNGA VIBRADOR MASAJEADOR MIYO USB LILA,shunga-vibrador-masajeador-miyo-usb-lila,"<p>Miyo: Flexibilidad Infinita para un Placer a tu Medida<br />Lleva la exploración de tu cuerpo a un nivel superior con Miyo, el vibrador diseñado para adaptarse a tus curvas, y no al revés. Si buscas un juguete que combine la delicadeza de una caricia con la intensidad de un motor de alto rendimiento, Miyo es tu aliado perfecto. Su estructura única te ofrece una flexibilidad excepcional, permitiéndote dirigir el placer exactamente hacia donde tú elijas, ya sea acariciando el clítoris o explorando cada rincón de la vagina.<br /><br />Lo que diferencia a Miyo de cualquier otro juguete es su capacidad para transformarse. Gracias a su cuerpo moldeable y su textura sedosa, este masajeador se siente como una extensión de tus propios deseos, garantizando una experiencia sensorial completamente diferente a todo lo que hayas probado.<br /><br />Doble Motor: Potencia que se Siente<br />No te dejes engañar por su suavidad exterior. En el corazón de Miyo laten dos potentes motores sincronizados para ofrecer vibraciones profundas y constantes. Esta tecnología de doble motor asegura que la intensidad se distribuya de manera uniforme, permitiéndote jugar con sus 10 modos de vibración que van desde ritmos suaves y lúdicos hasta pulsaciones potentes que te dejarán sin aliento.<br /><br />Características que marcan la diferencia<br />Silicona Médica Hipoalergénica: Su tacto es extremadamente suave y aterciopelado, diseñado para ser respetuoso con tu zona más íntima y proporcionar un deslizamiento sin fricciones.<br /><br />Diseño Ergonómico y Flexible: Su capacidad de doblarse te permite alcanzar puntos de placer internos y externos de forma simultánea o independiente con total comodidad.<br /><br />Sumergible (IPX7): Miyo es el compañero perfecto para tus momentos de relax en la ducha o el baño, siendo totalmente resistente al agua y fácil de higienizar.<br /><br />Silencio y Discreción: Disfruta con total tranquilidad gracias a su motor ultrasilencioso, ideal para quienes valoran la privacidad sin renunciar a la potencia.<br /><br />Detalles Técnicos:<br />- Material: Silicona hipoalergénica de alta calidad y tacto suave.<br />- Motores: 2 motores independientes de gran fuerza.<br />- Modos: 10 funciones de vibración y pulsación.<br />- Carga: Batería recargable mediante cable USB (incluido).<br />- Nivel de ruido: Discreto y silencioso.<br />- Estanqueidad: Certificación IPX7 (Sumergible).<br />- Interfaz: Indicador luminoso de carga para que siempre esté listo para la acción.<br /><br />Instrucciones de cuidado y consejos:<br />Para mantener tu Miyo como el primer día, te recomendamos limpiarlo con agua tibia y un jabón neutro o un limpiador específico de juguetes antes y después de cada uso. Recuerda utilizarlo siempre con lubricantes de base acuosa para proteger su suave capa de silicona.</p>",SHUNGA,cosmetica intima,FALSE,draft,SH5039,697309905039,Title,Default Title,79.90,TRUE,shopify,2,DENY,304,g,TRUE,manual,https://backoffice.saintsual.com/21956-superlarge_default_2x/shunga-vibrador-masajeador-miyo-usb-lila.jpg,1,SHUNGA VIBRADOR MASAJEADOR MIYO USB LILA,FALSE
,shunga-vibrador-masajeador-miyo-usb-lila,,,,,,,,,,,,,,,,,,,https://backoffice.saintsual.com/21954-superlarge_default_2x/shunga-vibrador-masajeador-miyo-usb-lila.jpg,2,SHUNGA VIBRADOR MASAJEADOR MIYO USB LILA,
,shunga-vibrador-masajeador-miyo-usb-lila,,,,,,,,,,,,,,,,,,,https://backoffice.saintsual.com/21955-superlarge_default_2x/shunga-vibrador-masajeador-miyo-usb-lila.jpg,3,SHUNGA VIBRADOR MASAJEADOR MIYO USB LILA,
,shunga-vibrador-masajeador-miyo-usb-lila,,,,,,,,,,,,,,,,,,,https://backoffice.saintsual.com/21957-superlarge_default_2x/shunga-vibrador-masajeador-miyo-usb-lila.jpg,4,SHUNGA VIBRADOR MASAJEADOR MIYO USB LILA,
,shunga-vibrador-masajeador-miyo-usb-lila,,,,,,,,,,,,,,,,,,,https://backoffice.saintsual.com/21958-superlarge_default_2x/shunga-vibrador-masajeador-miyo-usb-lila.jpg,5,SHUNGA VIBRADOR MASAJEADOR MIYO USB LILA,
,shunga-vibrador-masajeador-miyo-usb-lila,,,,,,,,,,,,,,,,,,,https://backoffice.saintsual.com/22063-superlarge_default_2x/shunga-vibrador-masajeador-miyo-usb-lila.jpg,6,SHUNGA VIBRADOR MASAJEADOR MIYO USB LILA,
KIT SHUNGA SECRET GEISHA FRUTOS EXÓTICOS,kit-shunga-secret-geisha-frutos-exoticos,"<p>Kit de shunga con aroma a frutos exóticos que está compuesto por:</p>
<p>- Aceite de Masaje líbido 10 ml.</p>
<p>- Aceite Afrodisíaco 10 ml.</p>
<p>- Vela de masaje Líbido 30 ml.</p>
<p>- Lubricante Toko a base de agua 10 ml.</p>
<p>- Crema Dragon Virility 7 ml.</p>",SHUNGA,cosmetica intima,FALSE,draft,SH2020,697309082020,Title,Default Title,35.90,TRUE,shopify,10,DENY,245,g,TRUE,manual,https://backoffice.saintsual.com/23884-superlarge_default_2x/kit-shunga-secret-geisha-frutos-exoticos.jpg,1,KIT SHUNGA SECRET GEISHA FRUTOS EXÓTICOS,FALSE
,kit-shunga-secret-geisha-frutos-exoticos,,,,,,,,,,,,,,,,,,,https://backoffice.saintsual.com/23883-superlarge_default_2x/kit-shunga-secret-geisha-frutos-exoticos.jpg,2,KIT SHUNGA SECRET GEISHA FRUTOS EXÓTICOS,
,kit-shunga-secret-geisha-frutos-exoticos,,,,,,,,,,,,,,,,,,,https://backoffice.saintsual.com/23885-superlarge_default_2x/kit-shunga-secret-geisha-frutos-exoticos.jpg,3,KIT SHUNGA SECRET GEISHA FRUTOS EXÓTICOS,
SHUNGA LIMPIADOR GENTLE CLEANER 115 ML,shunga-limpiador-gentle-cleaner-115-ml,"<p>Nuestro spray limpiador es tu mejor aliado para proteger el aspecto y la vida de tus accesorios íntimos favoritos.<br /><br />Fue diseñado para limpiar y eliminar eficazmente el lubricante y otras impurezas, sin dejar residuos.<br /><br />Su fórmula suave es segura para usar en todos los materiales y la piel de los juguetes.<br /><br />• Para tu masajeador íntimo.<br />• Fórmula suave.<br />• Sin residuos.<br />• Limpia eficazmente.<br />• Envase de 115 ml.</p>
<p><br />Simplemente rocíe, deje actuar de 30 a 60 segundos, limpie con un paño suave o enjuague con agua tibia y deje secar. Mantener fuera del alcance de los niños.</p>
<p>Ingredients (I.N.C.I.): Water/Eau (Aqua), Propylene Glycol, Caprylyl /Capryl glucoside, Aloes Vera (Aloe barbadensis leaf juice), Peppermint Oil/Huile de menthe poivrée (Peppermint (Mentha Piperita) Oil), Ethylhexylglycerine, Benzylalcohol,Benzalkoniumchloride,Citricacid/Acidecitrique, Vitamin/Vitamine E (Tocopherol). &lt;5%: Perfumes, Surfactant.</p>",SHUNGA,cosmetica intima,FALSE,draft,SH0002,697309150002,Title,Default Title,12.90,TRUE,shopify,87,DENY,154,g,TRUE,manual,https://backoffice.saintsual.com/27249-superlarge_default_2x/shunga-limpiador-gentle-cleaner-115-ml.jpg,1,SHUNGA LIMPIADOR GENTLE CLEANER 115 ML,FALSE
SHUNGA GEL DE BAÑO 370 ML CEREZA,shunga-gel-de-bano-370-ml-cereza,"<p>Gel de baño con gran aroma para disfrutar tanto en pareja como a solas.</p>
<p>Envase de 370 ml.</p>
<p>El ritual del agua y las caricias amorosas se combinan en armonía con este gel de baño a base de aceites vegetales y vitamina E. Su delicado sabor estimula los sentidos y permite intercambiar besos por todo el cuerpo sin remordimientos de gusto.<br /><br />Este gel es tan suave que es perfecto para pieles sensibles y mujeres propensas a infecciones vaginales.<br /><br />Verter unas gotas del gel sobre una esponja o toalla de baño, diluir con agua y hacer espuma. Para obtener burbujas sabrosas, diluya con agua.<br /><br />Ideal para baños de burbujas, pasa una pequeña cantidad de gel debajo del grifo y observa cómo se forma una lujosa espuma.</p>
<p></p>",SHUNGA,cosmetica intima,FALSE,draft,SH5207,697309065207,Title,Default Title,18.90,TRUE,shopify,0,DENY,470,g,TRUE,manual,https://backoffice.saintsual.com/38220-superlarge_default_2x/shunga-gel-de-bano-370-ml-cereza.jpg,1,SHUNGA GEL DE BAÑO 370 ML CEREZA,FALSE
,shunga-gel-de-bano-370-ml-cereza,,,,,,,,,,,,,,,,,,,https://backoffice.saintsual.com/38221-superlarge_default_2x/shunga-gel-de-bano-370-ml-cereza.jpg,2,SHUNGA GEL DE BAÑO 370 ML CEREZA,
SHUNGA GEL DE BAÑO 370 ML MENTA,shunga-gel-de-bano-370-ml-menta,"<p>Gel de baño con gran aroma para disfrutar tanto en pareja como a solas.</p>
<p>Envase de 370 ml.</p>
<p>El ritual del agua y las caricias amorosas se combinan en armonía con este gel de baño a base de aceites vegetales y vitamina E. Su delicado sabor estimula los sentidos y permite intercambiar besos por todo el cuerpo sin remordimientos de gusto.<br /><br />Este gel es tan suave que es perfecto para pieles sensibles y mujeres propensas a infecciones vaginales.<br /><br />Verter unas gotas del gel sobre una esponja o toalla de baño, diluir con agua y hacer espuma. Para obtener burbujas sabrosas, diluya con agua.<br /><br />Ideal para baños de burbujas, pasa una pequeña cantidad de gel debajo del grifo y observa cómo se forma una lujosa espuma.</p>
<p></p>",SHUNGA,cosmetica intima,FALSE,draft,SH5269,697309065269,Title,Default Title,18.90,TRUE,shopify,15,DENY,470,g,TRUE,manual,https://backoffice.saintsual.com/38219-superlarge_default_2x/shunga-gel-de-bano-370-ml-menta.jpg,1,SHUNGA GEL DE BAÑO 370 ML MENTA,FALSE
,shunga-gel-de-bano-370-ml-menta,,,,,,,,,,,,,,,,,,,https://backoffice.saintsual.com/38218-superlarge_default_2x/shunga-gel-de-bano-370-ml-menta.jpg,2,SHUNGA GEL DE BAÑO 370 ML MENTA,
,shunga-gel-de-bano-370-ml-menta,,,,,,,,,,,,,,,,,,,https://backoffice.saintsual.com/38222-superlarge_default_2x/shunga-gel-de-bano-370-ml-menta.jpg,3,SHUNGA GEL DE BAÑO 370 ML MENTA,
SHUNGA POLVOS CORPORALES 75 GR. FRAMBUESA,shunga-polvos-corporales-75-gr-frambuesa,"<p>Polvos Corporales Shunga: El Lujo del Masaje Seco y el Placer Gourmet<br />Shunga redefine la seducción con la evolución de uno de sus productos más icónicos. Anteriormente presentados en la clásica lata negra, los nuevos Polvos Corporales de Shunga llegan ahora en una presentación de lujo: cajas magnéticas con un diseño artístico impresionante y colores vibrantes que anticipan la explosión de sabor y aroma que encontrarás en su interior.<br /><br />Un Ritual de Tacto y Sabor<br />Este producto es una joya de la cosmética erótica gracias a su increíble versatilidad. No es solo un polvo corporal; es una herramienta para explorar nuevas sensaciones en pareja:<br /><br />Masaje Seco Relajante: Su textura ultrafina permite que las manos se deslicen sobre la piel con una suavidad aterciopelada, ideal para quienes prefieren una alternativa a los aceites tradicionales.<br /><br />Experiencia 100% Comestible: Convierte el cuerpo de tu pareja en un postre irresistible. Su sabor dulce y equilibrado es perfecto para juegos de besos y caricias orales.<br /><br />Frescura Diaria: Gracias a su capacidad de absorción, funciona maravillosamente como polvo secante, manteniendo la piel fresca, seca y deliciosamente perfumada durante todo el día.<br /><br />Ambiente Romántico: Espolvoréalo ligeramente sobre las sábanas para que su aroma exótico impregne el dormitorio y cree una atmósfera de ensueño.<br /><br />Presentación de Lujo: El Regalo Perfecto<br />Cada detalle ha sido cuidado para ofrecer una experiencia de ""unboxing"" inigualable. Las llamativas cajas magnéticas no solo protegen el producto, sino que lo convierten en un objeto de deseo.<br /><br />Accesorios Exclusivos: Incluye un plumero de tacto sedoso a juego con el color del sabor elegido, adornado con una elegante cinta negra que luce el logotipo de Shunga bordado en hilo dorado.<br /><br />Diseño Funcional: Los 75 gramos de polvo vienen en un recipiente transparente que te permite ver cuánto queda. Además, incorpora un tamiz que asegura un vertido controlado y una aplicación uniforme sobre la piel o las sábanas.<br /><br />Sabores Exóticos para Cada Ocasión<br />Elige el aroma que mejor encaje con tu estado de ánimo entre sus 4 deliciosas variedades:<br /><br />Vino Espumoso de Fresa: Elegante, festivo y romántico.<br /><br />Sensación de Frambuesa: Dulce, intenso y vibrante.<br /><br />Emoción de Coco: Exótico, cremoso y paradisíaco.<br /><br />Mango Delicioso: Tropical, jugoso y lleno de energía.<br /><br />Especificaciones del Producto:<br />Contenido: 75g de polvo fino.<br /><br />Incluye: Caja magnética de lujo y plumero bordado.<br /><br />Propiedades: Comestible, sin gluten y libre de parabenos.<br /><br />Uso: Masaje, secante corporal y juego erótico.</p>",SHUNGA,cosmetica intima,FALSE,draft,SH1011,697309031011,Title,Default Title,30.90,TRUE,shopify,24,DENY,110,g,TRUE,manual,https://backoffice.saintsual.com/38203-superlarge_default_2x/shunga-polvos-corporales-75-gr-frambuesa.jpg,1,SHUNGA POLVOS CORPORALES 75 GR. FRAMBUESA,FALSE
,shunga-polvos-corporales-75-gr-frambuesa,,,,,,,,,,,,,,,,,,,https://backoffice.saintsual.com/38195-superlarge_default_2x/shunga-polvos-corporales-75-gr-frambuesa.jpg,2,SHUNGA POLVOS CORPORALES 75 GR. FRAMBUESA,
,shunga-polvos-corporales-75-gr-frambuesa,,,,,,,,,,,,,,,,,,,https://backoffice.saintsual.com/38194-superlarge_default_2x/shunga-polvos-corporales-75-gr-frambuesa.jpg,3,SHUNGA POLVOS CORPORALES 75 GR. FRAMBUESA,
,shunga-polvos-corporales-75-gr-frambuesa,,,,,,,,,,,,,,,,,,,https://backoffice.saintsual.com/38200-superlarge_default_2x/shunga-polvos-corporales-75-gr-frambuesa.jpg,4,SHUNGA POLVOS CORPORALES 75 GR. FRAMBUESA,
,shunga-polvos-corporales-75-gr-frambuesa,,,,,,,,,,,,,,,,,,,https://backoffice.saintsual.com/38199-superlarge_default_2x/shunga-polvos-corporales-75-gr-frambuesa.jpg,5,SHUNGA POLVOS CORPORALES 75 GR. FRAMBUESA,
,shunga-polvos-corporales-75-gr-frambuesa,,,,,,,,,,,,,,,,,,,https://backoffice.saintsual.com/38204-superlarge_default_2x/shunga-polvos-corporales-75-gr-frambuesa.jpg,6,SHUNGA POLVOS CORPORALES 75 GR. FRAMBUESA,
,shunga-polvos-corporales-75-gr-frambuesa,,,,,,,,,,,,,,,,,,,https://backoffice.saintsual.com/38208-superlarge_default_2x/shunga-polvos-corporales-75-gr-frambuesa.jpg,7,SHUNGA POLVOS CORPORALES 75 GR. FRAMBUESA,
,shunga-polvos-corporales-75-gr-frambuesa,,,,,,,,,,,,,,,,,,,https://backoffice.saintsual.com/38207-superlarge_default_2x/shunga-polvos-corporales-75-gr-frambuesa.jpg,8,SHUNGA POLVOS CORPORALES 75 GR. FRAMBUESA,
,shunga-polvos-corporales-75-gr-frambuesa,,,,,,,,,,,,,,,,,,,https://backoffice.saintsual.com/38210-superlarge_default_2x/shunga-polvos-corporales-75-gr-frambuesa.jpg,9,SHUNGA POLVOS CORPORALES 75 GR. FRAMBUESA,
SHUNGA KIT GARDEN OF EDO,shunga-kit-garden-of-edo,"<p>La nueva versión de esta colección, que anteriormente se ofrecía en una lata negra alta, se presenta en una caja rectangular negra y verde. Los Cristales Orientales que anteriormente se ofrecían en el kit EDO serán reemplazados por una pequeña vela de Té Verde Exótico para ayudar a crear el ambiente para los amantes apasionados por la naturaleza.</p>
<p>Esta colección contiene:</p>
<p>- un aceite de masaje besable Organica (8 oz / 240 ml)</p>
<p>- un aceite calentador afrodisíaco de té verde exótico (3,5 oz / 100 ml)</p>
<p>- una mini vela de masaje Zenitude Green Tea (1 oz / 30 ml)</p>
<p>- un lubricante personal Toko Organica (5,5 oz/165 ml)</p>
<p>- un gel sensibilizante Lotus Noir (2 oz/60 ml).</p>
<p>Esta línea completa está elaborada con ingredientes naturales seleccionados.</p>",SHUNGA,cosmetica intima,FALSE,draft,SH0124,697309090124,Title,Default Title,105.90,TRUE,shopify,97,DENY,1750,g,TRUE,manual,https://backoffice.saintsual.com/38227-superlarge_default_2x/shunga-kit-garden-of-edo.jpg,1,SHUNGA KIT GARDEN OF EDO,FALSE
,shunga-kit-garden-of-edo,,,,,,,,,,,,,,,,,,,https://backoffice.saintsual.com/38226-superlarge_default_2x/shunga-kit-garden-of-edo.jpg,2,SHUNGA KIT GARDEN OF EDO,
,shunga-kit-garden-of-edo,,,,,,,,,,,,,,,,,,,https://backoffice.saintsual.com/38225-superlarge_default_2x/shunga-kit-garden-of-edo.jpg,3,SHUNGA KIT GARDEN OF EDO,
,shunga-kit-garden-of-edo,,,,,,,,,,,,,,,,,,,https://backoffice.saintsual.com/38228-superlarge_default_2x/shunga-kit-garden-of-edo.jpg,4,SHUNGA KIT GARDEN OF EDO,
,shunga-kit-garden-of-edo,,,,,,,,,,,,,,,,,,,https://backoffice.saintsual.com/38229-superlarge_default_2x/shunga-kit-garden-of-edo.jpg,5,SHUNGA KIT GARDEN OF EDO,
,shunga-kit-garden-of-edo,,,,,,,,,,,,,,,,,,,https://backoffice.saintsual.com/38231-superlarge_default_2x/shunga-kit-garden-of-edo.jpg,6,SHUNGA KIT GARDEN OF EDO,
,shunga-kit-garden-of-edo,,,,,,,,,,,,,,,,,,,https://backoffice.saintsual.com/38230-superlarge_default_2x/shunga-kit-garden-of-edo.jpg,7,SHUNGA KIT GARDEN OF EDO,
,shunga-kit-garden-of-edo,,,,,,,,,,,,,,,,,,,https://backoffice.saintsual.com/38232-superlarge_default_2x/shunga-kit-garden-of-edo.jpg,8,SHUNGA KIT GARDEN OF EDO,
,shunga-kit-garden-of-edo,,,,,,,,,,,,,,,,,,,https://backoffice.saintsual.com/38233-superlarge_default_2x/shunga-kit-garden-of-edo.jpg,9,SHUNGA KIT GARDEN OF EDO,
,shunga-kit-garden-of-edo,,,,,,,,,,,,,,,,,,,https://backoffice.saintsual.com/38234-superlarge_default_2x/shunga-kit-garden-of-edo.jpg,10,SHUNGA KIT GARDEN OF EDO,
SHUNGA KIT NAUGHTIER,shunga-kit-naughtier,"<p>Kit de cosmética erótica formado por:</p>
<p>- Lubricante Toko de 165 ml base agua.</p>
<p>- Crema Dragon Virility 60 ml.</p>
<p>- Crema Jardin Secreto 30 ml.</p>
<p>- Crema Lluvia de amor 30 ml.</p>
<p>- Gloss Labial Placer divino fresas.</p>
<p></p>",SHUNGA,cosmetica intima,FALSE,draft,SH2104,697309092104,Title,Default Title,111.90,TRUE,shopify,4,DENY,1800,g,TRUE,manual,https://backoffice.saintsual.com/38237-superlarge_default_2x/shunga-kit-naughtier.jpg,1,SHUNGA KIT NAUGHTIER,FALSE
,shunga-kit-naughtier,,,,,,,,,,,,,,,,,,,https://backoffice.saintsual.com/38235-superlarge_default_2x/shunga-kit-naughtier.jpg,2,SHUNGA KIT NAUGHTIER,
,shunga-kit-naughtier,,,,,,,,,,,,,,,,,,,https://backoffice.saintsual.com/38238-superlarge_default_2x/shunga-kit-naughtier.jpg,3,SHUNGA KIT NAUGHTIER,
,shunga-kit-naughtier,,,,,,,,,,,,,,,,,,,https://backoffice.saintsual.com/38236-superlarge_default_2x/shunga-kit-naughtier.jpg,4,SHUNGA KIT NAUGHTIER,
,shunga-kit-naughtier,,,,,,,,,,,,,,,,,,,https://backoffice.saintsual.com/38239-superlarge_default_2x/shunga-kit-naughtier.jpg,5,SHUNGA KIT NAUGHTIER,
,shunga-kit-naughtier,,,,,,,,,,,,,,,,,,,https://backoffice.saintsual.com/38240-superlarge_default_2x/shunga-kit-naughtier.jpg,6,SHUNGA KIT NAUGHTIER,
,shunga-kit-naughtier,,,,,,,,,,,,,,,,,,,https://backoffice.saintsual.com/38241-superlarge_default_2x/shunga-kit-naughtier.jpg,7,SHUNGA KIT NAUGHTIER,
,shunga-kit-naughtier,,,,,,,,,,,,,,,,,,,https://backoffice.saintsual.com/38242-superlarge_default_2x/shunga-kit-naughtier.jpg,8,SHUNGA KIT NAUGHTIER,
,shunga-kit-naughtier,,,,,,,,,,,,,,,,,,,https://backoffice.saintsual.com/38243-superlarge_default_2x/shunga-kit-naughtier.jpg,9,SHUNGA KIT NAUGHTIER,
,shunga-kit-naughtier,,,,,,,,,,,,,,,,,,,https://backoffice.saintsual.com/38245-superlarge_default_2x/shunga-kit-naughtier.jpg,10,SHUNGA KIT NAUGHTIER,
,shunga-kit-naughtier,,,,,,,,,,,,,,,,,,,https://backoffice.saintsual.com/38244-superlarge_default_2x/shunga-kit-naughtier.jpg,11,SHUNGA KIT NAUGHTIER,
SHUNGA POLVOS CORPORALES 75 GR. MANGO,shunga-polvos-corporales-75-gr-mango,"<p>Polvos Corporales Shunga: El Lujo del Masaje Seco y el Placer Gourmet<br />Shunga redefine la seducción con la evolución de uno de sus productos más icónicos. Anteriormente presentados en la clásica lata negra, los nuevos Polvos Corporales de Shunga llegan ahora en una presentación de lujo: cajas magnéticas con un diseño artístico impresionante y colores vibrantes que anticipan la explosión de sabor y aroma que encontrarás en su interior.<br /><br />Un Ritual de Tacto y Sabor<br />Este producto es una joya de la cosmética erótica gracias a su increíble versatilidad. No es solo un polvo corporal; es una herramienta para explorar nuevas sensaciones en pareja:<br /><br />Masaje Seco Relajante: Su textura ultrafina permite que las manos se deslicen sobre la piel con una suavidad aterciopelada, ideal para quienes prefieren una alternativa a los aceites tradicionales.<br /><br />Experiencia 100% Comestible: Convierte el cuerpo de tu pareja en un postre irresistible. Su sabor dulce y equilibrado es perfecto para juegos de besos y caricias orales.<br /><br />Frescura Diaria: Gracias a su capacidad de absorción, funciona maravillosamente como polvo secante, manteniendo la piel fresca, seca y deliciosamente perfumada durante todo el día.<br /><br />Ambiente Romántico: Espolvoréalo ligeramente sobre las sábanas para que su aroma exótico impregne el dormitorio y cree una atmósfera de ensueño.<br /><br />Presentación de Lujo: El Regalo Perfecto<br />Cada detalle ha sido cuidado para ofrecer una experiencia de ""unboxing"" inigualable. Las llamativas cajas magnéticas no solo protegen el producto, sino que lo convierten en un objeto de deseo.<br /><br />Accesorios Exclusivos: Incluye un plumero de tacto sedoso a juego con el color del sabor elegido, adornado con una elegante cinta negra que luce el logotipo de Shunga bordado en hilo dorado.<br /><br />Diseño Funcional: Los 75 gramos de polvo vienen en un recipiente transparente que te permite ver cuánto queda. Además, incorpora un tamiz que asegura un vertido controlado y una aplicación uniforme sobre la piel o las sábanas.<br /><br />Sabores Exóticos para Cada Ocasión<br />Elige el aroma que mejor encaje con tu estado de ánimo entre sus 4 deliciosas variedades:<br /><br />Vino Espumoso de Fresa: Elegante, festivo y romántico.<br /><br />Sensación de Frambuesa: Dulce, intenso y vibrante.<br /><br />Emoción de Coco: Exótico, cremoso y paradisíaco.<br /><br />Mango Delicioso: Tropical, jugoso y lleno de energía.<br /><br />Especificaciones del Producto:<br />Contenido: 75g de polvo fino.<br /><br />Incluye: Caja magnética de lujo y plumero bordado.<br /><br />Propiedades: Comestible, sin gluten y libre de parabenos.<br /><br />Uso: Masaje, secante corporal y juego erótico.</p>",SHUNGA,cosmetica intima,FALSE,draft,SH1035,697309031035,Title,Default Title,30.90,TRUE,shopify,10,DENY,110,g,TRUE,manual,https://backoffice.saintsual.com/38197-superlarge_default_2x/shunga-polvos-corporales-75-gr-mango.jpg,1,SHUNGA POLVOS CORPORALES 75 GR. MANGO,FALSE
,shunga-polvos-corporales-75-gr-mango,,,,,,,,,,,,,,,,,,,https://backoffice.saintsual.com/38190-superlarge_default_2x/shunga-polvos-corporales-75-gr-mango.jpg,2,SHUNGA POLVOS CORPORALES 75 GR. MANGO,
,shunga-polvos-corporales-75-gr-mango,,,,,,,,,,,,,,,,,,,https://backoffice.saintsual.com/38191-superlarge_default_2x/shunga-polvos-corporales-75-gr-mango.jpg,3,SHUNGA POLVOS CORPORALES 75 GR. MANGO,
,shunga-polvos-corporales-75-gr-mango,,,,,,,,,,,,,,,,,,,https://backoffice.saintsual.com/38192-superlarge_default_2x/shunga-polvos-corporales-75-gr-mango.jpg,4,SHUNGA POLVOS CORPORALES 75 GR. MANGO,
,shunga-polvos-corporales-75-gr-mango,,,,,,,,,,,,,,,,,,,https://backoffice.saintsual.com/38193-superlarge_default_2x/shunga-polvos-corporales-75-gr-mango.jpg,5,SHUNGA POLVOS CORPORALES 75 GR. MANGO,
,shunga-polvos-corporales-75-gr-mango,,,,,,,,,,,,,,,,,,,https://backoffice.saintsual.com/38196-superlarge_default_2x/shunga-polvos-corporales-75-gr-mango.jpg,6,SHUNGA POLVOS CORPORALES 75 GR. MANGO,
,shunga-polvos-corporales-75-gr-mango,,,,,,,,,,,,,,,,,,,https://backoffice.saintsual.com/38198-superlarge_default_2x/shunga-polvos-corporales-75-gr-mango.jpg,7,SHUNGA POLVOS CORPORALES 75 GR. MANGO,
,shunga-polvos-corporales-75-gr-mango,,,,,,,,,,,,,,,,,,,https://backoffice.saintsual.com/38201-superlarge_default_2x/shunga-polvos-corporales-75-gr-mango.jpg,8,SHUNGA POLVOS CORPORALES 75 GR. MANGO,
,shunga-polvos-corporales-75-gr-mango,,,,,,,,,,,,,,,,,,,https://backoffice.saintsual.com/38202-superlarge_default_2x/shunga-polvos-corporales-75-gr-mango.jpg,9,SHUNGA POLVOS CORPORALES 75 GR. MANGO,
SHUNGA POLVOS CORPORALES 75 GR. FRESAS CHAMPAGNE,shunga-polvos-corporales-75-gr-fresas-champagne,"<p>Aquí tienes una propuesta de descripción larga, elegante y detallada, ideal para resaltar el lujo y la versatilidad de este producto en tu tienda online.<br /><br />Polvos Corporales Shunga: El Lujo del Masaje Seco y el Placer Gourmet<br />Shunga redefine la seducción con la evolución de uno de sus productos más icónicos. Anteriormente presentados en la clásica lata negra, los nuevos Polvos Corporales de Shunga llegan ahora en una presentación de lujo: cajas magnéticas con un diseño artístico impresionante y colores vibrantes que anticipan la explosión de sabor y aroma que encontrarás en su interior.<br /><br />Un Ritual de Tacto y Sabor<br />Este producto es una joya de la cosmética erótica gracias a su increíble versatilidad. No es solo un polvo corporal; es una herramienta para explorar nuevas sensaciones en pareja:<br /><br />Masaje Seco Relajante: Su textura ultrafina permite que las manos se deslicen sobre la piel con una suavidad aterciopelada, ideal para quienes prefieren una alternativa a los aceites tradicionales.<br /><br />Experiencia 100% Comestible: Convierte el cuerpo de tu pareja en un postre irresistible. Su sabor dulce y equilibrado es perfecto para juegos de besos y caricias orales.<br /><br />Frescura Diaria: Gracias a su capacidad de absorción, funciona maravillosamente como polvo secante, manteniendo la piel fresca, seca y deliciosamente perfumada durante todo el día.<br /><br />Ambiente Romántico: Espolvoréalo ligeramente sobre las sábanas para que su aroma exótico impregne el dormitorio y cree una atmósfera de ensueño.<br /><br />Presentación de Lujo: El Regalo Perfecto<br />Cada detalle ha sido cuidado para ofrecer una experiencia de ""unboxing"" inigualable. Las llamativas cajas magnéticas no solo protegen el producto, sino que lo convierten en un objeto de deseo.<br /><br />Accesorios Exclusivos: Incluye un plumero de tacto sedoso a juego con el color del sabor elegido, adornado con una elegante cinta negra que luce el logotipo de Shunga bordado en hilo dorado.<br /><br />Diseño Funcional: Los 75 gramos de polvo vienen en un recipiente transparente que te permite ver cuánto queda. Además, incorpora un tamiz que asegura un vertido controlado y una aplicación uniforme sobre la piel o las sábanas.<br /><br />Sabores Exóticos para Cada Ocasión<br />Elige el aroma que mejor encaje con tu estado de ánimo entre sus 4 deliciosas variedades:<br /><br />Vino Espumoso de Fresa: Elegante, festivo y romántico.<br /><br />Sensación de Frambuesa: Dulce, intenso y vibrante.<br /><br />Emoción de Coco: Exótico, cremoso y paradisíaco.<br /><br />Mango Delicioso: Tropical, jugoso y lleno de energía.<br /><br />Especificaciones del Producto:<br />Contenido: 75g de polvo fino.<br /><br />Incluye: Caja magnética de lujo y plumero bordado.<br /><br />Propiedades: Comestible, sin gluten y libre de parabenos.<br /><br />Uso: Masaje, secante corporal y juego erótico.</p>",SHUNGA,cosmetica intima,FALSE,draft,SH1080,697309031080,Title,Default Title,30.90,TRUE,shopify,11,DENY,110,g,TRUE,manual,https://backoffice.saintsual.com/38212-superlarge_default_2x/shunga-polvos-corporales-75-gr-fresas-champagne.jpg,1,SHUNGA POLVOS CORPORALES 75 GR. FRESAS CHAMPAGNE,FALSE
,shunga-polvos-corporales-75-gr-fresas-champagne,,,,,,,,,,,,,,,,,,,https://backoffice.saintsual.com/38217-superlarge_default_2x/shunga-polvos-corporales-75-gr-fresas-champagne.jpg,2,SHUNGA POLVOS CORPORALES 75 GR. FRESAS CHAMPAGNE,
,shunga-polvos-corporales-75-gr-fresas-champagne,,,,,,,,,,,,,,,,,,,https://backoffice.saintsual.com/38205-superlarge_default_2x/shunga-polvos-corporales-75-gr-fresas-champagne.jpg,3,SHUNGA POLVOS CORPORALES 75 GR. FRESAS CHAMPAGNE,
,shunga-polvos-corporales-75-gr-fresas-champagne,,,,,,,,,,,,,,,,,,,https://backoffice.saintsual.com/38206-superlarge_default_2x/shunga-polvos-corporales-75-gr-fresas-champagne.jpg,4,SHUNGA POLVOS CORPORALES 75 GR. FRESAS CHAMPAGNE,
,shunga-polvos-corporales-75-gr-fresas-champagne,,,,,,,,,,,,,,,,,,,https://backoffice.saintsual.com/38209-superlarge_default_2x/shunga-polvos-corporales-75-gr-fresas-champagne.jpg,5,SHUNGA POLVOS CORPORALES 75 GR. FRESAS CHAMPAGNE,
,shunga-polvos-corporales-75-gr-fresas-champagne,,,,,,,,,,,,,,,,,,,https://backoffice.saintsual.com/38211-superlarge_default_2x/shunga-polvos-corporales-75-gr-fresas-champagne.jpg,6,SHUNGA POLVOS CORPORALES 75 GR. FRESAS CHAMPAGNE,
,shunga-polvos-corporales-75-gr-fresas-champagne,,,,,,,,,,,,,,,,,,,https://backoffice.saintsual.com/38213-superlarge_default_2x/shunga-polvos-corporales-75-gr-fresas-champagne.jpg,7,SHUNGA POLVOS CORPORALES 75 GR. FRESAS CHAMPAGNE,
,shunga-polvos-corporales-75-gr-fresas-champagne,,,,,,,,,,,,,,,,,,,https://backoffice.saintsual.com/38214-superlarge_default_2x/shunga-polvos-corporales-75-gr-fresas-champagne.jpg,8,SHUNGA POLVOS CORPORALES 75 GR. FRESAS CHAMPAGNE,
,shunga-polvos-corporales-75-gr-fresas-champagne,,,,,,,,,,,,,,,,,,,https://backoffice.saintsual.com/38215-superlarge_default_2x/shunga-polvos-corporales-75-gr-fresas-champagne.jpg,9,SHUNGA POLVOS CORPORALES 75 GR. FRESAS CHAMPAGNE,
SHUNGA POLVOS CORPORALES 75 GR. COCO,shunga-polvos-corporales-75-gr-coco,"<p>Aquí tienes una propuesta de descripción larga, elegante y detallada, ideal para resaltar el lujo y la versatilidad de este producto en tu tienda online.<br /><br />Polvos Corporales Shunga: El Lujo del Masaje Seco y el Placer Gourmet<br />Shunga redefine la seducción con la evolución de uno de sus productos más icónicos. Anteriormente presentados en la clásica lata negra, los nuevos Polvos Corporales de Shunga llegan ahora en una presentación de lujo: cajas magnéticas con un diseño artístico impresionante y colores vibrantes que anticipan la explosión de sabor y aroma que encontrarás en su interior.<br /><br />Un Ritual de Tacto y Sabor<br />Este producto es una joya de la cosmética erótica gracias a su increíble versatilidad. No es solo un polvo corporal; es una herramienta para explorar nuevas sensaciones en pareja:<br /><br />Masaje Seco Relajante: Su textura ultrafina permite que las manos se deslicen sobre la piel con una suavidad aterciopelada, ideal para quienes prefieren una alternativa a los aceites tradicionales.<br /><br />Experiencia 100% Comestible: Convierte el cuerpo de tu pareja en un postre irresistible. Su sabor dulce y equilibrado es perfecto para juegos de besos y caricias orales.<br /><br />Frescura Diaria: Gracias a su capacidad de absorción, funciona maravillosamente como polvo secante, manteniendo la piel fresca, seca y deliciosamente perfumada durante todo el día.<br /><br />Ambiente Romántico: Espolvoréalo ligeramente sobre las sábanas para que su aroma exótico impregne el dormitorio y cree una atmósfera de ensueño.<br /><br />Presentación de Lujo: El Regalo Perfecto<br />Cada detalle ha sido cuidado para ofrecer una experiencia de ""unboxing"" inigualable. Las llamativas cajas magnéticas no solo protegen el producto, sino que lo convierten en un objeto de deseo.<br /><br />Accesorios Exclusivos: Incluye un plumero de tacto sedoso a juego con el color del sabor elegido, adornado con una elegante cinta negra que luce el logotipo de Shunga bordado en hilo dorado.<br /><br />Diseño Funcional: Los 75 gramos de polvo vienen en un recipiente transparente que te permite ver cuánto queda. Además, incorpora un tamiz que asegura un vertido controlado y una aplicación uniforme sobre la piel o las sábanas.<br /><br />Sabores Exóticos para Cada Ocasión<br />Elige el aroma que mejor encaje con tu estado de ánimo entre sus 4 deliciosas variedades:<br /><br />Vino Espumoso de Fresa: Elegante, festivo y romántico.<br /><br />Sensación de Frambuesa: Dulce, intenso y vibrante.<br /><br />Emoción de Coco: Exótico, cremoso y paradisíaco.<br /><br />Mango Delicioso: Tropical, jugoso y lleno de energía.<br /><br />Especificaciones del Producto:<br />Contenido: 75g de polvo fino.<br /><br />Incluye: Caja magnética de lujo y plumero bordado.<br /><br />Propiedades: Comestible, sin gluten y libre de parabenos.<br /><br />Uso: Masaje, secante corporal y juego erótico.</p>",SHUNGA,cosmetica intima,FALSE,draft,SH1103,697309031103,Title,Default Title,30.90,TRUE,shopify,43,DENY,110,g,TRUE,manual,https://backoffice.saintsual.com/38186-superlarge_default_2x/shunga-polvos-corporales-75-gr-coco.jpg,1,SHUNGA POLVOS CORPORALES 75 GR. COCO,FALSE
,shunga-polvos-corporales-75-gr-coco,,,,,,,,,,,,,,,,,,,https://backoffice.saintsual.com/38182-superlarge_default_2x/shunga-polvos-corporales-75-gr-coco.jpg,2,SHUNGA POLVOS CORPORALES 75 GR. COCO,
,shunga-polvos-corporales-75-gr-coco,,,,,,,,,,,,,,,,,,,https://backoffice.saintsual.com/38181-superlarge_default_2x/shunga-polvos-corporales-75-gr-coco.jpg,3,SHUNGA POLVOS CORPORALES 75 GR. COCO,
,shunga-polvos-corporales-75-gr-coco,,,,,,,,,,,,,,,,,,,https://backoffice.saintsual.com/38183-superlarge_default_2x/shunga-polvos-corporales-75-gr-coco.jpg,4,SHUNGA POLVOS CORPORALES 75 GR. COCO,
,shunga-polvos-corporales-75-gr-coco,,,,,,,,,,,,,,,,,,,https://backoffice.saintsual.com/38184-superlarge_default_2x/shunga-polvos-corporales-75-gr-coco.jpg,5,SHUNGA POLVOS CORPORALES 75 GR. COCO,
,shunga-polvos-corporales-75-gr-coco,,,,,,,,,,,,,,,,,,,https://backoffice.saintsual.com/38185-superlarge_default_2x/shunga-polvos-corporales-75-gr-coco.jpg,6,SHUNGA POLVOS CORPORALES 75 GR. COCO,
,shunga-polvos-corporales-75-gr-coco,,,,,,,,,,,,,,,,,,,https://backoffice.saintsual.com/38187-superlarge_default_2x/shunga-polvos-corporales-75-gr-coco.jpg,7,SHUNGA POLVOS CORPORALES 75 GR. COCO,
,shunga-polvos-corporales-75-gr-coco,,,,,,,,,,,,,,,,,,,https://backoffice.saintsual.com/38188-superlarge_default_2x/shunga-polvos-corporales-75-gr-coco.jpg,8,SHUNGA POLVOS CORPORALES 75 GR. COCO,
,shunga-polvos-corporales-75-gr-coco,,,,,,,,,,,,,,,,,,,https://backoffice.saintsual.com/38189-superlarge_default_2x/shunga-polvos-corporales-75-gr-coco.jpg,9,SHUNGA POLVOS CORPORALES 75 GR. COCO,
ACEITE MASAJE ORGÁNICO MANGO 240 ML,aceite-masaje-organico-mango-240-ml,"<p>Aceite de Masaje Orgánico Shunga: Pureza Natural para tus Sentidos<br />Descubre el equilibrio perfecto entre la naturaleza y el placer con el Aceite de Masaje 100% Orgánico de Shunga. Este elixir ha sido creado para quienes buscan un contacto íntimo consciente, utilizando solo los ingredientes más puros que la tierra nos ofrece. Su fórmula ligera y sedosa permite un deslizamiento infinito, convirtiendo cada masaje en una experiencia de bienestar profundo y respeto por el cuerpo.<br /><br />Calidad Orgánica Certificada<br />Lo que diferencia a este aceite es su compromiso con la pureza. Formulado con aceites vegetales refinados y biológicamente certificados, garantiza una experiencia libre de químicos sintéticos. Al ser un producto de origen orgánico, ofrece beneficios que van más allá del simple masaje:<br /><br /><br />100% Comestible: A diferencia de otros aceites, su pureza permite que sea ingerido de forma segura, ideal para masajes que terminan en besos y caricias.<br /><br />Libre de Alérgenos: Una fórmula limpia, libre de gluten, parabenos y azúcares, diseñada para minimizar cualquier riesgo de irritación.<br /><br />Apto para Todos: Su composición es 100% vegana, sin aceites minerales ni ingredientes de origen animal.<br /><br />Un Tratamiento de Belleza y Salud<br />Mientras disfrutas del masaje, este aceite trabaja activamente en el cuidado de tu dermis. Gracias a su alto contenido en Vitamina E, actúa como un poderoso antioxidante que protege las células de la piel y combate el envejecimiento. El resultado es una piel profundamente nutrida, elástica y con un tacto aterciopelado, sin dejar ninguna sensación grasienta tras su uso.<br /><br />Seguridad y Versatilidad<br />Este aceite ha sido diseñado para integrarse perfectamente en tus juegos íntimos. Es totalmente compatible con el látex, lo que te permite usarlo con confianza sin dañar preservativos. Aunque su textura es deliciosa y segura para la piel, se recomienda disfrutarlo sobre el cuerpo y no utilizarlo como lubricante íntimo interno.<br /><br />Por qué elegir el Aceite Orgánico Shunga:<br />Textura Superior: Deslizamiento óptimo para masajes de larga duración.<br /><br />Fórmula Limpia: Ingredientes biológicos que respetan el pH y la salud de la piel.<br /><br />Absorción Inteligente: Nutre intensamente pero deja la piel suave y limpia al finalizar.<br /><br />Envase de 240 ml: Tamaño ideal para disfrutar de numerosos rituales de pasión.<br /><br />Especificaciones Técnicas:<br />- Contenido: 240 ml.<br />- Ingredientes Clave: Aceites vegetales orgánicos y Vitamina E.<br />- Compatibilidad: Seguro con látex.<br />- Libre de: Gluten, azúcares, parabenos y aceites minerales.</p>
<p></p>",SHUNGA,cosmetica intima,FALSE,draft,SH3031,697309013031,Title,Default Title,29.90,TRUE,shopify,7,DENY,262,g,TRUE,manual,https://backoffice.saintsual.com/49834-superlarge_default_2x/aceite-masaje-organico-mango-240-ml.jpg,1,ACEITE MASAJE ORGÁNICO MANGO 240 ML,FALSE
,aceite-masaje-organico-mango-240-ml,,,,,,,,,,,,,,,,,,,https://backoffice.saintsual.com/58545-superlarge_default_2x/aceite-masaje-organico-mango-240-ml.jpg,2,ACEITE MASAJE ORGÁNICO MANGO 240 ML,
SHUNGA CALENDARIO DESIRES ESPECIAL 25 ANIVERSARIO,shunga-calendario-desires-especial-25-aniversario,"<p>CELEBRANDO 25 AÑOS DE PASIÓN<br /><br />COLECCIÓN EXCLUSIVA 25 ANIVERSARIO<br /><br />25 artículos de los más vendidos de SHUNGA, incluyendo productos, sabores y fragancias exclusivos.<br /><br />Esta caja de lujo contiene:<br /><br />• 12 Favoritos en formato de viaje<br /><br />• 8 Productos en tamaño regular<br /><br />• 4 Accesorios traviesos<br /><br />• 1 Masajeador íntimo</p>
<p>Este kit contiene:</p>
<p>- Sales de Baño Ocean Tempations - Moonlight Bath - 75 g| 2.6 oz<br />- SECRET GARDEN - 30 ml | 1 fl. oz<br />- Crema Dragon sensitive - 25 ml | 0.85 fl. oz<br />- Polvos de frambuesa - 23 g| 0.8 oz<br />- Collar de perlas<br />- Crema de masaje de Almendras - 25 ml | 0.85 fl. oz<br />- Gel de Baño de menta - 60 ml | 2 fl. oz<br />- Antifaz<br />- Limpiador Gentle Cleaner - 115 ml | 3.89 fl. oz<br />- RAIN OF LOVE - 25 ml | 0.85 fl. oz<br />- Vibrador Masajeador Obi<br />- Gloss Placer Oral Divino Fresas/Champagne - 10 ml | 0.33 fl. oz<br />- Aceite calor afrodisíaco Frutas Exoticas - 60 ml | 2 fl. oz<br />- Pintura Corporal Chocolate - 60 ml | 2 fl. oz<br />- SECRET GARDEN - 30 ml | 1 fl. oz<br />- Toko Lubricante Frambuesa - 60 ml | 2 fl. oz<br />- HOLD ME TIGHT - 25 ml | 0.85 fl. oz<br />- Aceite Masaje Rosas - 60 ml | 2 fl. oz<br />- Plumero Suave<br />- Polvos de frambuesa - 23 g| 0.8 oz<br />- Aceite Masaje Orgánico Mango - 60 ml | 2 fl. oz<br />- Spray Oral WAVES Sandía - 20 ml | 0.7 fl. oz<br />- Bala Vibradora<br />- LOTUS NOIR - 60 ml | 2 fl. oz<br />- Vela Masaje Islas - 30 ml | 1 fl. oz<br />- TOKO Aqua Lubricante - 60 ml | 2 fl. oz</p>",SHUNGA,cosmetica intima,FALSE,draft,SH0251,697309020251,Title,Default Title,129.90,TRUE,shopify,802,DENY,2310,g,TRUE,manual,https://backoffice.saintsual.com/54865-superlarge_default_2x/shunga-calendario-desires-especial-25-aniversario.jpg,1,SHUNGA CALENDARIO DESIRES ESPECIAL 25 ANIVERSARIO,FALSE
,shunga-calendario-desires-especial-25-aniversario,,,,,,,,,,,,,,,,,,,https://backoffice.saintsual.com/54866-superlarge_default_2x/shunga-calendario-desires-especial-25-aniversario.jpg,2,SHUNGA CALENDARIO DESIRES ESPECIAL 25 ANIVERSARIO,
,shunga-calendario-desires-especial-25-aniversario,,,,,,,,,,,,,,,,,,,https://backoffice.saintsual.com/54867-superlarge_default_2x/shunga-calendario-desires-especial-25-aniversario.jpg,3,SHUNGA CALENDARIO DESIRES ESPECIAL 25 ANIVERSARIO,
,shunga-calendario-desires-especial-25-aniversario,,,,,,,,,,,,,,,,,,,https://backoffice.saintsual.com/54868-superlarge_default_2x/shunga-calendario-desires-especial-25-aniversario.jpg,4,SHUNGA CALENDARIO DESIRES ESPECIAL 25 ANIVERSARIO,
,shunga-calendario-desires-especial-25-aniversario,,,,,,,,,,,,,,,,,,,https://backoffice.saintsual.com/54869-superlarge_default_2x/shunga-calendario-desires-especial-25-aniversario.jpg,5,SHUNGA CALENDARIO DESIRES ESPECIAL 25 ANIVERSARIO,
,shunga-calendario-desires-especial-25-aniversario,,,,,,,,,,,,,,,,,,,https://backoffice.saintsual.com/54870-superlarge_default_2x/shunga-calendario-desires-especial-25-aniversario.jpg,6,SHUNGA CALENDARIO DESIRES ESPECIAL 25 ANIVERSARIO,
,shunga-calendario-desires-especial-25-aniversario,,,,,,,,,,,,,,,,,,,https://backoffice.saintsual.com/54871-superlarge_default_2x/shunga-calendario-desires-especial-25-aniversario.jpg,7,SHUNGA CALENDARIO DESIRES ESPECIAL 25 ANIVERSARIO,
,shunga-calendario-desires-especial-25-aniversario,,,,,,,,,,,,,,,,,,,https://backoffice.saintsual.com/54872-superlarge_default_2x/shunga-calendario-desires-especial-25-aniversario.jpg,8,SHUNGA CALENDARIO DESIRES ESPECIAL 25 ANIVERSARIO,
,shunga-calendario-desires-especial-25-aniversario,,,,,,,,,,,,,,,,,,,https://backoffice.saintsual.com/54873-superlarge_default_2x/shunga-calendario-desires-especial-25-aniversario.jpg,9,SHUNGA CALENDARIO DESIRES ESPECIAL 25 ANIVERSARIO,
,shunga-calendario-desires-especial-25-aniversario,,,,,,,,,,,,,,,,,,,https://backoffice.saintsual.com/54874-superlarge_default_2x/shunga-calendario-desires-especial-25-aniversario.jpg,10,SHUNGA CALENDARIO DESIRES ESPECIAL 25 ANIVERSARIO,
,shunga-calendario-desires-especial-25-aniversario,,,,,,,,,,,,,,,,,,,https://backoffice.saintsual.com/54875-superlarge_default_2x/shunga-calendario-desires-especial-25-aniversario.jpg,11,SHUNGA CALENDARIO DESIRES ESPECIAL 25 ANIVERSARIO,
,shunga-calendario-desires-especial-25-aniversario,,,,,,,,,,,,,,,,,,,https://backoffice.saintsual.com/54876-superlarge_default_2x/shunga-calendario-desires-especial-25-aniversario.jpg,12,SHUNGA CALENDARIO DESIRES ESPECIAL 25 ANIVERSARIO,
LUBRICANTE TOKO FRAMBUESA,lubricante-toko-frambuesa,"<p>Aquí tienes una propuesta de descripción larga, diseñada para resaltar tanto la funcionalidad técnica como el placer sensorial de este lubricante, ideal para una ficha de producto premium.<br /><br />Toko Aroma: El Lubricante de Frutas que Despierta tus Sentidos (165 ml)<br />Eleva la calidad de tus encuentros íntimos con Toko Aroma, una de las joyas de la marca Shunga. Este lubricante no es solo un facilitador de la intimidad, es una experiencia gourmet diseñada para quienes no quieren elegir entre funcionalidad, sabor y una textura inigualable.<br /><br />Lubricación que Imita a la Naturaleza<br />La fórmula de Toko Aroma ha sido perfeccionada para reproducir la lubricación natural del cuerpo de la manera más fiel posible. Gracias a su base de agua de alta calidad, ofrece una sensación ultrasedosa y fluida que elimina cualquier fricción incómoda, permitiendo que la penetración sea suave, placentera y, sobre todo, muy natural.<br /><br />Un Festín de Sabor a Fruta Fresca (Sin Azúcar)<br />¿Por qué conformarse con un lubricante neutro cuando puedes añadir un toque delicioso? Toko Aroma está infusionado con un intenso sabor a fruta fresca que transforma el sexo oral en un momento dulce y divertido.<br /><br />0% Azúcar: Disfruta de su sabor exquisito sin preocuparte por las calorías o por posibles desequilibrios en el pH de la zona íntima.<br /><br />Sin Regusto Químico: Elaborado con ingredientes seleccionados para garantizar que el sabor sea tan auténtico como la fruta misma.<br /><br />Textura Duradera y Sensación de Seda<br />A diferencia de otros lubricantes de base acuosa que se secan rápidamente, la línea Aroma está diseñada para ser duradera. Una pequeña cantidad es suficiente para mantener una hidratación constante, permitiendo que sientas cada movimiento de tu pareja al máximo, sin interrupciones para volver a aplicar producto.<br /><br />Características que lo hacen único:<br />Efecto Ultrasedoso: Tacto suave que mejora la sensibilidad y el deslizamiento.<br /><br />Compatible con Látex: Puedes usarlo con total seguridad con preservativos y todo tipo de juguetes de silicona.<br /><br />Fácil Limpieza: Al ser de base acuosa, no mancha las sábanas y se retira fácilmente con agua, sin dejar residuos pegajosos.<br /><br />Envase Generoso de 165 ml: Un formato elegante y duradero para que nunca falte en tus momentos de pasión.<br /><br />Versatilidad Total: Ideal tanto para el juego preliminar (sexo oral) como para la penetración vaginal o anal.<br /><br />¿Por qué elegir Toko Aroma?<br />Si buscas un producto que combine la seguridad de un lubricante médico con el erotismo de un producto de placer, Toko Aroma es la elección perfecta. Es la herramienta ideal para parejas que desean explorar sensaciones frescas, dulces y profundamente sedosas.</p>
<p class=""MsoNormal"">Ingredientes: Water/Eau (Aqua), Glycerin USP/Glycérine USP, Propylene Glycol,<span> </span>Flavor/Saveur<span> </span>(Aroma),<span> </span>Sucralose,<span> </span>Hydroxyethylcellulose.<span> </span>Exotic<span> </span>Fruits/Fruits exotiques: D-Limonene.</p>
<p></p>",SHUNGA,cosmetica intima,FALSE,draft,SH4415,697309064415,Title,Default Title,20.90,TRUE,shopify,0,DENY,0,g,TRUE,manual,https://backoffice.saintsual.com/55460-superlarge_default_2x/lubricante-toko-frambuesa.jpg,1,LUBRICANTE TOKO FRAMBUESA,FALSE
SHUNGA SPRAY ORAL WAVES PLEASURE 20 ML FRUTAS EXÓTICAS,shunga-spray-oral-waves-pleasure-20-ml-frutas-exoticas,"<p>SPRAY PARA EL PLACER ORAL<br /><br />Deleita a tu pareja con una experiencia de sexo oral inolvidable. Con unas pocas pulverizaciones, transforma tu boca en una irresistible fuente de placer, rebosante de saliva.<br /><br />Ideal para acariciar, lamer y envolver suavemente la zona íntima de tu amante.<br /><br />¡Tu pareja te rogará por más!<br /><br />Ingredientes (I.N.C.I.): Agua, glicerina USP, ácido cítrico, citrato de potasio, aroma, benzoato de sodio, sucralosa, limoneno, vainillina.</p>",SHUNGA,cosmetica intima,FALSE,draft,SH8027,697309038027,Title,Default Title,15.90,TRUE,shopify,0,DENY,300,g,TRUE,manual,https://backoffice.saintsual.com/56777-superlarge_default_2x/shunga-spray-oral-waves-pleasure-20-ml-frutas-exoticas.jpg,1,SHUNGA SPRAY ORAL WAVES PLEASURE 20 ML FRUTAS EXÓTICAS,FALSE
,shunga-spray-oral-waves-pleasure-20-ml-frutas-exoticas,,,,,,,,,,,,,,,,,,,https://backoffice.saintsual.com/56778-superlarge_default_2x/shunga-spray-oral-waves-pleasure-20-ml-frutas-exoticas.jpg,2,SHUNGA SPRAY ORAL WAVES PLEASURE 20 ML FRUTAS EXÓTICAS,
,shunga-spray-oral-waves-pleasure-20-ml-frutas-exoticas,,,,,,,,,,,,,,,,,,,https://backoffice.saintsual.com/56772-superlarge_default_2x/shunga-spray-oral-waves-pleasure-20-ml-frutas-exoticas.jpg,3,SHUNGA SPRAY ORAL WAVES PLEASURE 20 ML FRUTAS EXÓTICAS,
,shunga-spray-oral-waves-pleasure-20-ml-frutas-exoticas,,,,,,,,,,,,,,,,,,,https://backoffice.saintsual.com/56773-superlarge_default_2x/shunga-spray-oral-waves-pleasure-20-ml-frutas-exoticas.jpg,4,SHUNGA SPRAY ORAL WAVES PLEASURE 20 ML FRUTAS EXÓTICAS,
,shunga-spray-oral-waves-pleasure-20-ml-frutas-exoticas,,,,,,,,,,,,,,,,,,,https://backoffice.saintsual.com/56774-superlarge_default_2x/shunga-spray-oral-waves-pleasure-20-ml-frutas-exoticas.jpg,5,SHUNGA SPRAY ORAL WAVES PLEASURE 20 ML FRUTAS EXÓTICAS,
,shunga-spray-oral-waves-pleasure-20-ml-frutas-exoticas,,,,,,,,,,,,,,,,,,,https://backoffice.saintsual.com/56775-superlarge_default_2x/shunga-spray-oral-waves-pleasure-20-ml-frutas-exoticas.jpg,6,SHUNGA SPRAY ORAL WAVES PLEASURE 20 ML FRUTAS EXÓTICAS,
,shunga-spray-oral-waves-pleasure-20-ml-frutas-exoticas,,,,,,,,,,,,,,,,,,,https://backoffice.saintsual.com/56776-superlarge_default_2x/shunga-spray-oral-waves-pleasure-20-ml-frutas-exoticas.jpg,7,SHUNGA SPRAY ORAL WAVES PLEASURE 20 ML FRUTAS EXÓTICAS,
SHUNGA SPRAY ORAL WAVES PLEASURE 20 ML SANDÍA,shunga-spray-oral-waves-pleasure-20-ml-sandia,"<p>SPRAY PARA EL PLACER ORAL<br /><br />Deleita a tu pareja con una experiencia de sexo oral inolvidable. Con unas pocas pulverizaciones, transforma tu boca en una irresistible fuente de placer, rebosante de saliva.<br /><br />Ideal para acariciar, lamer y envolver suavemente la zona íntima de tu amante.<br /><br />¡Tu pareja te rogará por más!<br /><br />Ingredientes (INCI): Agua, glicerina USP, ácido cítrico, citrato de potasio, aroma, benzoato de sodio, sucralosa, limoneno, vainillina.</p>",SHUNGA,cosmetica intima,FALSE,draft,SH8058,697309038058,Title,Default Title,15.90,TRUE,shopify,15,DENY,300,g,TRUE,manual,https://backoffice.saintsual.com/56785-superlarge_default_2x/shunga-spray-oral-waves-pleasure-20-ml-sandia.jpg,1,SHUNGA SPRAY ORAL WAVES PLEASURE 20 ML SANDÍA,FALSE
,shunga-spray-oral-waves-pleasure-20-ml-sandia,,,,,,,,,,,,,,,,,,,https://backoffice.saintsual.com/56784-superlarge_default_2x/shunga-spray-oral-waves-pleasure-20-ml-sandia.jpg,2,SHUNGA SPRAY ORAL WAVES PLEASURE 20 ML SANDÍA,
,shunga-spray-oral-waves-pleasure-20-ml-sandia,,,,,,,,,,,,,,,,,,,https://backoffice.saintsual.com/56779-superlarge_default_2x/shunga-spray-oral-waves-pleasure-20-ml-sandia.jpg,3,SHUNGA SPRAY ORAL WAVES PLEASURE 20 ML SANDÍA,
,shunga-spray-oral-waves-pleasure-20-ml-sandia,,,,,,,,,,,,,,,,,,,https://backoffice.saintsual.com/56780-superlarge_default_2x/shunga-spray-oral-waves-pleasure-20-ml-sandia.jpg,4,SHUNGA SPRAY ORAL WAVES PLEASURE 20 ML SANDÍA,
,shunga-spray-oral-waves-pleasure-20-ml-sandia,,,,,,,,,,,,,,,,,,,https://backoffice.saintsual.com/56781-superlarge_default_2x/shunga-spray-oral-waves-pleasure-20-ml-sandia.jpg,5,SHUNGA SPRAY ORAL WAVES PLEASURE 20 ML SANDÍA,
,shunga-spray-oral-waves-pleasure-20-ml-sandia,,,,,,,,,,,,,,,,,,,https://backoffice.saintsual.com/56782-superlarge_default_2x/shunga-spray-oral-waves-pleasure-20-ml-sandia.jpg,6,SHUNGA SPRAY ORAL WAVES PLEASURE 20 ML SANDÍA,
,shunga-spray-oral-waves-pleasure-20-ml-sandia,,,,,,,,,,,,,,,,,,,https://backoffice.saintsual.com/56783-superlarge_default_2x/shunga-spray-oral-waves-pleasure-20-ml-sandia.jpg,7,SHUNGA SPRAY ORAL WAVES PLEASURE 20 ML SANDÍA,
SHUNGA SPRAY ORAL WAVES PLEASURE 20 ML FRESAS CHAMPAGNE,shunga-spray-oral-waves-pleasure-20-ml-fresas-champagne,"<p>SPRAY PARA EL PLACER ORAL<br /><br />Deleita a tu pareja con una experiencia de sexo oral inolvidable. Con unas pocas pulverizaciones, transforma tu boca en una irresistible fuente de placer, rebosante de saliva.<br /><br />Ideal para acariciar, lamer y envolver suavemente la zona íntima de tu amante.<br /><br />¡Tu pareja te rogará por más!<br /><br /><br />Ingredientes (INCI): Agua, glicerina USP, ácido cítrico, citrato de potasio, aroma, benzoato de sodio, sucralosa.</p>",SHUNGA,cosmetica intima,FALSE,draft,SH8089,697309038089,Title,Default Title,15.90,TRUE,shopify,40,DENY,300,g,TRUE,manual,https://backoffice.saintsual.com/56792-superlarge_default_2x/shunga-spray-oral-waves-pleasure-20-ml-fresas-champagne.jpg,1,SHUNGA SPRAY ORAL WAVES PLEASURE 20 ML FRESAS CHAMPAGNE,FALSE
,shunga-spray-oral-waves-pleasure-20-ml-fresas-champagne,,,,,,,,,,,,,,,,,,,https://backoffice.saintsual.com/56791-superlarge_default_2x/shunga-spray-oral-waves-pleasure-20-ml-fresas-champagne.jpg,2,SHUNGA SPRAY ORAL WAVES PLEASURE 20 ML FRESAS CHAMPAGNE,
,shunga-spray-oral-waves-pleasure-20-ml-fresas-champagne,,,,,,,,,,,,,,,,,,,https://backoffice.saintsual.com/56786-superlarge_default_2x/shunga-spray-oral-waves-pleasure-20-ml-fresas-champagne.jpg,3,SHUNGA SPRAY ORAL WAVES PLEASURE 20 ML FRESAS CHAMPAGNE,
,shunga-spray-oral-waves-pleasure-20-ml-fresas-champagne,,,,,,,,,,,,,,,,,,,https://backoffice.saintsual.com/56787-superlarge_default_2x/shunga-spray-oral-waves-pleasure-20-ml-fresas-champagne.jpg,4,SHUNGA SPRAY ORAL WAVES PLEASURE 20 ML FRESAS CHAMPAGNE,
,shunga-spray-oral-waves-pleasure-20-ml-fresas-champagne,,,,,,,,,,,,,,,,,,,https://backoffice.saintsual.com/56788-superlarge_default_2x/shunga-spray-oral-waves-pleasure-20-ml-fresas-champagne.jpg,5,SHUNGA SPRAY ORAL WAVES PLEASURE 20 ML FRESAS CHAMPAGNE,
,shunga-spray-oral-waves-pleasure-20-ml-fresas-champagne,,,,,,,,,,,,,,,,,,,https://backoffice.saintsual.com/56789-superlarge_default_2x/shunga-spray-oral-waves-pleasure-20-ml-fresas-champagne.jpg,6,SHUNGA SPRAY ORAL WAVES PLEASURE 20 ML FRESAS CHAMPAGNE,
,shunga-spray-oral-waves-pleasure-20-ml-fresas-champagne,,,,,,,,,,,,,,,,,,,https://backoffice.saintsual.com/56790-superlarge_default_2x/shunga-spray-oral-waves-pleasure-20-ml-fresas-champagne.jpg,7,SHUNGA SPRAY ORAL WAVES PLEASURE 20 ML FRESAS CHAMPAGNE,
ACEITE MASAJE ORGÁNICO FRAMBUESA 240 ML,aceite-masaje-organico-frambuesa-240-ml,"<p>Aceite de masaje orgánico realizado con ingredientes de alta calidad de manera que permite un masaje óptimo dejando la piel suave y sin dejarla grasienta. Contiene aceites aceites vegetales refinados y biológicamente certificados.</p>
<p>Contiene vitamina E para un enriquecimiento de la piel y además actúa como antioxidante.</p>
<p>Los aceites de masaje de Shunga no están realizados a base de aceite mineral ni animal.</p>
<p>Al ser 100% orgánico, es comestible, libre de gluten, parabenos o azúcares y compatible con latex.</p>
<p>No se recomienda usarlo como lubricante íntimo.</p>
<p>Envase de 240 ml.</p>
<p>FRAMBUESA: Aceite de girasol prensado en frío (Helianthus Annuus Seed Oil)*, aceite de colza (Brassica Campestris Seed Oil)*, aroma, aceite de semilla de uva (Vitis Vinifera Seed Oil), aceite de aguacate (Persea Gratissima Oil), aceite de sésamo (Sesamum Indicum Seed Oil), vitamina E natural (tocoferol)*, butilhidroxitolueno (BHT), alcohol bencílico, vainillina. *100% natural.</p>
<p></p>",SHUNGA,cosmetica intima,FALSE,draft,SH3413,697309013413,Title,Default Title,29.90,TRUE,shopify,0,DENY,0,g,TRUE,manual,https://backoffice.saintsual.com/58525-superlarge_default_2x/aceite-masaje-organico-frambuesa-240-ml.jpg,1,ACEITE MASAJE ORGÁNICO FRAMBUESA 240 ML,FALSE
,aceite-masaje-organico-frambuesa-240-ml,,,,,,,,,,,,,,,,,,,https://backoffice.saintsual.com/58520-superlarge_default_2x/aceite-masaje-organico-frambuesa-240-ml.jpg,2,ACEITE MASAJE ORGÁNICO FRAMBUESA 240 ML,
,aceite-masaje-organico-frambuesa-240-ml,,,,,,,,,,,,,,,,,,,https://backoffice.saintsual.com/58518-superlarge_default_2x/aceite-masaje-organico-frambuesa-240-ml.jpg,3,ACEITE MASAJE ORGÁNICO FRAMBUESA 240 ML,
,aceite-masaje-organico-frambuesa-240-ml,,,,,,,,,,,,,,,,,,,https://backoffice.saintsual.com/58519-superlarge_default_2x/aceite-masaje-organico-frambuesa-240-ml.jpg,4,ACEITE MASAJE ORGÁNICO FRAMBUESA 240 ML,
,aceite-masaje-organico-frambuesa-240-ml,,,,,,,,,,,,,,,,,,,https://backoffice.saintsual.com/58531-superlarge_default_2x/aceite-masaje-organico-frambuesa-240-ml.jpg,5,ACEITE MASAJE ORGÁNICO FRAMBUESA 240 ML,
VELA DE MASAJE MANGO 170ML,vela-de-masaje-mango-170ml,"<p>Vela de Masaje Erótico Shunga: El Arte del Tacto y el Calor<br />Transforma una noche ordinaria en una velada inolvidable de relajación y romance. Esta vela de masaje no es solo un elemento decorativo; es una invitación a explorar el placer a través del calor y el aroma. Al encenderla, su cera se convierte en un aceite tibio y sedoso, diseñado para deslizarse suavemente sobre la piel y despertar todos los sentidos.<br /><br />Un Cóctel de Nutrición 100% Natural<br />A diferencia de las velas convencionales, este producto está formulado exclusivamente con aceites vegetales 100% naturales que cuidan y respetan tu cuerpo:<br /><br />- Aceite de Soja: Aporta una textura ligera y facilita el deslizamiento.<br />- Aceite de Coco: Conocido por sus propiedades reparadoras y su aroma tropical sutil.<br />- Aceite de Almendra: Un potente hidratante que nutre las capas profundas de la piel.<br /><br />Gracias a esta mezcla premium, el aceite no obstruye los poros y es apto para todo tipo de pieles, dejándolas con un acabado satinado, hidratado y sin sensación grasa persistente.<br /><br />Una Experiencia Sensorial Única<br />Cada vela desprende una fragancia delicada y sutil que envuelve la habitación, creando el ambiente perfecto para el juego previo o una sesión de fisioterapia relajante en pareja. El aceite alcanza la temperatura ideal para reconfortar los músculos sin quemar, proporcionando un alivio inmediato y una conexión íntima a través del tacto.<br /><br />Instrucciones de Uso y Consejos:<br />Preparación: Enciende la vela aproximadamente 20 minutos antes de comenzar el masaje. Esto permitirá que se forme la cantidad adecuada de aceite líquido.<br /><br /><br />Aplicación: Apaga la llama y vierte el aceite tibio directamente sobre la palma de tu mano o sobre la espalda de tu pareja.<br /><br />Masaje: Extiende el aceite con movimientos circulares y lentos.<br /><br />Especificaciones del Producto:<br />- Composición: Aceites naturales (Soja, Coco y Almendra).<br />- Contenido: Disponible en dos formatos prácticos: 30 ml (ideal para viajes o probar fragancias) y 170 ml (para múltiples sesiones de placer).<br /><br />Precauciones: Solo para uso externo. No es comestible. Debido a que contiene perfumes, se recomienda evitar el contacto con las zonas íntimas y mucosas.</p>",SHUNGA,cosmetica intima,FALSE,draft,SH5032,697309045032,Title,Default Title,27.50,TRUE,shopify,0,DENY,0,g,TRUE,manual,https://backoffice.saintsual.com/58528-superlarge_default_2x/vela-de-masaje-mango-170ml.jpg,1,VELA DE MASAJE MANGO 170ML,FALSE
,vela-de-masaje-mango-170ml,,,,,,,,,,,,,,,,,,,https://backoffice.saintsual.com/58529-superlarge_default_2x/vela-de-masaje-mango-170ml.jpg,2,VELA DE MASAJE MANGO 170ML,
,vela-de-masaje-mango-170ml,,,,,,,,,,,,,,,,,,,https://backoffice.saintsual.com/58532-superlarge_default_2x/vela-de-masaje-mango-170ml.jpg,3,VELA DE MASAJE MANGO 170ML,
,vela-de-masaje-mango-170ml,,,,,,,,,,,,,,,,,,,https://backoffice.saintsual.com/58530-superlarge_default_2x/vela-de-masaje-mango-170ml.jpg,4,VELA DE MASAJE MANGO 170ML,
,vela-de-masaje-mango-170ml,,,,,,,,,,,,,,,,,,,https://backoffice.saintsual.com/58524-superlarge_default_2x/vela-de-masaje-mango-170ml.jpg,5,VELA DE MASAJE MANGO 170ML,
,vela-de-masaje-mango-170ml,,,,,,,,,,,,,,,,,,,https://backoffice.saintsual.com/58523-superlarge_default_2x/vela-de-masaje-mango-170ml.jpg,6,VELA DE MASAJE MANGO 170ML,
VELA DE MASAJE LAVANDA 170ML,vela-de-masaje-lavanda-170ml,"<p>Vela de Masaje Erótico Shunga: El Arte del Tacto y el Calor<br />Transforma una noche ordinaria en una velada inolvidable de relajación y romance. Esta vela de masaje no es solo un elemento decorativo; es una invitación a explorar el placer a través del calor y el aroma. Al encenderla, su cera se convierte en un aceite tibio y sedoso, diseñado para deslizarse suavemente sobre la piel y despertar todos los sentidos.<br /><br />Un Cóctel de Nutrición 100% Natural<br />A diferencia de las velas convencionales, este producto está formulado exclusivamente con aceites vegetales 100% naturales que cuidan y respetan tu cuerpo:<br /><br />- Aceite de Soja: Aporta una textura ligera y facilita el deslizamiento.<br />- Aceite de Coco: Conocido por sus propiedades reparadoras y su aroma tropical sutil.<br />- Aceite de Almendra: Un potente hidratante que nutre las capas profundas de la piel.<br /><br />Gracias a esta mezcla premium, el aceite no obstruye los poros y es apto para todo tipo de pieles, dejándolas con un acabado satinado, hidratado y sin sensación grasa persistente.<br /><br />Una Experiencia Sensorial Única<br />Cada vela desprende una fragancia delicada y sutil que envuelve la habitación, creando el ambiente perfecto para el juego previo o una sesión de fisioterapia relajante en pareja. El aceite alcanza la temperatura ideal para reconfortar los músculos sin quemar, proporcionando un alivio inmediato y una conexión íntima a través del tacto.<br /><br />Instrucciones de Uso y Consejos:<br />Preparación: Enciende la vela aproximadamente 20 minutos antes de comenzar el masaje. Esto permitirá que se forme la cantidad adecuada de aceite líquido.<br /><br /><br />Aplicación: Apaga la llama y vierte el aceite tibio directamente sobre la palma de tu mano o sobre la espalda de tu pareja.<br /><br />Masaje: Extiende el aceite con movimientos circulares y lentos.<br /><br />Especificaciones del Producto:<br />- Composición: Aceites naturales (Soja, Coco y Almendra).<br />- Contenido: Disponible en dos formatos prácticos: 30 ml (ideal para viajes o probar fragancias) y 170 ml (para múltiples sesiones de placer).<br /><br />Precauciones: Solo para uso externo. No es comestible. Debido a que contiene perfumes, se recomienda evitar el contacto con las zonas íntimas y mucosas.</p>",SHUNGA,cosmetica intima,FALSE,draft,SH5063,697309045063,Title,Default Title,27.50,TRUE,shopify,0,DENY,0,g,TRUE,manual,https://backoffice.saintsual.com/58539-superlarge_default_2x/vela-de-masaje-lavanda-170ml.jpg,1,VELA DE MASAJE LAVANDA 170ML,FALSE
,vela-de-masaje-lavanda-170ml,,,,,,,,,,,,,,,,,,,https://backoffice.saintsual.com/58536-superlarge_default_2x/vela-de-masaje-lavanda-170ml.jpg,2,VELA DE MASAJE LAVANDA 170ML,
,vela-de-masaje-lavanda-170ml,,,,,,,,,,,,,,,,,,,https://backoffice.saintsual.com/58541-superlarge_default_2x/vela-de-masaje-lavanda-170ml.jpg,3,VELA DE MASAJE LAVANDA 170ML,
,vela-de-masaje-lavanda-170ml,,,,,,,,,,,,,,,,,,,https://backoffice.saintsual.com/58540-superlarge_default_2x/vela-de-masaje-lavanda-170ml.jpg,4,VELA DE MASAJE LAVANDA 170ML,
,vela-de-masaje-lavanda-170ml,,,,,,,,,,,,,,,,,,,https://backoffice.saintsual.com/58521-superlarge_default_2x/vela-de-masaje-lavanda-170ml.jpg,5,VELA DE MASAJE LAVANDA 170ML,
,vela-de-masaje-lavanda-170ml,,,,,,,,,,,,,,,,,,,https://backoffice.saintsual.com/58522-superlarge_default_2x/vela-de-masaje-lavanda-170ml.jpg,6,VELA DE MASAJE LAVANDA 170ML,
RETARDANTE MALE NATURAL CONTROL SPRAY 20 ML,retardante-male-natural-control-spray-20-ml,"<p>¡Toma el control absoluto del placer y estira tus noches hasta el infinito!<br />El spray de control de placer Pleasure Control de Shunga ha sido especialmente diseñado para el hombre moderno que busca maximizar el rendimiento y disfrutar de relaciones íntimas mucho más duraderas e intensas. Gracias a su fórmula exclusiva con ingredientes naturales seleccionados, te ayuda a regular la sensibilidad sin perder un ápice de placer, garantizando un clímax compartido y plenamente satisfactorio.<br />Lo que lo hace único: Máxima discreción en tu bolsillo<br />Olvídate de los envases aparatosos que delatan tus secretos. Este spray destaca por su elegante diseño minimalista en color negro mate y su práctico formato de viaje de 20 ml. Es tan compacto, plano y sofisticado que parece un encendedor de lujo o un accesorio tecnológico. Nadie sabrá lo que llevas en el bolsillo de la chaqueta, en el pantalón o en el neceser hasta que decidas utilizarlo.</p>
<p>Características principales:<br />• Fórmula de Alta Calidad: Elaborado con extractos naturales y botánicos (como el extracto de Acmella Oleracea, aceite de clavo, canela y menta piperita) que refrescan y calman de forma segura.<br />• Control Total: Ayuda a retrasar la eyaculación, permitiéndote marcar el ritmo de tus encuentros sexuales.<br />• Textura No Grasa: Se absorbe rápidamente en la piel y es agradable al tacto.<br />• Presentación Premium: Fiel a la estética de Shunga Erotic Art, viene en una caja con un hermoso diseño de arte erótico japonés clásico, ideal también para regalar.<br />• Contenido: 20 ml (0.66 fl. oz) – Rinde para numerosas aplicaciones gracias a su dosificador en spray de alta precisión.</p>
<p>Modo de empleo:<br />1. Aplica de 3 a 4 pulverizaciones directamente sobre el glande (la cabeza del pene).<br />2. Realiza un suave masaje para distribuir el producto uniformemente.<br />3. Deja actuar durante unos minutos para que la piel absorba completamente la fórmula antes de iniciar la penetración.<br />4. Si lo consideras necesario, puedes volver a aplicar una pequeña cantidad durante el encuentro.<br /><br /><br /></p>",SHUNGA,cosmetica intima,FALSE,draft,SH1507,697309051507,Title,Default Title,29.90,TRUE,shopify,4,DENY,0,g,TRUE,manual,https://backoffice.saintsual.com/58527-superlarge_default_2x/retardante-male-natural-control-spray-20-ml.jpg,1,RETARDANTE MALE NATURAL CONTROL SPRAY 20 ML,FALSE
,retardante-male-natural-control-spray-20-ml,,,,,,,,,,,,,,,,,,,https://backoffice.saintsual.com/58526-superlarge_default_2x/retardante-male-natural-control-spray-20-ml.jpg,2,RETARDANTE MALE NATURAL CONTROL SPRAY 20 ML,
,retardante-male-natural-control-spray-20-ml,,,,,,,,,,,,,,,,,,,https://backoffice.saintsual.com/58533-superlarge_default_2x/retardante-male-natural-control-spray-20-ml.jpg,3,RETARDANTE MALE NATURAL CONTROL SPRAY 20 ML,
,retardante-male-natural-control-spray-20-ml,,,,,,,,,,,,,,,,,,,https://backoffice.saintsual.com/58534-superlarge_default_2x/retardante-male-natural-control-spray-20-ml.jpg,4,RETARDANTE MALE NATURAL CONTROL SPRAY 20 ML,
,retardante-male-natural-control-spray-20-ml,,,,,,,,,,,,,,,,,,,https://backoffice.saintsual.com/58535-superlarge_default_2x/retardante-male-natural-control-spray-20-ml.jpg,5,RETARDANTE MALE NATURAL CONTROL SPRAY 20 ML,
,retardante-male-natural-control-spray-20-ml,,,,,,,,,,,,,,,,,,,https://backoffice.saintsual.com/58537-superlarge_default_2x/retardante-male-natural-control-spray-20-ml.jpg,6,RETARDANTE MALE NATURAL CONTROL SPRAY 20 ML,
,retardante-male-natural-control-spray-20-ml,,,,,,,,,,,,,,,,,,,https://backoffice.saintsual.com/58538-superlarge_default_2x/retardante-male-natural-control-spray-20-ml.jpg,7,RETARDANTE MALE NATURAL CONTROL SPRAY 20 ML,
