Handle,Title,Body (HTML),Vendor,Product Category,Type,Tags,Published,Option1 Name,Option1 Value,Option2 Name,Option2 Value,Option3 Name,Option3 Value,Variant SKU,Variant Grams,Variant Inventory Tracker,Variant Inventory Qty,Variant Inventory Policy,Variant Fulfillment Service,Variant Price,Variant Compare At Price,Variant Requires Shipping,Variant Taxable,Variant Barcode,Image Src,Image Position,Image Alt Text,Gift Card,SEO Title,SEO Description,Google Shopping / Google Product Category,Google Shopping / Gender,Google Shopping / Age Group,Google Shopping / MPN,Google Shopping / Condition,Google Shopping / Custom Product,Variant Image,Variant Weight Unit,Variant Tax Code,Cost per item,Status
tenga-crysta-masturbador-masculino-ball,TENGA CRYSTA MASTURBADOR MASCULINO BALL,"Con una novedosa técnica en los métodos de fabricación, las partes flotantes integradas en el suave elastómero de crysta crean una experiencia totalmente nueva. Adapta las sensaciones con solo ajustar la fuerza y los puntos de agarre. ¡Descubre una forma de placer que cambia continuamente!\n\nBall\n<ul>\n 	<li>Dinámicas bolas flotantes para disfrutar del placer en movimiento.</li>\n 	<li>Tamaño del producto57×57×90mm / (An.)×(L.)×(Al.)</li>\n 	<li>Peso del producto220gInformación adicional</li>\n 	<li>Reutilizable</li>\n 	<li>Lubricante incluido</li>\n</ul>",TENGA,,Masturbador masculino,"vendor-tenga, publico-el, tipo-masturbador, juguetes-eroticos, sin-vibracion",TRUE,Title,Default Title,,,,,D-226949,380,shopify,1,deny,manual,59.94,,TRUE,TRUE,D-226949,https://sexshoplorena.com/wp-content/uploads/dl/img/img_94723_ce5e2dbecd77d4d971f0d50e9f307591_1.jpg,1,TENGA CRYSTA MASTURBADOR MASCULINO BALL,FALSE,TENGA CRYSTA MASTURBADOR MASCULINO BALL,"Con una novedosa técnica en los métodos de fabricación, las partes flotantes integradas en el suave elastómero de ... Paquete discreto en 24 h",,,adult,D-226949,new,FALSE,https://sexshoplorena.com/wp-content/uploads/dl/img/img_94723_ce5e2dbecd77d4d971f0d50e9f307591_1.jpg,g,,,active
tenga-crysta-masturbador-masculino-ball,,,,,,,,,,,,,,,,,,,,,,,,,https://sexshoplorena.com/wp-content/uploads/dl/img/img_94720_5e2d73a18558602a83cc09a2c52e3aaf_1.jpg,2,TENGA CRYSTA MASTURBADOR MASCULINO BALL,,,,,,,,,,,,,,
tenga-crysta-masturbador-masculino-ball,,,,,,,,,,,,,,,,,,,,,,,,,https://sexshoplorena.com/wp-content/uploads/dl/img/img_94721_7a7d8ee24a7be3146acd478e21649c9f_1.jpg,3,TENGA CRYSTA MASTURBADOR MASCULINO BALL,,,,,,,,,,,,,,
tenga-crysta-masturbador-masculino-ball,,,,,,,,,,,,,,,,,,,,,,,,,https://sexshoplorena.com/wp-content/uploads/dl/img/img_94722_a3df9e5460a43fe55e707c6df59dd655_1.jpg,4,TENGA CRYSTA MASTURBADOR MASCULINO BALL,,,,,,,,,,,,,,
tenga-crysta-masturbador-masculino-ball,,,,,,,,,,,,,,,,,,,,,,,,,https://sexshoplorena.com/wp-content/uploads/dl/img/img_94724_ba21421ec0c086ed701d83c0911b14dc_1.jpg,5,TENGA CRYSTA MASTURBADOR MASCULINO BALL,,,,,,,,,,,,,,
tenga-flex-mastubador-masculino-blanco,TENGA - FLEX MASTUBADOR MASCULINO BLANCO,<p>El Flex blanco de Tenga se trata de un masturbador &uacute;nico dise&ntilde;ado para obtener un placer sin igual cuando tu quieras. Este juguete tiene un dise&ntilde;o texturado y en espiral para que puedas sujetarlo y apretarlo sin problemas&nbsp;</p><p>Este juguete incorpora&nbsp;un satisfactorio efecto succi&oacute;n&nbsp;interno que puede puedes controlar simplemente poniendo el dedo sobre el agujero para hacer la masturbaci&oacute;n mas satisfactoria y al gusto. Se recomienda el uso de lubricante base agua para un m&aacute;ximo placer.&nbsp;</p><p>El Flex es un masturbador flexible con una textura hecha para disfrutar del placer. Adem&aacute;s es muy f&aacute;cil de limpiar y mantener.&nbsp;</p><ul>	<li>Texturado interior y efecto succi&oacute;n din&aacute;mico.&nbsp;</li>	<li>Longitud total: 17 cm&nbsp;</li>	<li>&#8203;Color. Blanco</li></ul>,TENGA,,Masturbador masculino,"vendor-tenga, publico-el, tipo-masturbador, juguetes-eroticos, sin-vibracion",TRUE,Title,Default Title,,,,,D-216577,360,shopify,4,deny,manual,39.99,,TRUE,TRUE,D-216577,https://sexshoplorena.com/wp-content/uploads/2024/05/img_64190_0f9ea8ea04d26ece03955311ab431ce5_1.jpg,1,TENGA - FLEX MASTUBADOR MASCULINO BLANCO,FALSE,TENGA - FLEX MASTUBADOR MASCULINO BLANCO,El Flex blanco de Tenga se trata de un masturbador único diseñado para obtener un placer sin igual cuando ... Paquete discreto en 24 h,,,adult,D-216577,new,FALSE,https://sexshoplorena.com/wp-content/uploads/2024/05/img_64190_0f9ea8ea04d26ece03955311ab431ce5_1.jpg,g,,,active
tenga-flex-mastubador-masculino-blanco,,,,,,,,,,,,,,,,,,,,,,,,,https://sexshoplorena.com/wp-content/uploads/2024/05/img_64188_af334b7cea122567623e86513ad1dc9a_1.jpg,2,TENGA - FLEX MASTUBADOR MASCULINO BLANCO,,,,,,,,,,,,,,
tenga-flex-mastubador-masculino-blanco,,,,,,,,,,,,,,,,,,,,,,,,,https://sexshoplorena.com/wp-content/uploads/2024/05/img_64187_ada9801d3b666eee374ebba9489fdfbc_1.jpg,3,TENGA - FLEX MASTUBADOR MASCULINO BLANCO,,,,,,,,,,,,,,
tenga-flex-mastubador-masculino-blanco,,,,,,,,,,,,,,,,,,,,,,,,,https://sexshoplorena.com/wp-content/uploads/2024/05/img_64189_ff84bab102177fc427fc0e32b386aaac_1.jpg,4,TENGA - FLEX MASTUBADOR MASCULINO BLANCO,,,,,,,,,,,,,,
tenga-flex-mastubador-masculino-blanco,,,,,,,,,,,,,,,,,,,,,,,,,https://sexshoplorena.com/wp-content/uploads/2024/05/img_64556_ffbf83e772d2aabf9287627857ce74c2_1.jpg,5,TENGA - FLEX MASTUBADOR MASCULINO BLANCO,,,,,,,,,,,,,,
tenga-masturbador-geo-aqua,TENGA - MASTURBADOR GEO AQUA,"<p>Impresionantes detalles dimensionales.</p><p>Destacadas sensaciones geom&eacute;tricas.</p><p>Detalles intrincados, inspirados en las matem&aacute;ticas y la naturaleza, adornan el exterior del TENGA GEO.</p><p>Dale la vuelta al GEO y estas formas geom&eacute;tricas se transformar&aacute;n en detalles internos densamente empaquetados.</p><p>Hecho de un material personalizado grueso y suave, disfrute de las sensaciones que se encuentran en estos intrincados detalles.</p><ul>	<li>Invertir el producto para su uso</li>	<li>Art&iacute;culo reutilizable y f&aacute;cil de lavar (se incluye una bolsa de muestra de loci&oacute;n)</li>	<li>Incluye soporte para secado higi&eacute;nico</li></ul><p>Aqua: Cantos fluidos para un placer directo y ondulado.</p><p>Especificaciones:</p><p>Tama&ntilde;o del producto: 87x87x86 mm</p><p>Peso del producto: 200 g</p><p>Otra informaci&oacute;n: lubricante de muestra reutilizable incluido</p>",TENGA,,Masturbador masculino,"vendor-tenga, publico-el, tipo-masturbador, juguetes-eroticos, sin-vibracion",TRUE,Title,Default Title,,,,,D-226945,354,shopify,20,deny,manual,44.95,,TRUE,TRUE,D-226945,https://sexshoplorena.com/wp-content/uploads/2024/05/img_94698_0bb0562c18bbc1913e0b5c5f9ef545d2_1.jpg,1,TENGA - MASTURBADOR GEO AQUA,FALSE,TENGA - MASTURBADOR GEO AQUA,"Impresionantes detalles dimensionales.Destacadas sensaciones geométricas.Detalles intrincados, inspirados en las ... Paquete discreto en 24 h",,,adult,D-226945,new,FALSE,https://sexshoplorena.com/wp-content/uploads/2024/05/img_94698_0bb0562c18bbc1913e0b5c5f9ef545d2_1.jpg,g,,,active
tenga-masturbador-geo-aqua,,,,,,,,,,,,,,,,,,,,,,,,,https://sexshoplorena.com/wp-content/uploads/2024/05/img_94699_0657553b34111d6d36b64e89ad91f897_1.jpg,2,TENGA - MASTURBADOR GEO AQUA,,,,,,,,,,,,,,
tenga-masturbador-geo-aqua,,,,,,,,,,,,,,,,,,,,,,,,,https://sexshoplorena.com/wp-content/uploads/2024/05/img_94700_322b3dbcbfa66576d7c06093d2d90e3c_1.jpg,3,TENGA - MASTURBADOR GEO AQUA,,,,,,,,,,,,,,
tenga-masturbador-geo-aqua,,,,,,,,,,,,,,,,,,,,,,,,,https://sexshoplorena.com/wp-content/uploads/2024/05/img_94701_82a6a1e4bc3a42d808bbb0e1df0ec5d8_1.jpg,4,TENGA - MASTURBADOR GEO AQUA,,,,,,,,,,,,,,
tenga-masturbador-geo-aqua,,,,,,,,,,,,,,,,,,,,,,,,,https://sexshoplorena.com/wp-content/uploads/2024/05/img_94702_b2ae867a66e6d45ec75c2344927ea77e_1.jpg,5,TENGA - MASTURBADOR GEO AQUA,,,,,,,,,,,,,,
tenga-masturbator-geo-glacier,TENGA - MASTURBATOR GEO GLACIER,"<p>Impresionantes detalles dimensionales.<br />Destacadas sensaciones geom&eacute;tricas.</p><p>Detalles intrincados, inspirados en las matem&aacute;ticas y la naturaleza, adornan el exterior del TENGA GEO.<br />Dale la vuelta al GEO y estas formas geom&eacute;tricas se transformar&aacute;n en detalles internos densamente empaquetados.<br />Hecho de un material personalizado grueso y suave, disfrute de las sensaciones que se encuentran en estos intrincados detalles.</p><ul>	<li>Invertir el producto para su uso</li>	<li>Art&iacute;culo reutilizable y f&aacute;cil de lavar (se incluye una bolsa de muestra de loci&oacute;n)</li>	<li>Incluye soporte para secado higi&eacute;nico</li></ul><p>Glaciar: prismas angulares para un placer din&aacute;mico e intenso.</p><ul>	<li>Especificaciones:</li>	<li>Tama&ntilde;o del producto: 87x87x86 mm</li>	<li>Peso del producto: 200 g</li>	<li>Otra informaci&oacute;n: lubricante de muestra reutilizable incluido</li></ul>",TENGA,,Masturbador masculino,"vendor-tenga, publico-el, tipo-masturbador, juguetes-eroticos, sin-vibracion",TRUE,Title,Default Title,,,,,D-226947,356,shopify,19,deny,manual,44.95,,TRUE,TRUE,D-226947,https://sexshoplorena.com/wp-content/uploads/2024/05/img_94712_1b52b0cdb88a8a54c1f5b3600980f68e_1.jpg,1,TENGA - MASTURBATOR GEO GLACIER,FALSE,TENGA - MASTURBATOR GEO GLACIER,"Impresionantes detalles dimensionales.Destacadas sensaciones geométricas.Detalles intrincados, inspirados ... Paquete discreto en 24 h",,,adult,D-226947,new,FALSE,https://sexshoplorena.com/wp-content/uploads/2024/05/img_94712_1b52b0cdb88a8a54c1f5b3600980f68e_1.jpg,g,,,active
tenga-masturbator-geo-glacier,,,,,,,,,,,,,,,,,,,,,,,,,https://sexshoplorena.com/wp-content/uploads/2024/05/img_94708_96c069b0433c9e339c28aaf1ca9731ea_1.jpg,2,TENGA - MASTURBATOR GEO GLACIER,,,,,,,,,,,,,,
tenga-masturbator-geo-glacier,,,,,,,,,,,,,,,,,,,,,,,,,https://sexshoplorena.com/wp-content/uploads/2024/05/img_94709_5d3a13e75e29e29ce30a01e0da0847da_1.jpg,3,TENGA - MASTURBATOR GEO GLACIER,,,,,,,,,,,,,,
tenga-masturbator-geo-glacier,,,,,,,,,,,,,,,,,,,,,,,,,https://sexshoplorena.com/wp-content/uploads/2024/05/img_94710_40acc83130eb04b0d481cc10045ee3ba_1.jpg,4,TENGA - MASTURBATOR GEO GLACIER,,,,,,,,,,,,,,
tenga-masturbator-geo-glacier,,,,,,,,,,,,,,,,,,,,,,,,,https://sexshoplorena.com/wp-content/uploads/2024/05/img_94711_6608555e07e88bdf7902d186e11b7b58_1.jpg,5,TENGA - MASTURBATOR GEO GLACIER,,,,,,,,,,,,,,
tenga-flip-0-zero-electronic-vibration,TENGA - FLIP 0 ZERO ELECTRONIC VIBRATION,"<p>&iexcl;Una nueva generaci&oacute;n de Flip Zero est&aacute; lista para rugir! Las vibraciones del interior de la funda de elast&oacute;mero aportan a tus manos una sensaci&oacute;n de otro mundo. Esto es posible gracias a otra primicia dise&ntilde;ada por Tenga; dos 'n&uacute;cleos vibratorios' alojado dentro del elast&oacute;mero. Disfruta de la &uacute;ltima versi&oacute;n de Tenga en materia de placer vibratorio.</p><ul>	<li>- Incluye cable USB.</li>	<li>- Cargue mientras seca.</li>	<li>- La l&aacute;mpara se encender&aacute; durante la carga.</li>	<li>- Tama&ntilde;o del producto; 70x80x180mm</li>	<li>- Tama&ntilde;o del embalaje; 108x121x206mm</li>	<li>- Peso; 720 gramos</li>	<li>- Tiempo de ejecuci&oacute;n; aproximadamente 40 min.</li>	<li>- Tiempo de carga; aproximadamente 90 min.</li>	<li>- 5 patrones de vibraci&oacute;n.</li>	<li>- Impermeabilizaci&oacute;n; Cuerpo del producto y brazos deslizantes: totalmente impermeables (IPX5). La base de carga no es resistente al agua, pero peque&ntilde;as cantidades de agua durante el secado no causan problemas (IPX1).</li>	<li>- Piezas incluidas; cuerpo del producto, brazos deslizantes, estuche transparente, base de carga, cable USB, dos bolsas de loci&oacute;n para agujeros real (2x10 nl) y manual de usuario.</li>	<li>- 1 a&ntilde;o de garant&iacute;a.</li></ul><p><br />&iquest;Este producto es reutilizable?<br />&iexcl;S&iacute;! El FLIP ZERO EV es totalmente lavable y se puede utilizar varias veces. Si bien el art&iacute;culo viene con una bolsa de muestra de lubricante, recomendamos TENGA HOLE LOTION para su uso posterior.</p><p>&iquest;Este producto es electr&oacute;nico?<br />&iexcl;S&iacute;! &iexcl;El FLIP ZERO EV se puede utilizar tanto manualmente como tambi&eacute;n con su vibraci&oacute;n electr&oacute;nica! El FLIP ZERO EV alberga dos n&uacute;cleos de vibraci&oacute;n dentro de la funda de elast&oacute;mero, lo que significa que las vibraciones retumbantes fluyen por todo el art&iacute;culo para una estimulaci&oacute;n directa. Los n&uacute;cleos de vibraci&oacute;n est&aacute;n en extremos opuestos del art&iacute;culo, por lo que las vibraciones provienen de todo tu alrededor.</p><p>&iquest;Qu&eacute; variaciones de vibraciones existen?<br />Hay cinco variedades de vibraci&oacute;n en total.<br />Despu&eacute;s de encender el elemento, al presionar el bot&oacute;n se recorrer&aacute;n los siguientes modos: Bajo > Bajo. Alto> Pulso > Alternando > Aleatorio</p><p>&iquest;El art&iacute;culo es totalmente lavable?</p><ul>	<li>NO sumerja la base de carga. Esto podr&iacute;a causar da&ntilde;os el&eacute;ctricos o descargas el&eacute;ctricas.</li>	<li>No lave el art&iacute;culo con agua a m&aacute;s de 50 grados cent&iacute;grados (122 fahrenheit), ya que esto podr&iacute;a distorsionar o da&ntilde;ar la funda de elast&oacute;mero.</li>	<li>Si desea lavar el art&iacute;culo con jab&oacute;n, utilice un jab&oacute;n suave o neutro. Los alcoholes o los jabones muy &aacute;cidos/alcalinos pueden da&ntilde;ar la funda de elast&oacute;mero.</li>	<li>Aseg&uacute;rese de que el art&iacute;culo est&eacute; completamente seco antes de guardarlo para evitar la acumulaci&oacute;n de moho o bacterias.</li></ul><p>&iquest;Puedo usar la base de carga para secar el art&iacute;culo mientras est&aacute; mojado? Una peque&ntilde;a cantidad de agua que gotee del elemento anterior no deber&iacute;a ser un problema.<br />Sin embargo, no lave completamente la base de carga ni la moje por completo.</p><ul>	<li>NO sumerja la base de carga. Esto podr&iacute;a causar da&ntilde;os el&eacute;ctricos o descargas el&eacute;ctricas.</li>	<li>Abst&eacute;ngase de cargar el art&iacute;culo en el ba&ntilde;o o cerca de cualquier fuente de agua que pueda provocar que la base de carga quede sumergida.</li>	<li>No coloque nada m&aacute;s que el cuerpo del FLIP ZERO EV o los brazos deslizantes en la base de carga.</li></ul><p>&iquest;Puedo cargar el art&iacute;culo mientras lo seco?<br />&iexcl;S&iacute;! Despu&eacute;s de lavarlos, seque el cuerpo y los brazos deslizantes del FLIP ZERO EV con un pa&ntilde;o seco.<br />Conecte la base de carga. Luego, coloque los brazos deslizantes en la base de carga y coloque el cuerpo abierto en los brazos deslizantes.<br />Dejar en un lugar seco y bien ventilado.</p><ul>	<li>Abst&eacute;ngase de cargar el art&iacute;culo en el ba&ntilde;o o cerca de cualquier fuente de agua que pueda provocar que la base de carga quede sumergida.</li>	<li>Aseg&uacute;rese de que el art&iacute;culo est&eacute; completamente seco antes de guardarlo para evitar la acumulaci&oacute;n de moho o bacterias.</li></ul><p>&iquest;El art&iacute;culo viene con loci&oacute;n?<br />Hay dos bolsas de muestra de nuestra HOLE LOTION [REAL] incluidas con cada FLIP ZERO EV. Para usos posteriores, sugerimos nuestra Serie HOLE LOTION.</p><p>&nbsp;</p>",TENGA,,Masturbador masculino,"vendor-tenga, publico-el, tipo-masturbador, juguetes-eroticos, sin-vibracion",TRUE,Title,Default Title,,,,,D-226986,1180,shopify,3,deny,manual,298.79,,TRUE,TRUE,D-226986,https://sexshoplorena.com/wp-content/uploads/2024/05/img_94763_4632078366693d5d5fff3fb89f1a79c7_1.jpg,1,TENGA - FLIP 0 ZERO ELECTRONIC VIBRATION,FALSE,TENGA - FLIP 0 ZERO ELECTRONIC VIBRATION,¡Una nueva generación de Flip Zero está lista para rugir! Las vibraciones del interior de la funda ... Paquete discreto en 24 h,,,adult,D-226986,new,FALSE,https://sexshoplorena.com/wp-content/uploads/2024/05/img_94763_4632078366693d5d5fff3fb89f1a79c7_1.jpg,g,,,active
tenga-flip-0-zero-electronic-vibration,,,,,,,,,,,,,,,,,,,,,,,,,https://sexshoplorena.com/wp-content/uploads/2024/05/img_94764_8ccd7f6b51469c6286c981077cef7f4e_1.jpg,2,TENGA - FLIP 0 ZERO ELECTRONIC VIBRATION,,,,,,,,,,,,,,
tenga-flip-0-zero-electronic-vibration,,,,,,,,,,,,,,,,,,,,,,,,,https://sexshoplorena.com/wp-content/uploads/2024/05/img_94765_e6db7c880a084b91087737283e25f6f6_1.jpg,3,TENGA - FLIP 0 ZERO ELECTRONIC VIBRATION,,,,,,,,,,,,,,
tenga-flip-0-zero-electronic-vibration,,,,,,,,,,,,,,,,,,,,,,,,,https://sexshoplorena.com/wp-content/uploads/2024/05/img_94766_ab9b98fdb55ec95132a2fa2e05399644_1.jpg,4,TENGA - FLIP 0 ZERO ELECTRONIC VIBRATION,,,,,,,,,,,,,,
tenga-flip-0-zero-electronic-vibration,,,,,,,,,,,,,,,,,,,,,,,,,https://sexshoplorena.com/wp-content/uploads/2024/05/img_94767_e1271655a70ac85ccfcc8197e944b703_1.jpg,5,TENGA - FLIP 0 ZERO ELECTRONIC VIBRATION,,,,,,,,,,,,,,
tenga-crysta-masturbador-masculino-block,TENGA - CRYSTA MASTURBADOR MASCULINO BLOCK,"<p>Formas flotantes suspendidas por belleza y placer. Con una nueva innovaci&oacute;n en los m&eacute;todos de fabricaci&oacute;n, las piezas flotantes recubiertas de elast&oacute;mero blando crean una experiencia completamente nueva en el cristal. Personalice las sensaciones ajustando la fuerza y la ubicaci&oacute;n de su agarre. &iexcl;Descubre un placer apasionante que es diferente cada vez! Bloque: abarca bloques flotantes para disfrutar del impacto.</p><p>Block&nbsp;</p><ul>	<li>&iexcl;Hojas flotantes que garantizan oleadas de placer!</li>	<li>Tama&ntilde;o del producto57&times;57&times;90mm / (An.)&times;(L.)&times;(Al.)</li>	<li>Peso del producto220gI</li>	<li>Reutilizable</li>	<li>Lubricante incluido</li></ul>",TENGA,,Masturbador masculino,"vendor-tenga, publico-el, tipo-masturbador, juguetes-eroticos, sin-vibracion",TRUE,Title,Default Title,,,,,D-227353,380,shopify,2,deny,manual,49.95,,TRUE,TRUE,D-227353,https://sexshoplorena.com/wp-content/uploads/2024/05/img_97587_9c28f37c5cd5f3e5aacacf43dd84f109_1.jpg,1,TENGA - CRYSTA MASTURBADOR MASCULINO BLOCK,FALSE,TENGA - CRYSTA MASTURBADOR MASCULINO BLOCK,Formas flotantes suspendidas por belleza y placer. Con una nueva innovación en los métodos de ... Paquete discreto en 24 h,,,adult,D-227353,new,FALSE,https://sexshoplorena.com/wp-content/uploads/2024/05/img_97587_9c28f37c5cd5f3e5aacacf43dd84f109_1.jpg,g,,,active
tenga-crysta-masturbador-masculino-block,,,,,,,,,,,,,,,,,,,,,,,,,https://sexshoplorena.com/wp-content/uploads/2024/05/img_97586_c9a8336218c35d7e77e0d190eb99e7ab_1.jpg,2,TENGA - CRYSTA MASTURBADOR MASCULINO BLOCK,,,,,,,,,,,,,,
tenga-flip-0-zero-rojo-con-calentador,TENGA - FLIP 0 ZERO ROJO CON CALENTADOR,"<p>&iexcl;Presentamos el nuevo conjunto FLIP O (ZERO) RED con calentador&nbsp;</p><p>Este exclusivo conjunto es la combinaci&oacute;n perfecta de detalles redise&ntilde;ados en gel suave y placentero calor . Los detalles densos est&aacute;n dispuestos para encajar entre s&iacute; para un envoltorio completo, creando un&nbsp;calor similar al corporal para un placer inmersivo.</p><p>El exclusivo FLIP WARMER de este conjunto es un dispositivo de calefacci&oacute;n dise&ntilde;ado espec&iacute;ficamente para la serie FLIP. El sistema de calefacci&oacute;n de alta potencia utiliza la conductividad t&eacute;rmica del aluminio para calentar a fondo todo el art&iacute;culo, desde el punto de inserci&oacute;n hasta las profundidades m&aacute;s internas del producto. Con una calidez ajustable y la sensaci&oacute;n m&aacute;s suave de la serie FLIP, experimente una inmersi&oacute;n completa con un calor&nbsp;envolvente.</p><p>Flip 0 Caracter&iacute;sticas b&aacute;sicas:</p><ul>	<li>Las almohadillas de presi&oacute;n son suaves al tacto.</li>	<li>Utilice las almohadillas de presi&oacute;n para cambiar la presi&oacute;n interna, o crear succi&oacute;n.</li>	<li>El punto de inserci&oacute;n sin costuras se moldea junto con la bisagra.</li>	<li>Succi&oacute;n m&aacute;s fuerte y reduce las fugas de lubricante.</li>	<li>Los brazos deslizantes son una forma sencilla de mantener el elemento unido durante el uso.</li>	<li>Los detalles&nbsp;internos acent&uacute;an la fuerza del vac&iacute;o.</li>	<li>Materiales de alta calidad utilizados para crear detalles apretados.</li>	<li>El dise&ntilde;o abatible permite un f&aacute;cil lavado, y los brazos deslizantes se pueden utilizar para el secado para uso higi&eacute;nico en todo momento.</li>	<li>Almacene el elemento de forma segura en su caso de almacenamiento.</li></ul><p>Informaci&oacute;n del producto:</p><ul>	<li>FLIP 0 (CERO) ROJO : W70&times;D80&times;H180 / Aprox: 482 g</li>	<li>FLIP WARMER : W77&times;D92&times;H160 / Aprox: 195g</li>	<li>Dimensiones externas: W118&times;D122&times;H206 / Aprox: 1290g Peso incluyendo piezas adjuntas</li>	<li>Voltaje nominal / corriente: DC 18V, 3A (utiliza enchufe de CC)</li>	<li>Modos de calefacci&oacute;n: 2 puntos fuertes (fuertes a suaves) / Parpadeo de luz: Calentamiento / Luz encend&iacute;a: Modo de aislamiento</li>	<li>Tiempo de calentamiento: 5-6 minutos (var&iacute;a con la temperatura ambiente). La alimentaci&oacute;n se apagar&aacute; autom&aacute;ticamente si el bot&oacute;n t&aacute;ctil no funciona durante m&aacute;s de 30 minutos.</li>	<li>Impermeabilizaci&oacute;n: Base, Bast&oacute;n de calefacci&oacute;n y FLIP ZERO todo a prueba de agua para que puedas lavar bajo el agua corriente.</li></ul><p>Se incluye :</p><ul>	<li>Cuerpo del producto (incluidos los brazos deslizantes), Soporte, Caja transparente, Adaptador de CA (ENCHUFE DE LA UE), Manual del usuario, Eje de calor, Estuche del eje de calor, Loci&oacute;n de muestra x2</li></ul>",TENGA,,Masturbador masculino,"vendor-tenga, publico-el, tipo-masturbador, juguetes-eroticos, sin-vibracion",TRUE,Title,Default Title,,,,,D-228897,1390,shopify,1,deny,manual,259.99,,TRUE,TRUE,D-228897,https://sexshoplorena.com/wp-content/uploads/2024/05/img_107671_654acec9382c997e55a20aa46b7616c5_1.png,1,TENGA - FLIP 0 ZERO ROJO CON CALENTADOR,FALSE,TENGA - FLIP 0 ZERO ROJO CON CALENTADOR,¡Presentamos el nuevo conjunto FLIP O (ZERO) RED con calentador Este exclusivo conjunto es la ... Paquete discreto en 24 h,,,adult,D-228897,new,FALSE,https://sexshoplorena.com/wp-content/uploads/2024/05/img_107671_654acec9382c997e55a20aa46b7616c5_1.png,g,,,active
tenga-flip-0-zero-rojo-con-calentador,,,,,,,,,,,,,,,,,,,,,,,,,https://sexshoplorena.com/wp-content/uploads/2024/05/img_107672_26cd9292055be9db338a228340f59883_1.png,2,TENGA - FLIP 0 ZERO ROJO CON CALENTADOR,,,,,,,,,,,,,,
tenga-flip-0-zero-rojo-con-calentador,,,,,,,,,,,,,,,,,,,,,,,,,https://sexshoplorena.com/wp-content/uploads/2024/05/img_107673_c016ecb7e7bd65dde1fa99b760a01a0c_1.png,3,TENGA - FLIP 0 ZERO ROJO CON CALENTADOR,,,,,,,,,,,,,,
tenga-aero-silver-ring-anilla-plateada,TENGA - AERO SILVER RING ANILLA PLATEADA,"<p>Aero Silver Ring es un masturbador que dispone de 10 niveles de estrechamiento y succi&oacute;n, fabricado con materiales seguros para el cuerpo y resistente al agua.</p><p>La plataforma giratoria est&aacute; equipada con un anillo en color plata de silicona el&aacute;stico incorporado en su interior, evitando las fugas de aire internas y aumentando el placer y el estrechamiento.</p><p>Su estructura interior es de absorci&oacute;n c&iacute;clica con partes sensibles, para experimentar una escalada lenta minuto a minuto. Una sensaci&oacute;n que envuelve el pene desde la ra&iacute;z hasta la parte superior, gracias a su dise&ntilde;o de nave espacial y su cabina completamente cerrada.</p><p>Aero Silver Ring incluye una muestra de lubricante de 10 ml, su funda interna se puede sacar y lavar f&aacute;cilmente con agua t&iacute;bia y jab&oacute;n PH neutro. Utilizar &uacute;nicamente lubricante de base de agua con este producto. El uso de lubricantes de base oleosa o de silicona, podr&iacute;a da&ntilde;ar irreversiblemente el producto.</p><p>Caracter&iacute;sticas principales:</p><ul>	<li>Masturbador blanco y negro.</li>	<li>10 niveles de estrechamiento.</li>	<li>Fabricado de: ABS/PC/POM/Caucho de silicona/Elast&oacute;mero.</li>	<li>Resistente al agua.</li>	<li>Plataforma giratoria.</li>	<li>Anillo que evita fugas de aire aumentando el placer.</li>	<li>Interior de absorci&oacute;n c&iacute;clica con partes sensibles.</li>	<li>Dise&ntilde;o de nave espacial. 10 ml lubricante (Incluido).</li>	<li>Funda extra&iacute;ble f&aacute;cilmente lavable.</li></ul>",TENGA,,Masturbador masculino,"vendor-tenga, publico-el, tipo-masturbador, juguetes-eroticos, sin-vibracion",TRUE,Title,Default Title,,,,,D-228898,430,shopify,14,deny,manual,74.99,,TRUE,TRUE,D-228898,https://sexshoplorena.com/wp-content/uploads/2024/05/img_107674_9dca00d35be3ea6f37d51bd1bc361bb8_1.jpg,1,TENGA - AERO SILVER RING ANILLA PLATEADA,FALSE,TENGA - AERO SILVER RING ANILLA PLATEADA,"Aero Silver Ring es un masturbador que dispone de 10 niveles de estrechamiento y succión, fabricado con ... Paquete discreto en 24 h",,,adult,D-228898,new,FALSE,https://sexshoplorena.com/wp-content/uploads/2024/05/img_107674_9dca00d35be3ea6f37d51bd1bc361bb8_1.jpg,g,,,active
tenga-aero-silver-ring-anilla-plateada,,,,,,,,,,,,,,,,,,,,,,,,,https://sexshoplorena.com/wp-content/uploads/2024/05/img_107675_c166c2ea2ee0e38357112d888819cba8_1.png,2,TENGA - AERO SILVER RING ANILLA PLATEADA,,,,,,,,,,,,,,
tenga-aero-silver-ring-anilla-plateada,,,,,,,,,,,,,,,,,,,,,,,,,https://sexshoplorena.com/wp-content/uploads/2024/05/img_107676_ddce4ea0419bbf368fe7db21edff3fa2_1.png,3,TENGA - AERO SILVER RING ANILLA PLATEADA,,,,,,,,,,,,,,
tenga-aero-silver-ring-anilla-plateada,,,,,,,,,,,,,,,,,,,,,,,,,https://sexshoplorena.com/wp-content/uploads/2024/05/img_107677_56428bf21db03fdeb37451e2a3f8e4c0_1.png,4,TENGA - AERO SILVER RING ANILLA PLATEADA,,,,,,,,,,,,,,
tenga-aero-silver-ring-anilla-plateada,,,,,,,,,,,,,,,,,,,,,,,,,https://sexshoplorena.com/wp-content/uploads/2024/05/img_107678_d6a29e9393fd02d113c5ac1d0ff20c8d_1.png,5,TENGA - AERO SILVER RING ANILLA PLATEADA,,,,,,,,,,,,,,
tenga-aero-cobalt-ring-anilla-azul-cobalto,TENGA - AERO COBALT RING ANILLA AZUL COBALTO,"<p>Aero Cobalt Ring es un masturbador que dispone de 10 niveles de estrechamiento y succi&oacute;n, fabricado con materiales seguros para el cuerpo y resistente al agua.</p><p>La plataforma giratoria est&aacute; equipada con un anillo en color plata de silicona el&aacute;stico incorporado en su interior, evitando las fugas de aire internas y aumentando el placer y el estrechamiento.</p><p>Su estructura interior es de absorci&oacute;n c&iacute;clica con partes sensibles, para experimentar una escalada lenta minuto a minuto. Una sensaci&oacute;n que envuelve el pene desde la ra&iacute;z hasta la parte superior, gracias a su dise&ntilde;o de nave espacial y su cabina completamente cerrada.</p><p>Aero Silver Ring incluye una muestra de lubricante de 10 ml, su funda interna se puede sacar y lavar f&aacute;cilmente con agua t&iacute;bia y jab&oacute;n PH neutro. Utilizar &uacute;nicamente lubricante de base de agua con este producto. El uso de lubricantes de base oleosa o de silicona, podr&iacute;a da&ntilde;ar irreversiblemente el producto.</p><p>Caracter&iacute;sticas principales:</p><ul>	<li>Masturbador blanco y negro.</li>	<li>10 niveles de estrechamiento.</li>	<li>Fabricado de: ABS/PC/POM/Caucho de silicona/Elast&oacute;mero.</li>	<li>Resistente al agua.</li>	<li>Plataforma giratoria.</li>	<li>Anillo que evita fugas de aire aumentando el placer.</li>	<li>Interior de absorci&oacute;n c&iacute;clica con partes sensibles.</li>	<li>Dise&ntilde;o de nave espacial. 10 ml lubricante (Incluido).</li>	<li>Funda extra&iacute;ble f&aacute;cilmente lavable.</li></ul>",TENGA,,Masturbador masculino,"vendor-tenga, publico-el, tipo-masturbador, juguetes-eroticos, sin-vibracion",TRUE,Title,Default Title,,,,,D-228899,430,shopify,2,deny,manual,89.99,,TRUE,TRUE,D-228899,https://sexshoplorena.com/wp-content/uploads/2024/05/img_107681_3a7c59e24052f93816d3fdbe4587f13a_1.jpg,1,TENGA - AERO COBALT RING ANILLA AZUL COBALTO,FALSE,TENGA - AERO COBALT RING ANILLA AZUL COBALTO,"Aero Cobalt Ring es un masturbador que dispone de 10 niveles de estrechamiento y succión, fabricado con ... Paquete discreto en 24 h",,,adult,D-228899,new,FALSE,https://sexshoplorena.com/wp-content/uploads/2024/05/img_107681_3a7c59e24052f93816d3fdbe4587f13a_1.jpg,g,,,active
tenga-aero-cobalt-ring-anilla-azul-cobalto,,,,,,,,,,,,,,,,,,,,,,,,,https://sexshoplorena.com/wp-content/uploads/2024/05/img_107680_a70c37abd5168697f13fce4d67ca879f_1.jpg,2,TENGA - AERO COBALT RING ANILLA AZUL COBALTO,,,,,,,,,,,,,,
tenga-aero-cobalt-ring-anilla-azul-cobalto,,,,,,,,,,,,,,,,,,,,,,,,,https://sexshoplorena.com/wp-content/uploads/2024/05/img_107683_aa1c312e1f6cce0c9163674a21597398_1.jpg,3,TENGA - AERO COBALT RING ANILLA AZUL COBALTO,,,,,,,,,,,,,,
tenga-aero-cobalt-ring-anilla-azul-cobalto,,,,,,,,,,,,,,,,,,,,,,,,,https://sexshoplorena.com/wp-content/uploads/2024/05/img_107685_872334688e848e02d7bb0330e2415aff_1.jpg,4,TENGA - AERO COBALT RING ANILLA AZUL COBALTO,,,,,,,,,,,,,,
tenga-aero-cobalt-ring-anilla-azul-cobalto,,,,,,,,,,,,,,,,,,,,,,,,,https://sexshoplorena.com/wp-content/uploads/2024/05/img_107682_c5fd3dbf9a2b3fbab75ebf7fc0c2d80e_1.jpg,5,TENGA - AERO COBALT RING ANILLA AZUL COBALTO,,,,,,,,,,,,,,
tenga-click-ball-masturbador-pocket,TENGA - CLICK BALL MASTURBADOR POCKET,"<p>El&nbsp;Tenga Pocket es s&uacute;per el&aacute;stico y se adaptar&aacute; a casi cualquier tama&ntilde;o. Use una vez y luego deseche.</p><ul>	<li>Abre el sobre, vierte la loci&oacute;n que viene dentro junto con tu Pocket Tenga.</li>	<li>Una vez que haya terminado, vuelva a colocar el bolsillo en su embalaje, use la pegatina para sellarlo y t&iacute;relo.</li></ul>",TENGA,,Masturbador masculino,"vendor-tenga, publico-el, tipo-masturbador, juguetes-eroticos, sin-vibracion",TRUE,Title,Default Title,,,,,D-230821,22,shopify,6,deny,manual,5.99,,TRUE,TRUE,D-230821,https://sexshoplorena.com/wp-content/uploads/2024/05/img_117465_0422e4cec11979091bc8ab050b357e42_1.jpg,1,TENGA - CLICK BALL MASTURBADOR POCKET,FALSE,TENGA - CLICK BALL MASTURBADOR POCKET,El Tenga Pocket es súper elástico y se adaptará a casi cualquier tamaño. Use una vez y ... Paquete discreto en 24 h,,,adult,D-230821,new,FALSE,https://sexshoplorena.com/wp-content/uploads/2024/05/img_117465_0422e4cec11979091bc8ab050b357e42_1.jpg,g,,,active
tenga-click-ball-masturbador-pocket,,,,,,,,,,,,,,,,,,,,,,,,,https://sexshoplorena.com/wp-content/uploads/2024/05/img_117461_39beb06642429d2064999b0642cf2745_1.jpg,2,TENGA - CLICK BALL MASTURBADOR POCKET,,,,,,,,,,,,,,
tenga-click-ball-masturbador-pocket,,,,,,,,,,,,,,,,,,,,,,,,,https://sexshoplorena.com/wp-content/uploads/2024/05/img_117463_13ba6c970340d16f338e2d1f07d9ad98_1.jpg,3,TENGA - CLICK BALL MASTURBADOR POCKET,,,,,,,,,,,,,,
tenga-click-ball-masturbador-pocket,,,,,,,,,,,,,,,,,,,,,,,,,https://sexshoplorena.com/wp-content/uploads/2024/05/img_117464_27c123346071fadd2511b12a9dd0b009_1.jpg,4,TENGA - CLICK BALL MASTURBADOR POCKET,,,,,,,,,,,,,,
tenga-click-ball-masturbador-pocket,,,,,,,,,,,,,,,,,,,,,,,,,https://sexshoplorena.com/wp-content/uploads/2024/05/img_117466_4726dc5b5cf68a21d7aa44cd174fc182_1.jpg,5,TENGA - CLICK BALL MASTURBADOR POCKET,,,,,,,,,,,,,,
tenga-crystal-mist-masturbador-pocket,TENGA - CRYSTAL MIST MASTURBADOR POCKET,"El Tenga Pocket es súper elástico y se adaptará a casi cualquier tamaño.\n<ul>\n 	<li>Use una vez y luego deseche.</li>\n 	<li>Abre el sobre, vierte la loción que viene dentro junto con tu Pocket Tenga.</li>\n 	<li>Una vez que haya terminado, vuelva a colocar el bolsillo en su embalaje, use la pegatina para sellarlo y tírelo.</li>\n</ul>",TENGA,,Masturbador masculino,"vendor-tenga, showroom, publico-el, tipo-masturbador, juguetes-eroticos, sin-vibracion",TRUE,Title,Default Title,,,,,D-230824,22,shopify,3,deny,manual,5.99,,TRUE,TRUE,D-230824,https://sexshoplorena.com/wp-content/uploads/2024/05/img_117486_301d63c258f31882d5704d6c4aa429a7_1.jpg,1,TENGA - CRYSTAL MIST MASTURBADOR POCKET,FALSE,TENGA - CRYSTAL MIST MASTURBADOR POCKET,El Tenga Pocket es súper elástico y se adaptará a casi cualquier tamaño. Use una vez y luego deseche. ... Paquete discreto en 24 h,,,adult,D-230824,new,FALSE,https://sexshoplorena.com/wp-content/uploads/2024/05/img_117486_301d63c258f31882d5704d6c4aa429a7_1.jpg,g,,,active
tenga-crystal-mist-masturbador-pocket,,,,,,,,,,,,,,,,,,,,,,,,,https://sexshoplorena.com/wp-content/uploads/2024/05/img_117487_bc085ff31691924a9f08674215da5e6b_1.jpg,2,TENGA - CRYSTAL MIST MASTURBADOR POCKET,,,,,,,,,,,,,,
tenga-crystal-mist-masturbador-pocket,,,,,,,,,,,,,,,,,,,,,,,,,https://sexshoplorena.com/wp-content/uploads/2024/05/img_117491_35333d025e5f3b30960fb2f9b5cd10b0_1.jpg,3,TENGA - CRYSTAL MIST MASTURBADOR POCKET,,,,,,,,,,,,,,
tenga-crystal-mist-masturbador-pocket,,,,,,,,,,,,,,,,,,,,,,,,,https://sexshoplorena.com/wp-content/uploads/2024/05/img_117492_3b611c84afbf53706474bbd4d16e675a_1.jpg,4,TENGA - CRYSTAL MIST MASTURBADOR POCKET,,,,,,,,,,,,,,
tenga-crystal-mist-masturbador-pocket,,,,,,,,,,,,,,,,,,,,,,,,,https://sexshoplorena.com/wp-content/uploads/2024/05/img_117488_57f568e64e9edcbabd56a38401f7628a_1.jpg,5,TENGA - CRYSTAL MIST MASTURBADOR POCKET,,,,,,,,,,,,,,
tenga-spark-beards-masturbador-pocket,TENGA - SPARK BEARDS MASTURBADOR POCKET,"<p>El&nbsp;Tenga Pocket es s&uacute;per el&aacute;stico y se adaptar&aacute; a casi cualquier tama&ntilde;o.</p><ul>	<li>Use una vez y luego deseche.</li>	<li>Abre el sobre, vierte la loci&oacute;n que viene dentro junto con tu Pocket Tenga.</li>	<li>Una vez que haya terminado, vuelva a colocar el bolsillo en su embalaje, use la pegatina para sellarlo y t&iacute;relo.</li></ul>",TENGA,,Masturbador masculino,"vendor-tenga, publico-el, tipo-masturbador, juguetes-eroticos, sin-vibracion",TRUE,Title,Default Title,,,,,D-230825,22,shopify,9,deny,manual,5.99,,TRUE,TRUE,D-230825,https://sexshoplorena.com/wp-content/uploads/2024/05/img_117494_09327b82d603c3ab675f611f38f6a629_1.jpg,1,TENGA - SPARK BEARDS MASTURBADOR POCKET,FALSE,TENGA - SPARK BEARDS MASTURBADOR POCKET,El Tenga Pocket es súper elástico y se adaptará a casi cualquier tamaño.Use ... Paquete discreto en 24 h,,,adult,D-230825,new,FALSE,https://sexshoplorena.com/wp-content/uploads/2024/05/img_117494_09327b82d603c3ab675f611f38f6a629_1.jpg,g,,,active
tenga-spark-beards-masturbador-pocket,,,,,,,,,,,,,,,,,,,,,,,,,https://sexshoplorena.com/wp-content/uploads/2024/05/img_117493_6c3a2bd7342e74370115c795f059c163_1.jpg,2,TENGA - SPARK BEARDS MASTURBADOR POCKET,,,,,,,,,,,,,,
tenga-spark-beards-masturbador-pocket,,,,,,,,,,,,,,,,,,,,,,,,,https://sexshoplorena.com/wp-content/uploads/2024/05/img_117499_d249170b2be11a230099fd697f78c5c1_1.jpg,3,TENGA - SPARK BEARDS MASTURBADOR POCKET,,,,,,,,,,,,,,
tenga-spark-beards-masturbador-pocket,,,,,,,,,,,,,,,,,,,,,,,,,https://sexshoplorena.com/wp-content/uploads/2024/05/img_117497_be68cff1c0e448a6da50eb799d23c130_1.jpg,4,TENGA - SPARK BEARDS MASTURBADOR POCKET,,,,,,,,,,,,,,
tenga-spark-beards-masturbador-pocket,,,,,,,,,,,,,,,,,,,,,,,,,https://sexshoplorena.com/wp-content/uploads/2024/05/img_117495_2140b45d91f076ffa95e8bec34f7e7cb_1.jpg,5,TENGA - SPARK BEARDS MASTURBADOR POCKET,,,,,,,,,,,,,,
tenga-flex-fizzy-green-masturbador,TENGA - FLEX FIZZY GREEN MASTURBADOR,"<p>El TENGA FLEX gira, succiona y abraza con su exclusiva carcasa acanalada en espiral.</p><p>&iexcl;Hay dos variedades para disfrutar, cada una con diferentes detalles internos y resistencia del material! Las suaves costillas en espiral se abrazan con una deliciosa succi&oacute;n.</p><p>Retire la tapa de la base y lubrique el punto de inserci&oacute;n y el interior de la funda de elast&oacute;mero.</p><p>&iexcl;Cubra el orificio de aire para crear un vac&iacute;o interno! &iexcl;Usar el art&iacute;culo con el orificio de aire cubierto tambi&eacute;n proporciona una nueva sensaci&oacute;n de espiral!</p><p>Despu&eacute;s de su uso, retire el manguito de elast&oacute;mero y l&aacute;velo con agua. Seque despu&eacute;s del lavado. (La funda de elast&oacute;mero se puede invertir para lavarla).</p><p>Invierta la tapa de la base para utilizarla como base de secado.</p><p>Coloque el manguito de elast&oacute;mero en la tapa del soporte para que se seque al aire.</p><p>Una vez seco, vuelva a colocar la tapa del soporte en su estado original e ins&eacute;rtela en la carcasa para guardarla. Almacene en un lugar fresco, seco y oscuro, lejos de la luz solar directa.</p><ul>	<li>Tama&ntilde;o (An &times; L &times; Al mm): 200 &times; 105 &times; 80</li>	<li>Profundidad de inserci&oacute;n (mm): Aprox. 165</li>	<li>Anchura de inserci&oacute;n (mm): Aprox. 45</li>	<li>Peso (g): 365</li>	<li>Otros datos: Reutilizable, Muestras de lubricante incluidas</li>	<li>Materiales: Elast&oacute;mero, PP</li>	<li>Lubricante: HOLE LOTION [REAL] (Rojo) Ingredientes: Agua, glicerina, poliacrilato de sodio, etanol, hidroxietilcelulosa, fenoxietanol, metilparabeno, EDTA-2Na, polisorbato 80, cocoato de sorbit&aacute;n, fragancia</li></ul>",TENGA,,Masturbador masculino,"vendor-tenga, publico-el, tipo-masturbador, juguetes-eroticos, sin-vibracion",TRUE,Title,Default Title,,,,,D-232974,358,shopify,4,deny,manual,49.14,,TRUE,TRUE,D-232974,https://sexshoplorena.com/wp-content/uploads/2024/05/img_135478_09ded4afc0b015d6f02ad46c0bf42de8_1.jpg,1,TENGA - FLEX FIZZY GREEN MASTURBADOR,FALSE,TENGA - FLEX FIZZY GREEN MASTURBADOR,"El TENGA FLEX gira, succiona y abraza con su exclusiva carcasa acanalada en espiral.¡Hay dos variedades para ... Paquete discreto en 24 h",,,adult,D-232974,new,FALSE,https://sexshoplorena.com/wp-content/uploads/2024/05/img_135478_09ded4afc0b015d6f02ad46c0bf42de8_1.jpg,g,,,active
tenga-flex-fizzy-green-masturbador,,,,,,,,,,,,,,,,,,,,,,,,,https://sexshoplorena.com/wp-content/uploads/2024/05/img_133524_6c46be7a1c55b492643bef17bba69198_1.jpg,2,TENGA - FLEX FIZZY GREEN MASTURBADOR,,,,,,,,,,,,,,
tenga-flex-fizzy-green-masturbador,,,,,,,,,,,,,,,,,,,,,,,,,https://sexshoplorena.com/wp-content/uploads/2024/05/img_133521_ecadfccfbc7ab28460d5a265bc935bbe_1.jpg,3,TENGA - FLEX FIZZY GREEN MASTURBADOR,,,,,,,,,,,,,,
tenga-flex-fizzy-green-masturbador,,,,,,,,,,,,,,,,,,,,,,,,,https://sexshoplorena.com/wp-content/uploads/2024/05/img_133520_4c6a25978eadeb201fbdff94ca6e5eaa_1.jpg,4,TENGA - FLEX FIZZY GREEN MASTURBADOR,,,,,,,,,,,,,,
tenga-flex-fizzy-green-masturbador,,,,,,,,,,,,,,,,,,,,,,,,,https://sexshoplorena.com/wp-content/uploads/2024/05/img_133523_22eb8e2052a68fbee1ac5382fd708173_1.jpg,5,TENGA - FLEX FIZZY GREEN MASTURBADOR,,,,,,,,,,,,,,
tenga-uni-emerald-masturbador-dedal,TENGA - UNI EMERALD MASTURBADOR DEDAL,"<p><font style=vertical-align: inherit;><font style=vertical-align: inherit;><strong>EMERALDA:</strong> Estimulaci&oacute;n que va m&aacute;s all&aacute; de un gran corte. Disfruta de la estimulaci&oacute;n de superar los detalles de los grandes pasos que se conectan horizontalmente.</font></font></p> <p><font style=vertical-align: inherit;><font style=vertical-align: inherit;><strong>UNIsex &amp; UNIversal. </strong>Para hombres y mujeres, solos o juntos.</font></font><font style=vertical-align: inherit;><font style=vertical-align: inherit;><strong> TENGA UNI</strong> es un art&iacute;culo de placer de &uacute;ltima generaci&oacute;n que cualquiera puede disfrutar, independientemente de su g&eacute;nero o sexualidad. &iexcl;Disfruta de tu vida placentera m&aacute;s f&aacute;cil y libremente!<br /> <br /> <strong>TENGA UNI </strong>est&aacute; hecho de un material suave y el&aacute;stico, por lo que puedes usarlo en tu dedo y colocarlo sobre tus genitales femeninos, o darle la vuelta y envolverlo alrededor de tus genitales masculinos. Adem&aacute;s, es un <strong>TENGA </strong>completamente nueva con un dise&ntilde;o unisex y universal que podr&aacute;s disfrutar no s&oacute;lo por ti mismo, sino tambi&eacute;n por tu pareja.</font></font></p> <p>&nbsp;</p> <p><u><strong>CARACTERSITICAS</strong></u>:</p> <p><strong>1 - USO PERSONAL</strong>: Usabilidad sin g&eacute;nero para el placer personal. El UNI se puede usar como una mejora de la estimulaci&oacute;n con los dedos, o se puede voltear del rev&eacute;s para usarlo como una funda el&aacute;stica estimulante, &iexcl;para un producto verdaderamente unisex!</p> <p><strong>2 - USO EN PAREJA</strong>: Para placer en pareja de cualquier orientaci&oacute;n. &iexcl;Con su capacidad de ser utilizado por cualquier persona, el UNI tambi&eacute;n se puede utilizar en juegos en pareja! Adem&aacute;s, UNI es un producto &uacute;nico en su capacidad de ser utilizado por cualquier asociaci&oacute;n de emparejamiento de g&eacute;nero.</p> <p><strong>3 - MATERIAL</strong>: Dise&ntilde;os a base de piedras preciosas, como sean todo menos duro al tacto. El UNI est&aacute; creado a partir de un material suave y flexible.</p> <p><strong>4 - SOSTENIBILIDAD</strong>: Gran parte de la carcasa del producto est&aacute; fabricada con papel pulp-moid similar a los cartones de huevos para reducir nuestro perfil de residuos pl&aacute;sticos.</p> <p>&nbsp;</p> <p><strong>TENGA&nbsp;&nbsp;</strong>proviene de Jap&oacute;n y es exactamente lo que imaginas: &iexcl;absolutamente extra&ntilde;o!&nbsp;Son sin duda l&iacute;deres en relaci&oacute;n dise&ntilde;o-calidad y son los juguetes favoritos de los hombres que valoran la discreci&oacute;n.&nbsp;Los productos <strong>TENGA </strong>parecen huevos o paquetes de productos cosm&eacute;ticos para hombres: &iexcl;modernos, discretos y, sobre todo, eficaces!&nbsp;Sin embargo, no te dejes enga&ntilde;ar por el dise&ntilde;o: el interior del masturbador <strong>TENGA </strong>est&aacute; hecho de un material excepcionalmente suave que con solo tocarlo provoca escalofr&iacute;os por tu columna y otras cosas para levantarte.&nbsp;Se trata de una serie de masturbadores que est&aacute;n fabricados pensando en el placer del hombre moderno y actual.&nbsp;Recrean la sensaci&oacute;n del sexo vaginal, oral, anal y otras pr&aacute;cticas er&oacute;ticas traviesas que viven en las fantas&iacute;as masculinas.&nbsp;Cada a&ntilde;o que pasa, TENGA ofrece algo nuevo e incluso m&aacute;s loco que el anterior, para que los hombres de todo el mundo obtengan la variedad que necesitan.</p>",TENGA,,Masturbador masculino,"vendor-tenga, publico-el, tipo-masturbador, juguetes-eroticos",TRUE,Title,Default Title,,,,,D-238092,40,shopify,22,deny,manual,9.99,,TRUE,TRUE,D-238092,https://sexshoplorena.com/wp-content/uploads/2024/05/img_163852_efd0384137f6391bd8e878047b7fd6f1_1.jpg,1,TENGA - UNI EMERALD MASTURBADOR DEDAL,FALSE,TENGA - UNI EMERALD MASTURBADOR DEDAL,EMERALDA: ... Paquete discreto en 24 h,,,adult,D-238092,new,FALSE,https://sexshoplorena.com/wp-content/uploads/2024/05/img_163852_efd0384137f6391bd8e878047b7fd6f1_1.jpg,g,,,active
tenga-uni-emerald-masturbador-dedal,,,,,,,,,,,,,,,,,,,,,,,,,https://sexshoplorena.com/wp-content/uploads/2024/05/img_163851_07dbf5c8ba110e3b77d794db90eb3e53_1.jpg,2,TENGA - UNI EMERALD MASTURBADOR DEDAL,,,,,,,,,,,,,,
tenga-uni-emerald-masturbador-dedal,,,,,,,,,,,,,,,,,,,,,,,,,https://sexshoplorena.com/wp-content/uploads/2024/05/img_163854_e6d6276ef33c74829cbc84aa7a44c6f0_1.jpg,3,TENGA - UNI EMERALD MASTURBADOR DEDAL,,,,,,,,,,,,,,
tenga-uni-emerald-masturbador-dedal,,,,,,,,,,,,,,,,,,,,,,,,,https://sexshoplorena.com/wp-content/uploads/2024/05/img_163853_c5ce90911644d27931187650ef866100_1.jpg,4,TENGA - UNI EMERALD MASTURBADOR DEDAL,,,,,,,,,,,,,,
tenga-uni-diamond-masturbador-dedal,TENGA - UNI DIAMOND MASTURBADOR DEDAL,"<p><font style=vertical-align: inherit;><font style=vertical-align: inherit;><strong>DIAMOND:</strong> El corte piramidal fino proporciona estimulaci&oacute;n de caricia. Los finos detalles de pir&aacute;mide dispuestos uniformemente le permiten disfrutar de una estimulaci&oacute;n de caricia delicada.</font></font></p> <p><font style=vertical-align: inherit;><font style=vertical-align: inherit;><strong>UNIsex &amp; UNIversal. </strong>Para hombres y mujeres, solos o juntos.</font></font><font style=vertical-align: inherit;><font style=vertical-align: inherit;><strong> TENGA UNI</strong> es un art&iacute;culo de placer de &uacute;ltima generaci&oacute;n que cualquiera puede disfrutar, independientemente de su g&eacute;nero o sexualidad. &iexcl;Disfruta de tu vida placentera m&aacute;s f&aacute;cil y libremente!<br /> <br /> <strong>TENGA UNI </strong>est&aacute; hecho de un material suave y el&aacute;stico, por lo que puedes usarlo en tu dedo y colocarlo sobre tus genitales femeninos, o darle la vuelta y envolverlo alrededor de tus genitales masculinos. Adem&aacute;s, es un <strong>TENGA </strong>completamente nueva con un dise&ntilde;o unisex y universal que podr&aacute;s disfrutar no s&oacute;lo por ti mismo, sino tambi&eacute;n por tu pareja.</font></font></p> <p>&nbsp;</p> <p><u><strong>CARACTERSITICAS</strong></u>:</p> <p><strong>1 - USO PERSONAL</strong>: Usabilidad sin g&eacute;nero para el placer personal. El UNI se puede usar como una mejora de la estimulaci&oacute;n con los dedos, o se puede voltear del rev&eacute;s para usarlo como una funda el&aacute;stica estimulante, &iexcl;para un producto verdaderamente unisex!</p> <p><strong>2 - USO EN PAREJA</strong>: Para placer en pareja de cualquier orientaci&oacute;n. &iexcl;Con su capacidad de ser utilizado por cualquier persona, el UNI tambi&eacute;n se puede utilizar en juegos en pareja! Adem&aacute;s, UNI es un producto &uacute;nico en su capacidad de ser utilizado por cualquier asociaci&oacute;n de emparejamiento de g&eacute;nero.</p> <p><strong>3 - MATERIAL</strong>: Dise&ntilde;os a base de piedras preciosas, como sean todo menos duro al tacto. El UNI est&aacute; creado a partir de un material suave y flexible.</p> <p><strong>4 - SOSTENIBILIDAD</strong>: Gran parte de la carcasa del producto est&aacute; fabricada con papel pulp-moid similar a los cartones de huevos para reducir nuestro perfil de residuos pl&aacute;sticos.</p> <p>&nbsp;</p> <p><strong>TENGA&nbsp;&nbsp;</strong>proviene de Jap&oacute;n y es exactamente lo que imaginas: &iexcl;absolutamente extra&ntilde;o!&nbsp;Son sin duda l&iacute;deres en relaci&oacute;n dise&ntilde;o-calidad y son los juguetes favoritos de los hombres que valoran la discreci&oacute;n.&nbsp;Los productos <strong>TENGA </strong>parecen huevos o paquetes de productos cosm&eacute;ticos para hombres: &iexcl;modernos, discretos y, sobre todo, eficaces!&nbsp;Sin embargo, no te dejes enga&ntilde;ar por el dise&ntilde;o: el interior del masturbador <strong>TENGA </strong>est&aacute; hecho de un material excepcionalmente suave que con solo tocarlo provoca escalofr&iacute;os por tu columna y otras cosas para levantarte.&nbsp;Se trata de una serie de masturbadores que est&aacute;n fabricados pensando en el placer del hombre moderno y actual.&nbsp;Recrean la sensaci&oacute;n del sexo vaginal, oral, anal y otras pr&aacute;cticas er&oacute;ticas traviesas que viven en las fantas&iacute;as masculinas.&nbsp;Cada a&ntilde;o que pasa, TENGA ofrece algo nuevo e incluso m&aacute;s loco que el anterior, para que los hombres de todo el mundo obtengan la variedad que necesitan.</p>",TENGA,,Masturbador masculino,"vendor-tenga, publico-el, tipo-masturbador, juguetes-eroticos",TRUE,Title,Default Title,,,,,D-238093,36,shopify,23,deny,manual,9.99,,TRUE,TRUE,D-238093,https://sexshoplorena.com/wp-content/uploads/2024/05/img_163856_4ac49aaa65254243c364be81525f2a57_1.jpg,1,TENGA - UNI DIAMOND MASTURBADOR DEDAL,FALSE,TENGA - UNI DIAMOND MASTURBADOR DEDAL,DIAMOND: El corte piramidal ... Paquete discreto en 24 h,,,adult,D-238093,new,FALSE,https://sexshoplorena.com/wp-content/uploads/2024/05/img_163856_4ac49aaa65254243c364be81525f2a57_1.jpg,g,,,active
tenga-uni-diamond-masturbador-dedal,,,,,,,,,,,,,,,,,,,,,,,,,https://sexshoplorena.com/wp-content/uploads/2024/05/img_163857_93ee52c37835202c7167d2903f1583d5_1.jpg,2,TENGA - UNI DIAMOND MASTURBADOR DEDAL,,,,,,,,,,,,,,
tenga-uni-diamond-masturbador-dedal,,,,,,,,,,,,,,,,,,,,,,,,,https://sexshoplorena.com/wp-content/uploads/2024/05/img_163855_23afc6232492e5922edcda20e7a89035_1.jpg,3,TENGA - UNI DIAMOND MASTURBADOR DEDAL,,,,,,,,,,,,,,
tenga-uni-topaz-masturbador-dedal,TENGA - UNI TOPAZ MASTURBADOR DEDAL,"<p><font style=vertical-align: inherit;><font style=vertical-align: inherit;><strong>TOPAZ: </strong>Estimulaci&oacute;n del popping con cortes redondos continuos. Disfruta de la estimulaci&oacute;n del balanceo y popping gracias a los detalles redondos continuos en toda la superficie.</font></font></p> <p><font style=vertical-align: inherit;><font style=vertical-align: inherit;><strong>UNIsex &amp; UNIversal. </strong>Para hombres y mujeres, solos o juntos.</font></font><font style=vertical-align: inherit;><font style=vertical-align: inherit;><strong> TENGA UNI</strong> es un art&iacute;culo de placer de &uacute;ltima generaci&oacute;n que cualquiera puede disfrutar, independientemente de su g&eacute;nero o sexualidad. &iexcl;Disfruta de tu vida placentera m&aacute;s f&aacute;cil y libremente!<br /> <br /> <strong>TENGA UNI </strong>est&aacute; hecho de un material suave y el&aacute;stico, por lo que puedes usarlo en tu dedo y colocarlo sobre tus genitales femeninos, o darle la vuelta y envolverlo alrededor de tus genitales masculinos. Adem&aacute;s, es un <strong>TENGA </strong>completamente nueva con un dise&ntilde;o unisex y universal que podr&aacute;s disfrutar no s&oacute;lo por ti mismo, sino tambi&eacute;n por tu pareja.</font></font></p> <p>&nbsp;</p> <p><u><strong>CARACTERSITICAS</strong></u>:</p> <p><strong>1 - USO PERSONAL</strong>: Usabilidad sin g&eacute;nero para el placer personal. El UNI se puede usar como una mejora de la estimulaci&oacute;n con los dedos, o se puede voltear del rev&eacute;s para usarlo como una funda el&aacute;stica estimulante, &iexcl;para un producto verdaderamente unisex!</p> <p><strong>2 - USO EN PAREJA</strong>: Para placer en pareja de cualquier orientaci&oacute;n. &iexcl;Con su capacidad de ser utilizado por cualquier persona, el UNI tambi&eacute;n se puede utilizar en juegos en pareja! Adem&aacute;s, UNI es un producto &uacute;nico en su capacidad de ser utilizado por cualquier asociaci&oacute;n de emparejamiento de g&eacute;nero.</p> <p><strong>3 - MATERIAL</strong>: Dise&ntilde;os a base de piedras preciosas, como sean todo menos duro al tacto. El UNI est&aacute; creado a partir de un material suave y flexible.</p> <p><strong>4 - SOSTENIBILIDAD</strong>: Gran parte de la carcasa del producto est&aacute; fabricada con papel pulp-moid similar a los cartones de huevos para reducir nuestro perfil de residuos pl&aacute;sticos.</p> <p>&nbsp;</p> <p><strong>TENGA&nbsp;&nbsp;</strong>proviene de Jap&oacute;n y es exactamente lo que imaginas: &iexcl;absolutamente extra&ntilde;o!&nbsp;Son sin duda l&iacute;deres en relaci&oacute;n dise&ntilde;o-calidad y son los juguetes favoritos de los hombres que valoran la discreci&oacute;n.&nbsp;Los productos <strong>TENGA </strong>parecen huevos o paquetes de productos cosm&eacute;ticos para hombres: &iexcl;modernos, discretos y, sobre todo, eficaces!&nbsp;Sin embargo, no te dejes enga&ntilde;ar por el dise&ntilde;o: el interior del masturbador <strong>TENGA </strong>est&aacute; hecho de un material excepcionalmente suave que con solo tocarlo provoca escalofr&iacute;os por tu columna y otras cosas para levantarte.&nbsp;Se trata de una serie de masturbadores que est&aacute;n fabricados pensando en el placer del hombre moderno y actual.&nbsp;Recrean la sensaci&oacute;n del sexo vaginal, oral, anal y otras pr&aacute;cticas er&oacute;ticas traviesas que viven en las fantas&iacute;as masculinas.&nbsp;Cada a&ntilde;o que pasa, TENGA ofrece algo nuevo e incluso m&aacute;s loco que el anterior, para que los hombres de todo el mundo obtengan la variedad que necesitan.</p>",TENGA,,Masturbador masculino,"vendor-tenga, publico-el, tipo-masturbador, juguetes-eroticos",TRUE,Title,Default Title,,,,,D-238094,36,shopify,19,deny,manual,9.99,,TRUE,TRUE,D-238094,https://sexshoplorena.com/wp-content/uploads/2024/05/img_163859_d4c9341e3ecae701f7ce4311d087f3da_1.jpg,1,TENGA - UNI TOPAZ MASTURBADOR DEDAL,FALSE,TENGA - UNI TOPAZ MASTURBADOR DEDAL,TOPAZ: Estimulación ... Paquete discreto en 24 h,,,adult,D-238094,new,FALSE,https://sexshoplorena.com/wp-content/uploads/2024/05/img_163859_d4c9341e3ecae701f7ce4311d087f3da_1.jpg,g,,,active
tenga-uni-topaz-masturbador-dedal,,,,,,,,,,,,,,,,,,,,,,,,,https://sexshoplorena.com/wp-content/uploads/2024/05/img_163861_69887ec850e5a0165e4bbac3d63d266d_1.jpg,2,TENGA - UNI TOPAZ MASTURBADOR DEDAL,,,,,,,,,,,,,,
tenga-uni-topaz-masturbador-dedal,,,,,,,,,,,,,,,,,,,,,,,,,https://sexshoplorena.com/wp-content/uploads/2024/05/img_163860_d70159d180387a10f5d923e57252973d_1.jpg,3,TENGA - UNI TOPAZ MASTURBADOR DEDAL,,,,,,,,,,,,,,
tenga-uni-topaz-masturbador-dedal,,,,,,,,,,,,,,,,,,,,,,,,,https://sexshoplorena.com/wp-content/uploads/2024/05/img_163858_19bcacb251f2148225994f3d23e81533_1.jpg,4,TENGA - UNI TOPAZ MASTURBADOR DEDAL,,,,,,,,,,,,,,
tenga-uni-amethyst-masturbador-dedal,TENGA - UNI AMETHYST MASTURBADOR DEDAL,"<p><font style=""vertical-align:""><font style=""vertical-align:""><strong>AMETHYST: </strong>Estimulaci&oacute;n envuelta en cortes cuadrados superpuestos.Disfruta de la estimulaci&oacute;n de ser envuelto y succionado por detalles cuadrados con tama&ntilde;os superpuestos.</font></font></p><p><font style=""vertical-align:""><font style=""vertical-align:""><strong>UNIsex &amp; UNIversal. </strong>Para hombres y mujeres, solos o juntos.</font></font><font style=""vertical-align:""><font style=""vertical-align:""><strong> TENGA UNI</strong> es un art&iacute;culo de placer de &uacute;ltima generaci&oacute;n que cualquiera puede disfrutar, independientemente de su g&eacute;nero o sexualidad. &iexcl;Disfruta de tu vida placentera m&aacute;s f&aacute;cil y libremente!<br /><br /><strong>TENGA UNI </strong>est&aacute; hecho de un material suave y el&aacute;stico, por lo que puedes usarlo en tu dedo y colocarlo sobre tus genitales femeninos, o darle la vuelta y envolverlo alrededor de tus genitales masculinos. Adem&aacute;s, es un <strong>TENGA </strong>completamente nueva con un dise&ntilde;o unisex y universal que podr&aacute;s disfrutar no s&oacute;lo por ti mismo, sino tambi&eacute;n por tu pareja.</font></font></p><p>&nbsp;</p><p><u><strong>CARACTERSITICAS</strong></u>:</p><p><strong>1 - USO PERSONAL</strong>: Usabilidad sin g&eacute;nero para el placer personal. El UNI se puede usar como una mejora de la estimulaci&oacute;n con los dedos, o se puede voltear del rev&eacute;s para usarlo como una funda el&aacute;stica estimulante, &iexcl;para un producto verdaderamente unisex!</p><p><strong>2 - USO EN PAREJA</strong>: Para placer en pareja de cualquier orientaci&oacute;n. &iexcl;Con su capacidad de ser utilizado por cualquier persona, el UNI tambi&eacute;n se puede utilizar en juegos en pareja! Adem&aacute;s, UNI es un producto &uacute;nico en su capacidad de ser utilizado por cualquier asociaci&oacute;n de emparejamiento de g&eacute;nero.</p><p><strong>3 - MATERIAL</strong>: Dise&ntilde;os a base de piedras preciosas, como sean todo menos duro al tacto. El UNI est&aacute; creado a partir de un material suave y flexible.</p><p><strong>4 - SOSTENIBILIDAD</strong>: Gran parte de la carcasa del producto est&aacute; fabricada con papel pulp-moid similar a los cartones de huevos para reducir nuestro perfil de residuos pl&aacute;sticos.</p><p>&nbsp;</p><p><strong>TENGA&nbsp;&nbsp;</strong>proviene de Jap&oacute;n y es exactamente lo que imaginas: &iexcl;absolutamente extra&ntilde;o!&nbsp;Son sin duda l&iacute;deres en relaci&oacute;n dise&ntilde;o-calidad y son los juguetes favoritos de los hombres que valoran la discreci&oacute;n.&nbsp;Los productos <strong>TENGA </strong>parecen huevos o paquetes de productos cosm&eacute;ticos para hombres: &iexcl;modernos, discretos y, sobre todo, eficaces!&nbsp;Sin embargo, no te dejes enga&ntilde;ar por el dise&ntilde;o: el interior del masturbador <strong>TENGA </strong>est&aacute; hecho de un material excepcionalmente suave que con solo tocarlo provoca escalofr&iacute;os por tu columna y otras cosas para levantarte.&nbsp;Se trata de una serie de masturbadores que est&aacute;n fabricados pensando en el placer del hombre moderno y actual.&nbsp;Recrean la sensaci&oacute;n del sexo vaginal, oral, anal y otras pr&aacute;cticas er&oacute;ticas traviesas que viven en las fantas&iacute;as masculinas.&nbsp;Cada a&ntilde;o que pasa, TENGA ofrece algo nuevo e incluso m&aacute;s loco que el anterior, para que los hombres de todo el mundo obtengan la variedad que necesitan.</p>",TENGA,,Masturbador masculino,"vendor-tenga, publico-el, tipo-masturbador, juguetes-eroticos",TRUE,Title,Default Title,,,,,D-238095,38,shopify,20,deny,manual,9.99,,TRUE,TRUE,D-238095,https://sexshoplorena.com/wp-content/uploads/2024/05/img_163864_71f2e195b5fd551b8f24a1f7f57ff4bd_1.jpg,1,TENGA - UNI AMETHYST MASTURBADOR DEDAL,FALSE,TENGA - UNI AMETHYST MASTURBADOR DEDAL,AMETHYST: Estimulación envuelta en ... Paquete discreto en 24 h,,,adult,D-238095,new,FALSE,https://sexshoplorena.com/wp-content/uploads/2024/05/img_163864_71f2e195b5fd551b8f24a1f7f57ff4bd_1.jpg,g,,,active
tenga-uni-amethyst-masturbador-dedal,,,,,,,,,,,,,,,,,,,,,,,,,https://sexshoplorena.com/wp-content/uploads/2024/05/img_163863_b72a53e28059b4db42c2a36115393629_1.jpg,2,TENGA - UNI AMETHYST MASTURBADOR DEDAL,,,,,,,,,,,,,,
tenga-uni-amethyst-masturbador-dedal,,,,,,,,,,,,,,,,,,,,,,,,,https://sexshoplorena.com/wp-content/uploads/2024/05/img_163862_660c57afb076ed1e2eb70ba0e914d7e1_1.jpg,3,TENGA - UNI AMETHYST MASTURBADOR DEDAL,,,,,,,,,,,,,,
tenga-uni-variety-masturbador-dedal-pack-4-uds,TENGA - UNI VARIETY MASTURBADOR DEDAL PACK 4 UDS,"<p><font style=""vertical-align:""><font style=""vertical-align:""><strong>PACK VARIEDAD UNI - </strong>&iexcl;Un paquete variado con 4 tipos de UNI!&nbsp;Podr&aacute;s disfrutar de una estimulaci&oacute;n diferente de cada uno.</font></font></p><ul>	<li><strong>ESMERALDA: </strong>Estimulaci&oacute;n que va m&aacute;s all&aacute; de un gran corte. Disfruta d<font style=""vertical-align:""><font style=""vertical-align:"">e la estimulaci&oacute;n de superar los detalles de los grandes pasos que se conectan horizontalmente.</font></font></li>	<li><font style=""vertical-align:""><font style=""vertical-align:""><strong><font style=""vertical-align:""><font style=""vertical-align:"">DIAMANTE<strong>: </strong></font></font></strong><font style=""vertical-align:""><font style=""vertical-align:"">El corte piramidal fino <font style=""vertical-align:""><font style=""vertical-align:"">proporciona estimulaci&oacute;n de caricia. Los finos detalles de pir&aacute;mide dispuestos uniformemente le permiten disfrutar de una estimulaci&oacute;n de caricia delicada.</font></font></font></font></font></font></li>	<li><font style=""vertical-align:""><font style=""vertical-align:""><font style=""vertical-align:""><font style=""vertical-align:""><strong>TOPAZ:</strong><strong><font style=""vertical-align:""><font style=""vertical-align:""><strong> </strong></font></font></strong>Estimulaci&oacute;n del popping con cortes redondos continuos. Disfruta <font style=""vertical-align:""><font style=""vertical-align:"">de la estimulaci&oacute;n del balanceo y popping gracias a los detalles redondos continuos en toda la superficie.</font></font></font></font></font></font></li>	<li><font style=""vertical-align:""><font style=""vertical-align:""><strong><font style=""vertical-align:""><font style=""vertical-align:""><font style=""vertical-align:""><font style=""vertical-align:""><font style=""vertical-align:""><font style=""vertical-align:""><font style=""vertical-align:""><font style=""vertical-align:"">AMATISTA</font></font></font></font></font></font><strong><font style=""vertical-align:""><font style=""vertical-align:""><strong><font style=""vertical-align:""><font style=""vertical-align:""><strong><font style=""vertical-align:""><font style=""vertical-align:""><strong>: </strong></font></font></strong></font></font></strong></font></font></strong></font></font></strong><font style=""vertical-align:""><font style=""vertical-align:""><font style=""vertical-align:""><font style=""vertical-align:""><font style=""vertical-align:""><font style=""vertical-align:""><font style=""vertical-align:""><font style=""vertical-align:"">Estimulaci&oacute;n envuelta en cortes cuadrados superpuestos.Disfruta <font style=""vertical-align:""><font style=""vertical-align:"">de la estimulaci&oacute;n de ser envuelto y succionado por detalles cuadrados con tama&ntilde;os superpuestos.</font></font></font></font></font></font></font></font></font></font></font></font></li></ul><p><font style=""vertical-align:""><font style=""vertical-align:""><strong>UNIsex &amp; UNIversal. </strong>Para hombres y mujeres, solos o juntos.</font></font><font style=""vertical-align:""><font style=""vertical-align:""><strong> TENGA UNI</strong> es un art&iacute;culo de placer de &uacute;ltima generaci&oacute;n que cualquiera puede disfrutar, independientemente de su g&eacute;nero o sexualidad. &iexcl;Disfruta de tu vida placentera m&aacute;s f&aacute;cil y libremente!<br /><br /><strong>TENGA UNI </strong>est&aacute; hecho de un material suave y el&aacute;stico, por lo que puedes usarlo en tu dedo y colocarlo sobre tus genitales femeninos, o darle la vuelta y envolverlo alrededor de tus genitales masculinos. Adem&aacute;s, es un <strong>TENGA </strong>completamente nueva con un dise&ntilde;o unisex y universal que podr&aacute;s disfrutar no s&oacute;lo por ti mismo, sino tambi&eacute;n por tu pareja.</font></font></p><p>&nbsp;</p><p><u><strong>CARACTERSITICAS</strong></u>:</p><p><strong>1 - USO PERSONAL</strong>: Usabilidad sin g&eacute;nero para el placer personal. El UNI se puede usar como una mejora de la estimulaci&oacute;n con los dedos, o se puede voltear del rev&eacute;s para usarlo como una funda el&aacute;stica estimulante, &iexcl;para un producto verdaderamente unisex!</p><p><strong>2 - USO EN PAREJA</strong>: Para placer en pareja de cualquier orientaci&oacute;n. &iexcl;Con su capacidad de ser utilizado por cualquier persona, el UNI tambi&eacute;n se puede utilizar en juegos en pareja! Adem&aacute;s, UNI es un producto &uacute;nico en su capacidad de ser utilizado por cualquier asociaci&oacute;n de emparejamiento de g&eacute;nero.</p><p><strong>3 - MATERIAL</strong>: Dise&ntilde;os a base de piedras preciosas, como sean todo menos duro al tacto. El UNI est&aacute; creado a partir de un material suave y flexible.</p><p><strong>4 - SOSTENIBILIDAD</strong>: Gran parte de la carcasa del producto est&aacute; fabricada con papel pulp-moid similar a los cartones de huevos para reducir nuestro perfil de residuos pl&aacute;sticos.</p><p>&nbsp;</p><p><strong>TENGA&nbsp;&nbsp;</strong>proviene de Jap&oacute;n y es exactamente lo que imaginas: &iexcl;absolutamente extra&ntilde;o!&nbsp;Son sin duda l&iacute;deres en relaci&oacute;n dise&ntilde;o-calidad y son los juguetes favoritos de los hombres que valoran la discreci&oacute;n.&nbsp;Los productos <strong>TENGA </strong>parecen huevos o paquetes de productos cosm&eacute;ticos para hombres: &iexcl;modernos, discretos y, sobre todo, eficaces!&nbsp;Sin embargo, no te dejes enga&ntilde;ar por el dise&ntilde;o: el interior del masturbador <strong>TENGA </strong>est&aacute; hecho de un material excepcionalmente suave que con solo tocarlo provoca escalofr&iacute;os por tu columna y otras cosas para levantarte.&nbsp;Se trata de una serie de masturbadores que est&aacute;n fabricados pensando en el placer del hombre moderno y actual.&nbsp;Recrean la sensaci&oacute;n del sexo vaginal, oral, anal y otras pr&aacute;cticas er&oacute;ticas traviesas que viven en las fantas&iacute;as masculinas.&nbsp;Cada a&ntilde;o que pasa, TENGA ofrece algo nuevo e incluso m&aacute;s loco que el anterior, para que los hombres de todo el mundo obtengan la variedad que necesitan.</p>",TENGA,,Masturbador masculino,"vendor-tenga, publico-el, tipo-masturbador, juguetes-eroticos",TRUE,Title,Default Title,,,,,D-238096,176,shopify,11,deny,manual,39.99,,TRUE,TRUE,D-238096,https://sexshoplorena.com/wp-content/uploads/2024/05/img_163871_23bb1e970d159dd126c700df8dc82719_1.jpg,1,TENGA - UNI VARIETY MASTURBADOR DEDAL PACK 4 UDS,FALSE,TENGA - UNI VARIETY MASTURBADOR DEDAL PACK 4 UDS,PACK VARIEDAD UNI - ¡Un paquete ... Paquete discreto en 24 h,,,adult,D-238096,new,FALSE,https://sexshoplorena.com/wp-content/uploads/2024/05/img_163871_23bb1e970d159dd126c700df8dc82719_1.jpg,g,,,active
tenga-uni-variety-masturbador-dedal-pack-4-uds,,,,,,,,,,,,,,,,,,,,,,,,,https://sexshoplorena.com/wp-content/uploads/2024/05/img_163868_39154522bcfe6e3562e7da99b329f67f_1.jpg,2,TENGA - UNI VARIETY MASTURBADOR DEDAL PACK 4 UDS,,,,,,,,,,,,,,
tenga-uni-variety-masturbador-dedal-pack-4-uds,,,,,,,,,,,,,,,,,,,,,,,,,https://sexshoplorena.com/wp-content/uploads/2024/05/img_163869_cbd3010df071732f6990a6f503edd32d_1.jpg,3,TENGA - UNI VARIETY MASTURBADOR DEDAL PACK 4 UDS,,,,,,,,,,,,,,
tenga-uni-variety-masturbador-dedal-pack-4-uds,,,,,,,,,,,,,,,,,,,,,,,,,https://sexshoplorena.com/wp-content/uploads/2024/05/img_163866_51959ef33f591aa996e0937c2fe1ec24_1.jpg,4,TENGA - UNI VARIETY MASTURBADOR DEDAL PACK 4 UDS,,,,,,,,,,,,,,
tenga-uni-variety-masturbador-dedal-pack-4-uds,,,,,,,,,,,,,,,,,,,,,,,,,https://sexshoplorena.com/wp-content/uploads/2024/05/img_163867_9661f37dce46eccfed8f11b5c1da6bd9_1.jpg,5,TENGA - UNI VARIETY MASTURBADOR DEDAL PACK 4 UDS,,,,,,,,,,,,,,
tenga-3d-module-sculpted-ecstasy,TENGA - 3D MODULE SCULPTED ECSTASY,"<p>Es el innovador masturbador masculino, que ha revolucionado los juguetes de placer para el hombre.<br /><br />Est&eacute;ticamente ha sido dise&ntilde;ado con la apariencia de un estiloso producto, evitando la imitaci&oacute;n visual de &oacute;rgano sexual alguno.</p><p>TENGA 3D MODULE SCULPTED ECSTASY, es el&nbsp;<b>innovador masturbador masculino</b>, que ha revolucionado los juguetes de placer para el hombre.<br /><br />Est&eacute;ticamente ha sido dise&ntilde;ado con la apariencia de un estiloso producto, evitando la imitaci&oacute;n visual de &oacute;rgano sexual alguno.</p><p>Con detalles en su interior que solo pueden mantener el prop&oacute;sito de dar placer y un novedoso sistema de ""<b>DALE LA VUELTA-L&Aacute;VALO-D&Eacute;JALO SECAR</b>"", convierte los detalles internos en detalles externos, dotando al juguete de un dise&ntilde;o &uacute;nico. En un instante, el cambio de apariencia queda visible, la fusi&oacute;n de texturas estimulantes con una belleza estructural, hacen que este juguete sea ideal para la b&uacute;squeda de la cima del placer mediante la masturbaci&oacute;n.<br />Estructuralmente la combinaci&oacute;n de materiales y formas ergon&oacute;micamente complejas hacen de&nbsp;<b>TENGA</b>&nbsp;el masturbador m&aacute;s innovador del mercado.<br /><br />El modelo&nbsp;<b>POLYGON</b>&nbsp;se compone de m&uacute;ltiples tri&aacute;ngulos erigidos aleatoriamente, que embellecen su superficie. Descubre la marca de diferencia de este juguete mediante los nuevos est&iacute;mulos que descubrir&aacute;s escondidos dentro de las deslizantes caras poligonales y los inesperados picos, para una experiencia trascendental que nunca antes hab&iacute;as sentido...</p><ul>	<li>Producto prelubricado.</li>	<li>Manga de 11.5 cm</li></ul><p style=""text-align: center;"">&nbsp;</p>",TENGA,,Masturbador masculino,"vendor-tenga, publico-el, tipo-masturbador, juguetes-eroticos, sin-vibracion",TRUE,Title,Default Title,,,,,TNH-002,285,shopify,3,deny,manual,39.95,,TRUE,TRUE,TNH-002,https://sexshoplorena.com/wp-content/uploads/2024/05/img_4038_aa3bae5732620a0fa796c3f0756c7e71_1.jpg,1,TENGA - 3D MODULE SCULPTED ECSTASY,FALSE,TENGA - 3D MODULE SCULPTED ECSTASY,"Es el innovador masturbador masculino, que ha revolucionado los juguetes de placer para el hombre.<br ... Paquete discreto en 24 h",,,adult,TNH-002,new,FALSE,https://sexshoplorena.com/wp-content/uploads/2024/05/img_4038_aa3bae5732620a0fa796c3f0756c7e71_1.jpg,g,,,active
tenga-3d-module-sculpted-ecstasy,,,,,,,,,,,,,,,,,,,,,,,,,https://sexshoplorena.com/wp-content/uploads/2024/05/img_4039_6b30755901a2f1c928a0e71a9915c5b4_1.jpg,2,TENGA - 3D MODULE SCULPTED ECSTASY,,,,,,,,,,,,,,
tenga-3d-module-sculpted-ecstasy,,,,,,,,,,,,,,,,,,,,,,,,,https://sexshoplorena.com/wp-content/uploads/2024/05/img_4040_202bad9f3492303e273098567497df19_1.jpg,3,TENGA - 3D MODULE SCULPTED ECSTASY,,,,,,,,,,,,,,
tenga-3d-module-sculpted-ecstasy,,,,,,,,,,,,,,,,,,,,,,,,,https://sexshoplorena.com/wp-content/uploads/2024/05/img_4041_bc43ad8f6c2d3905da0d327e16b9fa4d_1.jpg,4,TENGA - 3D MODULE SCULPTED ECSTASY,,,,,,,,,,,,,,
tenga-3d-module-sculpted-ecstasy,,,,,,,,,,,,,,,,,,,,,,,,,https://sexshoplorena.com/wp-content/uploads/2024/05/img_4042_5a85bf4b30ce08a83f3ad6b00857826a_1.jpg,5,TENGA - 3D MODULE SCULPTED ECSTASY,,,,,,,,,,,,,,
tenga-3d-zen-sculpted-ecstasy,TENGA - 3D ZEN SCULPTED ECSTASY,"<p>TENGA 3D ZEN SCULPTED ECSTASY, es el&nbsp;<b>innovador masturbador masculino</b>, que ha revolucionado los juguetes de placer para el hombre.</p><p><br />Est&eacute;ticamente ha sido dise&ntilde;ado con la apariencia de un estiloso producto, evitando la imitaci&oacute;n visual de &oacute;rgano sexual alguno.</p><p>Con detalles en su interior que solo pueden mantener el prop&oacute;sito de dar placer y un novedoso sistema de ""<b>DALE LA VUELTA-L&Aacute;VALO-D&Eacute;JALO SECAR</b>"", convierte los detalles internos en detalles externos, dotando al juguete de un dise&ntilde;o &uacute;nico. En un instante, el cambio de apariencia queda visible, la fusi&oacute;n de texturas estimulantes con una belleza estructural, hacen que este juguete sea ideal para la b&uacute;squeda de la cima del placer mediante la masturbaci&oacute;n.<br />Estructuralmente la combinaci&oacute;n de materiales y formas ergon&oacute;micamente complejas hacen de&nbsp;<b>TENGA</b>&nbsp;el masturbador m&aacute;s innovador del mercado.<br /><br />El modelo&nbsp;<b>POLYGON</b>&nbsp;se compone de m&uacute;ltiples tri&aacute;ngulos erigidos aleatoriamente, que embellecen su superficie. Descubre la marca de diferencia de este juguete mediante los nuevos est&iacute;mulos que descubrir&aacute;s escondidos dentro de las deslizantes caras poligonales y los inesperados picos, para una experiencia trascendental que nunca antes hab&iacute;as sentido...</p><ul>	<li>Producto prelubricado.</li>	<li>Manga de 11.5 cm</li></ul><p style=""text-align: center;"">&nbsp;</p>",TENGA,,Masturbador masculino,"vendor-tenga, publico-el, tipo-masturbador, juguetes-eroticos, sin-vibracion",TRUE,Title,Default Title,,,,,TNH-003,282,shopify,13,deny,manual,39.95,,TRUE,TRUE,TNH-003,https://sexshoplorena.com/wp-content/uploads/2024/05/img_4043_172350a603b5dfe1b43e3547a2d498b0_1.jpg,1,TENGA - 3D ZEN SCULPTED ECSTASY,FALSE,TENGA - 3D ZEN SCULPTED ECSTASY,"TENGA 3D ZEN SCULPTED ECSTASY, es el innovador masturbador masculino, que ha revolucionado los juguetes de ... Paquete discreto en 24 h",,,adult,TNH-003,new,FALSE,https://sexshoplorena.com/wp-content/uploads/2024/05/img_4043_172350a603b5dfe1b43e3547a2d498b0_1.jpg,g,,,active
tenga-3d-zen-sculpted-ecstasy,,,,,,,,,,,,,,,,,,,,,,,,,https://sexshoplorena.com/wp-content/uploads/2024/05/img_4044_9ab2b04f35d0667f98537ba310943dc6_1.jpg,2,TENGA - 3D ZEN SCULPTED ECSTASY,,,,,,,,,,,,,,
tenga-3d-zen-sculpted-ecstasy,,,,,,,,,,,,,,,,,,,,,,,,,https://sexshoplorena.com/wp-content/uploads/2024/05/img_4045_b2195493c01da4ac8d933a25c9ea1dc1_1.jpg,3,TENGA - 3D ZEN SCULPTED ECSTASY,,,,,,,,,,,,,,
tenga-3d-zen-sculpted-ecstasy,,,,,,,,,,,,,,,,,,,,,,,,,https://sexshoplorena.com/wp-content/uploads/2024/05/img_4046_25b0092cf7971a042455093b5aaf9166_1.jpg,4,TENGA - 3D ZEN SCULPTED ECSTASY,,,,,,,,,,,,,,
tenga-3d-zen-sculpted-ecstasy,,,,,,,,,,,,,,,,,,,,,,,,,https://sexshoplorena.com/wp-content/uploads/2024/05/img_4047_39a6175d100561321ef4c585c9638ba6_1.jpg,5,TENGA - 3D ZEN SCULPTED ECSTASY,,,,,,,,,,,,,,
tenga-3d-polygon-sculpted-ecstasy,TENGA - 3D POLYGON SCULPTED ECSTASY,"<p>TENGA 3D POLYGON SCULPTED ECSTASY, es el <b>innovador masturbador masculino</b>, que ha revolucionado los juguetes de placer para el hombre.<br /><br />Est&eacute;ticamente ha sido dise&ntilde;ado con la apariencia de un estiloso producto, evitando la imitaci&oacute;n visual de &oacute;rgano sexual alguno.</p><p>Con detalles en su interior que solo pueden mantener el prop&oacute;sito de dar placer y un novedoso sistema de ""<b>DALE LA VUELTA-L&Aacute;VALO-D&Eacute;JALO SECAR</b>"", convierte los detalles internos en detalles externos, dotando al juguete de un dise&ntilde;o &uacute;nico. En un instante, el cambio de apariencia queda visible, la fusi&oacute;n de texturas estimulantes con una belleza estructural, hacen que este juguete sea ideal para la b&uacute;squeda de la cima del placer mediante la masturbaci&oacute;n.<br />Estructuralmente la combinaci&oacute;n de materiales y formas ergon&oacute;micamente complejas hacen de <b>TENGA</b> el masturbador m&aacute;s innovador del mercado.<br /><br />El modelo <b>POLYGON</b> se compone de m&uacute;ltiples tri&aacute;ngulos erigidos aleatoriamente, que embellecen su superficie. Descubre la marca de diferencia de este juguete mediante los nuevos est&iacute;mulos que descubrir&aacute;s escondidos dentro de las deslizantes caras poligonales y los inesperados picos, para una experiencia trascendental que nunca antes hab&iacute;as sentido...</p><ul>	<li>Producto prelubricado.</li>	<li>Manga de 11.5 cm</li></ul>",TENGA,,Masturbador masculino,"vendor-tenga, publico-el, tipo-masturbador, juguetes-eroticos, sin-vibracion",TRUE,Title,Default Title,,,,,TNH-004,288,shopify,7,deny,manual,39.95,,TRUE,TRUE,TNH-004,https://sexshoplorena.com/wp-content/uploads/2024/05/img_4048_1f55dc0dbfcea1c8c442c860fa6835c7_1.jpg,1,TENGA - 3D POLYGON SCULPTED ECSTASY,FALSE,TENGA - 3D POLYGON SCULPTED ECSTASY,"TENGA 3D POLYGON SCULPTED ECSTASY, es el innovador masturbador masculino, que ha revolucionado los juguetes de ... Paquete discreto en 24 h",,,adult,TNH-004,new,FALSE,https://sexshoplorena.com/wp-content/uploads/2024/05/img_4048_1f55dc0dbfcea1c8c442c860fa6835c7_1.jpg,g,,,active
tenga-3d-polygon-sculpted-ecstasy,,,,,,,,,,,,,,,,,,,,,,,,,https://sexshoplorena.com/wp-content/uploads/2024/05/img_4049_c618a69e457f55e1d65f52084c4eaa38_1.jpg,2,TENGA - 3D POLYGON SCULPTED ECSTASY,,,,,,,,,,,,,,
tenga-3d-polygon-sculpted-ecstasy,,,,,,,,,,,,,,,,,,,,,,,,,https://sexshoplorena.com/wp-content/uploads/2024/05/img_4050_7519e04179c5e7f61e75fd03d2afb9ee_1.jpg,3,TENGA - 3D POLYGON SCULPTED ECSTASY,,,,,,,,,,,,,,
tenga-3d-polygon-sculpted-ecstasy,,,,,,,,,,,,,,,,,,,,,,,,,https://sexshoplorena.com/wp-content/uploads/2024/05/img_4051_be7dab1b5c338d9f2ba236db8ff8a919_1.jpg,4,TENGA - 3D POLYGON SCULPTED ECSTASY,,,,,,,,,,,,,,
tenga-3d-polygon-sculpted-ecstasy,,,,,,,,,,,,,,,,,,,,,,,,,https://sexshoplorena.com/wp-content/uploads/2024/05/img_16729_9d253a0d0dda3d0e002f876bfeacc82d_1.jpg,5,TENGA - 3D POLYGON SCULPTED ECSTASY,,,,,,,,,,,,,,
tenga-locion-lubricante-light-base-agua,TENGA - LOCION LUBRICANTE LIGHT BASE AGUA,"<p>&iexcl;Especial para masturbadores!</p><p>El lubricante <strong>Tenga Lotion Light</strong> a base de agua proporciona momentos de diversi&oacute;n maravillosamente h&uacute;medos con todos los masturbadores reutilizables (de Tenga).&nbsp;</p><p>Tiene excelentes propiedades lubricantes para un placer muy duradero.&nbsp;</p><p>La Lotion Light es muy espesa, por lo que es ideal para sensaciones intensas durante movimientos lentos.&nbsp;</p><p>Es suave y nutritiva para la piel: el lubricante hidratante tiene un tacto maravillosamente natural.&nbsp;</p><p>Adem&aacute;s, se puede lavar sin dejar residuos. Se presenta en un frasco con una pr&aacute;ctica boquilla para una dosificaci&oacute;n f&aacute;cil y precisa.</p><ul>	<li>170 ml.</li>	<li>S&oacute;lo para uso externo.</li></ul>",TENGA,,Masturbador masculino,"vendor-tenga, publico-el, tipo-masturbador, juguetes-eroticos",TRUE,Title,Default Title,,,,,D-241187,216,shopify,3,deny,manual,19.14,,TRUE,TRUE,D-241187,https://sexshoplorena.com/wp-content/uploads/2024/09/img_183759_74e3e50d11b82ea6773e03f149ef8a28_1.jpg,1,TENGA - LOCION LUBRICANTE LIGHT BASE AGUA,FALSE,TENGA - LOCION LUBRICANTE LIGHT BASE AGUA,¡Especial para masturbadores!El lubricante Tenga Lotion Light a base de agua proporciona ... Paquete discreto en 24 h,,,adult,D-241187,new,FALSE,https://sexshoplorena.com/wp-content/uploads/2024/09/img_183759_74e3e50d11b82ea6773e03f149ef8a28_1.jpg,g,,,active
tenga-locion-lubricante-light-base-agua,,,,,,,,,,,,,,,,,,,,,,,,,https://sexshoplorena.com/wp-content/uploads/2024/09/img_183758_da10136af03ba28e78f3d020e7e707ea_1.jpg,2,TENGA - LOCION LUBRICANTE LIGHT BASE AGUA,,,,,,,,,,,,,,
tenga-locion-lubricante-light-base-agua,,,,,,,,,,,,,,,,,,,,,,,,,https://sexshoplorena.com/wp-content/uploads/2024/09/img_183760_47aa678335d446087a926d498fec53d1_1.jpg,3,TENGA - LOCION LUBRICANTE LIGHT BASE AGUA,,,,,,,,,,,,,,
tenga-locion-lubricante-light-base-agua,,,,,,,,,,,,,,,,,,,,,,,,,https://sexshoplorena.com/wp-content/uploads/2024/09/img_183761_b4d60de159a0dee709d7f0f985b92ec4_1.jpg,4,TENGA - LOCION LUBRICANTE LIGHT BASE AGUA,,,,,,,,,,,,,,
barbara-love-doll,Barbara Love Doll,"Descubre el realismo elevado al máximo con nuestras muñecas y muñecos de cuerpo completo, diseñados para ofrecer una experiencia intensa, realista y totalmente personalizada.\n\nEstos son los detalles de este juguete en concreto:\n\nWeight: 33kg<br>\nHeight: 159cm<br>\nBreast-waist-hip: 80*56*82cm<br>\nFeet size: 21cm<br>\nVagina depth: 18cm<br>\nAnus depth: 18cm<br>\nOral depth: 15cm<br>\nCleaning : after each use, wash with lukewarm soapy water and a utensil cleaner. Allow to dry completely, then after a thorough wipe down, also apply a regenerating talcum powder, this will maintain the elasticity of the fabric. A water-based lubricant is recommended.<br>",MISTRESS,,Muñeca realista,"vendor-mistress, publico-el, tipo-muneca-realista, juguetes-eroticos, tamano-real",FALSE,Title,Default Title,,,,,MSTRS00053,33000,shopify,3,deny,manual,1397.95,,TRUE,TRUE,5999560511178,https://sexshoplorena.com/wp-content/uploads/2025/07/41508.jpg,1,Barbara Love Doll,FALSE,Barbara Love Doll,"Descubre el realismo elevado al máximo con nuestras muñecas y muñecos de cuerpo completo, diseñados para ofrecer una ... Paquete discreto en 24 h",,,adult,MSTRS00053,new,FALSE,https://sexshoplorena.com/wp-content/uploads/2025/07/41508.jpg,g,,,active
barbara-love-doll,,,,,,,,,,,,,,,,,,,,,,,,,https://sexshoplorena.com/wp-content/uploads/2025/07/44094.jpg,2,Barbara Love Doll,,,,,,,,,,,,,,
barbara-love-doll,,,,,,,,,,,,,,,,,,,,,,,,,https://sexshoplorena.com/wp-content/uploads/2025/07/43110.jpg,3,Barbara Love Doll,,,,,,,,,,,,,,
barbara-love-doll,,,,,,,,,,,,,,,,,,,,,,,,,https://sexshoplorena.com/wp-content/uploads/2025/07/42248.jpg,4,Barbara Love Doll,,,,,,,,,,,,,,
barbara-love-doll,,,,,,,,,,,,,,,,,,,,,,,,,https://sexshoplorena.com/wp-content/uploads/2025/07/42249.jpg,5,Barbara Love Doll,,,,,,,,,,,,,,
barbara-love-doll,,,,,,,,,,,,,,,,,,,,,,,,,https://sexshoplorena.com/wp-content/uploads/2025/07/44967.jpg,6,Barbara Love Doll,,,,,,,,,,,,,,
barbara-love-doll,,,,,,,,,,,,,,,,,,,,,,,,,https://sexshoplorena.com/wp-content/uploads/2025/07/26920.jpg,7,Barbara Love Doll,,,,,,,,,,,,,,
barbara-love-doll,,,,,,,,,,,,,,,,,,,,,,,,,https://sexshoplorena.com/wp-content/uploads/2025/07/25792.jpg,8,Barbara Love Doll,,,,,,,,,,,,,,
barbara-love-doll,,,,,,,,,,,,,,,,,,,,,,,,,https://sexshoplorena.com/wp-content/uploads/2025/07/24822.jpg,9,Barbara Love Doll,,,,,,,,,,,,,,
barbara-love-doll,,,,,,,,,,,,,,,,,,,,,,,,,https://sexshoplorena.com/wp-content/uploads/2025/07/23893.jpg,10,Barbara Love Doll,,,,,,,,,,,,,,
barbara-love-doll,,,,,,,,,,,,,,,,,,,,,,,,,https://sexshoplorena.com/wp-content/uploads/2025/07/24823.jpg,11,Barbara Love Doll,,,,,,,,,,,,,,
barbara-love-doll,,,,,,,,,,,,,,,,,,,,,,,,,https://sexshoplorena.com/wp-content/uploads/2025/07/25793.jpg,12,Barbara Love Doll,,,,,,,,,,,,,,
barbara-love-doll,,,,,,,,,,,,,,,,,,,,,,,,,https://sexshoplorena.com/wp-content/uploads/2025/07/46781.jpg,13,Barbara Love Doll,,,,,,,,,,,,,,
barbara-love-doll,,,,,,,,,,,,,,,,,,,,,,,,,https://sexshoplorena.com/wp-content/uploads/2025/07/45836.jpg,14,Barbara Love Doll,,,,,,,,,,,,,,
nora-love-doll,Nora Love Doll,"Descubre el realismo elevado al máximo con nuestras muñecas y muñecos de cuerpo completo, diseñados para ofrecer una experiencia intensa, realista y totalmente personalizada.\n\nEstos son los detalles de este juguete en concreto:\n\nGender neutral baby with removable penis.<br>\nWeight: 40kg<br>\nHeight: 160cm<br>\nBreast-waist-hip: 85*61*97cm<br>\nFeet size: 21cm<br>\nVagina depth: 18cm<br>\nOral depth: 15cm<br>\nAnus depth: 18cm<br>\nCleaning : after each use, wash with lukewarm soapy water and a utensil cleaner. Allow to dry completely, then after a thorough wipe down, also apply a regenerating talcum powder, this will maintain the elasticity of the fabric. A water-based lubricant is recommended.<br>",MISTRESS,,Muñeca realista,"vendor-mistress, publico-el, tipo-muneca-realista, juguetes-eroticos, tamano-real",FALSE,Title,Default Title,,,,,MSTRS00009,40000,shopify,4,deny,manual,1787.00,,TRUE,TRUE,5999560515053,https://sexshoplorena.com/wp-content/uploads/2025/07/40709.jpg,1,Nora Love Doll,FALSE,Nora Love Doll,"Descubre el realismo elevado al máximo con nuestras muñecas y muñecos de cuerpo completo, diseñados para ofrecer una ... Paquete discreto en 24 h",,,adult,MSTRS00009,new,FALSE,https://sexshoplorena.com/wp-content/uploads/2025/07/40709.jpg,g,,,active
nora-love-doll,,,,,,,,,,,,,,,,,,,,,,,,,https://sexshoplorena.com/wp-content/uploads/2025/07/23882.jpg,2,Nora Love Doll,,,,,,,,,,,,,,
nora-love-doll,,,,,,,,,,,,,,,,,,,,,,,,,https://sexshoplorena.com/wp-content/uploads/2025/07/24808.jpg,3,Nora Love Doll,,,,,,,,,,,,,,
nora-love-doll,,,,,,,,,,,,,,,,,,,,,,,,,https://sexshoplorena.com/wp-content/uploads/2025/07/25776.jpg,4,Nora Love Doll,,,,,,,,,,,,,,
nora-love-doll,,,,,,,,,,,,,,,,,,,,,,,,,https://sexshoplorena.com/wp-content/uploads/2025/07/26910.jpg,5,Nora Love Doll,,,,,,,,,,,,,,
nora-love-doll,,,,,,,,,,,,,,,,,,,,,,,,,https://sexshoplorena.com/wp-content/uploads/2025/07/30090.jpg,6,Nora Love Doll,,,,,,,,,,,,,,
nora-love-doll,,,,,,,,,,,,,,,,,,,,,,,,,https://sexshoplorena.com/wp-content/uploads/2025/07/28080.jpg,7,Nora Love Doll,,,,,,,,,,,,,,
scarlett-love-doll,Scarlett Love Doll,"Descubre el realismo elevado al máximo con nuestras muñecas y muñecos de cuerpo completo, diseñados para ofrecer una experiencia intensa, realista y totalmente personalizada.\n\nEstos son los detalles de este juguete en concreto:\n\nPeso: 48 kg\nAltura: 161 cm\nPecho-cintura-cadera: 95*54*97 cm\nTamaño de los pies: 21 cm\nProfundidad de la vagina: 18 cm\nProfundidad del ano: 18 cm\nProfundidad oral: 15 cm\nLimpieza : después de cada uso, lavar con agua tibia jabonosa y un limpiador de utensilios. Deje que se seque completamente y, después de limpiarlo a fondo, aplique también polvos de talco regeneradores, esto mantendrá la elasticidad del tejido. Se recomienda utilizar un lubricante a base de agua.\n<h3><strong>Accesorios</strong></h3>\nEsta Love Doll contiene los siguientes accesorios:\n<ul>\n 	<li style=""text-align: left;""><strong>Peine</strong></li>\n 	<li style=""text-align: left;""><strong>Pera Limpieza</strong></li>\n 	<li style=""text-align: left;""><strong>Conjunto de lencería</strong><em> (puede ser distinto al de la foto)</em></li>\n 	<li style=""text-align: left;""><strong>Barrita calentadora:</strong> Con la barra eléctrica de 48V, calienta el ano y la vagina de la muñeca, la temperatura de calentamiento puede alcanzar más de 37 grados.</li>\n 	<li style=""text-align: left;""><strong>Bolsa para salvaguardar el juguete</strong></li>\n</ul>\n<h3><b>Mantenimiento y Limpieza Esenciales:</b></h3>\nLa higiene es primordial para prolongar la vida útil de tu <b>Muñeca sexual Roxanne</b> y garantizar una experiencia segura.\n<ul>\n 	<li style=""text-align: left;"">Después de cada uso, límpiala con agua tibia, jabón neutro y un limpiador específico. Sécala bien antes de aplicar polvo regenerador para preservar la suavidad y elasticidad del material. Se recomienda siempre utilizar lubricantes a base de agua para proteger su estructura interna.</li>\n 	<li style=""text-align: left;"">A parte, la muñeca debe limpiarse cada <b>20 días</b> con espuma de ducha suave.</li>\n 	<li style=""text-align: left;"">La cabeza debe retirarse y limpiarse por separado; <b>manténgala alejada del agua</b> para evitar daños en los componentes internos.</li>\n 	<li style=""text-align: left;"">Use la toalla húmeda para limpiar suavemente la cara. Por favor, hágalo ligeramente.</li>\n 	<li style=""text-align: left;"">Use un champú suave para lavar la peluca. Deje que la peluca se seque de forma natural.</li>\n 	<li style=""text-align: left;"">Use una toalla suave para secar la muñeca después de la limpieza. <b>No utilice secador de pelo.</b> Después de secar, puede aplicar un poco de talco o polvos para mantener la suavidad de la piel.</li>\n 	<li style=""text-align: left;"">Para la cara, use una toalla húmeda y limpie suavemente, con ligereza.</li>\n 	<li style=""text-align: left;"">Lave la peluca con champú suave y deje que se seque de forma natural.</li>\n 	<li style=""text-align: left;"">Mueva la muñeca con cuidado, es pesada. <b>Evite golpearla o romperla.</b></li>\n</ul>\n<h3><b>Sugerencias:</b></h3>\n<ul>\n 	<li style=""text-align: left;"">Ponga ropa a la muñeca y manténgala siempre limpia para prevenir manchas. Si su piel se vuelve pegajosa, aplique talco o polvos secos.</li>\n 	<li style=""text-align: left;"">Debe mover la muñeca con cuidado porque es un poco pesada. Evite dejar caer la muñeca, golpearla o romperla.</li>\n</ul>\n&nbsp;\n\n<strong>Descubre el realismo elevado al máximo con nuestras muñecas y muñecos de cuerpo completo, diseñados para ofrecer una experiencia intensa, realista y totalmente personalizada.</strong>\n<blockquote>&nbsp;\n\n<strong><i>Otras opciones de tamaño y pecho disponibles:</i></strong>\n\n<i> (100cm, 105cm, 115cm, 125cm, 135cm, 140cm, 148cm, 156cm, 160cm, 165cm, 168cm, </i><i>con opciones de pecho plano o grande) </i>\n\n<i>Pueden consultarse para un pedido personalizado.</i></blockquote>\n&nbsp;\n<h3><b>Notas Importantes y Precauciones:</b></h3>\n<ul>\n 	<li style=""text-align: left;""><b>Posturas:</b> Sentarse y otras poses pre-envío son posibles, pero <b>no está permitido mantenerla de pie durante mucho tiempo ni en postura de 180 grados</b>. No la levante tirando de una pierna; use las manos para levantarla. Si no es el tipo estándar de pie, el metal podría cortar la pierna.</li>\n 	<li style=""text-align: left;""><b>Coloración:</b> Debido a la naturaleza del material, <b>la ropa oscura puede transferir color a la muñeca (efecto tinte).</b> Las cremas de tinte solo manejan manchas ligeras; las áreas grandes teñidas son difíciles de eliminar.</li>\n 	<li style=""text-align: left;""><b>Limpieza de Cavidades/Rostro:</b> <b>No se permite usar el grifo para limpiar directamente la vagina</b>. La limpieza de grandes áreas de la cara también está prohibida. Use hisopos y aceite de limpieza para manchas faciales.</li>\n 	<li style=""text-align: left;""><b>Objetos Afilados:</b> Cuchillos y otros objetos afilados <b>no deben entrar en contacto con la piel</b> para evitar perforaciones.</li>\n 	<li style=""text-align: left;""><b>Calor y Sol:</b> No la exponga al fuego, manténgala alejada del calor y <b>evite la exposición solar directa</b>. El material es inflamable.</li>\n 	<li style=""text-align: left;""><b>Prueba de Alergia:</b> Antes de usar el producto, se recomienda realizar una prueba con un pequeño trozo de material (facilitado por el fabricante) para confirmar que no hay alergias.</li>\n 	<li style=""text-align: left;""><b>Almacenamiento:</b> Prohíba el almacenamiento erguido si los ojos se ven pequeños. Ajuste manualmente los ojos para que se vean un poco más grandes.</li>\n 	<li style=""text-align: left;""><b>Pelucas:</b> Si se usa una peluca propia, se prefiere la intranet blanca.</li>\n</ul>\n<h3><b>Servicio Post-venta y Consideraciones:</b></h3>\n<p style=""text-align: left;"">Las muñecas sexuales son productos especiales que, generalmente, <strong>no admiten devolución sin motivo en 7 días.</strong> Se debe revisar cuidadosamente al recibir el paquete.</p>\n<p style=""text-align: left;"">El período de garantía del producto es de un año; daños por uso excesivo o incorrecto, o desgaste normal, no están cubiertos. El proceso de producción implica el uso de dos moldes, lo que puede dejar una línea de molde visible, lo cual no es un problema de calidad. Las articulaciones no están diseñadas para soportar la muñeca de forma independiente o realizar movimientos que excedan su rango normal, y los daños por no seguir las instrucciones no son un problema de calidad.</p>\n<b>Invierte en una experiencia sin precedentes con la Muñeca sexual Roxanne, tu compañera perfecta para el realismo y la exploración íntima, con la garantía de una calidad y un cuidado específicos</b>\n\n&nbsp;",MISTRESS,,Muñeca realista,"vendor-mistress, publico-el, tipo-muneca-realista, juguetes-eroticos, tamano-real",TRUE,Title,Default Title,,,,,MSTRS00001,48000,shopify,4,deny,manual,1397.95,,TRUE,TRUE,5999560514971,https://sexshoplorena.com/wp-content/uploads/2025/07/35411.jpg,1,Scarlett Love Doll,FALSE,Scarlett Love Doll,El sexshop lorena es una tienda para adultos con una amplia gama de juguetes eróticos. Envío 24 h y garantía de devolución - Paquete discreto,,,adult,MSTRS00001,new,FALSE,https://sexshoplorena.com/wp-content/uploads/2025/07/35411.jpg,g,,,active
scarlett-love-doll,,,,,,,,,,,,,,,,,,,,,,,,,https://sexshoplorena.com/wp-content/uploads/2025/07/42242.jpg,2,Scarlett Love Doll,,,,,,,,,,,,,,
scarlett-love-doll,,,,,,,,,,,,,,,,,,,,,,,,,https://sexshoplorena.com/wp-content/uploads/2025/07/42243.jpg,3,Scarlett Love Doll,,,,,,,,,,,,,,
scarlett-love-doll,,,,,,,,,,,,,,,,,,,,,,,,,https://sexshoplorena.com/wp-content/uploads/2025/07/44954.jpg,4,Scarlett Love Doll,,,,,,,,,,,,,,
scarlett-love-doll,,,,,,,,,,,,,,,,,,,,,,,,,https://sexshoplorena.com/wp-content/uploads/2025/07/44955.jpg,5,Scarlett Love Doll,,,,,,,,,,,,,,
busty-lady-half-body-sex-doll,Busty Lady Half Body Sex Doll,"Descubre el realismo elevado al máximo con nuestras muñecas y muñecos de cuerpo completo, diseñados para ofrecer una experiencia intensa, realista y totalmente personalizada.\n\nEstos son los detalles de este juguete en concreto:\n\nJuguete erótico para hombres fabricado con material suave de alta calidad, similar al cuero, con cavidades corporales que dan forma a los senos, el ano y la vagina, con dimensiones corporales realistas. Puede utilizarse para mejorar en gran medida el autocontrol durante el coito, aumentando así significativamente su duración. Lávelo con agua tibia jabonosa y un limpiador de utensilios antes y después de cada uso. Se recomienda utilizar un lubricante a base de agua. El peso del producto es de 5,9 kg.\n<ul>\n 	<li><span data-sheets-root=""1"">No tiene ninguna parte del cuerpo calentada con varilla</span></li>\n</ul>",MISTRESS,,Muñeca realista,"vendor-mistress, publico-el, tipo-muneca-realista, juguetes-eroticos, tamano-real",TRUE,Title,Default Title,,,,,MSTRS00013,5900,shopify,17,deny,manual,429.20,,TRUE,TRUE,5999560514728,https://sexshoplorena.com/wp-content/uploads/2025/07/32275.jpg,1,Busty Lady Half Body Sex Doll,FALSE,Busty Lady Half Body Sex Doll,"Descubre el realismo elevado al máximo con nuestras muñecas y muñecos de cuerpo completo, diseñados para ofrecer una ... Paquete discreto en 24 h",,,adult,MSTRS00013,new,FALSE,https://sexshoplorena.com/wp-content/uploads/2025/07/32275.jpg,g,,,active
busty-lady-half-body-sex-doll,,,,,,,,,,,,,,,,,,,,,,,,,https://sexshoplorena.com/wp-content/uploads/2025/07/24810.jpg,2,Busty Lady Half Body Sex Doll,,,,,,,,,,,,,,
busty-lady-half-body-sex-doll,,,,,,,,,,,,,,,,,,,,,,,,,https://sexshoplorena.com/wp-content/uploads/2025/07/30092.jpg,3,Busty Lady Half Body Sex Doll,,,,,,,,,,,,,,
busty-lady-half-body-sex-doll,,,,,,,,,,,,,,,,,,,,,,,,,https://sexshoplorena.com/wp-content/uploads/2025/07/31258.jpg,4,Busty Lady Half Body Sex Doll,,,,,,,,,,,,,,
busty-lady-half-body-sex-doll,,,,,,,,,,,,,,,,,,,,,,,,,https://sexshoplorena.com/wp-content/uploads/2025/07/47881.jpg,5,Busty Lady Half Body Sex Doll,,,,,,,,,,,,,,
busty-lady-half-body-sex-doll,,,,,,,,,,,,,,,,,,,,,,,,,https://sexshoplorena.com/wp-content/uploads/2025/07/34322.jpg,6,Busty Lady Half Body Sex Doll,,,,,,,,,,,,,,
busty-lady-half-body-sex-doll,,,,,,,,,,,,,,,,,,,,,,,,,https://sexshoplorena.com/wp-content/uploads/2025/07/35416.jpg,7,Busty Lady Half Body Sex Doll,,,,,,,,,,,,,,
busty-lady-half-body-sex-doll,,,,,,,,,,,,,,,,,,,,,,,,,https://sexshoplorena.com/wp-content/uploads/2025/07/34323.jpg,8,Busty Lady Half Body Sex Doll,,,,,,,,,,,,,,
busty-lady-half-body-sex-doll,,,,,,,,,,,,,,,,,,,,,,,,,https://sexshoplorena.com/wp-content/uploads/2025/07/37367.jpg,9,Busty Lady Half Body Sex Doll,,,,,,,,,,,,,,
busty-lady-half-body-sex-doll,,,,,,,,,,,,,,,,,,,,,,,,,https://sexshoplorena.com/wp-content/uploads/2025/07/38890.jpg,10,Busty Lady Half Body Sex Doll,,,,,,,,,,,,,,
zoey-love-doll,Zoey Love Doll,"Descubre el realismo elevado al máximo con nuestras muñecas y muñecos de cuerpo completo, diseñados para ofrecer una experiencia intensa, realista y totalmente personalizada.\n\nEstos son los detalles de este juguete en concreto:\n\nWeight: 49kg<br>\nHeight: 163cm<br>\nBreast-waist-hip: 101*57*106cm<br>\nFeet size: 21cm<br>\nVagina depth: 18cm<br>\nAnus depth: 18cm<br>\nOral depth: 15cm<br>\nCleaning : after each use, wash with lukewarm soapy water and a utensil cleaner. Allow to dry completely, then after a thorough wipe down, also apply a regenerating talcum powder, this will maintain the elasticity of the fabric. A water-based lubricant is recommended.<br>",MISTRESS,,Muñeca realista,"vendor-mistress, publico-el, tipo-muneca-realista, juguetes-eroticos, tamano-real",FALSE,Title,Default Title,,,,,MSTRS00003,49000,shopify,2,deny,manual,1787.00,,TRUE,TRUE,5999560514995,https://sexshoplorena.com/wp-content/uploads/2025/07/47877.jpg,1,Zoey Love Doll,FALSE,Zoey Love Doll,"Descubre el realismo elevado al máximo con nuestras muñecas y muñecos de cuerpo completo, diseñados para ofrecer una ... Paquete discreto en 24 h",,,adult,MSTRS00003,new,FALSE,https://sexshoplorena.com/wp-content/uploads/2025/07/47877.jpg,g,,,active
zoey-love-doll,,,,,,,,,,,,,,,,,,,,,,,,,https://sexshoplorena.com/wp-content/uploads/2025/07/44085.jpg,2,Zoey Love Doll,,,,,,,,,,,,,,
zoey-love-doll,,,,,,,,,,,,,,,,,,,,,,,,,https://sexshoplorena.com/wp-content/uploads/2025/07/43096.jpg,3,Zoey Love Doll,,,,,,,,,,,,,,
zoey-love-doll,,,,,,,,,,,,,,,,,,,,,,,,,https://sexshoplorena.com/wp-content/uploads/2025/07/46775.jpg,4,Zoey Love Doll,,,,,,,,,,,,,,
zoey-love-doll,,,,,,,,,,,,,,,,,,,,,,,,,https://sexshoplorena.com/wp-content/uploads/2025/07/45822.jpg,5,Zoey Love Doll,,,,,,,,,,,,,,
zoey-love-doll,,,,,,,,,,,,,,,,,,,,,,,,,https://sexshoplorena.com/wp-content/uploads/2025/07/44956.jpg,6,Zoey Love Doll,,,,,,,,,,,,,,
zoey-love-doll,,,,,,,,,,,,,,,,,,,,,,,,,https://sexshoplorena.com/wp-content/uploads/2025/07/45823.jpg,7,Zoey Love Doll,,,,,,,,,,,,,,
zoey-love-doll,,,,,,,,,,,,,,,,,,,,,,,,,https://sexshoplorena.com/wp-content/uploads/2025/07/24807.jpg,8,Zoey Love Doll,,,,,,,,,,,,,,
zoey-love-doll,,,,,,,,,,,,,,,,,,,,,,,,,https://sexshoplorena.com/wp-content/uploads/2025/07/23881.jpg,9,Zoey Love Doll,,,,,,,,,,,,,,
muneca-sexual-para-el-autocontrol-masculino,Muñeca sexual para el autocontrol masculino,"""Experimenta la revolución en el bienestar sexual masculino con la <b>Muñeca sexual Carrie para el autocontrol</b>. Este juguete erótico, meticulosamente diseñado, es tu aliado perfecto para mejorar la duración y calidad de tus encuentros íntimos.\n\nCarrie no es solo una muñeca, es una herramienta de entrenamiento avanzada que te permite practicar y perfeccionar el control eyaculatorio, transformando tu vida sexual.\n\nFabricada con <b>material TPR suave de alta calidad</b>, similar al cuero más delicado, Carrie ofrece una sensación de realismo que te sorprenderá. Sus cavidades corporales anatómicamente correctas –senos, ano y vagina– están diseñadas para proporcionar una estimulación variada e increíblemente placentera, adaptándose a tus preferencias y permitiéndote explorar nuevas sensaciones con total seguridad.\n\nSu color carne y sus dimensiones corporales realistas contribuyen a una experiencia inmersiva y auténtica.\n\nEl uso de la <b>Muñeca sexual Carrie para el autocontrol</b> te permite trabajar en tu resistencia y control del clímax en un entorno privado y sin presiones. Al practicar regularmente, podrás aumentar significativamente tu duración durante el coito, mejorando así la satisfacción para ti y para tu pareja.\n\nEs la solución ideal para quienes buscan potenciar su rendimiento y disfrutar de una vida sexual plena y consciente.\n<h4><b>Detalles técnicos:</b></h4>\n<ul>\n 	<li><b>Color:</b> Carne</li>\n 	<li><b>Peso:</b> 7 Kg</li>\n 	<li><b>Diámetro:</b> 31 cm</li>\n 	<li><b>Longitud:</b> 56 cm</li>\n 	<li><b>Material:</b> TPR (Thermal Plastic Rubber)</li>\n 	<li><b>Característica especial:</b> Impermeable (waterproof)</li>\n</ul>\n<h4><b>Mantenimiento y Limpieza:</b></h4>\nLa higiene es primordial para prolongar la vida útil de tu muñeca y garantizar una experiencia segura. Lava a Carrie fácilmente con agua tibia jabonosa y un limpiador de utensilios específicos para juguetes eróticos antes y después de cada uso.\n\nPara una lubricación óptima y proteger el material, <b>siempre se recomienda utilizar un lubricante a base de agua</b>.\n\nEvita lubricantes con base de silicona o aceite, ya que podrían dañar el TPR.\n\nEn nuestra tienda, también encontrarás una amplia gama de <a class=""ng-star-inserted"" href=""https://sexshoplorena.com/categoria-producto/drogueria-sexshop/lubricantes/base-agua/"" target=""_blank"" rel=""noopener"">lubricantes a base de agua</a> y <a class=""ng-star-inserted"" href=""https://sexshoplorena.com/categoria-producto/drogueria-sexshop/desinfeccion-y-mantenimiento/"" target=""_blank"" rel=""noopener"">limpiadores para juguetes eróticos</a> para complementar tu experiencia. Además, te invitamos a visitar nuestro <a class=""ng-star-inserted"" href=""https://sexshoplorena.com/blog/"" target=""_blank"" rel=""noopener"">blog sobre salud sexual</a> para más consejos y recursos.\n\nCon la <b>Muñeca Sexual Carrie para el Autocontrol Masculino </b>, estás invirtiendo en tu autocontrol y en un placer duradero.",MISTRESS,,Muñeca realista,"vendor-mistress, publico-el, tipo-muneca-realista, juguetes-eroticos, tamano-real",TRUE,Title,Default Title,,,,,MSTRS00012,0,shopify,98,deny,manual,341.78,,TRUE,TRUE,5999560514711,https://sexshoplorena.com/wp-content/uploads/2025/07/31257.jpg,1,Muñeca sexual para el autocontrol masculino,FALSE,Muñeca sexual para el autocontrol masculino,Experimenta la revolución en el bienestar sexual masculino con la Muñeca sexual Carrie para el autocontrol. ... Paquete discreto en 24 h,,,adult,MSTRS00012,new,FALSE,https://sexshoplorena.com/wp-content/uploads/2025/07/31257.jpg,g,,,active
muneca-sexual-para-el-autocontrol-masculino,,,,,,,,,,,,,,,,,,,,,,,,,https://sexshoplorena.com/wp-content/uploads/2025/07/36402.jpg,2,Muñeca sexual para el autocontrol masculino,,,,,,,,,,,,,,
muneca-sexual-para-el-autocontrol-masculino,,,,,,,,,,,,,,,,,,,,,,,,,https://sexshoplorena.com/wp-content/uploads/2025/07/36403.jpg,3,Muñeca sexual para el autocontrol masculino,,,,,,,,,,,,,,
muneca-sexual-para-el-autocontrol-masculino,,,,,,,,,,,,,,,,,,,,,,,,,https://sexshoplorena.com/wp-content/uploads/2025/07/37366.jpg,4,Muñeca sexual para el autocontrol masculino,,,,,,,,,,,,,,
muneca-sexual-para-el-autocontrol-masculino,,,,,,,,,,,,,,,,,,,,,,,,,https://sexshoplorena.com/wp-content/uploads/2025/07/24809.jpg,5,Muñeca sexual para el autocontrol masculino,,,,,,,,,,,,,,
muneca-sexual-para-el-autocontrol-masculino,,,,,,,,,,,,,,,,,,,,,,,,,https://sexshoplorena.com/wp-content/uploads/2025/07/25777.jpg,6,Muñeca sexual para el autocontrol masculino,,,,,,,,,,,,,,
muneca-sexual-para-el-autocontrol-masculino,,,,,,,,,,,,,,,,,,,,,,,,,https://sexshoplorena.com/wp-content/uploads/2025/07/28081.jpg,7,Muñeca sexual para el autocontrol masculino,,,,,,,,,,,,,,
muneca-sexual-para-el-autocontrol-masculino,,,,,,,,,,,,,,,,,,,,,,,,,https://sexshoplorena.com/wp-content/uploads/2025/07/28082.jpg,8,Muñeca sexual para el autocontrol masculino,,,,,,,,,,,,,,
muneca-sexual-para-el-autocontrol-masculino,,,,,,,,,,,,,,,,,,,,,,,,,https://sexshoplorena.com/wp-content/uploads/2025/07/26911.jpg,9,Muñeca sexual para el autocontrol masculino,,,,,,,,,,,,,,
muneca-sexual-para-el-autocontrol-masculino,,,,,,,,,,,,,,,,,,,,,,,,,https://sexshoplorena.com/wp-content/uploads/2025/07/26912.jpg,10,Muñeca sexual para el autocontrol masculino,,,,,,,,,,,,,,
muneca-sexual-para-el-autocontrol-masculino,,,,,,,,,,,,,,,,,,,,,,,,,https://sexshoplorena.com/wp-content/uploads/2025/07/42244.jpg,11,Muñeca sexual para el autocontrol masculino,,,,,,,,,,,,,,
muneca-sexual-para-el-autocontrol-masculino,,,,,,,,,,,,,,,,,,,,,,,,,https://sexshoplorena.com/wp-content/uploads/2025/07/42245.jpg,12,Muñeca sexual para el autocontrol masculino,,,,,,,,,,,,,,
isabella-love-doll,Isabella Love Doll,"Descubre el realismo elevado al máximo con nuestras muñecas y muñecos de cuerpo completo, diseñados para ofrecer una experiencia intensa, realista y totalmente personalizada.\n\nEstos son los detalles de este juguete en concreto:\n\nWeight: 37 kg<br>\nHeight: 168 cm<br>\nBreast-waist-hip: 93*56*89 cm<br>\nFeet size: 21 cm<br>\nVagina depth: 18 cm<br>\nAnus depth: 18 cm<br>\nOral depth: 15 cm<br>\nCleaning : after each use, wash with lukewarm soapy water and utensil cleaner. Allow to dry completely, then after a thorough wipe down, apply a regenerating talcum powder to maintain the elasticity of the material. A water-based lubricant is recomm<br>",MISTRESS,,Muñeca realista,"vendor-mistress, publico-el, tipo-muneca-realista, juguetes-eroticos, tamano-real",FALSE,Title,Default Title,,,,,MSTRS00041,37000,shopify,1,deny,manual,1397.95,,TRUE,TRUE,5999560515107,https://sexshoplorena.com/wp-content/uploads/2025/07/44962.jpg,1,Isabella Love Doll,FALSE,Isabella Love Doll,"Descubre el realismo elevado al máximo con nuestras muñecas y muñecos de cuerpo completo, diseñados para ofrecer una ... Paquete discreto en 24 h",,,adult,MSTRS00041,new,FALSE,https://sexshoplorena.com/wp-content/uploads/2025/07/44962.jpg,g,,,active
isabella-love-doll,,,,,,,,,,,,,,,,,,,,,,,,,https://sexshoplorena.com/wp-content/uploads/2025/07/39823.jpg,2,Isabella Love Doll,,,,,,,,,,,,,,
isabella-love-doll,,,,,,,,,,,,,,,,,,,,,,,,,https://sexshoplorena.com/wp-content/uploads/2025/07/38896.jpg,3,Isabella Love Doll,,,,,,,,,,,,,,
isabella-love-doll,,,,,,,,,,,,,,,,,,,,,,,,,https://sexshoplorena.com/wp-content/uploads/2025/07/36410.jpg,4,Isabella Love Doll,,,,,,,,,,,,,,
isabella-love-doll,,,,,,,,,,,,,,,,,,,,,,,,,https://sexshoplorena.com/wp-content/uploads/2025/07/36411.jpg,5,Isabella Love Doll,,,,,,,,,,,,,,
isabella-love-doll,,,,,,,,,,,,,,,,,,,,,,,,,https://sexshoplorena.com/wp-content/uploads/2025/07/37373.jpg,6,Isabella Love Doll,,,,,,,,,,,,,,
isabella-love-doll,,,,,,,,,,,,,,,,,,,,,,,,,https://sexshoplorena.com/wp-content/uploads/2025/07/38131.jpg,7,Isabella Love Doll,,,,,,,,,,,,,,
isabella-love-doll,,,,,,,,,,,,,,,,,,,,,,,,,https://sexshoplorena.com/wp-content/uploads/2025/07/35422.jpg,8,Isabella Love Doll,,,,,,,,,,,,,,
isabella-love-doll,,,,,,,,,,,,,,,,,,,,,,,,,https://sexshoplorena.com/wp-content/uploads/2025/07/34328.jpg,9,Isabella Love Doll,,,,,,,,,,,,,,
audrey-love-doll,Audrey Love Doll,"Descubre el realismo elevado al máximo con nuestras muñecas y muñecos de cuerpo completo, diseñados para ofrecer una experiencia intensa, realista y totalmente personalizada.\n\nEstos son los detalles de este juguete en concreto:\n\nWeight: 39kg<br>\nHeight: 160cm<br>\nBreast-waist-hip: 94*51*86cm<br>\nFeet size: 21cm<br>\nVagina depth: 18cm<br>\nAnus depth: 18cm<br>\nOral depth: 15cm<br>\nCleaning : after each use, wash with lukewarm soapy water and a utensil cleaner. Allow to dry completely, then after a thorough wipe down, also apply a regenerating talcum powder, this will maintain the elasticity of the fabric. A water-based lubricant is recommended.<br>",MISTRESS,,Muñeca realista,"vendor-mistress, publico-el, tipo-muneca-realista, juguetes-eroticos, tamano-real",FALSE,Title,Default Title,,,,,MSTRS00006,39000,shopify,0,deny,manual,1397.95,,TRUE,TRUE,5999560515022,https://sexshoplorena.com/wp-content/uploads/2025/07/31255.jpg,1,Audrey Love Doll,FALSE,Audrey Love Doll,"Descubre el realismo elevado al máximo con nuestras muñecas y muñecos de cuerpo completo, diseñados para ofrecer una ... Paquete discreto en 24 h",,,adult,MSTRS00006,new,FALSE,https://sexshoplorena.com/wp-content/uploads/2025/07/31255.jpg,g,,,active
audrey-love-doll,,,,,,,,,,,,,,,,,,,,,,,,,https://sexshoplorena.com/wp-content/uploads/2025/07/40707.jpg,2,Audrey Love Doll,,,,,,,,,,,,,,
audrey-love-doll,,,,,,,,,,,,,,,,,,,,,,,,,https://sexshoplorena.com/wp-content/uploads/2025/07/40708.jpg,3,Audrey Love Doll,,,,,,,,,,,,,,
audrey-love-doll,,,,,,,,,,,,,,,,,,,,,,,,,https://sexshoplorena.com/wp-content/uploads/2025/07/38127.jpg,4,Audrey Love Doll,,,,,,,,,,,,,,
audrey-love-doll,,,,,,,,,,,,,,,,,,,,,,,,,https://sexshoplorena.com/wp-content/uploads/2025/07/38128.jpg,5,Audrey Love Doll,,,,,,,,,,,,,,
audrey-love-doll,,,,,,,,,,,,,,,,,,,,,,,,,https://sexshoplorena.com/wp-content/uploads/2025/07/36397.jpg,6,Audrey Love Doll,,,,,,,,,,,,,,
audrey-love-doll,,,,,,,,,,,,,,,,,,,,,,,,,https://sexshoplorena.com/wp-content/uploads/2025/07/36398.jpg,7,Audrey Love Doll,,,,,,,,,,,,,,
kevin-love-doll,Kevin Love Doll,"Descubre el realismo elevado al máximo con nuestras muñecas y muñecos de cuerpo completo, diseñados para ofrecer una experiencia intensa, realista y totalmente personalizada.\n\nEstos son los detalles de este juguete en concreto:\n\nWeight: 52kg<br>\nHeight: 180cm<br>\nBreast-waist-hip: 86*73*102cm<br>\nAnus depth: 18cm<br>\nOral depth: 15cm<br>\nPenis: 19cm, 3.8cm<br>\nCleaning : after each use, wash with lukewarm soapy water and a utensil cleaner. Allow to dry completely, then after a thorough wipe down, also apply a regenerating talcum powder, this will maintain the elasticity of the fabric. A water-based lubricant is recommended.<br>",MISTRESS,,Muñeca realista,"vendor-mistress, publico-el, tipo-muneca-realista, juguetes-eroticos, tamano-real",FALSE,Title,Default Title,,,,,MSTRS00007,52000,shopify,3,deny,manual,1787.00,,TRUE,TRUE,5999560515039,https://sexshoplorena.com/wp-content/uploads/2025/07/32271.jpg,1,Kevin Love Doll,FALSE,Kevin Love Doll,"Descubre el realismo elevado al máximo con nuestras muñecas y muñecos de cuerpo completo, diseñados para ofrecer una ... Paquete discreto en 24 h",,,adult,MSTRS00007,new,FALSE,https://sexshoplorena.com/wp-content/uploads/2025/07/32271.jpg,g,,,active
kevin-love-doll,,,,,,,,,,,,,,,,,,,,,,,,,https://sexshoplorena.com/wp-content/uploads/2025/07/44087.jpg,2,Kevin Love Doll,,,,,,,,,,,,,,
kevin-love-doll,,,,,,,,,,,,,,,,,,,,,,,,,https://sexshoplorena.com/wp-content/uploads/2025/07/45825.jpg,3,Kevin Love Doll,,,,,,,,,,,,,,
kevin-love-doll,,,,,,,,,,,,,,,,,,,,,,,,,https://sexshoplorena.com/wp-content/uploads/2025/07/41496.jpg,4,Kevin Love Doll,,,,,,,,,,,,,,
kevin-love-doll,,,,,,,,,,,,,,,,,,,,,,,,,https://sexshoplorena.com/wp-content/uploads/2025/07/43099.jpg,5,Kevin Love Doll,,,,,,,,,,,,,,
kevin-love-doll,,,,,,,,,,,,,,,,,,,,,,,,,https://sexshoplorena.com/wp-content/uploads/2025/07/44088.jpg,6,Kevin Love Doll,,,,,,,,,,,,,,
kevin-love-doll,,,,,,,,,,,,,,,,,,,,,,,,,https://sexshoplorena.com/wp-content/uploads/2025/07/43100.jpg,7,Kevin Love Doll,,,,,,,,,,,,,,
kevin-love-doll,,,,,,,,,,,,,,,,,,,,,,,,,https://sexshoplorena.com/wp-content/uploads/2025/07/28079.jpg,8,Kevin Love Doll,,,,,,,,,,,,,,
kevin-love-doll,,,,,,,,,,,,,,,,,,,,,,,,,https://sexshoplorena.com/wp-content/uploads/2025/07/30089.jpg,9,Kevin Love Doll,,,,,,,,,,,,,,
daniel-love-doll,Daniel Love Doll,"Descubre el realismo elevado al máximo con nuestras muñecas y muñecos de cuerpo completo, diseñados para ofrecer una experiencia intensa, realista y totalmente personalizada.\n\nEstos son los detalles de este juguete en concreto:\n<ul>\n 	<li><strong>Peso: 45 kg</strong></li>\n 	<li><strong>Altura: 160 cm</strong></li>\n 	<li><strong>Pecho-cintura-cadera: 83*61*95 cm</strong></li>\n 	<li><strong>Profundidad del ano: 18 cm</strong></li>\n 	<li><strong>Profundidad oral: 15 cm</strong></li>\n 	<li><strong>Pene: 19 cm, 3,8 cm</strong></li>\n</ul>\nLimpieza : después de cada uso, lavar con agua tibia jabonosa y un limpiador de utensilios. Deje que se seque completamente y, después de limpiarlo a fondo, aplique también polvos de talco regeneradores, esto mantendrá la elasticidad del tejido. Se recomienda utilizar un lubricante a base de agua.\n<h3><strong>Accesorios</strong></h3>\nEsta Love Doll contiene los siguientes accesorios:\n<ul>\n 	<li style=""text-align: left;""><strong>Peine</strong></li>\n 	<li style=""text-align: left;""><strong>Pera Limpieza</strong></li>\n 	<li style=""text-align: left;""><strong>Conjunto de lencería</strong><em> (puede ser distinto al de la foto)</em></li>\n 	<li style=""text-align: left;""><strong>Barrita calentadora:</strong> Con la barra eléctrica de 48V, calienta el ano y la vagina de la muñeca, la temperatura de calentamiento puede alcanzar más de 37 grados.</li>\n 	<li style=""text-align: left;""><strong>Bolsa para salvaguardar el juguete</strong></li>\n</ul>\n<h3><b>Mantenimiento y Limpieza Esenciales:</b></h3>\nLa higiene es primordial para prolongar la vida útil de tu <b>Muñeca sexual Roxanne</b> y garantizar una experiencia segura.\n<ul>\n 	<li style=""text-align: left;"">Después de cada uso, límpiala con agua tibia, jabón neutro y un limpiador específico. Sécala bien antes de aplicar polvo regenerador para preservar la suavidad y elasticidad del material. Se recomienda siempre utilizar lubricantes a base de agua para proteger su estructura interna.</li>\n 	<li style=""text-align: left;"">A parte, la muñeca debe limpiarse cada <b>20 días</b> con espuma de ducha suave.</li>\n 	<li style=""text-align: left;"">La cabeza debe retirarse y limpiarse por separado; <b>manténgala alejada del agua</b> para evitar daños en los componentes internos.</li>\n 	<li style=""text-align: left;"">Use la toalla húmeda para limpiar suavemente la cara. Por favor, hágalo ligeramente.</li>\n 	<li style=""text-align: left;"">Use un champú suave para lavar la peluca. Deje que la peluca se seque de forma natural.</li>\n 	<li style=""text-align: left;"">Use una toalla suave para secar la muñeca después de la limpieza. <b>No utilice secador de pelo.</b> Después de secar, puede aplicar un poco de talco o polvos para mantener la suavidad de la piel.</li>\n 	<li style=""text-align: left;"">Para la cara, use una toalla húmeda y limpie suavemente, con ligereza.</li>\n 	<li style=""text-align: left;"">Lave la peluca con champú suave y deje que se seque de forma natural.</li>\n 	<li style=""text-align: left;"">Mueva la muñeca con cuidado, es pesada. <b>Evite golpearla o romperla.</b></li>\n</ul>\n<h3><b>Sugerencias:</b></h3>\n<ul>\n 	<li style=""text-align: left;"">Ponga ropa a la muñeca y manténgala siempre limpia para prevenir manchas. Si su piel se vuelve pegajosa, aplique talco o polvos secos.</li>\n 	<li style=""text-align: left;"">Debe mover la muñeca con cuidado porque es un poco pesada. Evite dejar caer la muñeca, golpearla o romperla.</li>\n</ul>\n&nbsp;\n\n<strong>Descubre el realismo elevado al máximo con nuestras muñecas y muñecos de cuerpo completo, diseñados para ofrecer una experiencia intensa, realista y totalmente personalizada.</strong>\n<blockquote><b>Notas Importantes y Precauciones:</b></blockquote>\n<ul>\n 	<li style=""text-align: left;""><b>Posturas:</b> Sentarse y otras poses pre-envío son posibles, pero <b>no está permitido mantenerla de pie durante mucho tiempo ni en postura de 180 grados</b>. No la levante tirando de una pierna; use las manos para levantarla. Si no es el tipo estándar de pie, el metal podría cortar la pierna.</li>\n 	<li style=""text-align: left;""><b>Coloración:</b> Debido a la naturaleza del material, <b>la ropa oscura puede transferir color a la muñeca (efecto tinte).</b> Las cremas de tinte solo manejan manchas ligeras; las áreas grandes teñidas son difíciles de eliminar.</li>\n 	<li style=""text-align: left;""><b>Limpieza de Cavidades/Rostro:</b> <b>No se permite usar el grifo para limpiar directamente la vagina</b>. La limpieza de grandes áreas de la cara también está prohibida. Use hisopos y aceite de limpieza para manchas faciales.</li>\n 	<li style=""text-align: left;""><b>Objetos Afilados:</b> Cuchillos y otros objetos afilados <b>no deben entrar en contacto con la piel</b> para evitar perforaciones.</li>\n 	<li style=""text-align: left;""><b>Calor y Sol:</b> No la exponga al fuego, manténgala alejada del calor y <b>evite la exposición solar directa</b>. El material es inflamable.</li>\n 	<li style=""text-align: left;""><b>Prueba de Alergia:</b> Antes de usar el producto, se recomienda realizar una prueba con un pequeño trozo de material (facilitado por el fabricante) para confirmar que no hay alergias.</li>\n 	<li style=""text-align: left;""><b>Almacenamiento:</b> Prohíba el almacenamiento erguido si los ojos se ven pequeños. Ajuste manualmente los ojos para que se vean un poco más grandes.</li>\n 	<li style=""text-align: left;""><b>Pelucas:</b> Si se usa una peluca propia, se prefiere la intranet blanca.</li>\n</ul>\n<h3><b>Servicio Post-venta y Consideraciones:</b></h3>\n<p style=""text-align: left;"">Las muñecas sexuales son productos especiales que, generalmente, <strong>no admiten devolución sin motivo en 7 días.</strong> Se debe revisar cuidadosamente al recibir el paquete.</p>\n<p style=""text-align: left;"">El período de garantía del producto es de un año; daños por uso excesivo o incorrecto, o desgaste normal, no están cubiertos. El proceso de producción implica el uso de dos moldes, lo que puede dejar una línea de molde visible, lo cual no es un problema de calidad. Las articulaciones no están diseñadas para soportar la muñeca de forma independiente o realizar movimientos que excedan su rango normal, y los daños por no seguir las instrucciones no son un problema de calidad.</p>\n<b>Invierte en una experiencia sin precedentes con la Muñeca sexual Roxanne, tu compañera perfecta para el realismo y la exploración íntima, con la garantía de una calidad y un cuidado específicos</b>\n\n&nbsp;",MISTRESS,,Muñeca realista,"vendor-mistress, publico-el, tipo-muneca-realista, juguetes-eroticos, tamano-real",TRUE,Title,Default Title,,,,,MSTRS00002,45000,shopify,2,deny,manual,1787.00,,TRUE,TRUE,5999560514988,https://sexshoplorena.com/wp-content/uploads/2025/07/34319.jpg,1,Daniel Love Doll,FALSE,Daniel Love Doll,El sexshop lorena es una tienda para adultos con una amplia gama de juguetes eróticos. Envío 24 h y garantía de devolución - Paquete discreto,,,adult,MSTRS00002,new,FALSE,https://sexshoplorena.com/wp-content/uploads/2025/07/34319.jpg,g,,,active
daniel-love-doll,,,,,,,,,,,,,,,,,,,,,,,,,https://sexshoplorena.com/wp-content/uploads/2025/07/37363.jpg,2,Daniel Love Doll,,,,,,,,,,,,,,
daniel-love-doll,,,,,,,,,,,,,,,,,,,,,,,,,https://sexshoplorena.com/wp-content/uploads/2025/07/36394.jpg,3,Daniel Love Doll,,,,,,,,,,,,,,
daniel-love-doll,,,,,,,,,,,,,,,,,,,,,,,,,https://sexshoplorena.com/wp-content/uploads/2025/07/39816.jpg,4,Daniel Love Doll,,,,,,,,,,,,,,
daniel-love-doll,,,,,,,,,,,,,,,,,,,,,,,,,https://sexshoplorena.com/wp-content/uploads/2025/07/38888.jpg,5,Daniel Love Doll,,,,,,,,,,,,,,
emma-half-body-sex-doll,Emma Half Body Sex Doll,"Descubre el realismo elevado al máximo con nuestras muñecas y muñecos de cuerpo completo, diseñados para ofrecer una experiencia intensa, realista y totalmente personalizada.\n\nEstos son los detalles de este juguete en concreto:\n\nJuguete erótico para hombres fabricado con material suave de alta calidad, similar al cuero, con cavidades corporales que dan forma a los senos, el ano y la vagina, con dimensiones corporales realistas. Puede utilizarse para mejorar en gran medida el autocontrol durante el coito, aumentando así significativamente su duración. Lávelo con agua tibia jabonosa y un limpiador de utensilios antes y después de cada uso. Se recomienda utilizar un lubricante a base de agua. Peso del producto 6,5 kg.\n<ul>\n 	<li><span data-sheets-root=""1"">No tiene ninguna parte del cuerpo calentada con varilla</span></li>\n</ul>",MISTRESS,,Muñeca realista,"vendor-mistress, publico-el, tipo-muneca-realista, juguetes-eroticos, tamano-real",TRUE,Title,Default Title,,,,,MSTRS00011,0,shopify,19,deny,manual,548.55,,TRUE,TRUE,5999560514704,https://sexshoplorena.com/wp-content/uploads/2025/07/30091.jpg,1,Emma Half Body Sex Doll,FALSE,Emma Half Body Sex Doll,"Descubre el realismo elevado al máximo con nuestras muñecas y muñecos de cuerpo completo, diseñados para ofrecer una ... Paquete discreto en 24 h",,,adult,MSTRS00011,new,FALSE,https://sexshoplorena.com/wp-content/uploads/2025/07/30091.jpg,g,,,active
emma-half-body-sex-doll,,,,,,,,,,,,,,,,,,,,,,,,,https://sexshoplorena.com/wp-content/uploads/2025/07/32274.jpg,2,Emma Half Body Sex Doll,,,,,,,,,,,,,,
emma-half-body-sex-doll,,,,,,,,,,,,,,,,,,,,,,,,,https://sexshoplorena.com/wp-content/uploads/2025/07/31256.jpg,3,Emma Half Body Sex Doll,,,,,,,,,,,,,,
emma-half-body-sex-doll,,,,,,,,,,,,,,,,,,,,,,,,,https://sexshoplorena.com/wp-content/uploads/2025/07/35415.jpg,4,Emma Half Body Sex Doll,,,,,,,,,,,,,,
emma-half-body-sex-doll,,,,,,,,,,,,,,,,,,,,,,,,,https://sexshoplorena.com/wp-content/uploads/2025/07/34320.jpg,5,Emma Half Body Sex Doll,,,,,,,,,,,,,,
emma-half-body-sex-doll,,,,,,,,,,,,,,,,,,,,,,,,,https://sexshoplorena.com/wp-content/uploads/2025/07/47880.jpg,6,Emma Half Body Sex Doll,,,,,,,,,,,,,,
emma-half-body-sex-doll,,,,,,,,,,,,,,,,,,,,,,,,,https://sexshoplorena.com/wp-content/uploads/2025/07/34321.jpg,7,Emma Half Body Sex Doll,,,,,,,,,,,,,,
emma-half-body-sex-doll,,,,,,,,,,,,,,,,,,,,,,,,,https://sexshoplorena.com/wp-content/uploads/2025/07/37365.jpg,8,Emma Half Body Sex Doll,,,,,,,,,,,,,,
emma-half-body-sex-doll,,,,,,,,,,,,,,,,,,,,,,,,,https://sexshoplorena.com/wp-content/uploads/2025/07/36401.jpg,9,Emma Half Body Sex Doll,,,,,,,,,,,,,,
love-doll-roxanne,Love Doll Roxanne,"""Te presentamos a <b>Love Doll Roxanne</b>, la muñeca sexual de tamaño real diseñada para quienes anhelan el más puro realismo en sus encuentros íntimos. Roxanne no es solo una muñeca, es una experiencia inmersiva que te invita a explorar la intimidad y el placer con una autenticidad asombrosa. Su meticuloso diseño y sus materiales de última generación la convierten en la compañera ideal para vivir fantasías y momentos de conexión profunda, ofreciendo una versatilidad sin igual.\n\nEl realismo es el pilar central de la <b>Muñeca sexual Roxanne</b>. Cuenta con un aspecto visual increíblemente detallado y una piel fabricada con <b>material TPE (Thermal Plastic Elastomer) de alta calidad</b>, que supera en suavidad y tacto a la propia piel humana. Esta característica le otorga una sensación tan auténtica que te olvidarás de que no es real. Cada detalle, desde la textura hasta la tonalidad color carne, ha sido cuidadosamente trabajado para ofrecer una inmersión total.\n\nDiseñada para satisfacer tus deseos más profundos, <b>Roxanne</b> está equipada con las <b>tres cavidades corporales más comunes y deseables</b>: pasaje oral, canal vaginal y ano. Cada una de ellas está anatómicamente preparada para que puedas disfrutar de la forma más realista y placentera posible. <b>Antes de usar, es indispensable aplicar lubricante y, para tu protección, se recomienda el uso de condón.</b>\n\nUna de las características más revolucionarias de la <b>Muñeca sexual Roxanne</b> es su <b>esqueleto metálico interno completamente articulado</b>. Esta estructura avanzada, fabricada con <b>acero inoxidable</b>, le permite adoptar una variedad infinita de posturas humanas, desde las más comunes hasta las más creativas. Podrás colocar a Roxanne en la posición que desees, ampliando enormemente las posibilidades de juego y fantasía, y proporcionando un nivel de interacción que va más allá de lo convencional. Además, incluye una <b>base metálica</b> robusta que facilita su apoyo y estabilidad, garantizando la seguridad durante su uso y exhibición.\n<h2><b>Roxanne Love Doll - Muñeca con Parte del Cuerpo Calentada</b></h2>\nIdeal para quienes buscan realismo, discreción y una experiencia envolvente con una compañera que nunca deja de sorprender.\n<h3><strong>Detalles de esta muñeca del amor en concreto:</strong></h3>\n<ul>\n 	<li style=""text-align: left;""><strong>Peso:</strong> 48kg</li>\n 	<li style=""text-align: left;""><strong>Altura:</strong> 161cm</li>\n 	<li style=""text-align: left;""><strong>Pecho-cintura-cadera:</strong> 93*79*102cm</li>\n 	<li style=""text-align: left;""><strong>Tamaño de los pies:</strong> 21cm</li>\n 	<li style=""text-align: left;""><strong>Profundidad de la vagina:</strong> 18cm</li>\n 	<li style=""text-align: left;""><strong>Profundidad del ano:</strong> 18cm</li>\n 	<li style=""text-align: left;""><strong>Profundidad oral:</strong> 15cm</li>\n 	<li style=""text-align: left;""><b>Material:</b> TPE, aceite blanco, alcohol industrial, marco de metal de acero inoxidable, tornillos metálicos, interfaz, tanque de FRP.</li>\n 	<li style=""text-align: left;""><b>Color:  </b>Color carne</li>\n 	<li style=""text-align: left;""><b>Estructura:</b> Esqueleto metálico articulado (para posturas humanas).</li>\n</ul>\n<h3><strong>Accesorios</strong></h3>\nEsta Love Doll contiene los siguientes accesorios:\n<ul>\n 	<li style=""text-align: left;""><strong>Peine</strong></li>\n 	<li style=""text-align: left;""><strong>Pera Limpieza</strong></li>\n 	<li style=""text-align: left;""><strong>Conjunto de lencería</strong><em> (puede ser distinto al de la foto)</em></li>\n 	<li style=""text-align: left;""><strong>Barrita calentadora:</strong> Con la barra eléctrica de 48V, calienta el ano y la vagina de la muñeca, la temperatura de calentamiento puede alcanzar más de 37 grados.</li>\n 	<li style=""text-align: left;""><strong>Bolsa para salvaguardar el juguete</strong></li>\n</ul>\n<h3><b>Mantenimiento y Limpieza Esenciales:</b></h3>\nLa higiene es primordial para prolongar la vida útil de tu <b>Muñeca sexual Roxanne</b> y garantizar una experiencia segura.\n<ul>\n 	<li style=""text-align: left;"">Después de cada uso, límpiala con agua tibia, jabón neutro y un limpiador específico. Sécala bien antes de aplicar polvo regenerador para preservar la suavidad y elasticidad del material. Se recomienda siempre utilizar lubricantes a base de agua para proteger su estructura interna.</li>\n 	<li style=""text-align: left;"">A parte, la muñeca debe limpiarse cada <b>20 días</b> con espuma de ducha suave.</li>\n 	<li style=""text-align: left;"">La cabeza debe retirarse y limpiarse por separado; <b>manténgala alejada del agua</b> para evitar daños en los componentes internos.</li>\n 	<li style=""text-align: left;"">Use la toalla húmeda para limpiar suavemente la cara. Por favor, hágalo ligeramente.</li>\n 	<li style=""text-align: left;"">Use un champú suave para lavar la peluca. Deje que la peluca se seque de forma natural.</li>\n 	<li style=""text-align: left;"">Use una toalla suave para secar la muñeca después de la limpieza. <b>No utilice secador de pelo.</b> Después de secar, puede aplicar un poco de talco o polvos para mantener la suavidad de la piel.</li>\n 	<li style=""text-align: left;"">Para la cara, use una toalla húmeda y limpie suavemente, con ligereza.</li>\n 	<li style=""text-align: left;"">Lave la peluca con champú suave y deje que se seque de forma natural.</li>\n 	<li style=""text-align: left;"">Mueva la muñeca con cuidado, es pesada. <b>Evite golpearla o romperla.</b></li>\n</ul>\n<h3><b>Sugerencias:</b></h3>\n<ul>\n 	<li style=""text-align: left;"">Ponga ropa a la muñeca y manténgala siempre limpia para prevenir manchas. Si su piel se vuelve pegajosa, aplique talco o polvos secos.</li>\n 	<li style=""text-align: left;"">Debe mover la muñeca con cuidado porque es un poco pesada. Evite dejar caer la muñeca, golpearla o romperla.</li>\n</ul>\n&nbsp;\n\n<strong>Descubre el realismo elevado al máximo con nuestras muñecas y muñecos de cuerpo completo, diseñados para ofrecer una experiencia intensa, realista y totalmente personalizada.</strong>\n<blockquote>&nbsp;\n\n<strong><i>Otras opciones de tamaño y pecho disponibles:</i></strong>\n\n<i> (100cm, 105cm, 115cm, 125cm, 135cm, 140cm, 148cm, 156cm, 160cm, 165cm, 168cm, </i><i>con opciones de pecho plano o grande) </i>\n\n<i>Pueden consultarse para un pedido personalizado.</i></blockquote>\n&nbsp;\n<h3><b>Notas Importantes y Precauciones:</b></h3>\n<ul>\n 	<li style=""text-align: left;""><b>Posturas:</b> Sentarse y otras poses pre-envío son posibles, pero <b>no está permitido mantenerla de pie durante mucho tiempo ni en postura de 180 grados</b>. No la levante tirando de una pierna; use las manos para levantarla. Si no es el tipo estándar de pie, el metal podría cortar la pierna.</li>\n 	<li style=""text-align: left;""><b>Coloración:</b> Debido a la naturaleza del material, <b>la ropa oscura puede transferir color a la muñeca (efecto tinte).</b> Las cremas de tinte solo manejan manchas ligeras; las áreas grandes teñidas son difíciles de eliminar.</li>\n 	<li style=""text-align: left;""><b>Limpieza de Cavidades/Rostro:</b> <b>No se permite usar el grifo para limpiar directamente la vagina</b>. La limpieza de grandes áreas de la cara también está prohibida. Use hisopos y aceite de limpieza para manchas faciales.</li>\n 	<li style=""text-align: left;""><b>Objetos Afilados:</b> Cuchillos y otros objetos afilados <b>no deben entrar en contacto con la piel</b> para evitar perforaciones.</li>\n 	<li style=""text-align: left;""><b>Calor y Sol:</b> No la exponga al fuego, manténgala alejada del calor y <b>evite la exposición solar directa</b>. El material es inflamable.</li>\n 	<li style=""text-align: left;""><b>Prueba de Alergia:</b> Antes de usar el producto, se recomienda realizar una prueba con un pequeño trozo de material (facilitado por el fabricante) para confirmar que no hay alergias.</li>\n 	<li style=""text-align: left;""><b>Almacenamiento:</b> Prohíba el almacenamiento erguido si los ojos se ven pequeños. Ajuste manualmente los ojos para que se vean un poco más grandes.</li>\n 	<li style=""text-align: left;""><b>Pelucas:</b> Si se usa una peluca propia, se prefiere la intranet blanca.</li>\n</ul>\n<h3><b>Servicio Post-venta y Consideraciones:</b></h3>\n<p style=""text-align: left;"">Las muñecas sexuales son productos especiales que, generalmente, <strong>no admiten devolución sin motivo en 7 días.</strong> Se debe revisar cuidadosamente al recibir el paquete.</p>\n<p style=""text-align: left;"">El período de garantía del producto es de un año; daños por uso excesivo o incorrecto, o desgaste normal, no están cubiertos. El proceso de producción implica el uso de dos moldes, lo que puede dejar una línea de molde visible, lo cual no es un problema de calidad. Las articulaciones no están diseñadas para soportar la muñeca de forma independiente o realizar movimientos que excedan su rango normal, y los daños por no seguir las instrucciones no son un problema de calidad.</p>\n<b>Invierte en una experiencia sin precedentes con la Muñeca sexual Roxanne, tu compañera perfecta para el realismo y la exploración íntima, con la garantía de una calidad y un cuidado específicos</b>\n\n&nbsp;",MISTRESS,,Muñeca realista,"vendor-mistress, publico-el, tipo-muneca-realista, juguetes-eroticos, tamano-real",TRUE,Title,Default Title,,,,,MSTRS00052,0,shopify,3,deny,manual,1397.95,,TRUE,TRUE,5999560511161,https://sexshoplorena.com/wp-content/uploads/2025/07/43109.jpg,1,Love Doll Roxanne,FALSE,Love Doll Roxanne,"Descubre la Muñeca sexual Roxane, una ""love doll"" de tamaño real fabricada en TPE ultrarrealista, con esqueleto articulado y 3 cavidades...",,,adult,MSTRS00052,new,FALSE,https://sexshoplorena.com/wp-content/uploads/2025/07/43109.jpg,g,,,active
love-doll-roxanne,,,,,,,,,,,,,,,,,,,,,,,,,https://sexshoplorena.com/wp-content/uploads/2025/07/35423.jpg,2,Love Doll Roxanne,,,,,,,,,,,,,,
love-doll-roxanne,,,,,,,,,,,,,,,,,,,,,,,,,https://sexshoplorena.com/wp-content/uploads/2025/07/34330.jpg,3,Love Doll Roxanne,,,,,,,,,,,,,,
love-doll-roxanne,,,,,,,,,,,,,,,,,,,,,,,,,https://sexshoplorena.com/wp-content/uploads/2025/07/32279.jpg,4,Love Doll Roxanne,,,,,,,,,,,,,,
love-doll-roxanne,,,,,,,,,,,,,,,,,,,,,,,,,https://sexshoplorena.com/wp-content/uploads/2025/07/32280.jpg,5,Love Doll Roxanne,,,,,,,,,,,,,,
love-doll-roxanne,,,,,,,,,,,,,,,,,,,,,,,,,https://sexshoplorena.com/wp-content/uploads/2025/07/30101.jpg,6,Love Doll Roxanne,,,,,,,,,,,,,,
love-doll-roxanne,,,,,,,,,,,,,,,,,,,,,,,,,https://sexshoplorena.com/wp-content/uploads/2025/07/31267.jpg,7,Love Doll Roxanne,,,,,,,,,,,,,,
love-doll-roxanne,,,,,,,,,,,,,,,,,,,,,,,,,https://sexshoplorena.com/wp-content/uploads/2025/07/39825.jpg,8,Love Doll Roxanne,,,,,,,,,,,,,,
love-doll-roxanne,,,,,,,,,,,,,,,,,,,,,,,,,https://sexshoplorena.com/wp-content/uploads/2025/07/30100.jpg,9,Love Doll Roxanne,,,,,,,,,,,,,,
love-doll-roxanne,,,,,,,,,,,,,,,,,,,,,,,,,https://sexshoplorena.com/wp-content/uploads/2025/07/38898.jpg,10,Love Doll Roxanne,,,,,,,,,,,,,,
love-doll-roxanne,,,,,,,,,,,,,,,,,,,,,,,,,https://sexshoplorena.com/wp-content/uploads/2025/07/31266.jpg,11,Love Doll Roxanne,,,,,,,,,,,,,,
sebastian-love-doll,Sebastian Love Doll,"Descubre el realismo elevado al máximo con nuestras muñecas y muñecos de cuerpo completo, diseñados para ofrecer una experiencia intensa, realista y totalmente personalizada.\n\nEstos son los detalles de este juguete en concreto:\n\nWeight: 45kg<br>\nHeight: 165cm<br>\nBreast-waist-hip: 85*70*90cm<br>\nAnus depth: 18cm<br>\nOral depth: 15cm<br>\nPenis: 18cm, D/3.8cm<br>\nCleaning : after each use, wash with lukewarm soapy water and a utensil cleaner. Allow to dry completely, then after a thorough wipe down, also apply a regenerating talcum powder, this will maintain the elasticity of the fabric. A water-based lubricant is recommended.<br>",MISTRESS,,Muñeca realista,"vendor-mistress, publico-el, tipo-muneca-realista, juguetes-eroticos, tamano-real",FALSE,Title,Default Title,,,,,MSTRS00056,45000,shopify,1,deny,manual,1787.00,,TRUE,TRUE,5999560511130,https://sexshoplorena.com/wp-content/uploads/2025/07/45838.jpg,1,Sebastian Love Doll,FALSE,Sebastian Love Doll,"Descubre el realismo elevado al máximo con nuestras muñecas y muñecos de cuerpo completo, diseñados para ofrecer una ... Paquete discreto en 24 h",,,adult,MSTRS00056,new,FALSE,https://sexshoplorena.com/wp-content/uploads/2025/07/45838.jpg,g,,,active
sebastian-love-doll,,,,,,,,,,,,,,,,,,,,,,,,,https://sexshoplorena.com/wp-content/uploads/2025/07/30102.jpg,2,Sebastian Love Doll,,,,,,,,,,,,,,
sebastian-love-doll,,,,,,,,,,,,,,,,,,,,,,,,,https://sexshoplorena.com/wp-content/uploads/2025/07/31269.jpg,3,Sebastian Love Doll,,,,,,,,,,,,,,
sebastian-love-doll,,,,,,,,,,,,,,,,,,,,,,,,,https://sexshoplorena.com/wp-content/uploads/2025/07/47890.jpg,4,Sebastian Love Doll,,,,,,,,,,,,,,
sebastian-love-doll,,,,,,,,,,,,,,,,,,,,,,,,,https://sexshoplorena.com/wp-content/uploads/2025/07/34333.jpg,5,Sebastian Love Doll,,,,,,,,,,,,,,
sebastian-love-doll,,,,,,,,,,,,,,,,,,,,,,,,,https://sexshoplorena.com/wp-content/uploads/2025/07/35425.jpg,6,Sebastian Love Doll,,,,,,,,,,,,,,
sebastian-love-doll,,,,,,,,,,,,,,,,,,,,,,,,,https://sexshoplorena.com/wp-content/uploads/2025/07/34334.jpg,7,Sebastian Love Doll,,,,,,,,,,,,,,
natalie-love-doll,Natalie Love Doll,"<p data-path-to-node=""4"">Muñeca Hiperrealista Premium – Edición Realismo Total 158cm</p>\n\n<blockquote data-path-to-node=""6"">\n<p data-path-to-node=""6,0"">""Experimente el máximo nivel de sofisticación y realismo. Nuestras figuras de cuerpo completo han sido diseñadas bajo los más altos estándares de calidad, fusionando ingeniería de materiales con una estética hiperrealista. Cada detalle ha sido esculpido para ofrecer una experiencia inmersiva, intensa y totalmente personalizada, adaptándose a los deseos más exigentes.""</p>\n</blockquote>\n\n<hr data-path-to-node=""7"" />\n\n<h3 data-path-to-node=""8"">Ficha Técnica Detallada (Traducción y Adaptación)</h3>\n<table data-path-to-node=""9"">\n<thead>\n<tr>\n<td><strong>Especificación</strong></td>\n<td><strong>Detalle</strong></td>\n</tr>\n</thead>\n<tbody>\n<tr>\n<td><span data-path-to-node=""9,1,0,0""><b data-path-to-node=""9,1,0,0"" data-index-in-node=""0"">Peso total</b></span></td>\n<td><span data-path-to-node=""9,1,1,0"">43,9 kg</span></td>\n</tr>\n<tr>\n<td><span data-path-to-node=""9,2,0,0""><b data-path-to-node=""9,2,0,0"" data-index-in-node=""0"">Altura</b></span></td>\n<td><span data-path-to-node=""9,2,1,0"">158 cm</span></td>\n</tr>\n<tr>\n<td><span data-path-to-node=""9,3,0,0""><b data-path-to-node=""9,3,0,0"" data-index-in-node=""0"">Medidas (Pecho-Cintura-Cadera)</b></span></td>\n<td><span data-path-to-node=""9,3,1,0"">85 / 53 / 82 cm</span></td>\n</tr>\n<tr>\n<td><span data-path-to-node=""9,4,0,0""><b data-path-to-node=""9,4,0,0"" data-index-in-node=""0"">Talla de pie</b></span></td>\n<td><span data-path-to-node=""9,4,1,0"">21 cm</span></td>\n</tr>\n<tr>\n<td><span data-path-to-node=""9,5,0,0""><b data-path-to-node=""9,5,0,0"" data-index-in-node=""0"">Profundidad Vaginal</b></span></td>\n<td><span data-path-to-node=""9,5,1,0"">18 cm</span></td>\n</tr>\n<tr>\n<td><span data-path-to-node=""9,6,0,0""><b data-path-to-node=""9,6,0,0"" data-index-in-node=""0"">Profundidad Anal</b></span></td>\n<td><span data-path-to-node=""9,6,1,0"">18 cm</span></td>\n</tr>\n<tr>\n<td><span data-path-to-node=""9,7,0,0""><b data-path-to-node=""9,7,0,0"" data-index-in-node=""0"">Profundidad Oral</b></span></td>\n<td><span data-path-to-node=""9,7,1,0"">15 cm</span></td>\n</tr>\n</tbody>\n</table>\n\n<hr data-path-to-node=""10"" />\n\n<h3 data-path-to-node=""11"">Guía de Cuidado y Mantenimiento Profesional</h3>\n<ul data-path-to-node=""13"">\n 	<li>\n<p data-path-to-node=""13,0,0""><b data-path-to-node=""13,0,0"" data-index-in-node=""0"">Higienización:</b> Tras cada uso, limpie el dispositivo con agua tibia y jabón neutro. Se recomienda el uso de un limpiador de accesorios específico para garantizar la desinfección total.</p>\n</li>\n 	<li>\n<p data-path-to-node=""13,1,0""><b data-path-to-node=""13,1,0"" data-index-in-node=""0"">Secado y Acabado:</b> Deje secar la pieza completamente de forma natural. Una vez seca, aplique <b data-path-to-node=""13,1,0"" data-index-in-node=""92"">polvos de talco regeneradores</b> sobre la superficie; este paso es esencial para mantener la suavidad de la piel y preservar la elasticidad original del material.</p>\n</li>\n 	<li>\n<p data-path-to-node=""13,2,0""><b data-path-to-node=""13,2,0"" data-index-in-node=""0"">Lubricación:</b> Para proteger el material y mejorar la experiencia, utilice exclusivamente <b data-path-to-node=""13,2,0"" data-index-in-node=""88"">lubricantes de base acuosa</b>. Evite aceites o siliconas que puedan degradar el tejido.</p>\n</li>\n</ul>",MISTRESS,,Muñeca realista,"vendor-mistress, showroom, publico-el, tipo-muneca-realista, juguetes-eroticos, tamano-real",TRUE,Title,Default Title,,,,,MSTRS00054,0,shopify,4,deny,manual,1397.95,,TRUE,TRUE,5999560511185,https://sexshoplorena.com/wp-content/uploads/2025/07/45837.jpg,1,Natalie Love Doll,FALSE,Natalie Love Doll,"Descubre el realismo elevado al máximo con nuestras muñecas y muñecos de cuerpo completo, diseñados para ofrecer una ... Paquete discreto en 24 h",,,adult,MSTRS00054,new,FALSE,https://sexshoplorena.com/wp-content/uploads/2025/07/45837.jpg,g,,,active
natalie-love-doll,,,,,,,,,,,,,,,,,,,,,,,,,https://sexshoplorena.com/wp-content/uploads/2025/07/25794.jpg,2,Natalie Love Doll,,,,,,,,,,,,,,
natalie-love-doll,,,,,,,,,,,,,,,,,,,,,,,,,https://sexshoplorena.com/wp-content/uploads/2025/07/24824.jpg,3,Natalie Love Doll,,,,,,,,,,,,,,
natalie-love-doll,,,,,,,,,,,,,,,,,,,,,,,,,https://sexshoplorena.com/wp-content/uploads/2025/07/23894.jpg,4,Natalie Love Doll,,,,,,,,,,,,,,
natalie-love-doll,,,,,,,,,,,,,,,,,,,,,,,,,https://sexshoplorena.com/wp-content/uploads/2025/07/32281.jpg,5,Natalie Love Doll,,,,,,,,,,,,,,
natalie-love-doll,,,,,,,,,,,,,,,,,,,,,,,,,https://sexshoplorena.com/wp-content/uploads/2025/07/31268.jpg,6,Natalie Love Doll,,,,,,,,,,,,,,
natalie-love-doll,,,,,,,,,,,,,,,,,,,,,,,,,https://sexshoplorena.com/wp-content/uploads/2025/07/35424.jpg,7,Natalie Love Doll,,,,,,,,,,,,,,
natalie-love-doll,,,,,,,,,,,,,,,,,,,,,,,,,https://sexshoplorena.com/wp-content/uploads/2025/07/34331.jpg,8,Natalie Love Doll,,,,,,,,,,,,,,
natalie-love-doll,,,,,,,,,,,,,,,,,,,,,,,,,https://sexshoplorena.com/wp-content/uploads/2025/07/47889.jpg,9,Natalie Love Doll,,,,,,,,,,,,,,
natalie-love-doll,,,,,,,,,,,,,,,,,,,,,,,,,https://sexshoplorena.com/wp-content/uploads/2025/07/34332.jpg,10,Natalie Love Doll,,,,,,,,,,,,,,
natalie-love-doll,,,,,,,,,,,,,,,,,,,,,,,,,https://sexshoplorena.com/wp-content/uploads/2025/07/37376.jpg,11,Natalie Love Doll,,,,,,,,,,,,,,
natalie-love-doll,,,,,,,,,,,,,,,,,,,,,,,,,https://sexshoplorena.com/wp-content/uploads/2025/07/36415.jpg,12,Natalie Love Doll,,,,,,,,,,,,,,
aurora-love-doll,Aurora Love Doll,"Descubre el realismo elevado al máximo con nuestras muñecas y muñecos de cuerpo completo, diseñados para ofrecer una experiencia intensa, realista y totalmente personalizada.\n\nEstos son los detalles de este juguete en concreto:\n\nWeight: 59 kg<br>\nHeight: 162cm<br>\nBreast-waist-hip: 101*67*106cm<br>\nFeet size: 21cm<br>\nVagina depth: 18cm<br>\nAnus depth: 18cm<br>\nOral depth: 15cm<br>\nCleaning : after each use, wash with lukewarm soapy water and a utensil cleaner. Allow to dry completely, then after a thorough wipe down, also apply a regenerating talcum powder, this will maintain the elasticity of the fabric. A water-based lubricant is recommended.<br>",MISTRESS,,Muñeca realista,"vendor-mistress, publico-el, tipo-muneca-realista, juguetes-eroticos, tamano-real",FALSE,Title,Default Title,,,,,MSTRS00005,59000,shopify,2,deny,manual,1397.95,,TRUE,TRUE,5999560515015,https://sexshoplorena.com/wp-content/uploads/2025/07/30088.jpg,1,Aurora Love Doll,FALSE,Aurora Love Doll,"Descubre el realismo elevado al máximo con nuestras muñecas y muñecos de cuerpo completo, diseñados para ofrecer una ... Paquete discreto en 24 h",,,adult,MSTRS00005,new,FALSE,https://sexshoplorena.com/wp-content/uploads/2025/07/30088.jpg,g,,,active
aurora-love-doll,,,,,,,,,,,,,,,,,,,,,,,,,https://sexshoplorena.com/wp-content/uploads/2025/07/46776.jpg,2,Aurora Love Doll,,,,,,,,,,,,,,
aurora-love-doll,,,,,,,,,,,,,,,,,,,,,,,,,https://sexshoplorena.com/wp-content/uploads/2025/07/45824.jpg,3,Aurora Love Doll,,,,,,,,,,,,,,
aurora-love-doll,,,,,,,,,,,,,,,,,,,,,,,,,https://sexshoplorena.com/wp-content/uploads/2025/07/44086.jpg,4,Aurora Love Doll,,,,,,,,,,,,,,
aurora-love-doll,,,,,,,,,,,,,,,,,,,,,,,,,https://sexshoplorena.com/wp-content/uploads/2025/07/43097.jpg,5,Aurora Love Doll,,,,,,,,,,,,,,
aurora-love-doll,,,,,,,,,,,,,,,,,,,,,,,,,https://sexshoplorena.com/wp-content/uploads/2025/07/41495.jpg,6,Aurora Love Doll,,,,,,,,,,,,,,
aurora-love-doll,,,,,,,,,,,,,,,,,,,,,,,,,https://sexshoplorena.com/wp-content/uploads/2025/07/43098.jpg,7,Aurora Love Doll,,,,,,,,,,,,,,
aurora-love-doll,,,,,,,,,,,,,,,,,,,,,,,,,https://sexshoplorena.com/wp-content/uploads/2025/07/26909.jpg,8,Aurora Love Doll,,,,,,,,,,,,,,
aurora-love-doll,,,,,,,,,,,,,,,,,,,,,,,,,https://sexshoplorena.com/wp-content/uploads/2025/07/25775.jpg,9,Aurora Love Doll,,,,,,,,,,,,,,
suzanne-love-doll,Suzanne Love Doll,"Descubre el realismo elevado al máximo con nuestras muñecas y muñecos de cuerpo completo, diseñados para ofrecer una experiencia intensa, realista y totalmente personalizada.\n\nEstos son los detalles de este juguete en concreto:\n\n<p class=&quot;MsoNormal&quot;>Weight:<span style=&quot;mso-spacerun:yes&quot;>&nbsp; </span>45 kg<br>\nHeight: 170 cm<br>\nBreast-waist-hip: 91*61*91 cm<br>\nFeet size: 21cm<br>\nVagina depth: 18cm<br>\nAnus depth: 18cm<br>\nOral depth: 15cm<br>\nCleaning : after each use, wash with lukewarm soapy water and a utensil\ncleaner. Allow to dry completely, then after a thorough wipe down, also apply a\nregenerating talcum powder, this will maintain the elasticity of the fabric. A\nwater-based lubricant is recommended.</p>",MISTRESS,,Muñeca realista,"vendor-mistress, publico-el, tipo-muneca-realista, juguetes-eroticos, tamano-real",FALSE,Title,Default Title,,,,,MSTRS00080,0,shopify,1,deny,manual,1397.95,,TRUE,TRUE,5999560516715,https://sexshoplorena.com/wp-content/uploads/2025/07/57544.jpg,1,Suzanne Love Doll,FALSE,Suzanne Love Doll,"Descubre el realismo elevado al máximo con nuestras muñecas y muñecos de cuerpo completo, diseñados para ofrecer una ... Paquete discreto en 24 h",,,adult,MSTRS00080,new,FALSE,https://sexshoplorena.com/wp-content/uploads/2025/07/57544.jpg,g,,,active
suzanne-love-doll,,,,,,,,,,,,,,,,,,,,,,,,,https://sexshoplorena.com/wp-content/uploads/2025/07/57542.jpg,2,Suzanne Love Doll,,,,,,,,,,,,,,
suzanne-love-doll,,,,,,,,,,,,,,,,,,,,,,,,,https://sexshoplorena.com/wp-content/uploads/2025/07/57506.jpg,3,Suzanne Love Doll,,,,,,,,,,,,,,
suzanne-love-doll,,,,,,,,,,,,,,,,,,,,,,,,,https://sexshoplorena.com/wp-content/uploads/2025/07/57507.jpg,4,Suzanne Love Doll,,,,,,,,,,,,,,
suzanne-love-doll,,,,,,,,,,,,,,,,,,,,,,,,,https://sexshoplorena.com/wp-content/uploads/2025/07/57511.jpg,5,Suzanne Love Doll,,,,,,,,,,,,,,
suzanne-love-doll,,,,,,,,,,,,,,,,,,,,,,,,,https://sexshoplorena.com/wp-content/uploads/2025/07/57512.jpg,6,Suzanne Love Doll,,,,,,,,,,,,,,
suzanne-love-doll,,,,,,,,,,,,,,,,,,,,,,,,,https://sexshoplorena.com/wp-content/uploads/2025/07/57500.jpg,7,Suzanne Love Doll,,,,,,,,,,,,,,
suzanne-love-doll,,,,,,,,,,,,,,,,,,,,,,,,,https://sexshoplorena.com/wp-content/uploads/2025/07/57543.jpg,8,Suzanne Love Doll,,,,,,,,,,,,,,
suzanne-love-doll,,,,,,,,,,,,,,,,,,,,,,,,,https://sexshoplorena.com/wp-content/uploads/2025/07/57524.jpg,9,Suzanne Love Doll,,,,,,,,,,,,,,
suzanne-love-doll,,,,,,,,,,,,,,,,,,,,,,,,,https://sexshoplorena.com/wp-content/uploads/2025/07/57525.jpg,10,Suzanne Love Doll,,,,,,,,,,,,,,
suzanne-love-doll,,,,,,,,,,,,,,,,,,,,,,,,,https://sexshoplorena.com/wp-content/uploads/2025/07/57516.jpg,11,Suzanne Love Doll,,,,,,,,,,,,,,
suzanne-love-doll,,,,,,,,,,,,,,,,,,,,,,,,,https://sexshoplorena.com/wp-content/uploads/2025/07/57521.jpg,12,Suzanne Love Doll,,,,,,,,,,,,,,
suzanne-love-doll,,,,,,,,,,,,,,,,,,,,,,,,,https://sexshoplorena.com/wp-content/uploads/2025/07/57480.jpg,13,Suzanne Love Doll,,,,,,,,,,,,,,
suzanne-love-doll,,,,,,,,,,,,,,,,,,,,,,,,,https://sexshoplorena.com/wp-content/uploads/2025/07/57477.jpg,14,Suzanne Love Doll,,,,,,,,,,,,,,
carmen-love-doll,Carmen Love Doll,"Descubre el realismo elevado al máximo con nuestras muñecas y muñecos de cuerpo completo, diseñados para ofrecer una experiencia intensa, realista y totalmente personalizada.\n\nEstos son los detalles de este juguete en concreto:\n\n<p class=&quot;MsoNormal&quot;>Weight:<span style=&quot;mso-spacerun:yes&quot;>&nbsp; 48,2</span>&nbsp;kg<br>\nHeight: 160 cm<br>\nBreast-waist-hip: 85*61*97 cm<br>\nFeet size: 21cm<br>\nVagina depth: 18cm<br>\nAnus depth: 18cm<br>\nOral depth: 15cm<br>\nCleaning : after each use, wash with lukewarm soapy water and a utensil\ncleaner. Allow to dry completely, then after a thorough wipe down, also apply a\nregenerating talcum powder, this will maintain the elasticity of the fabric. A\nwater-based lubricant is recommended.</p>",MISTRESS,,Muñeca realista,"vendor-mistress, publico-el, tipo-muneca-realista, juguetes-eroticos, tamano-real",FALSE,Title,Default Title,,,,,MSTRS00084,0,shopify,1,deny,manual,1787.00,,TRUE,TRUE,5999560516753,https://sexshoplorena.com/wp-content/uploads/2025/07/57518.jpg,1,Carmen Love Doll,FALSE,Carmen Love Doll,"Descubre el realismo elevado al máximo con nuestras muñecas y muñecos de cuerpo completo, diseñados para ofrecer una ... Paquete discreto en 24 h",,,adult,MSTRS00084,new,FALSE,https://sexshoplorena.com/wp-content/uploads/2025/07/57518.jpg,g,,,active
carmen-love-doll,,,,,,,,,,,,,,,,,,,,,,,,,https://sexshoplorena.com/wp-content/uploads/2025/07/57519.jpg,2,Carmen Love Doll,,,,,,,,,,,,,,
carmen-love-doll,,,,,,,,,,,,,,,,,,,,,,,,,https://sexshoplorena.com/wp-content/uploads/2025/07/57523.jpg,3,Carmen Love Doll,,,,,,,,,,,,,,
carmen-love-doll,,,,,,,,,,,,,,,,,,,,,,,,,https://sexshoplorena.com/wp-content/uploads/2025/07/57531.jpg,4,Carmen Love Doll,,,,,,,,,,,,,,
carmen-love-doll,,,,,,,,,,,,,,,,,,,,,,,,,https://sexshoplorena.com/wp-content/uploads/2025/07/57514.jpg,5,Carmen Love Doll,,,,,,,,,,,,,,
carmen-love-doll,,,,,,,,,,,,,,,,,,,,,,,,,https://sexshoplorena.com/wp-content/uploads/2025/07/57528.jpg,6,Carmen Love Doll,,,,,,,,,,,,,,
carmen-love-doll,,,,,,,,,,,,,,,,,,,,,,,,,https://sexshoplorena.com/wp-content/uploads/2025/07/57532.jpg,7,Carmen Love Doll,,,,,,,,,,,,,,
carmen-love-doll,,,,,,,,,,,,,,,,,,,,,,,,,https://sexshoplorena.com/wp-content/uploads/2025/07/57540.jpg,8,Carmen Love Doll,,,,,,,,,,,,,,
carmen-love-doll,,,,,,,,,,,,,,,,,,,,,,,,,https://sexshoplorena.com/wp-content/uploads/2025/07/57547.jpg,9,Carmen Love Doll,,,,,,,,,,,,,,
carmen-love-doll,,,,,,,,,,,,,,,,,,,,,,,,,https://sexshoplorena.com/wp-content/uploads/2025/07/57541.jpg,10,Carmen Love Doll,,,,,,,,,,,,,,
carmen-love-doll,,,,,,,,,,,,,,,,,,,,,,,,,https://sexshoplorena.com/wp-content/uploads/2025/07/57475.jpg,11,Carmen Love Doll,,,,,,,,,,,,,,
carmen-love-doll,,,,,,,,,,,,,,,,,,,,,,,,,https://sexshoplorena.com/wp-content/uploads/2025/07/57479.jpg,12,Carmen Love Doll,,,,,,,,,,,,,,
emily-love-doll,Emily Love Doll,"Descubre el realismo elevado al máximo con nuestras muñecas y muñecos de cuerpo completo, diseñados para ofrecer una experiencia intensa, realista y totalmente personalizada.\n\nEstos son los detalles de este juguete en concreto:\n\n<p class=&quot;MsoNormal&quot;>Weight:&nbsp; 55&nbsp;kg<br>\nHeight: 165 cm<br>\nBreast-waist-hip: 101*86*108 cm<br>\nFeet size: 21cm<br>\nVagina depth: 18cm<br>\nAnus depth: 18cm<br>\nOral depth: 15cm<br>\nCleaning : after each use, wash with lukewarm soapy water and a utensil\ncleaner. Allow to dry completely, then after a thorough wipe down, also apply a\nregenerating talcum powder, this will maintain the elasticity of the fabric. A\nwater-based lubricant is recommended.</p>",MISTRESS,,Muñeca realista,"vendor-mistress, publico-el, tipo-muneca-realista, juguetes-eroticos, tamano-real",FALSE,Title,Default Title,,,,,MSTRS00110,55000,shopify,0,deny,manual,3226.95,,TRUE,TRUE,5999560517460,https://sexshoplorena.com/wp-content/uploads/2025/07/68456.jpg,1,Emily Love Doll,FALSE,Emily Love Doll,"Descubre el realismo elevado al máximo con nuestras muñecas y muñecos de cuerpo completo, diseñados para ofrecer una ... Paquete discreto en 24 h",,,adult,MSTRS00110,new,FALSE,https://sexshoplorena.com/wp-content/uploads/2025/07/68456.jpg,g,,,active
emily-love-doll,,,,,,,,,,,,,,,,,,,,,,,,,https://sexshoplorena.com/wp-content/uploads/2025/07/68457.jpg,2,Emily Love Doll,,,,,,,,,,,,,,
emily-love-doll,,,,,,,,,,,,,,,,,,,,,,,,,https://sexshoplorena.com/wp-content/uploads/2025/07/68458.jpg,3,Emily Love Doll,,,,,,,,,,,,,,
emily-love-doll,,,,,,,,,,,,,,,,,,,,,,,,,https://sexshoplorena.com/wp-content/uploads/2025/07/68459.jpg,4,Emily Love Doll,,,,,,,,,,,,,,
emily-love-doll,,,,,,,,,,,,,,,,,,,,,,,,,https://sexshoplorena.com/wp-content/uploads/2025/07/68460.jpg,5,Emily Love Doll,,,,,,,,,,,,,,
acqua-crocante-monoi,Acqua Crocante Monoi,"Es una espuma hidratante y efervescente con aroma a 'monoi', desarrollados con productos activos naturales del Amazonas. Con la espuma Acqua Croccante realizarás masajes únicos porque cuando lo aplicas sobre la piel y ejerces una suave presión con tus manos, provoca unas pequeñas burbujas que se encuentran en la espuma, aportando una experiencia y sensación únicas.Para unos masajes inolvidables, relajantes, deleitosos y una experiencia impresionante! Envase de 150 ml.,\n<h4><strong>Ingredientes:</strong></h4>\nButane, Aqua, Alcohol denat, Propane,\nCoco-caprylate, Isobutane, Cyclohexasiloxane, \nPropylheptyl Caprylate, Steareth-21, Hydroxythylcellulose, Phenoxyethanol, Parfum,Ethylhexylglycerin, Hidroxycitronellal, Amyl cinnamal, Hexyl cinnamal, Linalool, Alpha-isomethyl ionone, Geraniol.,\n<h4><strong>Dimensiones:</strong></h4>\n178 mm x 45 mm x 45 mm,\n<p style=""text-align: left;""></p>",ORGIE,,Cosmética íntima,"vendor-orgie, novedad, showroom, cosmetica-intima, publico-parejas-todes",TRUE,Title,Default Title,,,,,1451546,133,shopify,17,deny,manual,24.99,,TRUE,TRUE,5600298351546,https://sexshoplorena.com/wp-content/uploads/2025/07/1451546.jpg,1,Acqua Crocante Monoi,FALSE,Acqua Crocante Monoi,"Es una espuma hidratante y efervescente con aroma a 'monoi', desarrollados con productos activos naturales del ... Paquete discreto en 24 h",,,adult,1451546,new,FALSE,https://sexshoplorena.com/wp-content/uploads/2025/07/1451546.jpg,g,,,active
acqua-crocante-sakura,Acqua Crocante Sakura,"Acqua Crocante Sakura es una espuma hidratante y efervescente con aroma a sakura, desarrollados con productos activos naturales del Amazonas.Con la espuma Acqua Croccante realizarás masajes únicos porque cuando lo aplicas sobre la piel y ejerces una suave presión con tus manos, provoca unas pequeñas burbujas que se encuentran en la espuma, aportando una experiencia y sensación únicas.Para unos masajes inolvidables, relajantes, deleitosos y una experiencia impresionante.Envase de 150 ml.,\n<h4><strong>Ingredientes:</strong></h4>\nButane, Aqua, Alcohol denat, Propane,\nCoco-caprylate, Isobutane, Steareth-21, Hydroxythylcellulose, Phenoxyethanol, Parfum, Ethylhexylglycerin, Limonene, Linalool.,\n<h4><strong>Dimensiones:</strong></h4>\n178 mm x 45 mm x 45 mm,\n<p style=""text-align: left;""></p>",ORGIE,,Cosmética íntima,"vendor-orgie, novedad, showroom, cosmetica-intima, publico-parejas-todes",TRUE,Title,Default Title,,,,,1451553,133,shopify,4,deny,manual,24.99,,TRUE,TRUE,5600298351553,https://sexshoplorena.com/wp-content/uploads/2025/07/1451553.jpg,1,Acqua Crocante Sakura,FALSE,Acqua Crocante Sakura,"Acqua Crocante Sakura es una espuma hidratante y efervescente con aroma a sakura, desarrollados con productos activos ... Paquete discreto en 24 h",,,adult,1451553,new,FALSE,https://sexshoplorena.com/wp-content/uploads/2025/07/1451553.jpg,g,,,active
acqua-crocante-strawberry,Acqua Crocante Strawberry,"Acqua Crocante Strawberry  es una espuma hidratante y efervescente con un delicioso aroma a fresa.Su fórmula específica contiene ingredientes y principios activos de máxima calidad naturales del Amazonas. Ideada para aplicar directamente sobre la piel, tiene un efecto efervescente y explosivo de las pequeñas burbujas que contiene,   brindando una sensación única, súper emocionante y agradable. Con la espuma Acqua Croccante realizarás masajes únicos e inolvidables.  Para momentos de conexión íntima divertidos, relajantes e impresionantes.Envase de 150 ml.,\n<h4><strong>Ingredientes:</strong></h4>\nButane, Aqua, Alcohol denat, Propane,\nCyclopentasiloxane, Isobutane, Cyclohexasiloxane, \nPropylheptyl Caprylate, Steareth-21, Parfum, Glycerin, \nHydroxythylcellulose, PPG-15 Stearly Ether, Imidazolidynl Urea, \nPropylene Glycol, Lecithin, Nelumbium Speciosum Flower Extract.,\n<h4><strong>Dimensiones:</strong></h4>\n178 mm x 45 mm x 45 mm,\n<p style=""text-align: left;""></p>",ORGIE,,Cosmética íntima,"vendor-orgie, novedad, showroom, cosmetica-intima, publico-parejas-todes",TRUE,Title,Default Title,,,,,1421371,0,shopify,41,deny,manual,24.99,,TRUE,TRUE,5600298351355,https://sexshoplorena.com/wp-content/uploads/2025/07/1421371.jpg,1,Acqua Crocante Strawberry,FALSE,Acqua Crocante Strawberry,Acqua Crocante Strawberry es una espuma hidratante y efervescente con un delicioso aroma a fresa. Su fórmula ... Paquete discreto en 24 h,,,adult,1421371,new,FALSE,https://sexshoplorena.com/wp-content/uploads/2025/07/1421371.jpg,g,,,active
acqua-croccante-passion-fruit,ACQUA CROCCANTE PASSION FRUIT,"Acqua Croccante Passion Fruit es una deliciosa espuma hidratante y efervescente con aroma fresco a frutas, diseñada para masajes relajantes y muy excitantes. Con una textura muy agradable a suave mousse, cuando las pequeñas partículas de la espuma entran en contacto con las manos y el cuerpo, proporcionan una sensación efervescente y crujiente muy agradable. Su aroma a maracuyá agudiza los sentidos y deja la piel con textura aterciopelada, ligera y suave. Viene en un envase con dosificador muy práctico de 150 ml.Características principales:? Espuma hidratante y efervescente.? Aroma a fruta fresca.? Masajes relajantes y excitantes.? Experiencia efervescente y crujiente.? Deja la piel suave y tersa.? Textura agradable y suave de mousse.? Cómodo con dosificador.? Envase de 150 ml.,\n<h4><strong>Ingredientes:</strong></h4>\nBUTANE, AQUA, ALCOHOL DENAT., PROPANE, COCO-CAPRYLATE, ISOBUTANE, STEARETH-21, HYDROXYETHYLCELLULOSE, PHENOXYETHANOL, PARFUM, ETHYLHEXYLGLYCERIN.,\n<h4><strong>Dimensiones:</strong></h4>\n180 mm x 43 mm Ø,\n<p style=""text-align: left;""></p>",ORGIE,,Cosmética íntima,"vendor-orgie, novedad, showroom, cosmetica-intima, publico-parejas-todes",TRUE,Title,Default Title,,,,,1417007,130,shopify,18,deny,manual,24.99,,TRUE,TRUE,5600742917007,https://sexshoplorena.com/wp-content/uploads/2025/07/1417007.jpg,1,ACQUA CROCCANTE PASSION FRUIT,FALSE,ACQUA CROCCANTE PASSION FRUIT,"Acqua Croccante Passion Fruit es una deliciosa espuma hidratante y efervescente con aroma fresco a frutas, diseñada ... Paquete discreto en 24 h",,,adult,1417007,new,FALSE,https://sexshoplorena.com/wp-content/uploads/2025/07/1417007.jpg,g,,,active
acqua-croccante-passion-fruit,,,,,,,,,,,,,,,,,,,,,,,,,https://sexshoplorena.com/wp-content/uploads/2025/07/1417007b.jpg,2,ACQUA CROCCANTE PASSION FRUIT,,,,,,,,,,,,,,
all-natural-acqua-water-based-intimate-gel,ALL-NATURAL ACQUA Water-based Intimate Gel,"All-Natural Acqua es un suave y sedoso lubricante a base de agua ideal para facilitar la fricción durante los juegos eróticos. Especialmente formulado con ingredientes naturales, agentes espesantes de celulosa vegetal y totalmente libre de parabenos, siliconas, parafina líquida, glicerina y sorbitol. Es inodoro, no pegajoso y muy fácil de retirar. Es totalmente apto para el uso con preservativos y juguetes eróticos. Viene en un práctico envase reciclable de 150 ml.Características principales:? Lubricante a base de agua.?  Formulado con ingredientes naturales.?  Ideal para facilitar la penetración.?  Libre de parabenos, siliconas, parafina líquida, glicerina y sorbitol.?  Sin aroma.?  No pegajoso.?  Fácil de retirar.?  Apto para preservativos y juguetes eróticos.?  Packaging reciclable.?  Envase de 150 ml.,\n<h4><strong>Ingredientes:</strong></h4>\nAQUA, HYDROXYETHYLCELLULOSE, SODIUM BENZOATE, CITRIC ACID, DISODIUM PHOSPHATE, POLYSORBATE 60, SODIUM PHOSPHATE.,\n<h4><strong>Dimensiones:</strong></h4>\n,\n<p style=""text-align: left;""></p>",ORGIE,,Cosmética íntima,"vendor-orgie, novedad, cosmetica-intima, publico-parejas-todes, subtipo-lubricante, efecto-frio",TRUE,Title,Default Title,,,,,1417274,0,shopify,16,deny,manual,16.19,,TRUE,TRUE,5600742917274,https://sexshoplorena.com/wp-content/uploads/2025/07/1417274.jpg,1,ALL-NATURAL ACQUA Water-based Intimate Gel,FALSE,ALL-NATURAL ACQUA Water-based Intimate Gel,All-Natural Acqua es un suave y sedoso lubricante a base de agua ideal para facilitar la fricción durante los juegos ... Paquete discreto en 24 h,,,adult,1417274,new,FALSE,https://sexshoplorena.com/wp-content/uploads/2025/07/1417274.jpg,g,,,active
all-natural-acqua-water-based-intimate-gel,,,,,,,,,,,,,,,,,,,,,,,,,https://sexshoplorena.com/wp-content/uploads/2025/07/1417274b.jpg,2,ALL-NATURAL ACQUA Water-based Intimate Gel,,,,,,,,,,,,,,
all-natural-strawberry-kissable-water-based-intimate-gel,ALL-NATURAL STRAWBERRY Kissable Water-based Intimate Gel,"All-Natural Strawberry es un suave y sedoso lubricante a base de agua ideal para facilitar la fricción durante los juegos eróticos con un delicado aroma y sabor a dulce fresa.Especialmente formulado con ingredientes naturales, agentes espesantes de celulosa vegetal y totalmente libre de parabenos, siliconas, parafina líquida, glicerina y sorbitol. Es perfecto para combinarlo con el sexo oral, es muy fácil de retirar y no pegajoso. Es totalmente apto para el uso con preservativos y juguetes eróticos. Viene en un práctico envase reciclable de 150 ml.Características principales:? Lubricante a base de agua.?  Aroma y sabor a dulce fresa.?  Formulado con ingredientes naturales.?  Ideal para facilitar la penetración.?  Libre de parabenos, siliconas, parafina líquida, glicerina y sorbitol.?  No pegajoso.?  Fácil de retirar.?  Apto para preservativos y juguetes eróticos.?  Packaging reciclable.?  Envase de 150 ml.,\n<h4><strong>Ingredientes:</strong></h4>\nAQUA, HYDROXYETHYLCELLULOSE, AROMA, SODIUM BENZOATE, CITRIC ACID, SUCRALOSE, DISODIUM PHOSPHATE, POLYSORBATE 60, SODIUM PHOSPHATE.,\n<h4><strong>Dimensiones:</strong></h4>\n154 mm x 40 mm Ø,\n<p style=""text-align: left;""></p>",ORGIE,,Cosmética íntima,"vendor-orgie, novedad, cosmetica-intima, publico-parejas-todes, subtipo-lubricante, efecto-frio",TRUE,Title,Default Title,,,,,1417304,180,shopify,12,deny,manual,16.19,,TRUE,TRUE,5600742917304,https://sexshoplorena.com/wp-content/uploads/2025/07/1417304.jpg,1,ALL-NATURAL STRAWBERRY Kissable Water-based Intimate Gel,FALSE,ALL-NATURAL STRAWBERRY Kissable Water-based Intimate Gel,All-Natural Strawberry es un suave y sedoso lubricante a base de agua ideal para facilitar la fricción durante los ... Paquete discreto en 24 h,,,adult,1417304,new,FALSE,https://sexshoplorena.com/wp-content/uploads/2025/07/1417304.jpg,g,,,active
all-natural-strawberry-kissable-water-based-intimate-gel,,,,,,,,,,,,,,,,,,,,,,,,,https://sexshoplorena.com/wp-content/uploads/2025/07/1417304b.jpg,2,ALL-NATURAL STRAWBERRY Kissable Water-based Intimate Gel,,,,,,,,,,,,,,
all-natural-ultra-slidewater-based-intimate-gel,ALL-NATURAL ULTRA SLIDEWater-based Intimate Gel,"All-Natural Ultra Slide es un suave y sedoso lubricante a base de agua ideal para facilitar la fricción durante los juegos eróticos. Gracias a su formula es menos denso que otros geles íntimos, permitiendo movimientos suaves y deslizantes. Especialmente formulado con ingredientes naturales, agentes espesantes de celulosa vegetal y totalmente libre de parabenos, siliconas, parafina líquida, glicerina y sorbitol. Es inodoro, no pegajoso y muy fácil de retirar. Es totalmente apto para el uso con preservativos y juguetes eróticos. Viene en un práctico envase reciclable de 150 ml.Características principales:? Lubricante a base de agua.?  Formulado con ingredientes naturales.?  Menos denso que otros geles íntimos.?  Ideal para facilitar la penetración.?  Libre de parabenos, siliconas, parafina líquida, glicerina y sorbitol.?  Sin aroma.?  No pegajoso.?  Fácil de retirar.?  Apto para preservativos y juguetes eróticos.?  Packaging reciclable.?  Envase de 150 ml.,\n<h4><strong>Ingredientes:</strong></h4>\nAQUA, HYDROXYETHYLCELLULOSE, SODIUM BENZOATE, CITRIC ACID, DISODIUM PHOSPHATE, POLYSORBATE 60, SODIUM PHOSPHATE.,\n<h4><strong>Dimensiones:</strong></h4>\n154 mm x 40 mm Ø,\n<p style=""text-align: left;""></p>",ORGIE,,Cosmética íntima,"vendor-orgie, novedad, cosmetica-intima, publico-parejas-todes, subtipo-lubricante, efecto-frio",TRUE,Title,Default Title,,,,,1417298,180,shopify,14,deny,manual,16.19,,TRUE,TRUE,5600742917298,https://sexshoplorena.com/wp-content/uploads/2025/07/1417298.jpg,1,ALL-NATURAL ULTRA SLIDEWater-based Intimate Gel,FALSE,ALL-NATURAL ULTRA SLIDEWater-based Intimate Gel,All-Natural Ultra Slide es un suave y sedoso lubricante a base de agua ideal para facilitar la fricción durante los ... Paquete discreto en 24 h,,,adult,1417298,new,FALSE,https://sexshoplorena.com/wp-content/uploads/2025/07/1417298.jpg,g,,,active
all-natural-ultra-slidewater-based-intimate-gel,,,,,,,,,,,,,,,,,,,,,,,,,https://sexshoplorena.com/wp-content/uploads/2025/07/1417298b.jpg,2,ALL-NATURAL ULTRA SLIDEWater-based Intimate Gel,,,,,,,,,,,,,,
dual-vibe-lemon-gin-tonic-kissable-liquid-vibrator,DUAL VIBE! LEMON GIN & TONIC KISSABLE LIQUID VIBRATOR,"Dual Vibe! Lemon Gin &amp; Tonic Kissable Liquid Vibrator es un gel estimulante diseñado para aportar sensaciones vibrantes y besables en la zona íntima. Se trata de un vibrador que se aplica en la zona íntima, ya sea  en la vulva/clítoris como en el pene/glande o sobre los pezones, aportando sensaciones vibrantes intensas, de nivel 5, gracias a sus ingredientes de plantas amazónicas. Totalmente apto para la penetración, este gel añade además un sabor/aroma  a cóctel de Lemon Gin &amp; Tonic  que hace muy agradable la práctica del sexo oral abriendo un gran abanico de posibilidades de juego. Debe aplicarse una pequeña cantidad en la zona íntima y masajear suavemente el producto. Viene en un cómodo y práctico envase con dosificador de 15 ml. Características principales:? Gel estimulante.? Sabor: cóctel de Lemon Gin &amp; Tonic .? Efecto: vibración  y hormigueo.? Nivel de intensidad: 5.? Ingrediente: plantas amazónicas.? Para prácticas: sexo oral y penetración.? Envase de: 15 ml.,\n<h4><strong>Ingredientes:</strong></h4>\nAQUA (AGUA), GLICERINA, POLISORBATO 80, AROMA (SABOR), JUGO DE HOJA DE ALOE BARBADENSIS (ALOE), FENOXIETANOL, ALCOHOL BENCÍLICO, CARBÓMERO, PROPILENGLICOL, SACARINA DE SODIO, EXTRACTO DE ACMELLA OLERACEA (SPILANTHES), NIACINAMIDA, AMINOMETILPROPANOL, ETILHEXILGLICERINA, LINALOL, PINENO, LIMONENO, ACEITE DE CÁSCARA DE CITRUS LIMON (LIMÓN), SORBATO DE POTASIO, BENZOATO DE SODIO, ÁCIDO CÍTRICO, TOCOFEROL.,\n<h4><strong>Dimensiones:</strong></h4>\n90 mm x 25  Ø mm,\n<p style=""text-align: left;""></p>",ORGIE,,Cosmética íntima,"vendor-orgie, novedad, showroom, cosmetica-intima, publico-parejas-todes, subtipo-gel-efecto, efecto-frio",TRUE,Title,Default Title,,,,,1417557,32,shopify,10,deny,manual,25.63,,TRUE,TRUE,5600742917557,https://sexshoplorena.com/wp-content/uploads/2025/07/1417557.jpg,1,DUAL VIBE! LEMON GIN & TONIC KISSABLE LIQUID VIBRATOR,FALSE,DUAL VIBE! LEMON GIN & TONIC KISSABLE LIQUID VIBRATOR,Dual Vibe! Lemon Gin Tonic Kissable Liquid Vibrator es un gel estimulante diseñado para aportar sensaciones ... Paquete discreto en 24 h,,,adult,1417557,new,FALSE,https://sexshoplorena.com/wp-content/uploads/2025/07/1417557.jpg,g,,,active
dual-vibe-lemon-gin-tonic-kissable-liquid-vibrator,,,,,,,,,,,,,,,,,,,,,,,,,https://sexshoplorena.com/wp-content/uploads/2025/07/1417557b.jpg,2,DUAL VIBE! LEMON GIN & TONIC KISSABLE LIQUID VIBRATOR,,,,,,,,,,,,,,
dual-vibe-lemon-gin-tonic-kissable-liquid-vibrator,,,,,,,,,,,,,,,,,,,,,,,,,https://sexshoplorena.com/wp-content/uploads/2025/07/1417557c.jpg,3,DUAL VIBE! LEMON GIN & TONIC KISSABLE LIQUID VIBRATOR,,,,,,,,,,,,,,
dual-vibe-pin-colada-kissable-liquid-vibrator,DUAL VIBE! PIN? COLADA KISSABLE LIQUID VIBRATOR,"Dual Vibe es un potente gel estimulante con sabor a deliciosa Piña Colada diseñado especialmente para aportar sensaciones vibrantes en la zona íntima. Se trata de un vibrador líquido que se aplica en la zona íntima, ya sea en la vulva/clítoris como en el pene/glande, y aporta sensaciones muy intensas. Añade además sabor/aroma tropical de Piña Colada, totalmente besable. Es apto para penetración, masturbación y gracias a su refrescante sabor hace muy agradable que sea besable mejorando así la práctica del sexo oral y abriendo un gran abanico de posibilidades de juego. Debe aplicarse una pequeña cantidad en la zona íntima y masajear suavemente el producto. Viene en un cómodo y práctico envase con dosificador de 15 ml.Características principales:? Gel estimulante.? Líquido vibrador.? Añade aroma/sabor a deliciosa Piña Colada.? Aumenta la sensibilidad de la zona íntima.? Besable.? Apto para penetración, masturbación y sexo oral.? Aporta gran opción de juego.? Formato cómodo y práctico.? Con dosificador.? Envase de 15 ml.,\n<h4><strong>Ingredientes:</strong></h4>\nAQUA, GLYCERIN, POLYSORBATE 80, AROMA, ALOE BARBADENSIS LEAF JUICE, PROPYLENE GLYCOL, PHENOXYETHANOL, BENZYL ALCOHOL, CARBOMER, SPILANTHES ACMELLA FLOWER EXTRACT, SODIUM SACCHARIN, ACMELLA OLERACEA EXTRACT, NIACINAMIDE, AMINOMETHYL PROPANOL, ETHYLHEXYLGLYCERIN, MENTHA ARVENSIS LEAF OIL, LIMONENE, POTASSIUM SORBATE, SODIUM BENZOATE, CITRIC ACID, TOCOPHEROL.,\n<h4><strong>Dimensiones:</strong></h4>\n,\n<p style=""text-align: left;""></p>",ORGIE,,Cosmética íntima,"vendor-orgie, novedad, cosmetica-intima, publico-parejas-todes, subtipo-gel-efecto, efecto-frio",TRUE,Title,Default Title,,,,,1417311,0,shopify,20,deny,manual,25.63,,TRUE,TRUE,5600742917311,https://sexshoplorena.com/wp-content/uploads/2025/07/1417311.jpg,1,DUAL VIBE! PIN? COLADA KISSABLE LIQUID VIBRATOR,FALSE,DUAL VIBE! PIN? COLADA KISSABLE LIQUID VIBRATOR,Dual Vibe es un potente gel estimulante con sabor a deliciosa Piña Colada diseñado especialmente para aportar ... Paquete discreto en 24 h,,,adult,1417311,new,FALSE,https://sexshoplorena.com/wp-content/uploads/2025/07/1417311.jpg,g,,,active
dual-vibe-pin-colada-kissable-liquid-vibrator,,,,,,,,,,,,,,,,,,,,,,,,,https://sexshoplorena.com/wp-content/uploads/2025/07/1417311b.jpg,2,DUAL VIBE! PIN? COLADA KISSABLE LIQUID VIBRATOR,,,,,,,,,,,,,,
dual-vibe-pin-colada-kissable-liquid-vibrator,,,,,,,,,,,,,,,,,,,,,,,,,https://sexshoplorena.com/wp-content/uploads/2025/07/1417311c.jpg,3,DUAL VIBE! PIN? COLADA KISSABLE LIQUID VIBRATOR,,,,,,,,,,,,,,
dual-vibe-sex-on-the-beach-kissable-liquid-vibrator,DUAL VIBE! SEX ON THE BEACH KISSABLE LIQUID VIBRATOR,"Dual Vibe es un potente gel estimulante con sabor a delicioso Sex on the Beach diseñado especialmente para aportar sensaciones vibrantes en la zona íntima. Se trata de un vibrador líquido que se aplica en la zona íntima, ya sea en la vulva/clítoris como en el pene/glande, y aporta sensaciones muy intensas. Añade además sabor/aroma tropical de Sex on the Beach, totalmente besable. Es apto para penetración, masturbación y gracias a su refrescante sabor hace muy agradable que sea besable mejorando así la práctica del sexo oral y abriendo un gran abanico de posibilidades de juego. Debe aplicarse una pequeña cantidad en la zona íntima y masajear suavemente el producto. Viene en un cómodo y práctico envase con dosificador de 15 ml.Características principales:? Gel estimulante.? Líquido vibrador.? Añade aroma/sabor a delicioso Sex on the Beach.? Aumenta la sensibilidad de la zona íntima.? Besable.? Apto para penetración, masturbación y sexo oral.? Aporta gran opción de juego.? Formato cómodo y práctico.? Con dosificador.? Envase de 15 ml.,\n<h4><strong>Ingredientes:</strong></h4>\nAQUA, GLYCERIN, POLYSORBATE 80, AROMA, ALOE BARBADENSIS LEAF JUICE, PHENOXYETHANOL, CARBOMER, BENZYL ALCOHOL, PROPYLENE GLYCOL, SODIUM SACCHARIN, NIACINAMIDE, ACMELLA OLERACEA EXTRACT, AMINOMETHYL PROPANOL, ETHYLHEXYLGLYCERIN, MENTHA ARVENSIS LEAF OIL, LIMONENE, POTASSIUM SORBATE, SODIUM BENZOATE, CITRIC ACID, TOCOPHEROL.,\n<h4><strong>Dimensiones:</strong></h4>\n,\n<p style=""text-align: left;""></p>",ORGIE,,Cosmética íntima,"vendor-orgie, novedad, showroom, cosmetica-intima, publico-parejas-todes, subtipo-gel-efecto, efecto-frio",TRUE,Title,Default Title,,,,,1417328,0,shopify,46,deny,manual,25.63,,TRUE,TRUE,5600742917328,https://sexshoplorena.com/wp-content/uploads/2025/07/1417328.jpg,1,DUAL VIBE! SEX ON THE BEACH KISSABLE LIQUID VIBRATOR,FALSE,DUAL VIBE! SEX ON THE BEACH KISSABLE LIQUID VIBRATOR,El sexshop lorena es una tienda para adultos con una amplia gama de juguetes eróticos. Envío 24 h y garantía de devolución - Paquete discreto,,,adult,1417328,new,FALSE,https://sexshoplorena.com/wp-content/uploads/2025/07/1417328.jpg,g,,,active
dual-vibe-sex-on-the-beach-kissable-liquid-vibrator,,,,,,,,,,,,,,,,,,,,,,,,,https://sexshoplorena.com/wp-content/uploads/2025/07/1417328b.jpg,2,DUAL VIBE! SEX ON THE BEACH KISSABLE LIQUID VIBRATOR,,,,,,,,,,,,,,
dual-vibe-sex-on-the-beach-kissable-liquid-vibrator,,,,,,,,,,,,,,,,,,,,,,,,,https://sexshoplorena.com/wp-content/uploads/2025/07/1417328c.jpg,3,DUAL VIBE! SEX ON THE BEACH KISSABLE LIQUID VIBRATOR,,,,,,,,,,,,,,
dual-vibe-strawberry-gin-tonic-kissable-liquid-vibrator,DUAL VIBE! STRAWBERRY GIN & TONIC KISSABLE LIQUID VIBRATOR,"Dual Vibe! Strawberry Gin and Tonic Kissable Liquid Vibrator es un gel estimulante diseñado para aportar sensaciones vibrantes y besables en la zona íntima. Se trata de un vibrador que se aplica en la zona íntima, ya sea en la vulva/clítoris como en el pene/glande o sobre los pezones, aportando sensaciones vibrantes intensas, de nivel 6, gracias a sus ingredientes de plantas amazónicas. Totalmente apto para la penetración, este gel añade además un sabor/aroma a cóctel de Strawberry Gin &amp; Tonic que hace muy agradable la práctica del sexo oral abriendo un gran abanico de posibilidades de juego. Debe aplicarse una pequeña cantidad en la zona íntima y masajear suavemente el producto. Viene en un cómodo y práctico envase con dosificador de 15 ml. Características principales:? Gel estimulante.? Sabor: cóctel de Strawberry  Gin &amp; Tonic.? Efecto: vibración  y hormigueo.? Nivel de intensidad: 6.? Ingrediente: plantas amazónicas.? Para prácticas: sexo oral y penetración.? Envase de: 15 ml.,\n<h4><strong>Ingredientes:</strong></h4>\nAQUA (WATER), GLYCERIN, POLYSORBATE 80, AROMA (FLAVOUR), ALOE BARBADENSIS (ALOE) LEAF JUICE, BENZYL ALCOHOL, PHENOXYETHANOL, CARBOMER, PROPYLENE GLYCOL, SODIUM SACCHARIN, ACMELLA OLERACEA (SPILANTHES) EXTRACT, NIACINAMIDE, AMINOMETHYL PROPANOL, ETHYLHEXYLGLYCERIN, PINENE, LIMONENE, POTASSIUM SORBATE, SODIUM BENZOATE, CITRIC ACID, TOCOPHEROL.,\n<h4><strong>Dimensiones:</strong></h4>\n90 mm x 25 Ø mm,\n<p style=""text-align: left;""></p>",ORGIE,,Cosmética íntima,"vendor-orgie, novedad, cosmetica-intima, publico-parejas-todes, subtipo-gel-efecto, efecto-frio",TRUE,Title,Default Title,,,,,1417540,32,shopify,1,deny,manual,25.63,,TRUE,FALSE,5600742917540,https://sexshoplorena.com/wp-content/uploads/2025/07/1417540.jpg,1,DUAL VIBE! STRAWBERRY GIN & TONIC KISSABLE LIQUID VIBRATOR,FALSE,DUAL VIBE! STRAWBERRY GIN & TONIC KISSABLE LIQUID VIBRATOR,El sexshop lorena es una tienda para adultos con una amplia gama de juguetes eróticos. Envío 24 h y garantía de devolución - Paquete discreto,,,adult,1417540,new,FALSE,https://sexshoplorena.com/wp-content/uploads/2025/07/1417540.jpg,g,,,active
dual-vibe-strawberry-gin-tonic-kissable-liquid-vibrator,,,,,,,,,,,,,,,,,,,,,,,,,https://sexshoplorena.com/wp-content/uploads/2025/07/1417540b.jpg,2,DUAL VIBE! STRAWBERRY GIN & TONIC KISSABLE LIQUID VIBRATOR,,,,,,,,,,,,,,
dual-vibe-strawberry-gin-tonic-kissable-liquid-vibrator,,,,,,,,,,,,,,,,,,,,,,,,,https://sexshoplorena.com/wp-content/uploads/2025/07/1417540c.jpg,3,DUAL VIBE! STRAWBERRY GIN & TONIC KISSABLE LIQUID VIBRATOR,,,,,,,,,,,,,,
glow-shimmer-body-cream,GLOW Shimmer Body Cream,"Glow Shimmer Body Cream es una crema corporal que dejará la piel suave, tersa y brillante, además de darle un toque sensual y dulce. La crema es suave y delicada, dejando un brillo instantáneo y un ligero bronceado en la piel. Formulada con aceite de coco, extracto y aceite de zanahoria y otros ricos ingredientes que nutren y ayudan a prevenir la sequedad corporal. Deja además una delicada y sensual fragancia.Para su aplicación es necesario masajear bien la zona con el producto, haciendo movimientos circulares, hasta obtener un color uniforme y esperar a que el producto se seque. Viene en un elegante, cómodo y práctico envase de bote de 250 ml.Características principales:? Crema corporal.? Iluminador que realza la piel y la hidrata.?  Deja la piel suave y tersa.?  Con un toque sensual y aroma delicado.?  Añade aceite de coco, extracto y aceite de zanahoria y otros ricos ingredientes.?  Textura suave y cremosa.?  Aporta brillo y efecto bronceado.?  Envase elegante, cómodo y práctico.?  Capacidad de 250 ml.,\n<h4><strong>Ingredientes:</strong></h4>\nAQUA, GLYCERIN, ETHYLHEXYL STEARATE, GLYCERYL STEARATE, ISOHEXADECANE, C12-15 ALKYL BENZOATE, CETEARYL ALCOHOL, COCOS NUCIFERA OIL, GLYCERYL STEARATE CITRATE, DIMETHICONE, PHENOXYETHANOL, PARFUM, SYNTHETIC FLUORPHLOGOPITE, ACRYLATES/C10-30 ALKYL ACRYLATE CROSSPOLYMER, HELIANTHUS ANNUUS SEED OIL, BUTYLENE GLYCOL, AMINOMETHYL PROPANOL, ETHYLHEXYLGLYCERIN, DISODIUM EDTA, GINKGO BILOBA LEAF EXTRACT, PENTAERYTHRITYL TETRA-DI-T-BUTYL HYDROXYHYDROCINNAMATE, CI 77891, BENZYL SALICYLATE, CI 77491, LINALOOL, COUMARIN, LIMONENE, BETA-CAROTENE, DAUCUS CAROTA SATIVA ROOT EXTRACT, DAUCUS CAROTA SATIVA SEED OIL, ALPHA-ISOMETHYL IONONE, TIN OXIDE, BENZYL BENZOATE, SODIUM METABISULFITE, ASCORBYL PALMITATE, TOCOPHEROL.,\n<h4><strong>Dimensiones:</strong></h4>\n60 mm x 95 mm Ø,\n<p style=""text-align: left;""></p>",ORGIE,,Cosmética íntima,"vendor-orgie, novedad, showroom, cosmetica-intima, publico-parejas-todes, subtipo-gel-oral",TRUE,Title,Default Title,,,,,1417243,315,shopify,8,deny,manual,24.69,,TRUE,TRUE,5600742917243,https://sexshoplorena.com/wp-content/uploads/2025/07/1417243.jpg,1,GLOW Shimmer Body Cream,FALSE,GLOW Shimmer Body Cream,El sexshop lorena es una tienda para adultos con una amplia gama de juguetes eróticos. Envío 24 h y garantía de devolución - Paquete discreto,,,adult,1417243,new,FALSE,https://sexshoplorena.com/wp-content/uploads/2025/07/1417243.jpg,g,,,active
glow-shimmer-body-cream,,,,,,,,,,,,,,,,,,,,,,,,,https://sexshoplorena.com/wp-content/uploads/2025/07/1417243b.jpg,2,GLOW Shimmer Body Cream,,,,,,,,,,,,,,
glow-shimmering-body-oil,GLOW Shimmering Body Oil,"Glow Shimmer Body Oil es un aceite corporal que dejará la piel suave, tersa y brillante, además de darle un toque sensual y dulce. El aceite es suave y ligero, dejando un brillo instantáneo y un ligero bronceado en la piel. Con ricos ingredientes que nutren y ayudan a prevenir la sequedad corporal. Deja además una delicada y sensual fragancia.Para su aplicación es necesario masajear bien la zona con el producto, haciendo movimientos circulares, hasta obtener un color uniforme y esperar a que el producto se seque. Viene en un elegante, cómodo y práctico envase con dosificador de 110 ml.Características principales:? Aceite corporal.? Iluminador que realza la piel y la hidrata.?  Dela la piel suave y tersa.?  Con un toque sensual y aroma delicado.?  Con ricos ingredientes.?  Textura suave y ligera.?  Aporta brillo y efecto bronceado.?  Envase elegante, cómodo y práctico, con dosificador.?  Capacidad de 110 ml.,\n<h4><strong>Ingredientes:</strong></h4>\nETHYLHEXYL STEARATE, CAPRYLIC/CAPRIC TRIGLYCERIDE, HELIANTHUS ANNUUS SEED OIL, ISOHEXADECANE, PRUNUS AMYGDALUS DULCIS OIL, PARFUM, OLEA EUROPAEA FRUIT OIL, VITIS VINIFERA SEED OIL, SYNTHETIC FLUORPHLOGOPITE, SILICA DIMETHYL SILYLATE, POLYURETHANE-79, CI 77891, PENTAERYTHRITYL TETRA-DI-T-BUTYL HYDROXYHYDROCINNAMATE, BENZYL SALICYLATE, CI 77491, LINALOOL, COUMARIN, LIMONENE, ALPHA-ISOMETHYL IONONE, TIN OXIDE, BENZYL BENZOATE, CINNAMYL ALCOHOL.,\n<h4><strong>Dimensiones:</strong></h4>\n160 mm x 35 mm Ø,\n<p style=""text-align: left;""></p>",ORGIE,,Cosmética íntima,"vendor-orgie, novedad, showroom, cosmetica-intima, publico-parejas-todes, subtipo-gel-oral",TRUE,Title,Default Title,,,,,1417236,125,shopify,31,deny,manual,24.69,,TRUE,FALSE,5600742917236,https://sexshoplorena.com/wp-content/uploads/2025/07/1417236.jpg,1,GLOW Shimmering Body Oil,FALSE,GLOW Shimmering Body Oil,"Glow Shimmer Body Oil es un aceite corporal que dejará la piel suave, tersa y brillante, además de darle un toque ... Paquete discreto en 24 h",,,adult,1417236,new,FALSE,https://sexshoplorena.com/wp-content/uploads/2025/07/1417236.jpg,g,,,active
glow-shimmering-body-oil,,,,,,,,,,,,,,,,,,,,,,,,,https://sexshoplorena.com/wp-content/uploads/2025/07/1417236b.jpg,2,GLOW Shimmering Body Oil,,,,,,,,,,,,,,
greek-kiss-50-ml,Greek Kiss - 50 Ml,"Un gel íntimo creado para la práctica del sexo oral anal,  con efecto calor  y aroma a menta.Su fórmula específica permite se uso durante el sexo oral, proporcionando incríble sensaciones para ambos. Modo de uso:Se recomienda comenzar con una cantidad mínima y, después de evaluar la sensibilidad a los efectos, aumentar o disminuir la dosis según la sensibilidad.Orgie  aúna el placer con el respeto por el medio ambiente y la conciencia ecológica.Envase de 50 ml.,\n<h4><strong>Ingredientes:</strong></h4>\nGlyderin, Aqua, Propylene Glycol, PEG-40 Hydrogenated Castor Oil, Sodium Benzoate, Mentha Arvensis Leaf Oil, Sodium Saccharin, Menthol, L-Menthanone, Limonene, Menthyl Acetate, Pinene, Carvone.,\n<h4><strong>Dimensiones:</strong></h4>\n123 mm x 36 mm x 36 mm,\n<p style=""text-align: left;""></p>",ORGIE,,Cosmética íntima,"vendor-orgie, novedad, cosmetica-intima, publico-parejas-todes, subtipo-gel-efecto, efecto-calor",TRUE,Title,Default Title,,,,,1421409,0,shopify,0,deny,manual,19.00,,TRUE,TRUE,5600298351409,https://sexshoplorena.com/wp-content/uploads/2025/07/1421409.jpg,1,Greek Kiss - 50 Ml,FALSE,Greek Kiss - 50 Ml,"Un gel íntimo creado para la práctica del sexo oral anal, con efecto calor y aroma a menta. Su fórmula específica ... Paquete discreto en 24 h",,,adult,1421409,new,FALSE,https://sexshoplorena.com/wp-content/uploads/2025/07/1421409.jpg,g,,,active
greek-kiss-50-ml,,,,,,,,,,,,,,,,,,,,,,,,,https://sexshoplorena.com/wp-content/uploads/2025/07/1421409b.jpg,2,Greek Kiss - 50 Ml,,,,,,,,,,,,,,
hemp-intense-orgasm-15-ml,Hemp! - Intense Orgasm - 15 Ml,"Un gel íntimo estimulante con aceite de semilla de cáñamo con un ligero efecto calor, Intense Orgasm Hemp!Las propiedades estimulantes y beneficiosas del cáñamo están siendo cada vez más reconocidas. Este aceite estimulador está formulado con ingredientes de alta calidad que mejoranla calidad de las relaciones sexuales para él y para ella.Además del aceite de cannabis,  Intense Orgasm Hemp! Oil intenso contiene oleracea, isopentildiol, niacinamida, entre otros ingredientes activos que mejoran la sensación de excitación e intensifican los orgasmos.Modo de uso:Aplicar una cantidad generosa en el acto y disfrutar del torbellino de sensaciones queeste gel íntimo proporciona.Envase de 15 ml.,\n<h4><strong>Ingredientes:</strong></h4>\nAqua, Polysorbate 80, Propylene Glycol, Glycerin, Peg-40 Hydrogenated Castor Oil, Aroma, Carbomer, Phenoxyethanol, Sodium Saccharin, Hemp Seed Oil, Niacinamide, Aminomethyl Propanol, Disodium Edta, Ethyhexylglycerin, Acmelia Oleracea Extract, Vanillyl Butyl Ether, Limonene, Linalool, Isopentyldiol, Menthyl Lactate, Geraniol, 2-Aminobutanol, Ci 19140, Ci 42090.,\n<h4><strong>Dimensiones:</strong></h4>\n128 mm x 59 mm x 29 mm,\n<p style=""text-align: left;""></p>",ORGIE,,Cosmética íntima,"vendor-orgie, novedad, cosmetica-intima, publico-parejas-todes, subtipo-gel-efecto, efecto-calor",TRUE,Title,Default Title,,,,,1421393,0,shopify,0,deny,manual,24.69,,TRUE,TRUE,5600298351393,https://sexshoplorena.com/wp-content/uploads/2025/07/1421393.jpg,1,Hemp! - Intense Orgasm - 15 Ml,FALSE,Hemp! - Intense Orgasm - 15 Ml,"Un gel íntimo estimulante con aceite de semilla de cáñamo con un ligero efecto calor, Intense Orgasm Hemp!Las ... Paquete discreto en 24 h",,,adult,1421393,new,FALSE,https://sexshoplorena.com/wp-content/uploads/2025/07/1421393.jpg,g,,,active
human-lube-water-based-intimate-gel,HUMAN LUBE Water-based Intimate Gel,"Human Lube es un lubricante a base de agua con una fórmula especial que imita el flujo íntimo natural, proporcionando una sensación de lubricación fiel.Es un gel íntimo transparente y muy resbaladizo que imita la textura y viscosidad de los fluidos. Formulado con extractos naturales de algas pardas y lavanda combinados con otros ingredientes de alta calidad. Es inodoro, no pegajoso y muy fácil de retirar. Es totalmente apto para el uso con preservativos y juguetes eróticos. Viene en un práctico envase de 150 ml, con un dosificador anti goteo para aplicar la cantidad precisa y deseada.Características principales:? Lubricante a base de agua.? Fórmula muy especial que imita los fluidos.? Mejora las relaciones íntimas.? Sensación de lubricación fiel.? Compatible con preservativos de látex, juguetes eróticos y piel con piel.? Lubricación duradera.? Textura viscosa y deslizante.? Libre de fragancia.? No pegajoso.? Muy fácil de limpiar.? Cómodo envase con dosificador.? Envase de 150 ml.,\n<h4><strong>Ingredientes:</strong></h4>\nAQUA, GLYCERIN, PROPYLENE GLYCOL, PHENOXYETHANOL, PEG-90M, DISODIUM EDTA, ETHYLHEXYLGLYCERIN, FUCUS VESICULOSUS EXTRACT, LAVANDULA ANGUSTIFOLIA FLOWER EXTRACT, SILICA, SODIUM BENZOATE, BHT.,\n<h4><strong>Dimensiones:</strong></h4>\n154 mm x 40 mm Ø,\n<p style=""text-align: left;""></p>",ORGIE,,Cosmética íntima,"vendor-orgie, novedad, cosmetica-intima, publico-parejas-todes, subtipo-lubricante",TRUE,Title,Default Title,,,,,1417250,190,shopify,0,deny,manual,19.06,,TRUE,TRUE,5600742917250,https://sexshoplorena.com/wp-content/uploads/2025/07/1417250.jpg,1,HUMAN LUBE Water-based Intimate Gel,FALSE,HUMAN LUBE Water-based Intimate Gel,"Human Lube es un lubricante a base de agua con una fórmula especial que imita el flujo íntimo natural, proporcionando ... Paquete discreto en 24 h",,,adult,1417250,new,FALSE,https://sexshoplorena.com/wp-content/uploads/2025/07/1417250.jpg,g,,,active
human-lube-water-based-intimate-gel,,,,,,,,,,,,,,,,,,,,,,,,,https://sexshoplorena.com/wp-content/uploads/2025/07/1417250b.jpg,2,HUMAN LUBE Water-based Intimate Gel,,,,,,,,,,,,,,
intimus-white-intimate-whitening-and-stimulating,Intimus White Intimate Whitening And Stimulating,"Intimus White Cream es una crema blanqueadora muy especial de Orgie diseñada para clarecer las zonas sensibles oscuras, aportando un tono de piel más claro. Formulado con Sepiwhite? en un 2% que actúa dejando la piel un tono más clara no solamente en las zonas sensibles sino que también es apta para las manos y las manchas oscuras del rostro. Debe aplicarse una cantidad razonable y masajear con movimientos circulares en la zona deseada, preferiblemente una vez al día. Viene en una caja muy elegante y en un envase cómodo con dosificador de 50 ml.Características principales:Crema con efecto blanqueante.Aclara la piel de las zonas sensibles, manos o manchas faciales.Formulado con 2% Sepiwhite?.De fórmula suave.Viene en caja muy elegante.Envase cómodo con dosificador de 50 ml.,\n<h4><strong>Ingredientes:</strong></h4>\nAQUA, GLICERINA, ACEITE DE SEMILLA DE ROSA MOSCHATA, UNDECILENOIL FENILALANINA, ALCOHOL CETEARÍLICO, FENOXIETANOL, POLIACRILATO DE SODIO, NIACINAMIDA, POLIDECENE HIDROGENADO, ETILEXILGLICERINA, EDTA DISÓDICO, PENTAERITRITILO TETRA-DI-T-BUTIL HIDROXIHIDROC INNAMATO, ÁCIDO UNDECILÉNICO, TRIDECETH-6.,\n<h4><strong>Dimensiones:</strong></h4>\n,\n<p style=""text-align: left;""></p>",ORGIE,,Cosmética íntima,"vendor-orgie, novedad, showroom, cosmetica-intima, publico-parejas-todes, efecto-frio",TRUE,Title,Default Title,,,,,1421166,0,shopify,16,deny,manual,30.31,,TRUE,TRUE,5600298351188,https://sexshoplorena.com/wp-content/uploads/2025/07/1421166.jpg,1,Intimus White Intimate Whitening And Stimulating,FALSE,Intimus White Intimate Whitening And Stimulating,"Intimus White Cream es una crema blanqueadora muy especial de Orgie diseñada para clarecer las zonas sensibles oscuras, ... Paquete discreto en 24 h",,,adult,1421166,new,FALSE,https://sexshoplorena.com/wp-content/uploads/2025/07/1421166.jpg,g,,,active
intimus-white-intimate-whitening-and-stimulating,,,,,,,,,,,,,,,,,,,,,,,,,https://sexshoplorena.com/wp-content/uploads/2025/07/1421166b.jpg,2,Intimus White Intimate Whitening And Stimulating,,,,,,,,,,,,,,
intimus-white-intimate-whitening-and-stimulating,,,,,,,,,,,,,,,,,,,,,,,,,https://sexshoplorena.com/wp-content/uploads/2025/07/1421166c.jpg,3,Intimus White Intimate Whitening And Stimulating,,,,,,,,,,,,,,
lips-massage-kit-cotton-candy,Lips Massage Kit  Cotton Candy,"El kit Lips Massage Cotton Candy  es un producto exclusivo de Orgie. Se compone de un aceite de masaje con aroma y sabor a algodón de azúcar, una pluma e instrucciones de uso.Un aceite sensual perfecto para estimular las zonas íntimas del cuerpo, al aplicarlo, produce un ligero efecto calor muy agradable.Perfecto para practicar sexo oral y juegos eróticos.Este set de masaje erótico te aportará momentos inolvidables y únicos. Ideal para añadir fantasía y diversión a las relaciones sexuales. Envase de 100 ml.,\n<h4><strong>Ingredientes:</strong></h4>\nGlycerin, Propylene Glycol, Aqua, Sorbitol,\nSodium Benzoate, Aroma, Sodium Saccharin, Limonene, Cl \n42090, Phenoxyethanol, Disodium EDTA, Ethylhexylglycerin.,\n<h4><strong>Dimensiones:</strong></h4>\n237 mm x 62 mm x 60 mm,\n<p style=""text-align: left;""></p>",ORGIE,,Cosmética íntima,"vendor-orgie, novedad, cosmetica-intima, publico-parejas-todes, subtipo-gel-efecto, efecto-calor",TRUE,Title,Default Title,,,,,1421333,0,shopify,20,deny,manual,19.06,,TRUE,TRUE,5600298351294,https://sexshoplorena.com/wp-content/uploads/2025/07/1421333.jpg,1,Lips Massage Kit  Cotton Candy,FALSE,Lips Massage Kit  Cotton Candy,El kit Lips Massage Cotton Candy es un producto exclusivo de Orgie. Se compone de un aceite de masaje con aroma y ... Paquete discreto en 24 h,,,adult,1421333,new,FALSE,https://sexshoplorena.com/wp-content/uploads/2025/07/1421333.jpg,g,,,active
lips-massage-kit-strawberry,Lips Massage Kit  Strawberry,"El kit Lips Massage Strawberry es un producto exclusivo de Orgie. Se compone de un aceite de masaje con aroma y sabor a fresa, una pluma e instrucciones de uso.Un aceite sensual perfecto para estimular las zonas íntimas del cuerpo, al aplicarlo, produce un ligero efecto calor muy agradable.Perfecto para practicar sexo oral y juegos eróticos.Este set de masaje erótico te aportará momentos inolvidables y únicos. Ideal para añadir fantasía y diversión a las relaciones sexuales. Envase de 100 ml.,\n<h4><strong>Ingredientes:</strong></h4>\nGlycerin, Propylene Glycol, Aqua, Sorbitol,\nSodium Benzoate, Aroma, Sodium Saccharin, Phenoxyethanol,\nCi 14700, Ethylhexylglycerin, Disodium EDTA.,\n<h4><strong>Dimensiones:</strong></h4>\n237 mm x 62 mm x 60 mm,\n<p style=""text-align: left;""></p>",ORGIE,,Cosmética íntima,"vendor-orgie, novedad, showroom, cosmetica-intima, publico-parejas-todes, subtipo-gel-efecto, efecto-calor",TRUE,Title,Default Title,,,,,1421326,0,shopify,20,deny,manual,19.06,,TRUE,TRUE,5600298351317,https://sexshoplorena.com/wp-content/uploads/2025/07/1421326.jpg,1,Lips Massage Kit  Strawberry,FALSE,Lips Massage Kit  Strawberry,El kit Lips Massage Strawberry es un producto exclusivo de Orgie. Se compone de un aceite de masaje con aroma y sabor a ... Paquete discreto en 24 h,,,adult,1421326,new,FALSE,https://sexshoplorena.com/wp-content/uploads/2025/07/1421326.jpg,g,,,active
lips-massage-kit-apple,Lips Massage Kit Apple,"El kit Lips Massage Apple es un producto exclusivo de Orgie. Se compone de un aceite de masaje con aroma y sabor a manzana verde, una pluma e instrucciones de uso.Un aceite sensual perfecto para estimular las zonas íntimas del cuerpo, al aplicarlo, produce un ligero efecto calor muy agradable.Perfecto para practicar sexo oral y juegos eróticos. Este set de masaje erótico te aportará momentos inolvidables y únicos. Ideal para añadir fantasía y diversión a las relaciones sexuales. Envase de 100 ml.,\n<h4><strong>Ingredientes:</strong></h4>\nGlycerin, Propylene Glycol, Aqua (Water), \nSodium Benzoate, Aroma, Cl 19140 (FD&amp;C Yellow No. 5), Cl \n42090 (FD&amp;C Blue No. 1),\n<h4><strong>Dimensiones:</strong></h4>\n237 mm x 62 mm x 60 mm,\n<p style=""text-align: left;""></p>",ORGIE,,Cosmética íntima,"vendor-orgie, novedad, cosmetica-intima, publico-parejas-todes, subtipo-gel-efecto, efecto-calor",TRUE,Title,Default Title,,,,,1421319,0,shopify,22,deny,manual,19.06,,TRUE,TRUE,5600298351300,https://sexshoplorena.com/wp-content/uploads/2025/07/1421319.jpg,1,Lips Massage Kit Apple,FALSE,Lips Massage Kit Apple,El kit Lips Massage Apple es un producto exclusivo de Orgie. Se compone de un aceite de masaje con aroma y sabor a ... Paquete discreto en 24 h,,,adult,1421319,new,FALSE,https://sexshoplorena.com/wp-content/uploads/2025/07/1421319.jpg,g,,,active
lube-tube-anal-confort,Lube Tube Anal Confort,"Lube Tube Anal confort es un lubricante híbrido compuesto por base de agua y silicona.Su fórmula específica contiene ingredientes de máxima calidad y ha sido desarrollado especialmente para aumentar el placer y la comodidad del sexo anal. Es inodoro y tiene una lubricación de larga duración proporcionando una sensación suave y sedosa en la piel. Su textura es ligera, no pegajosa y muy fácil de limpiar y lavar.Envase de 100 ml.,\n<h4><strong>Ingredientes:</strong></h4>\nAqua (Water), Glycerin, Propylene Glycol,\nHydroxyethylcellulose, Phenoxyethanol, Disodium EDTA,\nPolyquaternium-7, Ethylhexlglycerin, Glyceryl Acrylate/\nAcrylic Acid Copolymer, PVM/MA Copolymer, Menthylparaben, Propylparaben.,\n<h4><strong>Dimensiones:</strong></h4>\n163 mm x 60 mm x 40 mm,\n<p style=""text-align: left;""></p>",ORGIE,,Cosmética íntima,"vendor-orgie, novedad, cosmetica-intima, publico-parejas-todes, subtipo-lubricante",TRUE,Title,Default Title,,,,,1421142,0,shopify,40,deny,manual,17.19,,TRUE,TRUE,5600298351003,https://sexshoplorena.com/wp-content/uploads/2025/07/1421142.jpg,1,Lube Tube Anal Confort,FALSE,Lube Tube Anal Confort,Lube Tube Anal confort es un lubricante híbrido compuesto por base de agua y silicona. Su fórmula específica contiene ... Paquete discreto en 24 h,,,adult,1421142,new,FALSE,https://sexshoplorena.com/wp-content/uploads/2025/07/1421142.jpg,g,,,active
lube-tube-anal-sensitive,Lube Tube Anal Sensitive,"Lube Tube Anal Sensitive es un lubricante híbrido compuesto por base de agua y silicona especialmente indicado para el sexo anal. Su fórmula específica contiene ingredientes de alta calidad y ha sido desarrollada especialmente para aumentar el placer y la comodidad durante el sexo anal. Está enriquecido con ácido hialurónico que tonifica e hidrata el ano, haciéndolo más elástico. Además contiene centella asiática, una planta medicinal reconocida por sus propiedades regenerativas para la piel, eliminando posibles molestias después del sexo anal. Está especialmente indicado para principiantes del sexo anal o para personas que son más sensibles.Es inodoro y tiene una lubricación de larga duración. Su textura es suave y sedosa, fácil de limpiar. Envase de 100 ml.,\n<h4><strong>Ingredientes:</strong></h4>\nAqua (Water), Glycerin, Propylene Glycol,\nHydroxyethylcellulose, Phenoxyethanol, Sorbitol, Butylene Glycol, Disodium EDTA, Ethylhexlglycerin, Centella Asiatica Leaf Extract, Sodium Hyaluronate.,\n<h4><strong>Dimensiones:</strong></h4>\n163 mm x 60 mm x 40 mm,\n<p style=""text-align: left;""></p>",ORGIE,,Cosmética íntima,"vendor-orgie, novedad, cosmetica-intima, publico-parejas-todes, subtipo-lubricante",TRUE,Title,Default Title,,,,,1421159,0,shopify,41,deny,manual,17.19,,TRUE,TRUE,5600298351010,https://sexshoplorena.com/wp-content/uploads/2025/07/1421159.jpg,1,Lube Tube Anal Sensitive,FALSE,Lube Tube Anal Sensitive,Lube Tube Anal Sensitive es un lubricante híbrido compuesto por base de agua y silicona especialmente indicado para el ... Paquete discreto en 24 h,,,adult,1421159,new,FALSE,https://sexshoplorena.com/wp-content/uploads/2025/07/1421159.jpg,g,,,active
lube-tube-cannabis-100ml,Lube Tube Cannabis - 100ml,"Un gel íntimo con aceite de cannabis sativa, aroma y sabor original a cannabis. Lube Tube Cannabis Intimate Gel  está formulado  con base de agua e ingredientes orgánicos de máxima calidad. Su textura es ultra deslizante, no es pegajoso e incorpora el sabor y aroma original del cannabis.El aceite de semilla de Cannabis Sativa, ofrece todos los beneficios de Cannabis para la piel, ayudando a hidratar mientras previene las erupciones cutáneas y las lesiones.Atrévete a disfrutar del Gel íntimo Cannabis Lube Tube.En envase de 100 ml.,\n<h4><strong>Ingredientes:</strong></h4>\nAqua, Sorbitol, Glycerin, Hydroxyethylcellulose, PEG-40 Hydrogenated Castor Oil, Propylene Glycol, Citrid Acid, Sodium Benzoate, Potassium Sorbate, Sodium Saccharin, Parfum, Benzyl Benzoate, Disodium Phosphate, Polysorbate 60, Cannabis Sativa  Seed Oil, Sodium Phosphate.,\n<h4><strong>Dimensiones:</strong></h4>\n162 mm x 61 mm x 39 mm,\n<p style=""text-align: left;""></p>",ORGIE,,Cosmética íntima,"vendor-orgie, novedad, showroom, cosmetica-intima, publico-parejas-todes, subtipo-gel-oral",TRUE,Title,Default Title,,,,,1421485,0,shopify,26,deny,manual,10.94,,TRUE,TRUE,5600298351485,https://sexshoplorena.com/wp-content/uploads/2025/07/1421485.jpg,1,Lube Tube Cannabis - 100ml,FALSE,Lube Tube Cannabis - 100ml,"Un gel íntimo con aceite de cannabis sativa, aroma y sabor original a cannabis. Lube Tube Cannabis Intimate Gel está ... Paquete discreto en 24 h",,,adult,1421485,new,FALSE,https://sexshoplorena.com/wp-content/uploads/2025/07/1421485.jpg,g,,,active
lube-tube-chocolate,Lube Tube Chocolate,"Lube Tube Chocolate es un lubricante compuesto a base de agua formulado con ingredientes de máxima calidad. Incorpora un sabor y aroma a chocolate delicioso.Su efecto es de larga duración, ayudando a aumentar el placer y la intimidad.Su textura es muy suave, no pegajosa y es ideal para el sexo oral, ayudando a despertar los sentidos. Puedes usar tanta cantidad como desees ya que es muy fácil de limpiar y lavar. Envase de 100 ml.,\n<h4><strong>Ingredientes:</strong></h4>\nAqua (Water), Sorbitol, Glycerin, \nHidroxyethylcellulose, Propylene Glycol, Peg-40 Hydrogentaed Castor Oil, Aroma (Flavour), Sodium Saccharin, Sodium Benzotae, Mentha Arvensis Leaf Oil, Menthol,L-Menthone, Limonene, Mentyl Acetate, Carvone, Pinene.,\n<h4><strong>Dimensiones:</strong></h4>\n163 mm x 60 mm x 40 mm,\n<p style=""text-align: left;""></p>",ORGIE,,Cosmética íntima,"vendor-orgie, novedad, showroom, cosmetica-intima, publico-parejas-todes, subtipo-lubricante",TRUE,Title,Default Title,,,,,1421128,0,shopify,10,deny,manual,9.69,,TRUE,TRUE,5600298351041,https://sexshoplorena.com/wp-content/uploads/2025/07/1421128.jpg,1,Lube Tube Chocolate,FALSE,Lube Tube Chocolate,Lube Tube Chocolate es un lubricante compuesto a base de agua formulado con ingredientes de máxima calidad. Incorpora ... Paquete discreto en 24 h,,,adult,1421128,new,FALSE,https://sexshoplorena.com/wp-content/uploads/2025/07/1421128.jpg,g,,,active
lube-tube-cocktail-caipirinha-100ml,LUBE TUBE COCKTAIL CAIPIRINHA 100ml,"Lube Tube Cocktail es un refrescante lubricante a base de agua con aroma y sabor a deliciosa Caipirinha, ideal para facilitar la fricción durante los juegos eróticos.Es un lubricante suave, de larga duración, no pegajoso y muy fácil de retirar. Con sabor a cóctel, pero sin alcohol, es totalmente besable, aportando así mayores opciones de juego durante las relaciones íntimas. Es totalmente apto para el uso con preservativos y juguetes eróticos.Viene en un cómodo y festivos envase de tubo de 100 ml.Características principales:? Lubricante a base de agua.? Aroma a cóctel de Caipirinha.? Suave.? Larga duración. ? No pegajoso.? Fácil de retirar.? Ideal para facilitar la penetración.? Besable, ideal para sexo oral.? Apto para preservativos y juguetes eróticos.? Gran opción de juego íntimo.? Envase de tubo de 100 ml.,\n<h4><strong>Ingredientes:</strong></h4>\nAQUA, SORBITOL, GLYCERIN, HYDROXYETHYLCELLULOSE, AROMA, PEG-40 HYDROGENATED CASTOR OIL, PROPYLENE GLYCOL, SODIUM BENZOATE, SODIUM SACCHARIN, LACTIC ACID, POTASSIUM SORBATE, DISODIUM PHOSPHATE, POLYSORBATE 60, SODIUM PHOSPHATE.,\n<h4><strong>Dimensiones:</strong></h4>\n161 mm x 53 mm x 30 mm,\n<p style=""text-align: left;""></p>",ORGIE,,Cosmética íntima,"vendor-orgie, novedad, cosmetica-intima, publico-parejas-todes, subtipo-lubricante",TRUE,Title,Default Title,,,,,1417144,120,shopify,22,deny,manual,13.69,,TRUE,TRUE,5600742917144,https://sexshoplorena.com/wp-content/uploads/2025/07/1417144.jpg,1,LUBE TUBE COCKTAIL CAIPIRINHA 100ml,FALSE,LUBE TUBE COCKTAIL CAIPIRINHA 100ml,"Lube Tube Cocktail es un refrescante lubricante a base de agua con aroma y sabor a deliciosa Caipirinha, ideal para ... Paquete discreto en 24 h",,,adult,1417144,new,FALSE,https://sexshoplorena.com/wp-content/uploads/2025/07/1417144.jpg,g,,,active
lube-tube-cocktail-caipirinha-100ml,,,,,,,,,,,,,,,,,,,,,,,,,https://sexshoplorena.com/wp-content/uploads/2025/07/1417144b.jpg,2,LUBE TUBE COCKTAIL CAIPIRINHA 100ml,,,,,,,,,,,,,,
lube-tube-cocktail-caipirinha-50ml,LUBE TUBE COCKTAIL CAIPIRINHA 50ml,"Lube Tube Cocktail es un refrescante lubricante a base de agua con aroma y sabor a deliciosa Caipirinha, ideal para facilitar la fricción durante los juegos eróticos.Es un lubricante suave, de larga duración, no pegajoso y muy fácil de retirar. Con sabor a cóctel, pero sin alcohol, es totalmente besable, aportando así mayores opciones de juego durante las relaciones íntimas. Es totalmente apto para el uso con preservativos y juguetes eróticos.Viene en un cómodo y festivos envase de tubo de 50 ml.Características principales:? Lubricante a base de agua.? Aroma a cóctel de Caipirinha.? Suave.? Larga duración. ? No pegajoso.? Fácil de retirar.? Ideal para facilitar la penetración.? Besable, ideal para sexo oral.? Apto para preservativos y juguetes eróticos.? Gran opción de juego íntimo.? Envase de tubo de 50 ml.,\n<h4><strong>Ingredientes:</strong></h4>\nAQUA, SORBITOL, GLYCERIN, HYDROXYETHYLCELLULOSE, AROMA, PEG-40 HYDROGENATED CASTOR OIL, PROPYLENE GLYCOL, SODIUM BENZOATE, SODIUM SACCHARIN, LACTIC ACID, POTASSIUM SORBATE, DISODIUM PHOSPHATE, POLYSORBATE 60, SODIUM PHOSPHATE.,\n<h4><strong>Dimensiones:</strong></h4>\n110 mm x 53 mm x 30 mm,\n<p style=""text-align: left;""></p>",ORGIE,,Cosmética íntima,"vendor-orgie, novedad, cosmetica-intima, publico-parejas-todes, subtipo-lubricante",TRUE,Title,Default Title,,,,,1417182,65,shopify,50,deny,manual,12.19,,TRUE,TRUE,5600742917182,https://sexshoplorena.com/wp-content/uploads/2025/07/1417182.jpg,1,LUBE TUBE COCKTAIL CAIPIRINHA 50ml,FALSE,LUBE TUBE COCKTAIL CAIPIRINHA 50ml,El sexshop lorena es una tienda para adultos con una amplia gama de juguetes eróticos. Envío 24 h y garantía de devolución - Paquete discreto,,,adult,1417182,new,FALSE,https://sexshoplorena.com/wp-content/uploads/2025/07/1417182.jpg,g,,,active
lube-tube-cocktail-caipirinha-50ml,,,,,,,,,,,,,,,,,,,,,,,,,https://sexshoplorena.com/wp-content/uploads/2025/07/1417182b.jpg,2,LUBE TUBE COCKTAIL CAIPIRINHA 50ml,,,,,,,,,,,,,,
lube-tube-cocktail-pi-a-colada-100ml,LUBE TUBE COCKTAIL PI?A COLADA 100ml,"Lube Tube Cocktail es un refrescante lubricante a base de agua con aroma y sabor a deliciosa Piña Colada, ideal para facilitar la fricción durante los juegos eróticos.Es un lubricante suave, de larga duración, no pegajoso y muy fácil de retirar. Con sabor a cóctel, pero sin alcohol, es totalmente besable, aportando así mayores opciones de juego durante las relaciones íntimas. Es totalmente apto para el uso con preservativos y juguetes eróticos.Viene en un cómodo y festivos envase de tubo de 100 ml.Características principales:? Lubricante a base de agua.? Aroma a cóctel de Piña Colada.? Suave.? Larga duración. ? No pegajoso.? Fácil de retirar.? Ideal para facilitar la penetración.? Besable, ideal para sexo oral.? Apto para preservativos y juguetes eróticos.? Gran opción de juego íntimo.? Envase de tubo de 100 ml.,\n<h4><strong>Ingredientes:</strong></h4>\nAQUA, SORBITOL, GLYCERIN, HYDROXYETHYLCELLULOSE, PARFUM, PEG-40 HYDROGENATED CASTOR OIL, PROPYLENE GLYCOL, SODIUM BENZOATE, SODIUM SACCHARIN, LACTIC ACID, POTASSIUM SORBATE, DISODIUM PHOSPHATE, POLYSORBATE 60, SODIUM PHOSPHATE.,\n<h4><strong>Dimensiones:</strong></h4>\n161 mm x 53 mm x 30 mm,\n<p style=""text-align: left;""></p>",ORGIE,,Cosmética íntima,"vendor-orgie, novedad, cosmetica-intima, publico-parejas-todes, subtipo-lubricante",TRUE,Title,Default Title,,,,,1417168,120,shopify,23,deny,manual,13.69,,TRUE,TRUE,5600742917168,https://sexshoplorena.com/wp-content/uploads/2025/07/1417168.jpg,1,LUBE TUBE COCKTAIL PI?A COLADA 100ml,FALSE,LUBE TUBE COCKTAIL PI?A COLADA 100ml,El sexshop lorena es una tienda para adultos con una amplia gama de juguetes eróticos. Envío 24 h y garantía de devolución - Paquete discreto,,,adult,1417168,new,FALSE,https://sexshoplorena.com/wp-content/uploads/2025/07/1417168.jpg,g,,,active
lube-tube-cocktail-pi-a-colada-100ml,,,,,,,,,,,,,,,,,,,,,,,,,https://sexshoplorena.com/wp-content/uploads/2025/07/1417168b.jpg,2,LUBE TUBE COCKTAIL PI?A COLADA 100ml,,,,,,,,,,,,,,
lube-tube-cocktail-pi-a-colada-50ml,LUBE TUBE COCKTAIL PI?A COLADA 50ml,"Lube Tube Cocktail es un refrescante lubricante a base de agua con aroma y sabor a deliciosa Piña Colada, ideal para facilitar la fricción durante los juegos eróticos.Es un lubricante suave, de larga duración, no pegajoso y muy fácil de retirar. Con sabor a cóctel, pero sin alcohol, es totalmente besable, aportando así mayores opciones de juego durante las relaciones íntimas. Es totalmente apto para el uso con preservativos y juguetes eróticos.Viene en un cómodo y festivos envase de tubo de 50 ml.Características principales:? Lubricante a base de agua.? Aroma a cóctel de Piña Colada.? Suave.? Larga duración. ? No pegajoso.? Fácil de retirar.? Ideal para facilitar la penetración.? Besable, ideal para sexo oral.? Apto para preservativos y juguetes eróticos.? Gran opción de juego íntimo.? Envase de tubo de 50 ml.,\n<h4><strong>Ingredientes:</strong></h4>\nAQUA, SORBITOL, GLYCERIN, HYDROXYETHYLCELLULOSE, PARFUM, PEG-40 HYDROGENATED CASTOR OIL, PROPYLENE GLYCOL, SODIUM BENZOATE, SODIUM SACCHARIN, LACTIC ACID, POTASSIUM SORBATE, DISODIUM PHOSPHATE, POLYSORBATE 60, SODIUM PHOSPHATE.,\n<h4><strong>Dimensiones:</strong></h4>\n110 mm x 53 mm x 30 mm,\n<p style=""text-align: left;""></p>",ORGIE,,Cosmética íntima,"vendor-orgie, novedad, cosmetica-intima, publico-parejas-todes, subtipo-lubricante",TRUE,Title,Default Title,,,,,1417199,65,shopify,50,deny,manual,12.19,,TRUE,TRUE,5600742917199,https://sexshoplorena.com/wp-content/uploads/2025/07/1417199.jpg,1,LUBE TUBE COCKTAIL PI?A COLADA 50ml,FALSE,LUBE TUBE COCKTAIL PI?A COLADA 50ml,El sexshop lorena es una tienda para adultos con una amplia gama de juguetes eróticos. Envío 24 h y garantía de devolución - Paquete discreto,,,adult,1417199,new,FALSE,https://sexshoplorena.com/wp-content/uploads/2025/07/1417199.jpg,g,,,active
lube-tube-cocktail-pi-a-colada-50ml,,,,,,,,,,,,,,,,,,,,,,,,,https://sexshoplorena.com/wp-content/uploads/2025/07/1417199b.jpg,2,LUBE TUBE COCKTAIL PI?A COLADA 50ml,,,,,,,,,,,,,,
lube-tube-cocktail-sex-on-the-beach-100ml,LUBE TUBE COCKTAIL SEX ON THE BEACH 100ml,"Lube Tube Cocktail es un refrescante lubricante a base de agua con aroma y sabor a delicioso Sex on the Beach, ideal para facilitar la fricción durante los juegos eróticos.Es un lubricante suave, de larga duración, no pegajoso y muy fácil de retirar. Con sabor a cóctel, pero sin alcohol, es totalmente besable, aportando así mayores opciones de juego durante las relaciones íntimas. Es totalmente apto para el uso con preservativos y juguetes eróticos.Viene en un cómodo y festivos envase de tubo de 100 ml.Características principales:? Lubricante a base de agua.? Aroma a cóctel de Sex on the Beach.? Suave.? Larga duración. ? No pegajoso.? Fácil de retirar.? Ideal para facilitar la penetración.? Besable, ideal para sexo oral.? Apto para preservativos y juguetes eróticos.? Gran opción de juego íntimo.? Envase de tubo de 100 ml.,\n<h4><strong>Ingredientes:</strong></h4>\nAQUA, SORBITOL, GLYCERIN, HYDROXYETHYLCELLULOSE, AROMA, PEG-40 HYDROGENATED CASTOR OIL, PROPYLENE GLYCOL, SODIUM BENZOATE, SODIUM SACCHARIN, LACTIC ACID, POTASSIUM SORBATE, LIMONENE, DISODIUM PHOSPHATE, POLYSORBATE 60, BENZYL ALCOHOL, SODIUM PHOSPHATE.,\n<h4><strong>Dimensiones:</strong></h4>\n161 mm x 53 mm x 30 mm,\n<p style=""text-align: left;""></p>",ORGIE,,Cosmética íntima,"vendor-orgie, novedad, cosmetica-intima, publico-parejas-todes, subtipo-lubricante",TRUE,Title,Default Title,,,,,1417175,120,shopify,23,deny,manual,13.69,,TRUE,TRUE,5600742917175,https://sexshoplorena.com/wp-content/uploads/2025/07/1417175.jpg,1,LUBE TUBE COCKTAIL SEX ON THE BEACH 100ml,FALSE,LUBE TUBE COCKTAIL SEX ON THE BEACH 100ml,"Lube Tube Cocktail es un refrescante lubricante a base de agua con aroma y sabor a delicioso Sex on the Beach, ideal ... Paquete discreto en 24 h",,,adult,1417175,new,FALSE,https://sexshoplorena.com/wp-content/uploads/2025/07/1417175.jpg,g,,,active
lube-tube-cocktail-sex-on-the-beach-100ml,,,,,,,,,,,,,,,,,,,,,,,,,https://sexshoplorena.com/wp-content/uploads/2025/07/1417175b.jpg,2,LUBE TUBE COCKTAIL SEX ON THE BEACH 100ml,,,,,,,,,,,,,,
lube-tube-cocktail-sex-on-the-beach-50ml,LUBE TUBE COCKTAIL SEX ON THE BEACH 50ml,"Lube Tube Cocktail es un refrescante lubricante a base de agua con aroma y sabor a deliciosa Sex on the Beach, ideal para facilitar la fricción durante los juegos eróticos.Es un lubricante suave, de larga duración, no pegajoso y muy fácil de retirar. Con sabor a cóctel, pero sin alcohol, es totalmente besable, aportando así mayores opciones de juego durante las relaciones íntimas. Es totalmente apto para el uso con preservativos y juguetes eróticos.Viene en un cómodo y festivos envase de tubo de 50 ml.Características principales:? Lubricante a base de agua.? Aroma a cóctel de Sex on the Beach.? Suave.? Larga duración. ? No pegajoso.? Fácil de retirar.? Ideal para facilitar la penetración.? Besable, ideal para sexo oral.? Apto para preservativos y juguetes eróticos.? Gran opción de juego íntimo.? Envase de tubo de 50 ml.,\n<h4><strong>Ingredientes:</strong></h4>\nAQUA, SORBITOL, GLYCERIN, HYDROXYETHYLCELLULOSE, AROMA, PEG-40 HYDROGENATED CASTOR OIL, PROPYLENE GLYCOL, SODIUM BENZOATE, SODIUM SACCHARIN, LACTIC ACID, POTASSIUM SORBATE, DISODIUM PHOSPHATE, POLYSORBATE 60, SODIUM PHOSPHATE.,\n<h4><strong>Dimensiones:</strong></h4>\n110 mm x 53 mm x 30 mm,\n<p style=""text-align: left;""></p>",ORGIE,,Cosmética íntima,"vendor-orgie, novedad, cosmetica-intima, publico-parejas-todes, subtipo-lubricante",TRUE,Title,Default Title,,,,,1417205,65,shopify,50,deny,manual,12.19,,TRUE,TRUE,5600742917205,https://sexshoplorena.com/wp-content/uploads/2025/07/1417205.jpg,1,LUBE TUBE COCKTAIL SEX ON THE BEACH 50ml,FALSE,LUBE TUBE COCKTAIL SEX ON THE BEACH 50ml,"Lube Tube Cocktail es un refrescante lubricante a base de agua con aroma y sabor a deliciosa Sex on the Beach, ideal ... Paquete discreto en 24 h",,,adult,1417205,new,FALSE,https://sexshoplorena.com/wp-content/uploads/2025/07/1417205.jpg,g,,,active
lube-tube-cocktail-sex-on-the-beach-50ml,,,,,,,,,,,,,,,,,,,,,,,,,https://sexshoplorena.com/wp-content/uploads/2025/07/1417205b.jpg,2,LUBE TUBE COCKTAIL SEX ON THE BEACH 50ml,,,,,,,,,,,,,,
lube-tube-cocktail-strawberry-mojito-100ml,LUBE TUBE COCKTAIL STRAWBERRY MOJITO 100ml,"Lube Tube Cocktail es un refrescante lubricante a base de agua con aroma y sabor a delicioso mojito de fresa, ideal para facilitar la fricción durante los juegos eróticos.Es un lubricante suave, de larga duración, no pegajoso y muy fácil de retirar. Con sabor a cóctel, pero sin alcohol, es totalmente besable, aportando así mayores opciones de juego durante las relaciones íntimas. Es totalmente apto para el uso con preservativos y juguetes eróticos.Viene en un cómodo y festivos envase de tubo de 100 ml.Características principales:? Lubricante a base de agua.? Aroma a cóctel de mojito de fresa.? Suave.? Larga duración. ? No pegajoso.? Fácil de retirar.? Ideal para facilitar la penetración.? Besable, ideal para sexo oral.? Apto para preservativos y juguetes eróticos.? Gran opción de juego íntimo.? Envase de tubo de 100 ml.,\n<h4><strong>Ingredientes:</strong></h4>\nAQUA, SORBITOL, GLYCERIN, HYDROXYETHYLCELLULOSE, AROMA, PEG-40 HYDROGENATED CASTOR OIL, PROPYLENE GLYCOL, SODIUM BENZOATE, SODIUM SACCHARIN, LACTIC ACID, POTASSIUM SORBATE, LIMONENE, DISODIUM PHOSPHATE, POLYSORBATE 60, BENZYL ALCOHOL, SODIUM PHOSPHATE.,\n<h4><strong>Dimensiones:</strong></h4>\n161 mm x 53 mm x 30 mm,\n<p style=""text-align: left;""></p>",ORGIE,,Cosmética íntima,"vendor-orgie, novedad, cosmetica-intima, publico-parejas-todes, subtipo-lubricante",TRUE,Title,Default Title,,,,,1417151,120,shopify,31,deny,manual,13.69,,TRUE,TRUE,5600742917151,https://sexshoplorena.com/wp-content/uploads/2025/07/1417151.jpg,1,LUBE TUBE COCKTAIL STRAWBERRY MOJITO 100ml,FALSE,LUBE TUBE COCKTAIL STRAWBERRY MOJITO 100ml,"Lube Tube Cocktail es un refrescante lubricante a base de agua con aroma y sabor a delicioso mojito de fresa, ideal ... Paquete discreto en 24 h",,,adult,1417151,new,FALSE,https://sexshoplorena.com/wp-content/uploads/2025/07/1417151.jpg,g,,,active
lube-tube-cocktail-strawberry-mojito-100ml,,,,,,,,,,,,,,,,,,,,,,,,,https://sexshoplorena.com/wp-content/uploads/2025/07/1417151b.jpg,2,LUBE TUBE COCKTAIL STRAWBERRY MOJITO 100ml,,,,,,,,,,,,,,
lube-tube-cocktail-strawberry-mojito-50ml,LUBE TUBE COCKTAIL STRAWBERRY MOJITO 50ml,"Lube Tube Cocktail es un refrescante lubricante a base de agua con aroma y sabor a delicioso mojito de fresa, ideal para facilitar la fricción durante los juegos eróticos.Es un lubricante suave, de larga duración, no pegajoso y muy fácil de retirar. Con sabor a cóctel, pero sin alcohol, es totalmente besable, aportando así mayores opciones de juego durante las relaciones íntimas. Es totalmente apto para el uso con preservativos y juguetes eróticos.Viene en un cómodo y festivos envase de tubo de 50 ml.Características principales:? Lubricante a base de agua.? Aroma a cóctel de mojito de fresa.? Suave.? Larga duración. ? No pegajoso.? Fácil de retirar.? Ideal para facilitar la penetración.? Besable, ideal para sexo oral.? Apto para preservativos y juguetes eróticos.? Gran opción de juego íntimo.? Envase de tubo de 50 ml.,\n<h4><strong>Ingredientes:</strong></h4>\nAQUA, SORBITOL, GLYCERIN, HYDROXYETHYLCELLULOSE, AROMA, PEG-40 HYDROGENATED CASTOR OIL, PROPYLENE GLYCOL, SODIUM BENZOATE, SODIUM SACCHARIN, LACTIC ACID, POTASSIUM SORBATE, LIMONENE, DISODIUM PHOSPHATE, POLYSORBATE 60, BENZYL ALCOHOL, SODIUM PHOSPHATE.,\n<h4><strong>Dimensiones:</strong></h4>\n110 mm x 53 mm x 30 mm,\n<p style=""text-align: left;""></p>",ORGIE,,Cosmética íntima,"vendor-orgie, novedad, cosmetica-intima, publico-parejas-todes, subtipo-lubricante",TRUE,Title,Default Title,,,,,1417212,65,shopify,50,deny,manual,12.19,,TRUE,TRUE,560074917212,https://sexshoplorena.com/wp-content/uploads/2025/07/1417212.jpg,1,LUBE TUBE COCKTAIL STRAWBERRY MOJITO 50ml,FALSE,LUBE TUBE COCKTAIL STRAWBERRY MOJITO 50ml,"Lube Tube Cocktail es un refrescante lubricante a base de agua con aroma y sabor a delicioso mojito de fresa, ideal ... Paquete discreto en 24 h",,,adult,1417212,new,FALSE,https://sexshoplorena.com/wp-content/uploads/2025/07/1417212.jpg,g,,,active
lube-tube-cocktail-strawberry-mojito-50ml,,,,,,,,,,,,,,,,,,,,,,,,,https://sexshoplorena.com/wp-content/uploads/2025/07/1417212b.jpg,2,LUBE TUBE COCKTAIL STRAWBERRY MOJITO 50ml,,,,,,,,,,,,,,
lube-tube-cool,Lube Tube Cool,"Lube Tube Cool es un lubricante a base de agua con efecto frío formulado con ingredientes de alta calidad,  proporciona una óptima sensación de hidratación y suavidad aumentando los momentos de placer.Su estimulante efecto refrescante al contacto hacen de él  el complemento perfecto para cualquier juguete.Gracias a su fórmula a base de agua, tiene una textura única, de tacto sedoso y natural, de agradable aplicación y fácil limpieza.Añade una nueva forma de encender las experiencias íntimas.Compatible con el uso de preservativos. Envase de 150 ml.,\n<h4><strong>Ingredientes:</strong></h4>\nAqua(Water), Glycerin, Propylene Glycol, \nHidroxyethylcellulose, Phenoxyethanol, Disodium EDTA, \nPeg-40 Hydrogenated Castor Oil, Ethylhexylglycerin, \nIsopentydiol, Menthyl PCA, Menthyl Lactate, Polyquatemium-7,Menthol, Vainilly Butyl Ether, Dipropylene Glycol.,\n<h4><strong>Dimensiones:</strong></h4>\n160 mm x 75 mm x 70 mm,\n<p style=""text-align: left;""></p>",ORGIE,,Cosmética íntima,"vendor-orgie, novedad, cosmetica-intima, publico-parejas-todes, subtipo-lubricante, efecto-frio",TRUE,Title,Default Title,,,,,1421074,0,shopify,31,deny,manual,10.94,,TRUE,TRUE,5600298351072,https://sexshoplorena.com/wp-content/uploads/2025/07/1421074.jpg,1,Lube Tube Cool,FALSE,Lube Tube Cool,"Lube Tube Cool es un lubricante a base de agua con efecto frío formulado con ingredientes de alta calidad, proporciona ... Paquete discreto en 24 h",,,adult,1421074,new,FALSE,https://sexshoplorena.com/wp-content/uploads/2025/07/1421074.jpg,g,,,active
lube-tube-cotton-candy,Lube Tube Cotton Candy,"Lube Tube Cotton Candy es un lubricante compuesto a base de agua formulado con ingredientes de máxima calidad. Incorpora un sabor y aroma a algodón de azúcar delicioso.Su efecto es de larga duración, ayudando a aumentar el placer y la intimidad.Su textura es muy suave, no pegajosa y es ideal para el sexo oral, ayudando a despertar los sentidos. Puedes usar tanta cantidad como desees ya que es muy fácil de limpiar y lavar. Envase de 100 ml.,\n<h4><strong>Ingredientes:</strong></h4>\nAqua (Water), Sorbitol, Glycerin, \nHidroxyethylcellulose, Peg-40 ,Hydrogentaed Castor Oil,\nPropylene Glycol, Aroma (Flavour), Sodium Benzotae,\nSodium Saccharin, Limonene, Eugenol,Citral, Linalool, Geraniol.,\n<h4><strong>Dimensiones:</strong></h4>\n163 mm x 60 mm x 40 mm,\n<p style=""text-align: left;""></p>",ORGIE,,Cosmética íntima,"vendor-orgie, novedad, showroom, cosmetica-intima, publico-parejas-todes, subtipo-lubricante",TRUE,Title,Default Title,,,,,1421135,0,shopify,12,deny,manual,9.69,,TRUE,TRUE,5600298351058,https://sexshoplorena.com/wp-content/uploads/2025/07/1421135.jpg,1,Lube Tube Cotton Candy,FALSE,Lube Tube Cotton Candy,Lube Tube Cotton Candy es un lubricante compuesto a base de agua formulado con ingredientes de máxima calidad. ... Paquete discreto en 24 h,,,adult,1421135,new,FALSE,https://sexshoplorena.com/wp-content/uploads/2025/07/1421135.jpg,g,,,active
lube-tube-hot,Lube Tube Hot,"Lube Tube Hot es un lubricante a base de agua con efecto calor, formulado con ingredientes de alta calidad,  proporciona una óptima sensación de hidratación y suavidad aumentando los momentos de placer.Su estimulante efecto de calor al contacto hacen de él  el complemento perfecto para cualquier juguete. Gracias a su fórmula a base de agua, tiene una textura única, de tacto sedoso y natural, de agradable aplicación y fácil limpieza. Añade una nueva forma de encender las experiencias íntimas.Compatible con el uso de preservativos. Envase de 150 ml.,\n<h4><strong>Ingredientes:</strong></h4>\nAqua(Water), Glycerin, Propylene Glycol, \nHidroxyethylcellulose, Phenoxyethanol, Disodium EDTA, \nPeg-40 Hydrogenated Castor Oil, Ethylhexylglycerin, Vainilly Butyl Ether, Isopentydiol, Menthyl Lactate.,\n<h4><strong>Dimensiones:</strong></h4>\n160 mm x 75 mm x 70 mm,\n<p style=""text-align: left;""></p>",ORGIE,,Cosmética íntima,"vendor-orgie, novedad, cosmetica-intima, publico-parejas-todes, subtipo-lubricante, efecto-calor",TRUE,Title,Default Title,,,,,1421067,0,shopify,2,deny,manual,10.94,,TRUE,TRUE,5600298351065,https://sexshoplorena.com/wp-content/uploads/2025/07/1421067.jpg,1,Lube Tube Hot,FALSE,Lube Tube Hot,"Lube Tube Hot es un lubricante a base de agua con efecto calor, formulado con ingredientes de alta calidad, ... Paquete discreto en 24 h",,,adult,1421067,new,FALSE,https://sexshoplorena.com/wp-content/uploads/2025/07/1421067.jpg,g,,,active
lube-tube-nature,Lube Tube Nature,"Lube Tube Nature es un lubricante a base de agua formulado con ingredientes naturales de máxima calidad. Su textura es muy suave y mejora de forma natural la humedad genital ayudando a enriquecer las relaciones sexuales. Es inodoro, de base vegetal y contiene principios activos naturales. Su fórmula es de larga duración, ayudando a aumentar el placer y la intimidad,  tanto para hombres como para mujeres. Contiene Alginato de Sodio que estimula la regeneración de la piel. Es compatible con el uso de preservativos.Envase de 150 ml.,\n<h4><strong>Ingredientes:</strong></h4>\nGlycerin, Aqua (Water), Algin, Phenoxyethanol, Propylene Gycol, Ethylhexylglycerin.,\n<h4><strong>Dimensiones:</strong></h4>\n160 mm x 75 mm x 70 mm,\n<p style=""text-align: left;""></p>",ORGIE,,Cosmética íntima,"vendor-orgie, novedad, cosmetica-intima, publico-parejas-todes, subtipo-lubricante",TRUE,Title,Default Title,,,,,1421081,0,shopify,36,deny,manual,9.69,,TRUE,TRUE,5600298351096,https://sexshoplorena.com/wp-content/uploads/2025/07/1421081.jpg,1,Lube Tube Nature,FALSE,Lube Tube Nature,Lube Tube Nature es un lubricante a base de agua formulado con ingredientes naturales de máxima calidad. Su textura es ... Paquete discreto en 24 h,,,adult,1421081,new,FALSE,https://sexshoplorena.com/wp-content/uploads/2025/07/1421081.jpg,g,,,active
lube-tube-strawberry,Lube Tube Strawberry,"Lube Tube Strawberry es un lubricante compuesto a base de agua formulado con ingredientes de máxima calidad. Incorpora un sabor y aroma a fresa delicioso. Su efecto es de larga duración, ayudando a aumentar el placer y la intimidad. Su textura es muy suave, no pegajosa y es ideal para el sexo oral, ayudando a despertar los sentidos. Puedes usar tanta cantidad como desees ya que es muy fácil de limpiar y lavar.  Envase de 100 ml.,\n<h4><strong>Ingredientes:</strong></h4>\nAqua (Water), Sorbitol, Glycerin, \nHidroxyethylcellulose, Propylene Glycol, Peg-40 Hydrogentaed Castor Oil, Aroma (Flavour), Sodium Benzotae, Sodium Saccharin, Benzyl Cinnamate, Citral.,\n<h4><strong>Dimensiones:</strong></h4>\n163 mm x 60 mm x 40 mm,\n<p style=""text-align: left;""></p>",ORGIE,,Cosmética íntima,"vendor-orgie, novedad, cosmetica-intima, publico-parejas-todes, subtipo-lubricante",TRUE,Title,Default Title,,,,,1421104,0,shopify,37,deny,manual,9.69,,TRUE,TRUE,5600298351027,https://sexshoplorena.com/wp-content/uploads/2025/07/1421104.jpg,1,Lube Tube Strawberry,FALSE,Lube Tube Strawberry,Lube Tube Strawberry es un lubricante compuesto a base de agua formulado con ingredientes de máxima calidad. Incorpora ... Paquete discreto en 24 h,,,adult,1421104,new,FALSE,https://sexshoplorena.com/wp-content/uploads/2025/07/1421104.jpg,g,,,active
lube-tube-vibe-pi-a-colada-100ml,LUBE TUBE VIBE PI?A COLADA  100ml,"Gel íntimo besable con efecto vibración.Este gel, con un innovador efecto vibración de nivel 2, ofrece una experiencia única e intensa. Gracias a sus componentes especiales, genera sensaciones de hormigueo placenteras, mientras que su delicioso sabor potencia el disfrute. A base de agua, no es pegajoso y se adapta perfectamente a tus necesidades, proporcionando una duración prolongada para que disfrutes al máximo de la experiencia.Características principales:? Gel íntimo.? Saborizado.? Besable.? Efecto: vibración y hormigueo.? Nivel de vibración: 2.? Base de agua.? No pegajoso.? Duración: prolongada.,\n<h4><strong>Ingredientes:</strong></h4>\nAQUA, SORBITOL, GLYCERIN, PROPYLENE GLYCOL, HYDROXYETHYLCELLULOSE, PEG-40, HYDROGENATED CASTOR OIL, AROMA, SUCRALOSE, SODIUM BENZOATE, BENZYL ALCOHOL, LACTIC ACID, POTASSIUM SORBATE, ACMELLA OLERACEA EXTRACT, LIMONENE, DISODIUM PHOSPHATE, POLYSORBATE 60, SODIUM PHOSPHATE.,\n<h4><strong>Dimensiones:</strong></h4>\n160 mm X  33 mm Ø,\n<p style=""text-align: left;""></p>",ORGIE,,Cosmética íntima,"vendor-orgie, novedad, cosmetica-intima, publico-parejas-todes, subtipo-gel-oral",TRUE,Title,Default Title,,,,,1417533,118,shopify,26,deny,manual,17.44,,TRUE,TRUE,5600742917533,https://sexshoplorena.com/wp-content/uploads/2025/07/1417533.jpg,1,LUBE TUBE VIBE PI?A COLADA  100ml,FALSE,LUBE TUBE VIBE PI?A COLADA  100ml,"Gel íntimo besable con efecto vibración. Este gel, con un innovador efecto vibración de nivel 2, ofrece una ... Paquete discreto en 24 h",,,adult,1417533,new,FALSE,https://sexshoplorena.com/wp-content/uploads/2025/07/1417533.jpg,g,,,active
lube-tube-vibe-sex-on-the-beach-100ml,LUBE TUBE VIBE SEX ON THE BEACH  100ml,"Gel íntimo besable con efecto vibración.Este gel, con un innovador efecto vibración de nivel 1 , ofrece una experiencia única e intensa. Gracias a sus componentes especiales, genera sensaciones de hormigueo placenteras, mientras que su delicioso sabor potencia el disfrute. A base de agua, no es pegajoso y se adapta perfectamente a tus necesidades, proporcionando una duración prolongada para que disfrutes al máximo de la experiencia.Características principales:? Gel íntimo.? Saborizado.? Besable.? Efecto: vibración y hormigueo.? Nivel de vibración: 1.? Base de agua.? No pegajoso.? Duración: prolongada.,\n<h4><strong>Ingredientes:</strong></h4>\nAQUA, SORBITOL, GLICERINA, PROPILENGLICOL, HIDROXIETILCELULOSA, PEG-40, ACEITE DE RICINO HIDROGENADO, AROMA, SUCRALOSA, BENZOATO DE SODIO, ÁCIDO LÁCTICO, SORBATO DE POTASIO, ALCOHOL BENCÍLICO, EXTRACTO DE ACMELLA OLERACEA, LIMONENO, FOSFATO DISÓDICO, POLISORBATO 60, FOSFATO DE SODIO.,\n<h4><strong>Dimensiones:</strong></h4>\n160 mm X 33 mm Ø,\n<p style=""text-align: left;""></p>",ORGIE,,Cosmética íntima,"vendor-orgie, novedad, cosmetica-intima, publico-parejas-todes, subtipo-gel-oral, efecto-frio",TRUE,Title,Default Title,,,,,1417526,119,shopify,25,deny,manual,17.44,,TRUE,TRUE,5600742917526,https://sexshoplorena.com/wp-content/uploads/2025/07/1417526.jpg,1,LUBE TUBE VIBE SEX ON THE BEACH  100ml,FALSE,LUBE TUBE VIBE SEX ON THE BEACH  100ml,"Gel íntimo besable con efecto vibración. Este gel, con un innovador efecto vibración de nivel 1 , ofrece una ... Paquete discreto en 24 h",,,adult,1417526,new,FALSE,https://sexshoplorena.com/wp-content/uploads/2025/07/1417526.jpg,g,,,active
lube-tube-xtra-lubrication,Lube Tube Xtra Lubrication,"Lube Tube Xtra Lubrication es un lubricante a base de agua, inodoro y con un extra de duración.Su fórmula contiene ingredientes naturales de gran calidad que ayudan a aumentar el placer y la intimidad.De larga duración, no es pegajoso y resulta muy fácil de limpiar.Compatible con el uso de juguetes sexuales y preservativos.Envase de 150 ml.,\n<h4><strong>Ingredientes:</strong></h4>\nGlycerin, Aqua (Water), Propylene Gycol\nHydroxyethylcellulose, Sorbitol, Phenoxythanol, Disodium EDTA, Ethylhexylglycerin.,\n<h4><strong>Dimensiones:</strong></h4>\n160 mm x 75 mm x 70 mm,\n<p style=""text-align: left;""></p>",ORGIE,,Cosmética íntima,"vendor-orgie, novedad, showroom, cosmetica-intima, publico-parejas-todes, subtipo-lubricante",TRUE,Title,Default Title,,,,,1421098,0,shopify,35,deny,manual,9.69,,TRUE,TRUE,5600298351089,https://sexshoplorena.com/wp-content/uploads/2025/07/1421098.jpg,1,Lube Tube Xtra Lubrication,FALSE,Lube Tube Xtra Lubrication,"Lube Tube Xtra Lubrication es un lubricante a base de agua, inodoro y con un extra de duración. Su fórmula contiene ... Paquete discreto en 24 h",,,adult,1421098,new,FALSE,https://sexshoplorena.com/wp-content/uploads/2025/07/1421098.jpg,g,,,active
noriplay-energizing-nuru-massage-gel,Noriplay - Energizing Nuru Massage Gel,"Noriplay Energizing  Nuru Massage Gel es un gel de masaje erótico ultra deslizante para masaje nuru.Su fórmula específica contiene ingredientes de gran calidad entre ellos el extracto de algas marinas, cuyos minerales dejan la piel muy suave y sedosa y está  enriquecido con extractos de gingko biloba y ginseng para masajes energizantes y estimulantes.El secreto del famoso masaje japonés es utilizar el propio cuerpo como instrumento de masaje.El gel de masaje Noriplay ofrece una textura única, súper deslizante e ideal para masajes cuerpo a cuerpo, relajantes o atrevidos.Envase de 500 ml.,\n<h4><strong>Ingredientes:</strong></h4>\nAqua, Glycerin, Polysorbate 20, Phenoxyethanol,\nPropylene Glycol, PEG-90M, Eugenia Caryophyllus Flower Oil, Eugenol, Disodium EDTA, Ethylhexyglycerine, Butylene Glycol, \nSilica, Ginko Bilboa Leaf Extract, BHT, Sodium Metabisukfite.,\n<h4><strong>Dimensiones:</strong></h4>\n185 mm x 101 mm x 92 mm,\n<p style=""text-align: left;""></p>",ORGIE,,Cosmética íntima,"vendor-orgie, novedad, cosmetica-intima, publico-parejas-todes, subtipo-gel-efecto",TRUE,Title,Default Title,,,,,1421296,0,shopify,0,deny,manual,36.56,,TRUE,TRUE,5600298351331,https://sexshoplorena.com/wp-content/uploads/2025/07/1421296.jpg,1,Noriplay - Energizing Nuru Massage Gel,FALSE,Noriplay - Energizing Nuru Massage Gel,Noriplay Energizing Nuru Massage Gel es un gel de masaje erótico ultra deslizante para masaje nuru. Su fórmula ... Paquete discreto en 24 h,,,adult,1421296,new,FALSE,https://sexshoplorena.com/wp-content/uploads/2025/07/1421296.jpg,g,,,active
noriplay-energizing-nuru-massage-gel,,,,,,,,,,,,,,,,,,,,,,,,,https://sexshoplorena.com/wp-content/uploads/2025/07/1421296b.jpg,2,Noriplay - Energizing Nuru Massage Gel,,,,,,,,,,,,,,
noriplay-nuru-massage-gel,Noriplay - Nuru Massage Gel,"Noriplay Nuru Massage Gel es un gel de masaje erótico ultra deslizante para masaje nuru.Su fórmula específica contiene ingredientes de gran calidad entre ellos el extracto de algas marinas, cuyos minerales dejan la piel muy suave y sedosa. El secreto del famoso masaje japonés es utilizar el propio cuerpo como instrumento de masaje.El gel de masaje Noriplay ofrece una textura única, súper deslizante e ideal para masajes cuerpo a cuerpo, relajantes o atrevidos.Envase de 500 ml.,\n<h4><strong>Ingredientes:</strong></h4>\nAqua, Glycerin, Propylene Glycol, Phenoxyethanol, PEG-90M, Disodium EDTA,  Ethylhexyglycerine, Fucus Vesiculosus Extract, Lavandula Angustifolia Flower Extract, Silica, Sodium Benzoate, BHT.,\n<h4><strong>Dimensiones:</strong></h4>\n185 mm x 101 mm x 92 mm,\n<p style=""text-align: left;""></p>",ORGIE,,Cosmética íntima,"vendor-orgie, novedad, cosmetica-intima, publico-parejas-todes",TRUE,Title,Default Title,,,,,1421289,0,shopify,0,deny,manual,35.94,,TRUE,TRUE,5600298351324,https://sexshoplorena.com/wp-content/uploads/2025/07/1421289.jpg,1,Noriplay - Nuru Massage Gel,FALSE,Noriplay - Nuru Massage Gel,Noriplay Nuru Massage Gel es un gel de masaje erótico ultra deslizante para masaje nuru. Su fórmula específica ... Paquete discreto en 24 h,,,adult,1421289,new,FALSE,https://sexshoplorena.com/wp-content/uploads/2025/07/1421289.jpg,g,,,active
noriplay-nuru-massage-gel,,,,,,,,,,,,,,,,,,,,,,,,,https://sexshoplorena.com/wp-content/uploads/2025/07/1421289b.jpg,2,Noriplay - Nuru Massage Gel,,,,,,,,,,,,,,
orgasm-drops-clitoral-arousal,Orgasm Drops Clitoral Arousal,"Orgasm Drops Clitoral Arousal es un gel íntimo creado para estimular el clítoris,  aumenta la sensibilidad y la emoción durante el juego sexual.Su fórmula específica permite su uso durante la penetración y masturbación proporcionando increíbles sensaciones para ambos. Modo de usoSe recomienda comenzar con una cantidad mínima y, después de evaluar la sensibilidad a los efectos, aumentar o disminuir la dosis según la sensibilidad.Orgie  aúna el placer con el respeto por el medio ambiente y la conciencia ecológica.Envase de 30 ml.,\n<h4><strong>Ingredientes:</strong></h4>\nGlyderin, Aqua, Propylene Glycol, Phenoxyethanol, Eugenia caryophyllus Flower Oil, Eugenol,  Mentha Arvensis Leaf Oil, Sodium Saccharin, Aroma, Ethyhexylglycerin, Limonene.,\n<h4><strong>Dimensiones:</strong></h4>\n112 mm x 37 mm x 37 mm,\n<p style=""text-align: left;""></p>",ORGIE,,Cosmética íntima,"vendor-orgie, novedad, cosmetica-intima, publico-parejas-todes, subtipo-gel-oral",TRUE,Title,Default Title,,,,,1421357,0,shopify,50,deny,manual,17.44,,TRUE,TRUE,5600298351157,https://sexshoplorena.com/wp-content/uploads/2025/07/1421357.jpg,1,Orgasm Drops Clitoral Arousal,FALSE,Orgasm Drops Clitoral Arousal,"Orgasm Drops Clitoral Arousal es un gel íntimo creado para estimular el clítoris, aumenta la sensibilidad y la emoción ... Paquete discreto en 24 h",,,adult,1421357,new,FALSE,https://sexshoplorena.com/wp-content/uploads/2025/07/1421357.jpg,g,,,active
orgasm-drops-clitoral-arousal,,,,,,,,,,,,,,,,,,,,,,,,,https://sexshoplorena.com/wp-content/uploads/2025/07/1421357b.jpg,2,Orgasm Drops Clitoral Arousal,,,,,,,,,,,,,,
orgasm-drops-intense,ORGASM DROPS INTENSE,"Orgasm Drops Intense es un gel íntimo besable estimulante diseñado exclusivamente para la estimulación intensa del clítoris.Basta con un par o tres de gotas para aumentar la sensibilidad y crear un efecto hormigueo mezclado con un intenso efecto calor. Incrementa la sensibilidad de la vulva y el clítoris, aportando una excitación extrema para combinarlo con un orgasmo más explosivo. Además, ayuda a lubricar de manera natural y facilitar las relaciones sexuales. Añade rico sabor dulce y meloso de manzana roja, aumentando así las posibilidades de uso durante los juegos sensuales.Viene en un cómodo envase de 30 ml en formato gotero.Características principales:? Gel estimulante para el clítoris.? Aumenta la sensibilidad.? Efecto hormigueo y calor.? Sensibiliza intensamente la zona íntima.? Besable, aroma a dulce manzana roja.? Ayuda a lubricar.? Aplicar una dos o tres gotas.? Envase en formato gotero de 30 ml.,\n<h4><strong>Ingredientes:</strong></h4>\nGLYCERIN, POLYSORBATE 20, PROPYLENE GLYCOL, PHENOXYETHANOL, AQUA, MENTHA ARVENSIS LEAF OIL, SUCRALOSE, EUGENIA CARYOPHYLLUS FLOWER OIL, EUGENOL, ETHYLHEXYLGLYCERIN, AROMA, LIMONENE, TOCOPHEROL.,\n<h4></h4>\n,\n<p style=""text-align: left;""></p>",ORGIE,,Cosmética íntima,"vendor-orgie, novedad, showroom, cosmetica-intima, publico-parejas-todes, subtipo-gel-efecto, efecto-calor",TRUE,Title,Default Title,,,,,1451966,0,shopify,0,deny,manual,19.06,,TRUE,TRUE,5600298351966,https://sexshoplorena.com/wp-content/uploads/2025/07/1451966.jpg,1,ORGASM DROPS INTENSE,FALSE,ORGASM DROPS INTENSE,Orgasm Drops Intense es un gel íntimo besable estimulante diseñado exclusivamente para la estimulación intensa del ... Paquete discreto en 24 h,,,adult,1451966,new,FALSE,https://sexshoplorena.com/wp-content/uploads/2025/07/1451966.jpg,g,,,active
orgasm-drops-intense,,,,,,,,,,,,,,,,,,,,,,,,,https://sexshoplorena.com/wp-content/uploads/2025/07/1451966b.jpg,2,ORGASM DROPS INTENSE,,,,,,,,,,,,,,
orgasm-drops-intense,,,,,,,,,,,,,,,,,,,,,,,,,https://sexshoplorena.com/wp-content/uploads/2025/07/1451966c.jpg,3,ORGASM DROPS INTENSE,,,,,,,,,,,,,,
orgasm-drops-kissable-30-ml,Orgasm Drops Kissable - 30 ml,"Un gel íntimo creado para estimular el clítoris , aumenta la sensibilidad y la emoción durante el juego sexual.Su fórmula específica permite su uso durante el sexo oral, proporcionando increíbles sensaciones para ambos. Modo de usoSe recomienda comenzar con una cantidad mínima y, después de evaluar la sensibilidad a los efectos, aumentar o disminuir la dosis según la sensibilidad.Orgie aúna el placer con el respeto por el medio ambiente y la conciencia ecológica.Envase de 30 ml.,\n<h4><strong>Ingredientes:</strong></h4>\nGlyderin, Aqua, Propylene Glycol, Phenoxyethanol, Eugenia caryophyllus Flower Oil, Eugenol,  Mentha Arvensis Leaf Oil, Sodium Saccharin, Aroma, Ethyhexylglycerin, Limonene.,\n<h4><strong>Dimensiones:</strong></h4>\n112 mm x 37 mm x 37 mm,\n<p style=""text-align: left;""></p>",ORGIE,,Cosmética íntima,"vendor-orgie, novedad, showroom, cosmetica-intima, publico-parejas-todes, subtipo-gel-oral",TRUE,Title,Default Title,,,,,1421416,0,shopify,22,deny,manual,17.44,,TRUE,TRUE,5600298351416,https://sexshoplorena.com/wp-content/uploads/2025/07/1421416.jpg,1,Orgasm Drops Kissable - 30 ml,FALSE,Orgasm Drops Kissable - 30 ml,"Un gel íntimo creado para estimular el clítoris , aumenta la sensibilidad y la emoción durante el juego sexual. Su ... Paquete discreto en 24 h",,,adult,1421416,new,FALSE,https://sexshoplorena.com/wp-content/uploads/2025/07/1421416.jpg,g,,,active
orgasm-drops-kissable-30-ml,,,,,,,,,,,,,,,,,,,,,,,,,https://sexshoplorena.com/wp-content/uploads/2025/07/1421416b.jpg,2,Orgasm Drops Kissable - 30 ml,,,,,,,,,,,,,,
orgasm-drops-vibe,ORGASM DROPS VIBE!,"Orgasm Drops Vibe es un gel estimulante diseñado exclusivamente para la estimulación del clítoris.     Basta con un par o tres de gotas para aumentar la sensibilidad y crear un efecto hormigueo mezclado con un agradable efecto frío seguido de un estimulante efecto calor. Además, ayuda a lubricar de manera natural y facilitar las relaciones sexuales. Viene en un cómodo envase de 15 ml en formato gotero.        Características principales:        Gel estimulante para el clítoris.    Aumenta la sensibilidad.    Efecto hormigueo.    Efecto frío seguido de un agradable efecto calor.    Aplicar una dos o tres gotas.    Envase en formato gotero de 15 ml.,\n<h4><strong>Ingredientes:</strong></h4>\nGlycerin, Propylene Glycol, Polysorbate 20, Aqua, Aroma, Sodium Benzoate, Spilanthes Acmella Flower Extract, Sucralose, Potassium Sorbate, Lactic Acid.,\n<h4><strong>Dimensiones:</strong></h4>\n90 mm x 28 mm Ø,\n<p style=""text-align: left;""></p>",ORGIE,,Cosmética íntima,"vendor-orgie, novedad, cosmetica-intima, publico-parejas-todes, subtipo-gel-efecto, efecto-calor",TRUE,Title,Default Title,,,,,1451652,58,shopify,9,deny,manual,17.44,,TRUE,TRUE,5600298351652,https://sexshoplorena.com/wp-content/uploads/2025/07/1451652.jpg,1,ORGASM DROPS VIBE!,FALSE,ORGASM DROPS VIBE!,Orgasm Drops Vibe es un gel estimulante diseñado exclusivamente para la estimulación del clítoris. Basta con un par ... Paquete discreto en 24 h,,,adult,1451652,new,FALSE,https://sexshoplorena.com/wp-content/uploads/2025/07/1451652.jpg,g,,,active
orgasm-drops-vibe,,,,,,,,,,,,,,,,,,,,,,,,,https://sexshoplorena.com/wp-content/uploads/2025/07/1451652b.jpg,2,ORGASM DROPS VIBE!,,,,,,,,,,,,,,
orgie-bio-aloe-vera-intimate-gel-100ml-pump,Orgie Bio Aloe Vera Intimate Gel 100ml Pump,"Orgie nos ofrece un lubricante muy natural con base de agua formulado con Aloe Vera, una planta medicinal con enormes poderes curativos. El Aloe Vera es el ingrediente principal de este gel íntimo con dos propiedades principales muy beneficiosas para la piel; su alto poder hidratante y su capacidad para tonificar.También proporciona alivio y curación sobre la piel afectada por micro lesiones causadas por el roce continuo. El Aloe Vera actúa junto con otros ingredientes naturales y orgánicos, todos ellos  libres de productos químicos.Aloe Vera Organic Intimate Gel proporciona una lubricación natural muy beneficiosa para el organismo, ayudando al restablecimiento de la piel y su sensibilidad. Se puede utilizar tanta cantidad como se desee, dependiendo del gusto por la humedad de la zona, a mayor humedad, mayor deslizamiento y suavidad durante el roce. Orgie Bio aúna el placer con el respeto por el medio ambiente y la conciencia ecológica.Envase de 100 ml con dosificador.,\n<h4><strong>Ingredientes:</strong></h4>\nAqua, Glycerin, Algin, Aloe Barbadensis Leaf Juice, Sodium Benzoate, Citric Acid, Potassium Sorbate.,\n<h4><strong>Dimensiones:</strong></h4>\n180 mm x 41 mm,\n<p style=""text-align: left;""></p>",ORGIE,,Cosmética íntima,"vendor-orgie, novedad, cosmetica-intima, publico-parejas-todes, subtipo-lubricante, efecto-frio",TRUE,Title,Default Title,,,,,1421539,0,shopify,18,deny,manual,13.13,,TRUE,TRUE,5600298351539,https://sexshoplorena.com/wp-content/uploads/2025/07/1421539.jpg,1,Orgie Bio Aloe Vera Intimate Gel 100ml Pump,FALSE,Orgie Bio Aloe Vera Intimate Gel 100ml Pump,"Orgie nos ofrece un lubricante muy natural con base de agua formulado con Aloe Vera, una planta medicinal con enormes ... Paquete discreto en 24 h",,,adult,1421539,new,FALSE,https://sexshoplorena.com/wp-content/uploads/2025/07/1421539.jpg,g,,,active
orgie-bio-chamomile-intimate-gel-100ml-pump,Orgie Bio Chamomile Intimate Gel 100ml Pump,"Un gel íntimo orgánico, sensual y energizante con extracto de manzanilla, Chamomile Organic Intimate Gel. La manzanilla posee propiedades muy beneficiosas y reconocidas para el cuidado de la piel, es antifúngica, antibacteriana y antiséptica. Su fórmula específica a base de agua actúa junto con otros ingredientes, todos ellos derivados de origen orgánico y sostenible, libres de productos químicos, para aportar una lubricación reparadora y beneficiosa para la piel. Orgie Bio une el placer, el respeto al medio ambiente y la conciencia ecológica.En envase dosificador de 100 ml.,\n<h4><strong>Ingredientes:</strong></h4>\nAqua, Glycerin, Sodium Benzoate, Citric Acid, Potassium Sorbate, Chamomilla Recutita Flower Extract, Sorbic Acid.,\n<h4><strong>Dimensiones:</strong></h4>\n180 mm x 41 mm,\n<p style=""text-align: left;""></p>",ORGIE,,Cosmética íntima,"vendor-orgie, novedad, cosmetica-intima, publico-parejas-todes, subtipo-lubricante",TRUE,Title,Default Title,,,,,1421522,0,shopify,31,deny,manual,13.13,,TRUE,TRUE,5600298351522,https://sexshoplorena.com/wp-content/uploads/2025/07/1421522.jpg,1,Orgie Bio Chamomile Intimate Gel 100ml Pump,FALSE,Orgie Bio Chamomile Intimate Gel 100ml Pump,"Un gel íntimo orgánico, sensual y energizante con extracto de manzanilla, Chamomile Organic Intimate Gel. La manzanilla ... Paquete discreto en 24 h",,,adult,1421522,new,FALSE,https://sexshoplorena.com/wp-content/uploads/2025/07/1421522.jpg,g,,,active
orgie-bio-grapefruit-organic-oil-100ml-disk-top,Orgie Bio Grapefruit Organic Oil 100ml Disk Top,"Un aceite de masaje sensual orgánico con fragancia natural de pomelo, Grape Fruit Organic Oil. Formulado con ingredientes naturales y veganos certificados. Orgie Bio Organic Oil Grapefruit contiene  ingredientes cultivados y extraídos de forma sostenible y sin productos químicos.Su fórmula contiene Helianthus Annuus (Girasol) y Prunus Amygdalus Dulcis (Almendra Dulce) dos excelentes aceites de masaje con efecto antioxidante que hidratan y protegen la piel.Con un aroma de pomelo natural suave y agradable, el aceite orgánico de pomelo Orgie Bio es la elección correcta para mejorar los momentos de intimidad y placer.En envase dosificador de 100 ml.,\n<h4><strong>Ingredientes:</strong></h4>\nHelianthus Annus Seed Oil, Prunus Amygdalus Dulcis Oil, Parfum, Limonene, Glycine Soja Oil, Citral, Tocopherol, Beta-sitosterol, Squalene.,\n<h4><strong>Dimensiones:</strong></h4>\n164 mm x 41 mm,\n<p style=""text-align: left;""></p>",ORGIE,,Cosmética íntima,"vendor-orgie, novedad, cosmetica-intima, publico-parejas-todes",TRUE,Title,Default Title,,,,,1421508,0,shopify,5,deny,manual,19.69,,TRUE,TRUE,5600298351508,https://sexshoplorena.com/wp-content/uploads/2025/07/1421508.jpg,1,Orgie Bio Grapefruit Organic Oil 100ml Disk Top,FALSE,Orgie Bio Grapefruit Organic Oil 100ml Disk Top,El sexshop lorena es una tienda para adultos con una amplia gama de juguetes eróticos. Envío 24 h y garantía de devolución - Paquete discreto,,,adult,1421508,new,FALSE,https://sexshoplorena.com/wp-content/uploads/2025/07/1421508.jpg,g,,,active
orgie-bio-rosemary-organic-oil-100ml-disk-top,Orgie Bio Rosemary Organic Oil 100ml Disk Top,"Un aceite de masaje elaborado con ingredientes orgánicos y naturales, con un delicioso aroma a romero natural. El aceite orgánico de romero Orgie Bio Rose Mary Organic Oil es la elección perfecta para los momentos de intimidad y placer.El romero es una planta medicinal conocida por sus efectos estimulantes, y es el ingrediente principal de este aceite de masaje. Rose Mary Organic Oil es energizante y excitante para el cuerpo y los sentidos, proporciona una estimulación muy intensa.Este aceite de masaje orgánico ha sido  elaborado con ingredientes naturales y veganos certificados, su fórmula contiene aceites cultivados y extraídos de forma sostenible y sin productos químicos añadidos.Rose Mary Organic Oil  contiene una base de Helianthus Annuus (Girasol), Prunus Amygdalus Dulcis (Almendra dulce) y Rosmarinus Officinalis (Romero), una combinación de tres excelentes aceites de masaje con efectos antioxidantes y estimulantes que protegen e hidratan la piel.Orgie Bio une el placer, el respeto al medio ambiente y la conciencia ecológica.En envase dosificador de 100 ml.,\n<h4><strong>Ingredientes:</strong></h4>\nHelianthus Annus Seed Oil, Prunus Amygdalus Dulcis Oil, Rosmarinus Officinalis Leaf Oil, Glycine Soja Oil, Limonene, Tocopherol, Linalool, Beta-sitosterol, Squalene.,\n<h4><strong>Dimensiones:</strong></h4>\n164 mm x 41 mm,\n<p style=""text-align: left;""></p>",ORGIE,,Cosmética íntima,"vendor-orgie, novedad, cosmetica-intima, publico-parejas-todes, subtipo-gel-efecto",TRUE,Title,Default Title,,,,,1421515,0,shopify,50,deny,manual,19.69,,TRUE,TRUE,5600298351515,https://sexshoplorena.com/wp-content/uploads/2025/07/1421515.jpg,1,Orgie Bio Rosemary Organic Oil 100ml Disk Top,FALSE,Orgie Bio Rosemary Organic Oil 100ml Disk Top,El sexshop lorena es una tienda para adultos con una amplia gama de juguetes eróticos. Envío 24 h y garantía de devolución - Paquete discreto,,,adult,1421515,new,FALSE,https://sexshoplorena.com/wp-content/uploads/2025/07/1421515.jpg,g,,,active
pearls-lust-massage,Pearls Lust Massage,"Pearls Lust Massage es un kit de masaje para parejas que incorpora un gel de silicona con activos de plantas del Amazonas, diseñado con una imagen muy sensual y de alta calidad, y un collar de perlas blancas.El set de masaje Pearl Lust se compone de:1- Gel de silicona premium de tacto sedoso, suave y resbaladizo.1- Collar de perlas ideal y perfecto para realizar masajes muy sensuales en la vagina y el pene, estimulando varios puntos de placer.1- Guía bien detallada del paso a paso del masaje.La palabra clave para describir este set de masaje es sensualidad!Ideal para hombres y mujeres que no tienen miedo de experimentar y probar cosas nuevas, diferentes.... y así poder cumplir sus fantasías sexuales. Ayudará a aumentar la intimidad en pareja y daros momentos únicos de deseo y placer. Exclusivo, Implicante y lujoso. Gel en envase de 30 ml.,\n<h4><strong>Ingredientes:</strong></h4>\nCyclopentasiloxane, C14-22 Alkane, Dimethicone/vinyl, Dimeticone Crosspolymer, Mentha Arvensis Leaf Oil, Limonene.,\n<h4><strong>Dimensiones:</strong></h4>\n153 mm x 92 mm x 38 mm,\n<p style=""text-align: left;""></p>",ORGIE,,Cosmética íntima,"vendor-orgie, novedad, cosmetica-intima, publico-parejas-todes",TRUE,Title,Default Title,,,,,1421241,0,shopify,35,deny,manual,43.44,,TRUE,TRUE,5600298351362,https://sexshoplorena.com/wp-content/uploads/2025/07/1421241.jpg,1,Pearls Lust Massage,FALSE,Pearls Lust Massage,El sexshop lorena es una tienda para adultos con una amplia gama de juguetes eróticos. Envío 24 h y garantía de devolución - Paquete discreto,,,adult,1421241,new,FALSE,https://sexshoplorena.com/wp-content/uploads/2025/07/1421241.jpg,g,,,active
pearls-lust-massage,,,,,,,,,,,,,,,,,,,,,,,,,https://sexshoplorena.com/wp-content/uploads/2025/07/1421241b.jpg,2,Pearls Lust Massage,,,,,,,,,,,,,,
semen-lube-water-based-intimate-gel,SEMEN LUBE Water-based Intimate Gel,"Semen Lube es un lubricante a base de agua con una fórmula muy especial que imita el semen, proporcionando una sensación de lubricación y fricción fiel.Es un gel íntimo suave y muy resbaladizo que imita la textura del semen, resultando ser lechoso, cremoso y espeso. Es inodoro, no pegajoso y muy fácil de retirar. Es totalmente apto para el uso con preservativos y juguetes eróticos. Viene en un práctico envase de 150 ml, con un dosificador anti goteo para aplicar la cantidad precisa y deseada.Características principales:? Lubricante a base de agua.? Fórmula muy especial que imita el semen.? Mejora las relaciones íntimas.? Sensación de lubricación fiel.? Compatible con preservativos de látex, juguetes eróticos y piel con piel.? Lubricación duradera.? Textura lechoso, cremoso y espeso.? Libre de fragancia.? No pegajoso.? Muy fácil de limpiar.? Cómodo envase con dosificador.? Envase de 150 ml.,\n<h4><strong>Ingredientes:</strong></h4>\nAQUA, PROPYLENE GLYCOL, GLYCERIN, HYDROXYETHYLCELLULOSE, SODIUM BENZOATE, LACTIC ACID, POTASSIUM SORBATE, STYRENE/ACRYLATES COPOLYMER, COCO-GLUCOSIDE, DISODIUM PHOSPHATE, POLYSORBATE 60, BENZOIC ACID, CITRIC ACID, SODIUM PHOSPHATE.,\n<h4><strong>Dimensiones:</strong></h4>\n154 mm x 40 mm Ø,\n<p style=""text-align: left;""></p>",ORGIE,,Cosmética íntima,"vendor-orgie, novedad, cosmetica-intima, publico-parejas-todes, subtipo-lubricante",TRUE,Title,Default Title,,,,,1417267,180,shopify,50,deny,manual,19.06,,TRUE,TRUE,5600742917267,https://sexshoplorena.com/wp-content/uploads/2025/07/1417267.jpg,1,SEMEN LUBE Water-based Intimate Gel,FALSE,SEMEN LUBE Water-based Intimate Gel,El sexshop lorena es una tienda para adultos con una amplia gama de juguetes eróticos. Envío 24 h y garantía de devolución - Paquete discreto,,,adult,1417267,new,FALSE,https://sexshoplorena.com/wp-content/uploads/2025/07/1417267.jpg,g,,,active
semen-lube-water-based-intimate-gel,,,,,,,,,,,,,,,,,,,,,,,,,https://sexshoplorena.com/wp-content/uploads/2025/07/1417267b.jpg,2,SEMEN LUBE Water-based Intimate Gel,,,,,,,,,,,,,,
sensfeel-for-man-10-ml,SENSFEEL FOR MAN 10 ML,"Elegante frasco de colonia de feromonas pensado para hombre en un formato más ligero de tamaño viaje. Está formulado con un ingrediente activo de base natural que aumenta el poder de atracción del hombre a través de la acción simultanea de dos componentes (Forskolina y Theaflavins) que favorecen la producción de la androstadienona, la feromona sexual masculina. La fragancia posee un aroma cítrico, exótica pimienta y un sutil aroma floral. Virilidad y atracción son sinónimos del perfume Sensfeel For Man. Aplicar en cuello y muñecas y su mayor efecto se encuentra a unos 30 minutos después de su aplicación. Aplicar tantas veces como se desee. Envase de vidrio con vaporizador de 10 ml.Características principales:Colonia de feromonas pensado para hombre.Formulado con un ingrediente activo natural.Favorece la producción de androstadienona.Aroma cítrico, exótica pimienta y floral.Aplicar en cuello y muñecas.Efecto pasados los 30 minutos.Aplicar tantas veces como se desee.Con vaporizador.Envase de vidrio con vaporizador.Envase muy ligero y cómodo de 10 ml.Diseño refinado y en formato viaje.,\n<h4><strong>Ingredientes:</strong></h4>\nAlcohol, Aqua, Parfum, Isopropyl Alcohol, Propanediol, Glycerin, Propylene Glycol, Sodium Lactate, Sodium PCA, Limonene, Citronellol, Linalool, Coleus Forskohlii Root Extract, Benzyl Benzoate, Camellia Sinensis Leaf Extract, Fructose, Glycine, Niacinamide, Urea, Sodium Benzoate, Inositol.,\n<h4><strong>Dimensiones:</strong></h4>\n110 mm x 20 mm Ø,\n<p style=""text-align: left;""></p>",ORGIE,,Cosmética íntima,"vendor-orgie, novedad, cosmetica-intima, publico-parejas-todes, subtipo-gel-oral",TRUE,Title,Default Title,,,,,1451959,25,shopify,14,deny,manual,17.44,,TRUE,TRUE,5600298351959,https://sexshoplorena.com/wp-content/uploads/2025/07/1451959.jpg,1,SENSFEEL FOR MAN 10 ML,FALSE,SENSFEEL FOR MAN 10 ML,El sexshop lorena es una tienda para adultos con una amplia gama de juguetes eróticos. Envío 24 h y garantía de devolución - Paquete discreto,,,adult,1451959,new,FALSE,https://sexshoplorena.com/wp-content/uploads/2025/07/1451959.jpg,g,,,active
sensfeel-for-man-pheromome-perfume,SENSFEEL FOR MAN PHEROMOME PERFUME,"Elegante frasco de perfume de feromonas pensado para hombre. Está formulado con un ingrediente activo de base natural que aumenta el poder de atracción del hombre a través de la acción simultanea de dos componentes (Forskolina y Theaflavins) que favorecen la producción de la androstadienona, la feromona sexual masculina. La fragancia posee un aroma cítrico, exótica pimienta y un sutil aroma floral. Virilidad y atracción son sinónimos del perfume Sensfeel For Man. Aplicar en cuello y muñecas y su mayor efecto se encuentra a unos 30 minutos después de su aplicación. Aplicar tantas veces como se desee. Envase de vidrio con vaporizador de 50 ml.Características principales:Perfume de feromonas pensado para hombre.Formulado con un ingrediente activo natural.Favorece la producción de androstadienona.Aroma cítrico, exótica pimienta y floral.Aplicar en cuello y muñecas.Efecto pasados los 30 minutos.Aplicar tantas veces como se desee.Con vaporizador.Envase de vidrio de 50 ml.,\n<h4><strong>Ingredientes:</strong></h4>\nAlcohol, Aqua, Parfum, Isopropyl Alcohol, Propanediol, Glycerin, Propylene Glycol, Sodium Lactate, Sodium PCA, Limonene, Citronellol, Linalool, Coleus Forskohlii Root Extract, Benzyl Benzoate, Camellia Sinensis, Leaf Extract, Fructose, Glycine, Niacinamide, Urea, SodiumBenzoate, Inositol.,\n<h4><strong>Dimensiones:</strong></h4>\n,\n<p style=""text-align: left;""></p>",ORGIE,,Cosmética íntima,"vendor-orgie, novedad, cosmetica-intima, publico-parejas-todes, subtipo-gel-oral",TRUE,Title,Default Title,,,,,1451744,0,shopify,9,deny,manual,43.13,,TRUE,TRUE,5600298351744,https://sexshoplorena.com/wp-content/uploads/2025/07/1451744.jpg,1,SENSFEEL FOR MAN PHEROMOME PERFUME,FALSE,SENSFEEL FOR MAN PHEROMOME PERFUME,El sexshop lorena es una tienda para adultos con una amplia gama de juguetes eróticos. Envío 24 h y garantía de devolución - Paquete discreto,,,adult,1451744,new,FALSE,https://sexshoplorena.com/wp-content/uploads/2025/07/1451744.jpg,g,,,active
sensfeel-for-man-pheromome-perfume,,,,,,,,,,,,,,,,,,,,,,,,,https://sexshoplorena.com/wp-content/uploads/2025/07/1451744b.jpg,2,SENSFEEL FOR MAN PHEROMOME PERFUME,,,,,,,,,,,,,,
sensfeel-for-woman-10-ml,SENSFEEL FOR WOMAN 10 ML,"Elegante frasco de colonia de feromonas pensado para mujer en un formato más ligero de tamaño viaje. Está formulado con un ingrediente activo de base natural que aumenta el atractivo físico de la mujer a través de la interacción de dos componentes (Jazmín Blanco y Algarrobo) que imitan la copulina, la feromona sexual femenina. La fragancia posee un aroma afrutado y floral. Pasión y afrodisíaco son sinónimos del perfume Sensfeel For Woman. Aplicar en cuello y muñecas y su mayor efecto se encuentra a unos 30 minutos después de su aplicación. Aplicar tantas veces como se desee. Envase de vidrio con vaporizador de 10 ml.Características principales:Colonia de feromonas pensado para mujer.Formulado con un ingrediente activo natural.Imita la copulina (feromona sexual femenina).Aroma afrutado y floral.Aplicar en cuello y muñecas.Efecto pasados los 30 minutos.Aplicar tantas veces como se desee.Envase de vidrio con vaporizador.Envase muy ligero y cómodo de 10 ml.Diseño refinado y en formato viaje.,\n<h4><strong>Ingredientes:</strong></h4>\nAqua, Alcohol, Parfum, Propanediol, Isopropyl Alcohol, Glycerin, Propylene Glycol, Sodium Lactate, Sodium PCA, Limonene, Hexyl Cinnamal, Linaool, Benzyl Salicylate, Alpha-isomethyl Ionone, Coumarin, Ceratonia Siliqua Fruit Extract, Jasminum Officinale Flower Extract, Citronellol, Phenethyl Alcohol, Citral, Caprylyl Glycol, Hydroxycitronellal, Fructose, Glycine, Niacinamide, Urea, Sodium Benzoate, Inositol.,\n<h4><strong>Dimensiones:</strong></h4>\n110 mm x 20 mm Ø,\n<p style=""text-align: left;""></p>",ORGIE,,Cosmética íntima,"vendor-orgie, novedad, cosmetica-intima, publico-parejas-todes, subtipo-gel-oral",TRUE,Title,Default Title,,,,,1451942,25,shopify,23,deny,manual,17.44,,TRUE,TRUE,5600298351942,https://sexshoplorena.com/wp-content/uploads/2025/07/1451942.jpg,1,SENSFEEL FOR WOMAN 10 ML,FALSE,SENSFEEL FOR WOMAN 10 ML,El sexshop lorena es una tienda para adultos con una amplia gama de juguetes eróticos. Envío 24 h y garantía de devolución - Paquete discreto,,,adult,1451942,new,FALSE,https://sexshoplorena.com/wp-content/uploads/2025/07/1451942.jpg,g,,,active
sensfeel-for-woman-pheromome-perfume,SENSFEEL FOR WOMAN PHEROMOME PERFUME,"Elegante frasco de perfume de feromonas pensado para mujer.Está formulado con un ingrediente activo de base natural que aumenta el atractivo físico de la mujer a través de la interacción de dos componentes (Jazmín Blanco y Algarrobo) que imitan la copulina, la feromona sexual femenina. La fragancia posee un aroma afrutado y floral. Pasión y afrodisíaco son sinónimos del perfume Sensfeel For Woman. Aplicar en cuello y muñecas y su mayor efecto se encuentra a unos 30 minutos después de su aplicación. Aplicar tantas veces como se desee. Envase de vidrio con vaporizador de 50 ml.Características principales:Perfume de feromonas pensado para mujer.Formulado con un ingrediente activo natural.Imita la copulina (feromona sexual femenina).Aroma afrutado y floral.Aplicar en cuello y muñecas.Efecto pasados los 30 minutos.Aplicar tantas veces como se desee.Con vaporizador.Envase de vidrio de 50 ml.,\n<h4><strong>Ingredientes:</strong></h4>\nAlcohol, Aqua, Parfum, Isopropyl Alcohol, Propanediol, Glycerin, Propylene Glycol, Sodium Lactate, Sodium PCA, Limonene, Hexyl Cinnamal, Linalool, Benzyl Salicylate, Alpha-isomethyl Ionone, Coumarin, Ceratonia Siliqua Fruit Extract, Jasminum Officinale Flower Extract, Citronellol, Phenethyl Alcohol, Citral, Caprylyl Glycol, Hydroxycitronellal, Fructose, Glycine, Niacinamide, Urea, Sodium Benzoate, Inositol.,\n<h4><strong>Dimensiones:</strong></h4>\n,\n<p style=""text-align: left;""></p>",ORGIE,,Cosmética íntima,"vendor-orgie, novedad, cosmetica-intima, publico-parejas-todes, subtipo-gel-oral",TRUE,Title,Default Title,,,,,1451751,0,shopify,17,deny,manual,43.13,,TRUE,TRUE,5600298351751,https://sexshoplorena.com/wp-content/uploads/2025/07/1451751.jpg,1,SENSFEEL FOR WOMAN PHEROMOME PERFUME,FALSE,SENSFEEL FOR WOMAN PHEROMOME PERFUME,Elegante frasco de perfume de feromonas pensado para mujer. Está formulado con un ingrediente activo de base natural ... Paquete discreto en 24 h,,,adult,1451751,new,FALSE,https://sexshoplorena.com/wp-content/uploads/2025/07/1451751.jpg,g,,,active
sensfeel-for-woman-pheromome-perfume,,,,,,,,,,,,,,,,,,,,,,,,,https://sexshoplorena.com/wp-content/uploads/2025/07/1451751b.jpg,2,SENSFEEL FOR WOMAN PHEROMOME PERFUME,,,,,,,,,,,,,,
sensfeel-seduction-elixir-10-in-1-man-100-ml,SENSFEEL SEDUCTION ELIXIR 10 in 1 MAN 100 ML,"Seduction Elixir de Sensfeel For Man es un producto muy especial diseñado especialmente para la piel y el cabello, actuando como hidratante y dejando un aroma de feromonas irresistible. Se trata de un producto único y notable. Tan solo con aplicar una pequeña cantidad deja la piel y el pelo suave y satinado y con aroma al Exhale Attraction, la Eau de Toilette para él de Orgie. Su fragancia posee un aroma cítrico, exótica pimienta y un sutil aroma floral. Todas sus funciones incluyen dejar la piel sedosa, reparador capilar en puntas, desenredante, aporta brillo y suavidad y fragancia afrodisíaca. Su modo de empleo consiste en aplicar sobre la piel con suaves masajes y sobre el cabello seco o húmedo aplicar una pequeña cantidad sin enjuagar. Viene en un cómodo envase con vaporizador de 100 ml.Características principales:Producto para la piel y el cabello.Hidrata la piel.Contiene feromonas.Formulado con el aroma del Exhale Attraction, la Eau de Toilette para él de Orgie.Aroma cítrico, exótica pimienta y un sutil aroma floral. Piel sedosa.Reparador capilar de puntas.Desenredante.Cómodo envase con vaporizador de 100 ml.Aporta brillo y suavidad.Envase de 100 ml.,\n<h4><strong>Ingredientes:</strong></h4>\nAqua, Propanediol, Parfum, Argania Spinosa Kemel Oil, Cetearyl Alcohol, Cocos Nucifera Oil, Glycerin, Glyceryl Stearate Citrate, Sorbitan Stearate, Aloe Barbadensis Leaf Juice, Cyclopentasiloxane, Phenoxyethanol, Paraffinum Liquidum, Panthenol, Acrylates/C10-30 Alkyl Acrylate Crosspolymer, Dimethiconol, Aminomethyl Propanol, Ethylhexylglycerin, Disodium EDTA, Pentaerythrityl Tetra-Di-t-Butyl Hydroxyhydrocinnamate, Limonene, Citronellol, Coleus Forskohlii Root Extract, Linalool, Benzyl Benzoate, Camellia Sinensis Leaf Extract, Potassium Sorbate, Sodium Benzoate, Citric Acid, Tocopherol.,\n<h4><strong>Dimensiones:</strong></h4>\n155 mm x 40 mm Ø,\n<p style=""text-align: left;""></p>",ORGIE,,Cosmética íntima,"vendor-orgie, novedad, showroom, cosmetica-intima, publico-parejas-todes, subtipo-gel-oral, efecto-frio",TRUE,Title,Default Title,,,,,1451829,130,shopify,19,deny,manual,29.94,,TRUE,TRUE,5600298351829,https://sexshoplorena.com/wp-content/uploads/2025/07/1451829.jpg,1,SENSFEEL SEDUCTION ELIXIR 10 in 1 MAN 100 ML,FALSE,SENSFEEL SEDUCTION ELIXIR 10 in 1 MAN 100 ML,"Seduction Elixir de Sensfeel For Man es un producto muy especial diseñado especialmente para la piel y el cabello, ... Paquete discreto en 24 h",,,adult,1451829,new,FALSE,https://sexshoplorena.com/wp-content/uploads/2025/07/1451829.jpg,g,,,active
sensfeel-seduction-elixir-10-in-1-woman-100-ml,SENSFEEL SEDUCTION ELIXIR 10 in 1 WOMAN 100 ML,"Seduction Elixir de Sensfeel For Woman es un producto muy especial diseñado especialmente para la piel y el cabello, actuando como hidratante y dejando un aroma de feromonas irresistible. Se trata de un producto único y notable. Tan solo con aplicar una pequeña cantidad deja la piel y el pelo suave y satinado y con aroma al Invoke Seduction, la Eau de Toilette para ella de Orgie. Su fragancia posee un aroma afrutado y floral. Todas sus funciones incluyen dejar la piel sedosa, reparador capilar en puntas, desenredante, aporta brillo y suavidad y fragancia afrodisíaca. Su modo de empleo consiste en aplicar sobre la piel con suaves masajes y sobre el cabello seco o húmedo aplicar una pequeña cantidad sin enjuagar. Viene en un cómodo envase con vaporizador de 100 ml.Características principales:Producto para la piel y el cabello.Hidrata la piel.Contiene feromonas.Formulado con el aroma del Invoke Seduction, la Eau de Toilette para ella de Orgie.Aroma afrutado y floral.Piel sedosa.Reparador capilar de puntas.Desenredante.Cómodo envase con vaporizador de 100 ml.Aporta brillo y suavidad.Envase de 100 ml.,\n<h4><strong>Ingredientes:</strong></h4>\nAqua, Propanediol, Parfum, Argania Spinosa Kemel Oil, Cetearyl Alcohol, Cocos Nucifera Oil, Glycerin, Glyceryl Stearate Citrate, Sorbitan Stearate, Aloe Barbadensis Leaf Juice, Cyclopentasiloxane, Phenoxyethanol, Paraffinum Liquidum, Panthenol, Acrylates/C10-30 Alkyl Acrylate Crosspolymer, Dimethiconol, Aminomethyl Propanol, Ethylhexylglycerin, Disodium EDTA, Pentaerythrityl Tetra-Di-t-Butyl Hydroxyhydrocinnamate, Limonene, Hexyl Cinnamal, Linalool, Ceratonia Siliqua Fruit Extract, Jasminum Officinale Flower Extract, Benzyl Salicylate, Phenethyl Alcohol, Alpha-isomethyl Ionone, Caprylyl Glycol Coumarin, Citronellol, Citral, Hydroxycitronellal, Potassium Sorbate, Sodium Benzoate, Citric Acid, Tocopherol.,\n<h4><strong>Dimensiones:</strong></h4>\n155 mm x 40 mm Ø,\n<p style=""text-align: left;""></p>",ORGIE,,Cosmética íntima,"vendor-orgie, novedad, showroom, cosmetica-intima, publico-parejas-todes, subtipo-gel-oral, efecto-frio",TRUE,Title,Default Title,,,,,1451812,130,shopify,10,deny,manual,29.94,,TRUE,TRUE,5600298351812,https://sexshoplorena.com/wp-content/uploads/2025/07/1451812.jpg,1,SENSFEEL SEDUCTION ELIXIR 10 in 1 WOMAN 100 ML,FALSE,SENSFEEL SEDUCTION ELIXIR 10 in 1 WOMAN 100 ML,"Seduction Elixir de Sensfeel For Woman es un producto muy especial diseñado especialmente para la piel y el cabello, ... Paquete discreto en 24 h",,,adult,1451812,new,FALSE,https://sexshoplorena.com/wp-content/uploads/2025/07/1451812.jpg,g,,,active
sexy-therapy-afrodisiac,Sexy Therapy Afrodisiac,"Un aceite de masaje formulado con ingredientes de alta calidad y 100% de origen vegetal.Sexy Therapy Afrodisiac es un aceite para masaje erótico con aroma delicioso y altamente sensual. Con su fórmula basada en aceites minerales y vegetales y esencias excitantes y estimulantes, Sexy Therapy es ideal para masajes sensuales dejando la piel deliciosamente hidratada y sedosa al tacto.Si quieres disfrutar de un momento de conexión y máximo placer, este aceite es un buen candidato. Tiene olor a flores blancas, suave y ligeramente balsámico.En envase de 200 ml.,\n<h4><strong>Ingredientes:</strong></h4>\nParaffinum Liquidum, Prunus Amygdalus Dulcis Oil, Parfum, Helianthus Annuus Seed Oil, Olea europea fruit Oil, Pentaerythirityl Tetra-di-t-butyl Hydroxyhydrocinnamate, Vitis Vinifera Seed Oil, Hexyl Cinnamal, Benzyl Salicylate, Linalool, Butylphanyl Limenone.,\n<h4><strong>Dimensiones:</strong></h4>\n171 mm  x 45 mm x 45 mm,\n<p style=""text-align: left;""></p>",ORGIE,,Cosmética íntima,"vendor-orgie, novedad, cosmetica-intima, publico-parejas-todes, subtipo-gel-efecto",TRUE,Title,Default Title,,,,,1421036,0,shopify,4,deny,manual,26.88,,TRUE,TRUE,5600298351263,https://sexshoplorena.com/wp-content/uploads/2025/07/1421036.jpg,1,Sexy Therapy Afrodisiac,FALSE,Sexy Therapy Afrodisiac,Un aceite de masaje formulado con ingredientes de alta calidad y 100% de origen vegetal. Sexy Therapy Afrodisiac es un ... Paquete discreto en 24 h,,,adult,1421036,new,FALSE,https://sexshoplorena.com/wp-content/uploads/2025/07/1421036.jpg,g,,,active
sexy-therapy-amor,Sexy Therapy Amor,"Un aceite de masaje formulado con ingredientes de alta calidad y 100% de origen vegetal.Sexy Therapy Amor es un aceite para masaje erótico con aroma delicioso y altamente sensual. Con su fórmula basada en aceites minerales y vegetales y esencias excitantes y estimulantes, Sexy Therapy es ideal para masajes sensuales dejando la piel deliciosamente hidratada y sedosa al tacto.Si quieres disfrutar de un momento de conexión y máximo placer, este aceite es un buen candidato. Tiene un olor dulce a albaricoque, suave y ligeramente balsámico.En envase de 200 ml.,\n<h4><strong>Ingredientes:</strong></h4>\nParaffinum Liquidum, Prunus Amygdalus Dulcis Oil, Parfum, Helianthus Annus Seed Oil, Olea Europea Fruit Oil, Pentaerythrityl Tetra-di-t-butyl Hydroxyhydrocinnamamte, Vitis Vinifera Seed Oil, Hexyl Cinnamal, Benzyl Salicylate, Butylphenyl\nMethylpropional.,\n<h4><strong>Dimensiones:</strong></h4>\n171 mm x 45 mm x 45 mm,\n<p style=""text-align: left;""></p>",ORGIE,,Cosmética íntima,"vendor-orgie, novedad, cosmetica-intima, publico-parejas-todes, subtipo-gel-efecto",TRUE,Title,Default Title,,,,,1421043,0,shopify,14,deny,manual,26.88,,TRUE,TRUE,5600298351287,https://sexshoplorena.com/wp-content/uploads/2025/07/1421043.jpg,1,Sexy Therapy Amor,FALSE,Sexy Therapy Amor,Un aceite de masaje formulado con ingredientes de alta calidad y 100% de origen vegetal. Sexy Therapy Amor es un ... Paquete discreto en 24 h,,,adult,1421043,new,FALSE,https://sexshoplorena.com/wp-content/uploads/2025/07/1421043.jpg,g,,,active
sexy-therapy-sensual-massage-oils-3-x-30ml-set-mini-size-collection,SEXY THERAPY SENSUAL MASSAGE OILS 3 x 30ml  Set Mini Size Collection,"Therapy Sensual Massage Oils es un completo pack de tres aceites de masajes que proporcionan un deslizamiento suave y excitante para los momentos íntimos.Este kit contiene tres variedades de los aceites Sexy Therapy de Orgie en un formato mini. Está formado por The Secret, Amor y Aphrodisiac, todos ellos con aroma floral y toque afrutado. Con aceites naturales vegetales y de alta calidad.Son aceites muy prácticos y ligeros, ideales para llevarlos a todos lados. Aportan deslizamiento de larga duración para masajes sensuales y eróticos, dejando la piel suave y sedosa. El kit perfecto para fomentar el erotismo y la exploración a nuevos juegos en compañía. Muy buena idea también para hacer una sorpresa a alguien querido. Los tres vienen en pequeños y prácticos envases de 30 ml.Características principales:? Pack de tres aceites de masaje.? Kit muy práctico y ligero. ? Incluye los Sexy Therapy de Orgie The Secret, Amor y Aphrodisiac.? Aromas florales.? Ideal para masajes sensuales.? Deja la piel suave y sedosa.? Deslizamiento duradero.? Cómodos envases de 30 ml.,\n<h4><strong>Ingredientes:</strong></h4>\nThe Secret: PARAFFINUM LIQUIDUM, PRUNUS AMYGDALUS DULCIS OIL, PARFUM, HELIANTHUS ANNUUS SEED OIL, OLEA EUROPAEA FRUIT OIL, PENTAERYTHRITYL TETRA-DI-T-BUTYL HYDROXYHYDROCINNAMATE, VITIS VINIFERA SEED OIL, LIMONENE, HEXYL CINNAMAL, LINALOOL, BENZYL SALICYLATE, ALPHA-ISOMETHYL IONONE, COUMARIN, CITRONELLOL, CITRAL, HYDROXYCITRONELLAL.\n\nAmor: PARAFFINUM LIQUIDUM, PRUNUS AMYGDALUS DULCIS OIL, PARFUM, HELIANTHUS ANNUUS SEED OIL, OLEA EUROPAEA FRUIT OIL, PENTAERYTHRITYL TETRA-DI-T-BUTYL HYDROXYHYDROCINNAMATE, VITIS VINIFERA SEED OIL.\n\nAphrodisiac: PARAFFINUM LIQUIDUM, PRUNUS AMYGDALUS DULCIS OIL, PARFUM, HELIANTHUS ANNUUS SEED OIL, OLEA EUROPAEA FRUIT OIL, PENTAERYTHRITYL TETRA-DI-T-BUTYL HYDROXYHYDROCINNAMATE, VITIS VINIFERA SEED OIL, HYDROXYCITRONELLAL, LIMONENE.,\n<h4><strong>Dimensiones:</strong></h4>\n70 mm x 20 mm Ø (x3),\n<p style=""text-align: left;""></p>",ORGIE,,Cosmética íntima,"vendor-orgie, novedad, showroom, cosmetica-intima, publico-parejas-todes, subtipo-gel-oral",TRUE,Title,Default Title,,,,,1417137,0,shopify,21,deny,manual,29.94,,TRUE,TRUE,5600742917137,https://sexshoplorena.com/wp-content/uploads/2025/07/1417137.jpg,1,SEXY THERAPY SENSUAL MASSAGE OILS 3 x 30ml  Set Mini Size Collection,FALSE,SEXY THERAPY SENSUAL MASSAGE OILS 3 x 30ml  Set Mini Size Collection,Therapy Sensual Massage Oils es un completo pack de tres aceites de masajes que proporcionan un deslizamiento suave y ... Paquete discreto en 24 h,,,adult,1417137,new,FALSE,https://sexshoplorena.com/wp-content/uploads/2025/07/1417137.jpg,g,,,active
sexy-therapy-sensual-massage-oils-3-x-30ml-set-mini-size-collection,,,,,,,,,,,,,,,,,,,,,,,,,https://sexshoplorena.com/wp-content/uploads/2025/07/1417137b.jpg,2,SEXY THERAPY SENSUAL MASSAGE OILS 3 x 30ml  Set Mini Size Collection,,,,,,,,,,,,,,
sexy-therapy-sensual-massage-oils-3-x-30ml-set-mini-size-collection,,,,,,,,,,,,,,,,,,,,,,,,,https://sexshoplorena.com/wp-content/uploads/2025/07/1417137c.jpg,3,SEXY THERAPY SENSUAL MASSAGE OILS 3 x 30ml  Set Mini Size Collection,,,,,,,,,,,,,,
sexy-therapy-the-secret,Sexy Therapy The Secret,"Un aceite de masaje formulado con ingredientes de alta calidad y 100% de origen vegetal.Sexy Therapy The Secret es un aceite para masaje erótico con aroma delicioso y altamente sensual. Con su fórmula basada en aceites minerales y vegetales y esencias excitantes y estimulantes, Sexy Therapy es ideal para masajes sensuales dejando la piel deliciosamente hidratada y sedosa al tacto.Si quieres disfrutar de un momento de conexión y máximo placer, este aceite es un buen candidato. Tiene un olor dulce a uva, suave y ligeramente balsámico.En envase de 200 ml.,\n<h4><strong>Ingredientes:</strong></h4>\nParaffinum Liquidum, Prunus Amygdalus Dulcis Oil, Parfum, Helianthus Annus Seed Oil, Olea Europea Fruit Oil, Pentaerythrityl Tetra-di-t-butyl Hydroxyhydrocinnamamte, Vitis Vinifera Seed Oil, Hexyl Cinnamal, Benzyl Salicylate, Butylphenyl Met, Limenone,Hexyl Cinnama, Butylphenyl\nMethylpropional, Linalool, Benzyl Salicylate, Coumarin, Alpha- isomethyl Ionone, Citronellol, Citral.,\n<h4><strong>Dimensiones:</strong></h4>\n171 mm x 45 mm x 45 mm,\n<p style=""text-align: left;""></p>",ORGIE,,Cosmética íntima,"vendor-orgie, novedad, cosmetica-intima, publico-parejas-todes, subtipo-gel-efecto",TRUE,Title,Default Title,,,,,1421050,0,shopify,25,deny,manual,26.88,,TRUE,TRUE,5600298351270,https://sexshoplorena.com/wp-content/uploads/2025/07/1421050.jpg,1,Sexy Therapy The Secret,FALSE,Sexy Therapy The Secret,Un aceite de masaje formulado con ingredientes de alta calidad y 100% de origen vegetal. Sexy Therapy The Secret es un ... Paquete discreto en 24 h,,,adult,1421050,new,FALSE,https://sexshoplorena.com/wp-content/uploads/2025/07/1421050.jpg,g,,,active
sexy-vibe-intense-orgasm-liquid-vibrator,Sexy Vibe!  Intense Orgasm - Liquid Vibrator,"Sexy Vibe! Intense Orgasm Liquid Vibrator es un gel estimulador con activos de plantas del Amazonas que ofrece un efecto vibrante acompañado de múltiples sensaciones en las zonas íntimas.Gracias a su fórmula específica proporciona orgasmos muy intensos e increíbles sensaciones de un placer sin precedentes.Exclusiva y revolucionaria fórmula de Orgie para Europa, que emplea materias primas de la más alta calidad.Modo de uso:Aplicar una pequeña cantidad (como del tamaño de un guisante) directamente en el clítoris o en el glande y extender suavemente.A los pocos segundos ya se nota la intensidad de sus efectos.Volver a aplicar tantas veces como se desee.Envase de 15 ml.,\n<h4><strong>Ingredientes:</strong></h4>\nAqua, Polysorbate 80, Glycerin, Propylene Glycol, Niacinamide, Carbomer,Phenoxyethanol, Butylene Glycol, Mentha Arvensis Leaf Oil, Centella Asiatica Leaf Extract,\nAminomethyl Propanol, Disodium EDTA,  Acmella Oleracea Extract, Ethylhexyglycerin,  Limonene, Vanillyl Butyl Ether, \nIsopentyldiol, Ci 14700, Menthyl Lactate, 2-Aminobutanol.,\n<h4><strong>Dimensiones:</strong></h4>\n125 mm x 58 mm x 58 mm,\n<p style=""text-align: left;""></p>",ORGIE,,Cosmética íntima,"vendor-orgie, novedad, showroom, cosmetica-intima, publico-parejas-todes, subtipo-gel-efecto",TRUE,Title,Default Title,,,,,1421227,0,shopify,2,deny,manual,29.00,,TRUE,TRUE,5600298351133,https://sexshoplorena.com/wp-content/uploads/2025/07/1421227.jpg,1,Sexy Vibe!  Intense Orgasm - Liquid Vibrator,FALSE,Sexy Vibe!  Intense Orgasm - Liquid Vibrator,Sexy Vibe! Intense Orgasm Liquid Vibrator es un gel estimulador con activos de plantas del Amazonas que ofrece un ... Paquete discreto en 24 h,,,adult,1421227,new,FALSE,https://sexshoplorena.com/wp-content/uploads/2025/07/1421227.jpg,g,,,active
sexy-vibe-intense-orgasm-liquid-vibrator,,,,,,,,,,,,,,,,,,,,,,,,,https://sexshoplorena.com/wp-content/uploads/2025/07/1421227b.jpg,2,Sexy Vibe!  Intense Orgasm - Liquid Vibrator,,,,,,,,,,,,,,
sexy-vibe-eletric-fellatio-vibrating-gloss,Sexy Vibe! - Eletric Fellatio Vibrating Gloss,"Sexy Vibe! Electric Fellatio Vibrating Gloss es un brillo labial formulado con activos de plantas del amazonas que brindan una sensación de vibración en las zonas donde se aplica y es ideal para felaciones.Exclusiva y revolucionaria formulación de Orgie para Europa, contiene materias primas de alta calidad.Perfecto para sorprender y emocionar a su pareja, aplicar una cantidad generosa de brillo en sus labios y luego comenzar a besar y dejarse llevar.....¡Los dos a vibrar!Envase de 10 ml.,\n<h4><strong>Ingredientes:</strong></h4>\nAqua, Glycerin, Sorbitol, Polysorbate 80, Alcohol,\nPropylene Glycol, Aroma, Isopropyl Alcohol, Sodium Benzoate, Carbomer, Aminomethyl Propanol, Limonene, Acmella Oleracea Extract, Phenoxyethanol, Eugenol, Ci 14700, 2-Aminobutanol, Ethylhexyglycerin, Disodium Edta.,\n<h4><strong>Dimensiones:</strong></h4>\n102 mm x 54 mm x 25 mm,\n<p style=""text-align: left;""></p>",ORGIE,,Cosmética íntima,"vendor-orgie, novedad, showroom, cosmetica-intima, publico-parejas-todes",TRUE,Title,Default Title,,,,,1421340,0,shopify,10,deny,manual,19.69,,TRUE,TRUE,5600298351140,https://sexshoplorena.com/wp-content/uploads/2025/07/1421340.jpg,1,Sexy Vibe! - Eletric Fellatio Vibrating Gloss,FALSE,Sexy Vibe! - Eletric Fellatio Vibrating Gloss,El sexshop lorena es una tienda para adultos con una amplia gama de juguetes eróticos. Envío 24 h y garantía de devolución - Paquete discreto,,,adult,1421340,new,FALSE,https://sexshoplorena.com/wp-content/uploads/2025/07/1421340.jpg,g,,,active
sexy-vibe-eletric-fellatio-vibrating-gloss,,,,,,,,,,,,,,,,,,,,,,,,,https://sexshoplorena.com/wp-content/uploads/2025/07/1421340b.jpg,2,Sexy Vibe! - Eletric Fellatio Vibrating Gloss,,,,,,,,,,,,,,
sexy-vibe-liquid-vibrator,Sexy Vibe! - Liquid Vibrator,"Sexy Vibe! Liquid Vibrator es un gel estimulador con activos de plantas del Amazonas que ofrece un efecto vibrante y de hormigueo en las zonas íntimas.Gracias a su fórmula específica proporciona orgasmos e increíbles sensaciones de un placer sin precedentes.Exclusiva y revolucionaria fórmula de Orgie para Europa, que emplea materias primas de la más alta calidad.Modo de uso:Aplicar una pequeña cantidad (como del tamaño de un guisante) directamente en el clítoris o en el glande y extender suavemente.A los pocos segundos ya se nota la intensidad de sus efectos.Volver a aplicar tantas veces como se desee.Envase de 15 ml.,\n<h4><strong>Ingredientes:</strong></h4>\nAqua, Glycerin, Alchol, Polysorbate 80, Aloe\nBarbadensis Leaf Juice, Isopropyl Alchol, Phenoxyethanol,\nPropylene Glycol, Carbomer, Niacinamide, Aminomethyl Propanol, Acmella Oleracea Extract, Sodium Saccharin, Ethylhexyglycerin, Mentha Arvensis Leaf Oil, Limonene, 2-Aminobutanol, Potassium Sorbate, Sodium Benzoate.,\n<h4><strong>Dimensiones:</strong></h4>\n125 mm x 58 mm x 29 mm,\n<p style=""text-align: left;""></p>",ORGIE,,Cosmética íntima,"vendor-orgie, novedad, cosmetica-intima, publico-parejas-todes, subtipo-gel-efecto, efecto-frio",TRUE,Title,Default Title,,,,,1421197,0,shopify,1,deny,manual,23.44,,TRUE,TRUE,5600298351102,https://sexshoplorena.com/wp-content/uploads/2025/07/1421197.jpg,1,Sexy Vibe! - Liquid Vibrator,FALSE,Sexy Vibe! - Liquid Vibrator,El sexshop lorena es una tienda para adultos con una amplia gama de juguetes eróticos. Envío 24 h y garantía de devolución - Paquete discreto,,,adult,1421197,new,FALSE,https://sexshoplorena.com/wp-content/uploads/2025/07/1421197.jpg,g,,,active
sexy-vibe-liquid-vibrator,,,,,,,,,,,,,,,,,,,,,,,,,https://sexshoplorena.com/wp-content/uploads/2025/07/1421197b.jpg,2,Sexy Vibe! - Liquid Vibrator,,,,,,,,,,,,,,
sexy-vibe-high-voltage-liquid-vibrator,Sexy Vibe! High Voltage - Liquid Vibrator,"Sexy Vibe! High Voltage Liquid Vibrator es un gel estimulador con gran concentración de activos de plantas del Amazonas que ofrece un efecto vibrante y de hormigueo en las zonas íntimas.Gracias a su fórmula específica proporciona orgasmos más intensos e increíbles sensaciones de un placer sin precedentes.Exclusiva y revolucionaria fórmula de Orgie para Europa, que emplea materias primas de la más alta calidad.Modo de uso:Aplicar una pequeña cantidad (como del tamaño de un guisante) directamente en el clítoris o en el glande y extender suavemente.A los pocos segundos ya se nota la intensidad de sus efectos.Volver a aplicar tantas veces como se desee.Envase de 15 ml.,\n<h4><strong>Ingredientes:</strong></h4>\nAqua, Glycerin, Alchol, Polysorbate 80, Aloe\nBarbadensis Leaf Juice, Carbomer, Phenoxyethanol, Propylene Glycol, Sodium Saccharin, Niacinamide, Aminomethyl Propanol, Acmella Oleracea Extract, Ethylhexyglycerin, Mentha Arvensis Leaf Oil, Limonene, 2-Aminobutanol, Potassium Sorbate, Sodium Benzoate.,\n<h4><strong>Dimensiones:</strong></h4>\n125 mm x 58 mm x 58 mm,\n<p style=""text-align: left;""></p>",ORGIE,,Cosmética íntima,"vendor-orgie, novedad, showroom, cosmetica-intima, publico-parejas-todes, subtipo-gel-efecto, efecto-frio",TRUE,Title,Default Title,,,,,1421203,0,shopify,10,deny,manual,29.00,,TRUE,TRUE,5600298351126,https://sexshoplorena.com/wp-content/uploads/2025/07/1421203.jpg,1,Sexy Vibe! High Voltage - Liquid Vibrator,FALSE,Sexy Vibe! High Voltage - Liquid Vibrator,El sexshop lorena es una tienda para adultos con una amplia gama de juguetes eróticos. Envío 24 h y garantía de devolución - Paquete discreto,,,adult,1421203,new,FALSE,https://sexshoplorena.com/wp-content/uploads/2025/07/1421203.jpg,g,,,active
sexy-vibe-high-voltage-liquid-vibrator,,,,,,,,,,,,,,,,,,,,,,,,,https://sexshoplorena.com/wp-content/uploads/2025/07/1421203b.jpg,2,Sexy Vibe! High Voltage - Liquid Vibrator,,,,,,,,,,,,,,
sexy-vibe-hot-liquid-vibrator,Sexy Vibe! Hot - Liquid Vibrator,"Sexy Vibe! Hot Liquid Vibrator es un gel estimulador con activos de plantas del Amazonas que ofrece un efecto vibrante acompañado de un agradable efecto calor en las zonas íntimas.Gracias a su fórmula específica proporciona orgasmos e increíbles sensaciones de un placer sin precedentes.Exclusiva y revolucionaria fórmula de Orgie para Europa, que emplea materias primas de la más alta calidad.Modo de uso:Aplicar una pequeña cantidad (como del tamaño de un guisante) directamente en el clítoris o en el glande y extender suavemente.A los pocos segundos ya se nota la intensidad de sus efectos.Volver a aplicar tantas veces como se desee.Envase de 15 ml.,\n<h4><strong>Ingredientes:</strong></h4>\nAqua, Glycerin, Polysorbate 80, Carbomer,\nSodium Saccharin, Aroma, Propylene Glycol,Sodium Benzoate,\nNiacinamide, Aminomethyl Propanol, Acmella Oleracea Extract, 2-Aminobutanol.,\n<h4><strong>Dimensiones:</strong></h4>\n125 mm x 58 mm x 58 mm,\n<p style=""text-align: left;""></p>",ORGIE,,Cosmética íntima,"vendor-orgie, novedad, cosmetica-intima, publico-parejas-todes, subtipo-gel-efecto, efecto-calor",TRUE,Title,Default Title,,,,,1421210,0,shopify,10,deny,manual,24.94,,TRUE,TRUE,5600298351119,https://sexshoplorena.com/wp-content/uploads/2025/07/1421210.jpg,1,Sexy Vibe! Hot - Liquid Vibrator,FALSE,Sexy Vibe! Hot - Liquid Vibrator,El sexshop lorena es una tienda para adultos con una amplia gama de juguetes eróticos. Envío 24 h y garantía de devolución - Paquete discreto,,,adult,1421210,new,FALSE,https://sexshoplorena.com/wp-content/uploads/2025/07/1421210.jpg,g,,,active
sexy-vibe-hot-liquid-vibrator,,,,,,,,,,,,,,,,,,,,,,,,,https://sexshoplorena.com/wp-content/uploads/2025/07/1421210b.jpg,2,Sexy Vibe! Hot - Liquid Vibrator,,,,,,,,,,,,,,
she-spot-g-spot-arousal-15ml,She Spot - G-Spot Arousal - 15ml,"Un gel íntimo estimulante formulado para despertar el punto G, She Spot Intimate Gel.Formulado con ingredientes de la selva amazónica, este gel estimulante proporciona deliciosas sensaciones que evolucionan y cambian durante su efecto: hormigueo (vibración), frescor, calor o un ligero picor. She Spot In timate Gel contiene ingredientes en su fórmula que estimulan el área del punto G haciéndolo aún más sensible.El extraordinario Jambu, nativo de la selva amazónica, nuevamente protagoniza la fórmula de She Spot con su poderosa acción vibratoria de hormigueo.La Mentha Arvensis promueve la emoción a través de su doble efecto, calor que luego evoluciona hacia la frescura. El Capsicum Frutescens también tiene una función muy importante ya que prolonga el efecto de calor, agregando un ligero toque picante.Modo de uso:Aplicar una pequeña cantidad en G-Spot, como del tamaño de un guisante y esperar unos segundos para que se produzca el efecto.Se recomienda comenzar con una cantidad mínima y, después de evaluar la sensibilidad a los efectos, aumentar o disminuir la dosis según la sensibilidad.Envase de 15 ml.,\n<h4><strong>Ingredientes:</strong></h4>\nAqua, Glycerin, Propylene Glycol, Phenoxyethanol Carbomer Aroma, Decyl Glucoside, Sodium Saccharin, Spilanthes Acmella Flower Extract, Mentha Arvensis Leaf Oil, Capsicum Frutescens Fruit Extract, Aminomethyl Propanol, Ethythexylglycerin, Disodium EDTA, Ethyl Acetate, Limonene, Potassium Sorbate, Sodium Benzoate, 2-Aminobutanol, Trisodium EDTA, Citric Acid.,\n<h4><strong>Dimensiones:</strong></h4>\n128 mm x 59 mm x 29 mm,\n<p style=""text-align: left;""></p>",ORGIE,,Cosmética íntima,"vendor-orgie, novedad, showroom, cosmetica-intima, publico-parejas-todes, subtipo-gel-efecto, efecto-calor",TRUE,Title,Default Title,,,,,1421492,0,shopify,13,deny,manual,21.88,,TRUE,TRUE,5600298351492,https://sexshoplorena.com/wp-content/uploads/2025/07/1421492.jpg,1,She Spot - G-Spot Arousal - 15ml,FALSE,She Spot - G-Spot Arousal - 15ml,El sexshop lorena es una tienda para adultos con una amplia gama de juguetes eróticos. Envío 24 h y garantía de devolución - Paquete discreto,,,adult,1421492,new,FALSE,https://sexshoplorena.com/wp-content/uploads/2025/07/1421492.jpg,g,,,active
she-spot-g-spot-arousal-15ml,,,,,,,,,,,,,,,,,,,,,,,,,https://sexshoplorena.com/wp-content/uploads/2025/07/1421492b.jpg,2,She Spot - G-Spot Arousal - 15ml,,,,,,,,,,,,,,
tantric-celestial-scent,Tantric Celestial Scent,"Tantric Celestial Scent es un aceite erótico para masaje sensual con efecto argán brillante. Su fórmula específica contiene aceites naturales vegetales siendo la base principal el aceite de almendras.  Incorpora esencias exclusivas de absorción lenta que dejan la piel deliciosamente hidratada y sedosa al tacto. Ideal para masajes cuerpo a cuerpo o tántricos.Tantric Celestial Scent te hará disfrutar de un masaje inolvidable. Un ingrediente perfecto para mejorar los preliminares y la calidad de las relaciones sexuales. Contiene fragancias celestiales que os transportarán directamente al paraíso.Este aceite de masaje ha sido creado para ofrecer y potenciar el deseo sexual. Tiene un olor dulce a algodón de azúcar, suave y ligeramente balsámico.Envase de 200 ml.,\n<h4><strong>Ingredientes:</strong></h4>\nPrunus Amygdalus Dulcis Oil, Parfum, Limonene, Argania Spinosa Kernel Oil, Helianthus Annus\nSeed Oil, Olea Europaea Fruit Oil, Pentaerythrityl\nTreata-di-t-butyl Hydroxydrocinnamate,Vitis Vinifera Seed Oil, Linalool, Butylphenyl Methylpropional, Citral.,\n<h4><strong>Dimensiones:</strong></h4>\n171 mm x 45 mm x 45 mm,\n<p style=""text-align: left;""></p>",ORGIE,,Cosmética íntima,"vendor-orgie, novedad, cosmetica-intima, publico-parejas-todes",TRUE,Title,Default Title,,,,,1421005,0,shopify,10,deny,manual,28.44,,TRUE,TRUE,5600298351249,https://sexshoplorena.com/wp-content/uploads/2025/07/1421005.jpg,1,Tantric Celestial Scent,FALSE,Tantric Celestial Scent,El sexshop lorena es una tienda para adultos con una amplia gama de juguetes eróticos. Envío 24 h y garantía de devolución - Paquete discreto,,,adult,1421005,new,FALSE,https://sexshoplorena.com/wp-content/uploads/2025/07/1421005.jpg,g,,,active
tantric-divine-nectar,Tantric Divine Nectar,"Tantric Divine Nectar es un aceite erótico para masaje sensual con efecto argán brillante. Su fórmula específica contiene aceites naturales vegetales siendo la base principal el aceite de almendras. Incorpora esencias exclusivas de absorción lenta que dejan la piel deliciosamente hidratada y sedosa al tacto.Ideal para masajes cuerpo a cuerpo o tántricos.Tantric Divine Nectar  te hará disfrutar de un masaje inolvidable. Un ingrediente perfecto para mejorar los preliminares y la calidad de las relaciones sexuales. Contiene fragancias celestiales que os transportarán directamente al paraíso. Tiene un olor a dulce floral, suave y ligeramente balsámico.Este aceite de masaje ha sido creado para ofrecer y potenciar el deseo sexual. Envase de 200 ml.,\n<h4><strong>Ingredientes:</strong></h4>\nPrunus Amygdalus Dulcis Oil, Parfum, Limonene, Argania Spinosa Kernel Oil, Helianthus Annus\nSeed Oil, Olea Europaea Fruit Oil, Pentaerythrityl\nTreata-di-t-butyl Hydroxydrocinnamate,\nVitis Vinifera Seed Oil, Linalool, Benzyl Salicylate, Butylphenyl Methylpropional, Hexyl Cinnamal, Alpha-isomethyl Ionone.,\n<h4><strong>Dimensiones:</strong></h4>\n171 mm  x 45 mm x 45 mm,\n<p style=""text-align: left;""></p>",ORGIE,,Cosmética íntima,"vendor-orgie, novedad, cosmetica-intima, publico-parejas-todes, subtipo-gel-oral",TRUE,Title,Default Title,,,,,1421012,0,shopify,13,deny,manual,28.44,,TRUE,TRUE,5600298351232,https://sexshoplorena.com/wp-content/uploads/2025/07/1421012.jpg,1,Tantric Divine Nectar,FALSE,Tantric Divine Nectar,El sexshop lorena es una tienda para adultos con una amplia gama de juguetes eróticos. Envío 24 h y garantía de devolución - Paquete discreto,,,adult,1421012,new,FALSE,https://sexshoplorena.com/wp-content/uploads/2025/07/1421012.jpg,g,,,active
tantric-love-ritual,Tantric Love Ritual,"Tantric Love Ritual es un aceite erótico para masaje sensual con efecto argán brillante. Su fórmula específica contiene aceites naturales vegetales siendo la base principal el aceite de almendras. Incorpora esencias exclusivas de absorción lenta que dejan la piel deliciosamente hidratada y sedosa al tacto.Ideal para masajes cuerpo a cuerpo o tántricos.Tantric Love Ritual te hará disfrutar de un masaje inolvidable. Un ingrediente perfecto para mejorar los preliminares y la calidad de las relaciones sexuales. Contiene fragancias que os transportarán directamente al paraíso. Tiene un olor suave y dulce.Este aceite de masaje ha sido creado para ofrecer y potenciar el deseo sexual. Tiene un olor dulce a almendras, suave y ligeramente balsámico.Envase de 200 ml.,\n<h4><strong>Ingredientes:</strong></h4>\nPrunus Amygdalus Dulcis Oil, Parfum, Argania Spinosa kernel Oil,Helanthus Annuus Seed Oil,\nOlea Europaea Fruit Oil, Pentaerythrityl Tetra-di-t-butyl\nHydroxyhydrocinnamate, Vitis Vinifera Seed Oil, Butylphenyl Methylpropional, Linalool, Limoneone, Benzyl Salicylate, Hexyl Cinnamal, Citronrllol, Coumarin, Citral.,\n<h4><strong>Dimensiones:</strong></h4>\n171mm x 45 mm x 45 mm,\n<p style=""text-align: left;""></p>",ORGIE,,Cosmética íntima,"vendor-orgie, novedad, cosmetica-intima, publico-parejas-todes",TRUE,Title,Default Title,,,,,1421029,0,shopify,8,deny,manual,28.44,,TRUE,TRUE,5600298351256,https://sexshoplorena.com/wp-content/uploads/2025/07/1421029.jpg,1,Tantric Love Ritual,FALSE,Tantric Love Ritual,Tantric Love Ritual es un aceite erótico para masaje sensual con efecto argán brillante. Su fórmula específica contiene ... Paquete discreto en 24 h,,,adult,1421029,new,FALSE,https://sexshoplorena.com/wp-content/uploads/2025/07/1421029.jpg,g,,,active
tantric-sensual-massage-oils-3-x-30ml-set-mini-size-collection,TANTRIC SENSUAL MASSAGE OILS  3 x 30ml  Set Mini Size Collection,"Tantric Sensual Massage Oils es un completo pack de tres aceites de masajes que proporcionan un deslizamiento suave y excitante para los momentos íntimos.Este kit contiene tres variedades de los aceites Tantric de Orgie en un formato mini. Está formado por Love Ritual, Divine Nectar y Celestial Scent, todos ellos con aroma afrutado y toques florales. Con aceites naturales vegetales siendo la base principal el aceite de almendras.Son aceites muy prácticos y ligeros, ideales para llevarlos a todos lados. Aportan deslizamiento de larga duración para masajes sensuales y eróticos, dejando la piel suave y sedosa. El kit perfecto para fomentar el erotismo y la exploración a nuevos juegos en compañía. Muy buena idea también para hacer una sorpresa a alguien querido. Los tres vienen en pequeños y prácticos envases de 30 ml.Características principales:? Pack de tres aceites de masaje.? Kit muy práctico y ligero. ? Incluye los Tantric de Orgie Love Ritual, Divine Nectar y Celestial Scent.? Aromas afrutados y florales.? Ideal para masajes sensuales.? Deja la piel suave y sedosa.? Deslizamiento duradero.? Cómodos envases de 30 ml.,\n<h4><strong>Ingredientes:</strong></h4>\n&quot;Love Ritual: PRUNUS AMYGDALUS DULCIS OIL, PARFUM, ARGANIA SPINOSA KERNEL OIL, HELIANTHUS ANNUUS SEED OIL, OLEA EUROPAEA FRUIT OIL, PENTAERYTHRITYL TETRA-DI-T-BUTYL HYDROXYHYDROCINNAMATE, VITIS VINIFERA SEED OIL, BENZYL SALICYLATE, HYDROXYCITRONELLAL, LIMONENE.\n\nDivine Nectar: PRUNUS AMYGDALUS DULCIS OIL, PARFUM, ARGANIA SPINOSA KERNEL OIL, HELIANTHUS ANNUUS SEED OIL, OLEA EUROPAEA FRUIT OIL, PENTAERYTHRITYL TETRA-DI-T-BUTYL HYDROXYHYDROCINNAMATE, VITIS VINIFERA SEED OIL, LIMONENE, BENZYL SALICYLATE, HEXYL CINNAMAL, BENZYL ALCOHOL, CITRONELLOL, ALPHA-ISOMETHYL IONONE, COUMARIN.\n\nCelestial Scent: PRUNUS AMYGDALUS DULCIS OIL, PARFUM, ARGANIA SPINOSA KERNEL OIL, HELIANTHUS ANNUUS SEED OIL, OLEA EUROPAEA FRUIT OIL, PENTAERYTHRITYL TETRA-DI-T-BUTYL HYDROXYHYDROCINNAMATE, VITIS VINIFERA SEED OIL.&quot;,\n<h4><strong>Dimensiones:</strong></h4>\n70 mm x 20 mm Ø (x3),\n<p style=""text-align: left;""></p>",ORGIE,,Cosmética íntima,"vendor-orgie, novedad, showroom, cosmetica-intima, publico-parejas-todes, subtipo-gel-oral",TRUE,Title,Default Title,,,,,1417090,0,shopify,9,deny,manual,29.94,,TRUE,TRUE,5600742917090,https://sexshoplorena.com/wp-content/uploads/2025/07/1417090.jpg,1,TANTRIC SENSUAL MASSAGE OILS  3 x 30ml  Set Mini Size Collection,FALSE,TANTRIC SENSUAL MASSAGE OILS  3 x 30ml  Set Mini Size Collection,Tantric Sensual Massage Oils es un completo pack de tres aceites de masajes que proporcionan un deslizamiento suave y ... Paquete discreto en 24 h,,,adult,1417090,new,FALSE,https://sexshoplorena.com/wp-content/uploads/2025/07/1417090.jpg,g,,,active
tantric-sensual-massage-oils-3-x-30ml-set-mini-size-collection,,,,,,,,,,,,,,,,,,,,,,,,,https://sexshoplorena.com/wp-content/uploads/2025/07/1417090b.jpg,2,TANTRIC SENSUAL MASSAGE OILS  3 x 30ml  Set Mini Size Collection,,,,,,,,,,,,,,
tantric-sensual-massage-oils-3-x-30ml-set-mini-size-collection,,,,,,,,,,,,,,,,,,,,,,,,,https://sexshoplorena.com/wp-content/uploads/2025/07/1417090c.jpg,3,TANTRIC SENSUAL MASSAGE OILS  3 x 30ml  Set Mini Size Collection,,,,,,,,,,,,,,
the-play-set,THE PLAY SET,"The Play Set es un completo y sensual kit de cosmética diseñado para sensuales masajes y experiencias excitantes en compañía.Este kit contiene 4 variedades de geles estimulantes muy versátiles para todo tipo de situaciones, un pack de lo más exquisito y sofisticado, formado por una selección de 'best sellers' de Orgie. Está formado el aceite Sexy Therapy Cotton Candy, aceite besable, un Orgasm Drops, gotitas de placer para el clítoris con efecto frío/calor, un Sexy Vibe, gel con efecto vibración para zonas sensibles y el Touro XXXL, un potenciador diseñado para energizar las erecciones.Vienen en un formato muy ligero e ideales para llevarlos a todos lados. Diseñados para poder probar en un mismo pack diferentes productos de la marca. El kit perfecto para fomentar el erotismo y la exploración a nuevos juegos en solitario o en compañía o para regalar a alguien especial. Los 4 vienen en prácticas monodosis de 2 ml.Características principales:? Pack de 4 productos de Orgie.? Kit muy versátil, para todo tipo de momentos.? formado por una selección de 'best sellers' de la marca.? Incluye: un Sexy Therapy Cotton Candy, un Orgasm Drops, un Sexy Vibe y el Touro XXXL.? Ideal para juegos orales e íntimos.? Mejora las relaciones íntimas.? Formato ligero e ideal para llevar a cualquier sitio.? Fomenta el erotismo y la exploración a nuevos juegos? Monodosis de 2 ml.,\n<h4><strong>Ingredientes:</strong></h4>\nOrgasm Drops: GLYCERIN, POLYSORBATE 20, PROPYLENE GLYCOL, PHENOXYETHANOL, EUGENIA CARYOPHYLLUS FLOWER OIL, EUGENOL, MENTHA ARVENSIS LEAF OIL, ETHYLHEXYLGLYCERIN, LIMONENE.\n\nTouro XXXL: AQUA, GLYCERIN, PROPYLENE GLYCOL, CETEARYL ALCOHOL, ETHYLHEXYL PALMITATE, GLYCERYL STEARATE, HELIANTHUS ANNUUS SEED OIL, PEG-100 STEARATE, TAURINE, SODIUM POLYACRYLATE, PHENOXYETHANOL, BUTYLENE GLYCOL, NIACINAMIDE, HYDROGENATED POLYDECENE, SPILANTHES ACMELLA FLOWER EXTRACT, BUTYROSPERMUM PARKII BUTTER, PRUNUS AMYGDALUS DULCIS OIL, CAPSICUM FRUTESCENS FRUIT EXTRACT, PANAX GINSENG ROOT EXTRACT, ETHYLHEXYLGLYCERIN, DISODIUM EDTA, GINKGO BILOBA LEAF EXTRACT, TRIDECETH-6, BHT, SODIUM BENZOATE, VANILLYL BUTYL ETHER, POTASSIUM SORBATE, ISOPENTYLDIOL, MENTHYL LACTATE, TRISODIUM EDTA, CITRIC ACID, SODIUM METABISULFITE.\n\nSexy Vibe! Liquid Vibrator: AQUA, GLYCERIN, POLYSORBATE 80, ALOE BARBADENSIS LEAF JUICE, PROPYLENE GLYCOL, PHENOXYETHANOL, SPILANTHES ACMELLA,\n<h4><strong>Dimensiones:</strong></h4>\n,\n<p style=""text-align: left;""></p>",ORGIE,,Cosmética íntima,"vendor-orgie, novedad, cosmetica-intima, publico-parejas-todes, subtipo-gel-efecto, efecto-calor",TRUE,Title,Default Title,,,,,1451904,0,shopify,0,deny,manual,17.44,,TRUE,TRUE,5600298351904,https://sexshoplorena.com/wp-content/uploads/2025/07/1451904.jpg,1,THE PLAY SET,FALSE,THE PLAY SET,The Play Set es un completo y sensual kit de cosmética diseñado para sensuales masajes y experiencias excitantes en ... Paquete discreto en 24 h,,,adult,1451904,new,FALSE,https://sexshoplorena.com/wp-content/uploads/2025/07/1451904.jpg,g,,,active
the-play-set,,,,,,,,,,,,,,,,,,,,,,,,,https://sexshoplorena.com/wp-content/uploads/2025/07/1451904b.jpg,2,THE PLAY SET,,,,,,,,,,,,,,
the-play-set,,,,,,,,,,,,,,,,,,,,,,,,,https://sexshoplorena.com/wp-content/uploads/2025/07/1451904c.jpg,3,THE PLAY SET,,,,,,,,,,,,,,
the-secret-seduction-elixir-10-in-1,The Secret Seduction Elixir 10 In 1,"The Secret Seduction Elixir es una crema hidratante corporal y capilar creada especialmente para mujeres.Se trata de un producto único y notable, además de su atractivo sensual. Tan solo con aplicar una pequeña cantidad, deja la piel y el pelo brillante y satinado, creando una irresistible atracción.En el cabello la crema The Secret Seduction produce los siguientes efectos: anti-encrespamiento y desenredante, protector de rayos UV, reparador de puntas abiertas, protege el color, suavidad, cuerpo, brillo y volumen. Tiene un aroma afrodisíaco y con feromonas activas que agudizarán tu poderosa feminidad inspirada en la sensualidad erótica. Envase de 200 ml.,\n<h4><strong>Ingredientes:</strong></h4>\nAqua, Parfum, Argania Spinosa Kernel Oil, \nCetaryl Alcohol, Glycerin, Niacinamide, Behentrimonium Chloride, Methoxy Peg/ppg-7/3 Aminopropyl Dimethicone, Phenoxyethanol, cocos Nucifera Oil, Cyclopentasiloxane, Paraffinum Liquidum, Panthenol, Benzopheone-4, Isopropyl Alchol, Disodium Edta, Pentaerythrityl Tetra-di-t-butyl, Hydroxyhydrocinnamate, Ethylhexylglycerin, Dimethiconol, Polyquatemium-7, Limonene, Hexyl Cinnamal, Linalool Benzyl Salicyclate, Butylphenyl Methylpropional, Coumarin, Alpha-isomethyl Ionone, Citronellol, Citral, Sodium Benzoate.,\n<h4><strong>Dimensiones:</strong></h4>\n201 mm x 49 mm x 49 mm,\n<p style=""text-align: left;""></p>",ORGIE,,Cosmética íntima,"vendor-orgie, novedad, showroom, cosmetica-intima, publico-parejas-todes, subtipo-gel-oral",TRUE,Title,Default Title,,,,,1421302,0,shopify,19,deny,manual,19.69,,TRUE,TRUE,5600298351348,https://sexshoplorena.com/wp-content/uploads/2025/07/1421302.jpg,1,The Secret Seduction Elixir 10 In 1,FALSE,The Secret Seduction Elixir 10 In 1,The Secret Seduction Elixir es una crema hidratante corporal y capilar creada especialmente para mujeres. Se trata de ... Paquete discreto en 24 h,,,adult,1421302,new,FALSE,https://sexshoplorena.com/wp-content/uploads/2025/07/1421302.jpg,g,,,active
tighten-tight-gel,Tighten - Tight Gel,"Tighten Tight Gel  es un gel estimulante formulado con extractos naturales de Salvia y Hamamélis para contraer los músculos de la vagina y proporcionar una sensación de mayor roce durante la penetración.Su fórmula específica contiene ingredientes de gran calidad y principios activos que  proporcionan una sensación de mayor estrechez entre las paredes de la vagina, lo que intensifica el placer para ambos  durante las  relaciones sexuales. Y lo mejor es que al contraer los músculos vaginales no elimina la lubricación natural.Envase de 15 ml.,\n<h4><strong>Ingredientes:</strong></h4>\nAqua (Water), Propylene Glycol, Glycerin, Alchol,\nHydroxyethylcellulose, Butylene Glycol, Salvia Officinalis (Sage) Leaf Extract, Phenoxyethanol, Hamamelis Virginiana (With hazel) Leaf Extract, Disodium EDTA, Arginine.,\n<h4><strong>Dimensiones:</strong></h4>\n125 mm x 58 mm x 30 mm,\n<p style=""text-align: left;""></p>",ORGIE,,Cosmética íntima,"vendor-orgie, novedad, showroom, cosmetica-intima, publico-parejas-todes, subtipo-lubricante",TRUE,Title,Default Title,,,,,1421272,0,shopify,46,deny,manual,14.69,,TRUE,TRUE,5600298351164,https://sexshoplorena.com/wp-content/uploads/2025/07/1421272.jpg,1,Tighten - Tight Gel,FALSE,Tighten - Tight Gel,Tighten Tight Gel es un gel estimulante formulado con extractos naturales de Salvia y Hamamélis para contraer los ... Paquete discreto en 24 h,,,adult,1421272,new,FALSE,https://sexshoplorena.com/wp-content/uploads/2025/07/1421272.jpg,g,,,active
tighten-tight-gel,,,,,,,,,,,,,,,,,,,,,,,,,https://sexshoplorena.com/wp-content/uploads/2025/07/1421272b.jpg,2,Tighten - Tight Gel,,,,,,,,,,,,,,
time-lag-25-ml,Time Lag - 25 ml,"Un spray retardante creado para aumentar el tiempo y el placer del hombre, con una nueva fórmula desensibilizante a base de ingredientes naturales, libre de benzocaína, lidocaína y cualquier otro anestésico, Time Lag Delay Spray.Su fórmula contiene pantenol y aloe vera con efectos antibacterianos y humectantes.Time Lag Delay Spray disminuye la sensibilidad del pene proporcionando relaciones sexuales más largas.Modo de uso Aplicar 2 o 3 pulverizaciones sobre el glande del pene y esperar aproximadamente 5 minutos a que haga efecto. Orgie aúna el placer con el respeto por el medio ambiente y la conciencia ecológica.Envase de 25 ml.,\n<h4><strong>Ingredientes:</strong></h4>\nPropylene Glycol, Alcohol, Laureth-4, Aloe Barbadensis Leaf Juice, Aqua, Isopropyl Alcohol, Mentha Arvensis Leaf Oil, Sodium Benzoate, Panthenol, Limonene, Potassium Sorbate.,\n<h4><strong>Dimensiones:</strong></h4>\n128 mm x 59 mm x 29 mm,\n<p style=""text-align: left;""></p>",ORGIE,,Cosmética íntima,"vendor-orgie, novedad, cosmetica-intima, publico-parejas-todes, efecto-frio",TRUE,Title,Default Title,,,,,1421478,0,shopify,0,deny,manual,29.13,,TRUE,TRUE,5600298351478,https://sexshoplorena.com/wp-content/uploads/2025/07/1421478.jpg,1,Time Lag - 25 ml,FALSE,Time Lag - 25 ml,"Un spray retardante creado para aumentar el tiempo y el placer del hombre, con una nueva fórmula desensibilizante a ... Paquete discreto en 24 h",,,adult,1421478,new,FALSE,https://sexshoplorena.com/wp-content/uploads/2025/07/1421478.jpg,g,,,active
time-lag-25-ml,,,,,,,,,,,,,,,,,,,,,,,,,https://sexshoplorena.com/wp-content/uploads/2025/07/1421478b.jpg,2,Time Lag - 25 ml,,,,,,,,,,,,,,
time-lag-25-ml,,,,,,,,,,,,,,,,,,,,,,,,,https://sexshoplorena.com/wp-content/uploads/2025/07/1421478c.jpg,3,Time Lag - 25 ml,,,,,,,,,,,,,,
time-lag-2-delay-spray-next-generation,TIME LAG 2 DELAY SPRAY Next Generation,"Time Lag 2 Delay Spray Next Generation es un spay retardante para mejorar el tiempo en las relaciones íntimas.Su fórmula enriquecida con Damiana permite una sensación desensibilizante más fuerte para un mejor rendimiento. Es un producto libre de ingredientes anestésicos como Benzocaína y Lidocaína.Debe aplicarse una dosis de 2 a 3 pulverizaciones sobre el pene y masajear, se recomienda realizarlo unos segundos antes del coito.Viene en un cómodo y práctico envase con pulverizador de 10 ml.Características principales:? Spay retardante.? Mejora el tiempo en las relaciones.? Fórmula con: Damiana.? Sensación: desensibilizante.? Libre de Benzocaína y Lidocaína.? Aplicar: 2 a 3 pulverizaciones.? Envase: 10 ml.,\n<h4><strong>Ingredientes:</strong></h4>\nPROPILENGLICOL, ALCOHOL, LAURETH-4, AQUA, JUGO DE HOJA DE ALOE BARBADENSIS, ALCOHOL ISOPROPÍLICO, BENZOATO DE SODIO, PANTENOL, EXTRACTO DE HOJA DE TURNERA DIFFUSA, ÁCIDO CÍTRICO, SORBATO DE POTASIO.,\n<h4><strong>Dimensiones:</strong></h4>\n80 mm x 24 mm Ø,\n<p style=""text-align: left;""></p>",ORGIE,,Cosmética íntima,"vendor-orgie, novedad, showroom, cosmetica-intima, publico-parejas-todes",TRUE,Title,Default Title,,,,,1417052,21,shopify,10,deny,manual,29.38,,TRUE,TRUE,5600742917052,https://sexshoplorena.com/wp-content/uploads/2025/07/1417052.jpg,1,TIME LAG 2 DELAY SPRAY Next Generation,FALSE,TIME LAG 2 DELAY SPRAY Next Generation,Time Lag 2 Delay Spray Next Generation es un spay retardante para mejorar el tiempo en las relaciones íntimas. Su ... Paquete discreto en 24 h,,,adult,1417052,new,FALSE,https://sexshoplorena.com/wp-content/uploads/2025/07/1417052.jpg,g,,,active
time-lag-2-delay-spray-next-generation,,,,,,,,,,,,,,,,,,,,,,,,,https://sexshoplorena.com/wp-content/uploads/2025/07/1417052b.jpg,2,TIME LAG 2 DELAY SPRAY Next Generation,,,,,,,,,,,,,,
time-lag-2-delay-spray-next-generation,,,,,,,,,,,,,,,,,,,,,,,,,https://sexshoplorena.com/wp-content/uploads/2025/07/1417052c.jpg,3,TIME LAG 2 DELAY SPRAY Next Generation,,,,,,,,,,,,,,
time-lag-2-delay-spray-next-generation,,,,,,,,,,,,,,,,,,,,,,,,,https://sexshoplorena.com/wp-content/uploads/2025/07/1417052d.jpg,4,TIME LAG 2 DELAY SPRAY Next Generation,,,,,,,,,,,,,,
touro-erection-cream-with-taurina,Touro - Erection Cream - With Taurina,"Touro Erection Cream es una crema estimuladora con activos de plantas del Amazonas y taurina que proporciona una erección del pene más potente y duradera.Gracias a su fórmula específica de compuestos naturales como el Gingko Biloba y el Ginseng, muy reconocidos en China y en otros países orientales durante siglos.  Este gel potencia las erecciones y el rendimiento sexual gracias a la Taurina y Gingko Biloba que actúan como vasodilatadores y el Ginseng que es un afrodisíaco natural.Touro es único y uno de los mejores geles para potenciar las erecciones y así poder disfrutar al máximo. Modo de uso:Aplicar una pequeña cantidad (como del tamaño de un guisante) directamente en el  pene y extender suavemente desde el glande hasta la base.A los pocos segundos ya se nota la intensidad de sus efectos.Volver a aplicar tantas veces como se desee.Envase de 15 ml.,\n<h4><strong>Ingredientes:</strong></h4>\nAqua, Glycerin, Cetearyl Alchol, Ethylhexyl Palmitate, Propylene Glycol, Glyceryl Stearate, Helianthus Annuus Seed Oil, PEG-100 Stearate, Taurine, Sodium Polyacrylate, Butylene Glycol, Niacinamide, Phenoxyethanol, Hydrogenated Polydecene, Butyrospermum Parkii Butter, Prunus Amygdalus Dulcis Oil, Panax Ginseng Root Extract, Disodium EDTA, Gingko Biloba Leaf Extract, Ethylhexyglycerine, Trideceth-6, BHT, Vanillyl Butyl Ether, Sodium Benzoate, Isopentyldiol, Menthyl Lactate, Sodium Metabisulfite.,\n<h4><strong>Dimensiones:</strong></h4>\n125 mm x 58 mm x 30 mm,\n<p style=""text-align: left;""></p>",ORGIE,,Cosmética íntima,"vendor-orgie, novedad, showroom, cosmetica-intima, publico-parejas-todes",TRUE,Title,Default Title,,,,,1421265,0,shopify,50,deny,manual,15.63,,TRUE,TRUE,5600298351225,https://sexshoplorena.com/wp-content/uploads/2025/07/1421265.jpg,1,Touro - Erection Cream - With Taurina,FALSE,Touro - Erection Cream - With Taurina,Touro Erection Cream es una crema estimuladora con activos de plantas del Amazonas y taurina que proporciona una ... Paquete discreto en 24 h,,,adult,1421265,new,FALSE,https://sexshoplorena.com/wp-content/uploads/2025/07/1421265.jpg,g,,,active
touro-erection-cream-with-taurina,,,,,,,,,,,,,,,,,,,,,,,,,https://sexshoplorena.com/wp-content/uploads/2025/07/1421265b.jpg,2,Touro - Erection Cream - With Taurina,,,,,,,,,,,,,,
touro-xxxl,Touro XXXL,"TOURO XXL Erection Cream es una crema estimuladora para el pene pensada para potenciar y fortalecer la erección. Desarrollada a base de: taurina, acmella, ginseng y ginko. Fórmula específica de compuestos naturales como el gingko (energizante) y el ginseng (estimulante). La acmella es una planta de la selva Amazónica y la taurina potencia la rigidez del pene, actuando como vasodilatador. Aplicar una cantidad pequeña en la zona del glande y masajear con las manos hasta que el producto se absorba y empiece a actuar. Envase de 15 ml.Características Principales: Crema estimuladora para el pene. Potencia y fortalece la erección. Desarrollada a base de: taurina, acmella, ginseng y ginko. Energizante, estimulante y vasodilatador. Aplicar una cantidad pequeña y masajear la zona a estimular. Envase de 15 ml.,\n<h4><strong>Ingredientes:</strong></h4>\nAqua, Glycerin, Propylene, Glycol, Cetearyl Alcohol, Ethylhexyl Palmitate, Glycerin Stearate, Aroma, Helianthus Annuus Seed Oil, PEG-100 Stearate, Taurine, Sodium Polyacrylate, Butylene Glycol, Niacinamide, Phenoxyethanol, Hydrogenated Polydecene, Spilanthes Acmelia Flower Extract, Butyrospermum Parkii Butter, Prunus Amygdalus Dulcis Oil, Capsicum Frutenscens Fruit Extract, Panax Ginseng Root Extract, Disodium EDTA, Gingko Biloba Leaf Extract, Ethylhexyglycerin, Trideceth-6, BHT, Sodium Benzoate, Vanillyl Butyl Ether, Potassium Sorbate, Isopentyldiol, Trisodium EDTA, Citric Acid, Menthyl Lactate, Sodium Metabisulfite, Geraniol.,\n<h4><strong>Dimensiones:</strong></h4>\n93 mm x 25 mm x 25 mm,\n<p style=""text-align: left;""></p>",ORGIE,,Cosmética íntima,"vendor-orgie, novedad, cosmetica-intima, publico-parejas-todes, subtipo-gel-efecto",TRUE,Title,Default Title,,,,,1421638,30,shopify,22,deny,manual,23.69,,TRUE,TRUE,5600298351638,https://sexshoplorena.com/wp-content/uploads/2025/07/1421638.jpg,1,Touro XXXL,FALSE,Touro XXXL,TOURO XXL Erection Cream es una crema estimuladora para el pene pensada para potenciar y fortalecer la erección. ... Paquete discreto en 24 h,,,adult,1421638,new,FALSE,https://sexshoplorena.com/wp-content/uploads/2025/07/1421638.jpg,g,,,active
touro-xxxl,,,,,,,,,,,,,,,,,,,,,,,,,https://sexshoplorena.com/wp-content/uploads/2025/07/1421638b.jpg,2,Touro XXXL,,,,,,,,,,,,,,
vol-up-50-ml,VOL+ UP 50 ML,"Vol+Up es una crema muy especial de Orgie con efecto lifting para mejorar la firmeza de los pechos y los glúteos. Formulado con Adifyline? en un 2% que actua aumentando la cantidad de tejido adiposo para obtener volumen y curvas donde sea deseado. Ayuda a aumentar el volumen localmente, creando curvas atractivas y firmes en pocas semanas. Debe aplicarse una cantidad razonable y masajear con movimientos circulares en la zona deseada, preferiblemente dos veces al día. Viene en una caja muy elegante y en un envase cómodo con dosificador de 50 ml.Características principales:Crema con efecto lifting.Mejora la firmeza del glúteo y los pechos.Formulado con 2% Adifyline?.Aumenta el volumen y las curvas de manera local.Efectivo a las pocas semanas.Viene en caja muy elegante.Envase cómodo con dosificador de 50 ml.,\n<h4><strong>Ingredientes:</strong></h4>\nAqua, Glyceryl Stearate, Glycerin, C12-15 Alkyl Benzoate, Ethylhexyl Palmitate, Cetearyl Alcohol, Butylene Glycol, Prunus Amygdalus Dulcis Oil, Aminomethyl Propanol, Ethylhexylglycerin, Disodium EDTA, Pentaerythrityl Tetra-di-t-butyl Hydroxyhydrocinnamate, Centella Asiatica Leaf Extract, Acetyl Hexapeptide-38, Tocopherol.,\n<h4><strong>Dimensiones:</strong></h4>\n95 mm x 50 mm Ø,\n<p style=""text-align: left;""></p>",ORGIE,,Cosmética íntima,"vendor-orgie, novedad, cosmetica-intima, publico-parejas-todes",TRUE,Title,Default Title,,,,,1451928,95,shopify,10,deny,manual,27.19,,TRUE,TRUE,5600298351928,https://sexshoplorena.com/wp-content/uploads/2025/07/1451928.jpg,1,VOL+ UP 50 ML,FALSE,VOL+ UP 50 ML,El sexshop lorena es una tienda para adultos con una amplia gama de juguetes eróticos. Envío 24 h y garantía de devolución - Paquete discreto,,,adult,1451928,new,FALSE,https://sexshoplorena.com/wp-content/uploads/2025/07/1451928.jpg,g,,,active
wow-blowjob-spray,Wow! Blowjob Spray,"Wow! BlowJob Spray es un spray oral con efectos refrescantes y excitantes.Un producto exclusivo de Orgie. Su fórmula específica contiene una base de aceite de menta y aceite de eucalipto que refrescan y estimulan.Es conocido en muchas partes del mundo el sexo oral con caramelos mentolados o de eucalipto por los efectos de frío y hormigueo, este spray está pensado precisamente para eso. Wow! BlowJob es ideal para realizar felaciones más excitantes y estimulantes. Aplicar una o dos pulverizaciones en el interior de la boca segundos antes de comenzar el juego.Envase de 10 ml.,\n<h4><strong>Ingredientes:</strong></h4>\nAlcohol, Aqua, Glycerin, Propylene Glycol, Menthol, Mentha Arvensis Leaf Oil, Sucralose, Limonene, Eucalyptus Globulus Leaf Extract, Geraniol.,\n<h4><strong>Dimensiones:</strong></h4>\n144 mm x 49 mm x 24 mm,\n<p style=""text-align: left;""></p>",ORGIE,,Cosmética íntima,"vendor-orgie, cosmetica-intima, publico-parejas-todes, subtipo-gel-efecto, efecto-frio",TRUE,Title,Default Title,,,,,1421364,0,shopify,0,deny,manual,16.19,,TRUE,TRUE,1421364,https://sexshoplorena.com/wp-content/uploads/2025/07/1421364.jpg,1,Wow! Blowjob Spray,FALSE,Wow! Blowjob Spray,Wow! BlowJob Spray es un spray oral con efectos refrescantes y excitantes. Un producto exclusivo de Orgie. Su fórmula ... Paquete discreto en 24 h,,,adult,1421364,new,FALSE,https://sexshoplorena.com/wp-content/uploads/2025/07/1421364.jpg,g,,,active
wow-blowjob-spray,,,,,,,,,,,,,,,,,,,,,,,,,https://sexshoplorena.com/wp-content/uploads/2025/07/1421364b.jpg,2,Wow! Blowjob Spray,,,,,,,,,,,,,,
wow-strawberry-ice-10-ml,WOW! STRAWBERRY ICE 10 ML,"Wow! Strawberry Ice es un spray oral con efecto refrescante y un dulce sabor a fresa. Elaborado a base de menta, eucalipto y un excitante aroma a fresa. Especialmente diseñado para crear efecto frío y suave hormigueo que potenciarán los besos, los lametones en zonas sensibles del cuerpo y aportarán sensaciones excitantes durante el sexo oral, aumentando así las posibilidades de juego. Aplicar una o dos pulverizaciones en el interior de la boca segundos antes de empezar con los juegos. Viene en una bonita y elegante caja y en su interior se encuentra un práctico y ligero envase de cristal de 10 ml en formato spray. Características principales:Spray bucal.Sabor refrescante y dulce fresa.Añade eucalipto, menta y fresa.Efecto frío y cosquilleo.Ideal para los besos, lametones y sexo oral.Viene en una bonita y elegante caja.Envase de cristal cómodo y ligero.Envase de 10 ml.,\n<h4><strong>Ingredientes:</strong></h4>\nAcohol, Aqua, Glycerin, Propylene Glycol, Menthol, Mentha Arvensis Leaf Oil, Aroma, Sucralose, Limonene, Eucalyptus Globulus Leaf Extract.,\n<h4><strong>Dimensiones:</strong></h4>\n110 mm x 20 mm Ø,\n<p style=""text-align: left;""></p>",ORGIE,,Cosmética íntima,"vendor-orgie, novedad, showroom, cosmetica-intima, publico-parejas-todes, subtipo-gel-efecto, efecto-frio",TRUE,Title,Default Title,,,,,1451935,20,shopify,13,deny,manual,16.19,,TRUE,TRUE,5600298351935,https://sexshoplorena.com/wp-content/uploads/2025/07/1451935.jpg,1,WOW! STRAWBERRY ICE 10 ML,FALSE,WOW! STRAWBERRY ICE 10 ML,"Wow! Strawberry Ice es un spray oral con efecto refrescante y un dulce sabor a fresa. Elaborado a base de menta, ... Paquete discreto en 24 h",,,adult,1451935,new,FALSE,https://sexshoplorena.com/wp-content/uploads/2025/07/1451935.jpg,g,,,active
xtra-hardpower-gel-for-him,Xtra Hardpower Gel For Him,"Xtra HardPower Gel For Him es un gel excitante para hombre que ayuda a mejorar la erección aportando mayor dureza e intensidad. Diseñado especialmente para hombres, el gel Xtra HardPower mantendrá el pene erecto durante más tiempo. Su fórmula específica contiene paprica y otros estimulantes activos naturales de gran calidad. El uso diario de XTRA HARD mejora el rendimiento sexual.Envase de 50 ml.,\n<h4><strong>Ingredientes:</strong></h4>\nAqua, Propylene Glycol Glycerin, Sodium \nPolyacrylate, Hydrogenated, Polydecene, Phenoxyethanol,\nCapsicum Frytescens Fruit Extract, Mentha Arvensis Leaf Oil,\nEucalyptus Globulus Leaf Extract, Disodium EDTA, Trideceth-6,\nEthylhexyglycerin, Polyquaternium-7, Sodium Benzoate, Potassium Sorbate, Limonene, Trisodium EDTA, Cítric Ácid.,\n<h4><strong>Dimensiones:</strong></h4>\n123 mm x 35 mm x 35 mm,\n<p style=""text-align: left;""></p>",ORGIE,,Cosmética íntima,"vendor-orgie, novedad, showroom, cosmetica-intima, publico-parejas-todes, subtipo-gel-efecto",TRUE,Title,Default Title,,,,,1421180,0,shopify,10,deny,manual,17.19,,TRUE,TRUE,5600298351201,https://sexshoplorena.com/wp-content/uploads/2025/07/1421180.jpg,1,Xtra Hardpower Gel For Him,FALSE,Xtra Hardpower Gel For Him,Xtra HardPower Gel For Him es un gel excitante para hombre que ayuda a mejorar la erección aportando mayor dureza e ... Paquete discreto en 24 h,,,adult,1421180,new,FALSE,https://sexshoplorena.com/wp-content/uploads/2025/07/1421180.jpg,g,,,active
xtra-time-delay-serum,Xtra Time -  Delay Serum,"Xtra Time Delay Serum  es un bálsamo estimulador desarrollado a base de activos naturales y una fórmula exclusiva.Gracias a su fórmula específica desensibiliza el glande del pene y retrasa la eyaculación.  De esta manera,  prolonga la duración  de las relaciones sexuales  y el placer. Exclusiva y revolucionaria fórmula de Orgie para Europa, que emplea materias primas de la más alta calidad.Modo de uso:Aplicar una pequeña cantidad (como del tamaño de un guisante) directamente en el glande y extender suavemente.A los pocos segundos ya se notan sus efectos.Envase de 15 ml.,\n<h4><strong>Ingredientes:</strong></h4>\nCyclopentasiloxane, Dimethiconol, C14-22\nAlkane, Dimethicone.,\n<h4><strong>Dimensiones:</strong></h4>\n125 mm x 58 mm x 30 mm,\n<p style=""text-align: left;""></p>",ORGIE,,Cosmética íntima,"vendor-orgie, novedad, showroom, cosmetica-intima, publico-parejas-todes",TRUE,Title,Default Title,,,,,1421258,0,shopify,50,deny,manual,18.13,,TRUE,TRUE,5600298351218,https://sexshoplorena.com/wp-content/uploads/2025/07/1421258.jpg,1,Xtra Time -  Delay Serum,FALSE,Xtra Time -  Delay Serum,Xtra Time Delay Serum es un bálsamo estimulador desarrollado a base de activos naturales y una fórmula exclusiva. ... Paquete discreto en 24 h,,,adult,1421258,new,FALSE,https://sexshoplorena.com/wp-content/uploads/2025/07/1421258.jpg,g,,,active
xtra-time-delay-serum,,,,,,,,,,,,,,,,,,,,,,,,,https://sexshoplorena.com/wp-content/uploads/2025/07/1421258b.jpg,2,Xtra Time -  Delay Serum,,,,,,,,,,,,,,
xtra-time-delay-gel,Xtra Time - Delay Gel,"Xtra Time Delay Intense  es un gel estimulador desarrollado a base de activos naturales y una fórmula exclusiva.Gracias a su fórmula específica desensibiliza el glande del pene y retrasa la eyaculación.  De esta manera,  prolonga la duración  de las relaciones sexuales  y el placer. Exclusiva y revolucionaria fórmula de Orgie para Europa, que emplea materias primas de la más alta calidad.Modo de uso:Aplicar una pequeña cantidad (como del tamaño de un guisante) directamente en el glande y extender suavemente.A los pocos segundos ya se notan sus efectos.Envase de 15 ml.,\n<h4><strong>Ingredientes:</strong></h4>\nAqua (Water), Alchol, Glycerin, Propylene Glycol,\nPolysorbate 20, Sodium Polyacrylaceth-6, Carbomer, Parfum (Fragance), Mentha Arvensis Leaf Oil, Hydrogenated Polydecene, Phenoxyethanol, Styrene/Acrylates Copolymer, Aminomethyl Propanol, Disodium EDTA, Arginine, Trideceth-6.,\n<h4><strong>Dimensiones:</strong></h4>\n125 mm x 58 mm x 58 mm,\n<p style=""text-align: left;""></p>",ORGIE,,Cosmética íntima,"vendor-orgie, novedad, cosmetica-intima, publico-parejas-todes",TRUE,Title,Default Title,,,,,1421234,0,shopify,17,deny,manual,16.38,,TRUE,TRUE,5600298351195,https://sexshoplorena.com/wp-content/uploads/2025/07/1421234.jpg,1,Xtra Time - Delay Gel,FALSE,Xtra Time - Delay Gel,Xtra Time Delay Intense es un gel estimulador desarrollado a base de activos naturales y una fórmula exclusiva. ... Paquete discreto en 24 h,,,adult,1421234,new,FALSE,https://sexshoplorena.com/wp-content/uploads/2025/07/1421234.jpg,g,,,active
xtra-time-delay-gel,,,,,,,,,,,,,,,,,,,,,,,,,https://sexshoplorena.com/wp-content/uploads/2025/07/1421234b.jpg,2,Xtra Time - Delay Gel,,,,,,,,,,,,,,
acrylic-display,ACRYLIC DISPLAY,"ACRYLIC DISPLAY,\n\n&nbsp;\n<p style=""text-align: left;""></p>",SVAKOM,,Juguete erótico,"vendor-svakom, novedad, juguetes-eroticos, premium",FALSE,Title,Default Title,,,,,25300001,0,shopify,7,deny,manual,0.00,,TRUE,TRUE,25300001,https://sexshoplorena.com/wp-content/uploads/2025/07/25300001.jpg,1,ACRYLIC DISPLAY,FALSE,ACRYLIC DISPLAY,El sexshop lorena es una tienda para adultos con una amplia gama de juguetes eróticos. Envío 24 h y garantía de devolución - Paquete discreto,,,adult,25300001,new,FALSE,https://sexshoplorena.com/wp-content/uploads/2025/07/25300001.jpg,g,,,draft
alex-neo-2,ALEX NEO 2,"Alex Neo 2 es el revolucionario masturbador para penes que proviene de su antecesor Alex Neo. Un masturbador interactivo con movimientos muy fieles a la realidad a través del empuje.Tiene un diseño compacto con una tapa protectora, es sofisticado con un toque futurista. En su interior tiene una funda de TPE ultra suave que proporcionará un ajuste perfecto y único para cualquier tamaño, con una textura interna diseñada exclusivamente para brindar una sensación real e intensa. La funda puede retirarse cómodamente para su mantenimiento e higiene o para su uso de manera manual y libre. Diseñado con un único botón de control que para facilitar aún más el juego. Añade también poder controlarlo a través de la App y esta ofrece un repertorio de juegos en solitario o en la mejor compañía. Por si fuera poco, Alex Neo 2 añade también la función de realidad inmersiva con videos interactivos 2D que vienen sincronizados con los movimientos de empuje del masturbador, ofreciendo así una experiencia de lo más realista.Dispone de un total de 7 modos de auto empuje con movimientos que simulan la masturbación, un motor súper potente y es recargable con cable USB (incluido). No es sumergible y su carga completa en 2h ofrecerá hasta 1,5 horas de intenso placer. Su uso debe completarse con lubricante a base de agua para que la experiencia sea de lo más realista e inolvidable.Características principales:Masturbador interactivo para pene.Antecesor del Alex Neo.Posee potentes movimientos de empuje.Movimientos fieles a la realidad.Diseño compacto, futurista y lujoso.Añade tapa protectora.Funda de TPE que se adapta a todos los cuerpos.La funda se puede retirar para su mantenimiento o uso manual.Textura interna que aporta sensaciones.Un único botón. Añade una App para controlar el juguete a largas distancias.Función interactiva con realidad totalmente inmersiva.7 modos de empuje.Motor muy potente.Recargable con cable USB (incluido).No es sumergible.Tiempo de carga: 2 horas.Tiempo de uso: 1,5 horas.,\n<h4><strong>Características:</strong></h4>\n<strong>Batería:</strong> Recargable con cable USB (incluido),\n\n<strong>Material:</strong> TPE, ABS+PC, Metales,\n\n<strong>Color: </strong>Azul oscuro,\n<h4><strong>Dimensiones producto:</strong></h4>\n300 mm x 86 mm Ø,\n\n<strong>Dimensiones y peso embalaje: </strong>\n\n470 mm x 165 mm x 110 mm,\n\n1760 g\n<p style=""text-align: left;""></p>",SVAKOM,,Juguete erótico,"vendor-svakom, novedad, juguetes-eroticos, premium",TRUE,Title,Default Title,,,,,25338743,950,shopify,0,deny,manual,164.95,,TRUE,TRUE,6959633101278,https://sexshoplorena.com/wp-content/uploads/2025/07/25338743.jpg,1,ALEX NEO 2,FALSE,ALEX NEO 2,Alex Neo 2 es el revolucionario masturbador para penes que proviene de su antecesor Alex Neo. Un masturbador ... Paquete discreto en 24 h,,,adult,25338743,new,FALSE,https://sexshoplorena.com/wp-content/uploads/2025/07/25338743.jpg,g,,,active
alex-neo-2,,,,,,,,,,,,,,,,,,,,,,,,,https://sexshoplorena.com/wp-content/uploads/2025/07/25338743b.jpg,2,ALEX NEO 2,,,,,,,,,,,,,,
alex-neo-2,,,,,,,,,,,,,,,,,,,,,,,,,https://sexshoplorena.com/wp-content/uploads/2025/07/25338743c.jpg,3,ALEX NEO 2,,,,,,,,,,,,,,
alex-neo-2,,,,,,,,,,,,,,,,,,,,,,,,,https://sexshoplorena.com/wp-content/uploads/2025/07/25338743d.jpg,4,ALEX NEO 2,,,,,,,,,,,,,,
alex-neo-2,,,,,,,,,,,,,,,,,,,,,,,,,https://sexshoplorena.com/wp-content/uploads/2025/07/25338743e.jpg,5,ALEX NEO 2,,,,,,,,,,,,,,
alex-neo2-sleeve,ALEX NEO2 SLEEVE,"ALEX NEO 2 SLEEVE es una funda de recambio para el masturbador ALEX NEO 2.Con el tiempo y por los usos la funda interior se va desgastando poco a poco. Para poder seguir con el placer continuado es importante cambiar periódicamente su funda.Está fabricado con material TPE con tacto súper suave y seguro para el cuerpo.Ofrece un toque realista, su textura interior es sencilla y proporcionará una sensación intensa. Su material interno está especialmente diseñado para brindar un agarre automático, listo para disfrutarlo.ALEX NEO 2 SLEEVE se puede usar con o sin ALEX NEO 2.Características principales:? Recambio de funda del masturbador ALEX NEO 2.? Fabricado con material TPE/ABS aptos para el cuerpo.? Tacto súper suave.? Toque realista.? Textura interior sencilla para una sensación intensa.? Su material interno está especialmente diseñado para un agarre automático.?  Puede usarse con o sin ALEX NEO 2.,\n<h4><strong>Características:</strong></h4>\n<strong>Batería:</strong> ,\n\n<strong>Material:</strong> TPE,\n\n<strong>Color: </strong>Blanco,\n<h4><strong>Dimensiones producto:</strong></h4>\n143 mm x 62 mm Ø,\n\n<strong>Dimensiones y peso embalaje: </strong>\n\n155 mm x 67 mm x 67 mm,\n\n250 g\n<p style=""text-align: left;""></p>",SVAKOM,,Juguete erótico,"vendor-svakom, novedad, juguetes-eroticos, premium",TRUE,Title,Default Title,,,,,25338755,225,shopify,48,deny,manual,16.50,,TRUE,TRUE,6959633101490,https://sexshoplorena.com/wp-content/uploads/2025/07/25338755.jpg,1,ALEX NEO2 SLEEVE,FALSE,ALEX NEO2 SLEEVE,ALEX NEO 2 SLEEVE es una funda de recambio para el masturbador ALEX NEO 2.Con el tiempo y por los usos la funda ... Paquete discreto en 24 h,,,adult,25338755,new,FALSE,https://sexshoplorena.com/wp-content/uploads/2025/07/25338755.jpg,g,,,active
alex-neo2-sleeve,,,,,,,,,,,,,,,,,,,,,,,,,https://sexshoplorena.com/wp-content/uploads/2025/07/25338755b.jpg,2,ALEX NEO2 SLEEVE,,,,,,,,,,,,,,
alex-neo2-sleeve,,,,,,,,,,,,,,,,,,,,,,,,,https://sexshoplorena.com/wp-content/uploads/2025/07/25338755c.jpg,3,ALEX NEO2 SLEEVE,,,,,,,,,,,,,,
amy-2-light-purple,AMY 2 LIGHT PURPLE,"Amy 2 es un lujoso vibrador de estimulación directa de la zona G o para masajes sensuales en el clítoris o cualquier zona erógena del cuerpo. Es ergonómico, con un diseño fino y  simple, de eje curvado. Es ultra suave y especialmente flexible, facilitando así poder adaptarse a todo tipo de rincones y necesidades. Su eje es liso y acabado en punta aplanada, ideal para masajear las zonas internas de la vagina o para acariciar las zonas externas del cuerpo más sensibles. Amy 2 es perfecto para penetraciones suaves y controladas, ya sea para personas que quieran iniciarse en el mundo de la juguetería erótica o para usuarios que quieran probar con penetraciones suaves y delicadas. Está fabricado completamente de suave y agradable silicona de alta calidad, con una interfaz muy intuitiva y un total de 5 potentes modos de vibración con 5 niveles de intensidad en cada uno. Se trata de un juguete recargable con cable USB (incluido), con 2 horas de tiempo de uso y totalmente impermeable, gracias a su sistema de carga que permite que el juguete sea totalmente sumergible. Resulta muy fácil de limpiar y su uso con lubricante a base de agua mejorará la experiencia exponencialmente. Incluye además un manual de uso y una bolsita de transporte y almacenamiento.Características principales:? Vibrador de punto G.? Ideal también para masajes en zonas erógenas.? Diseño muy fino, lujoso y simple.? Ergonómico.? Especialmente flexible.? Eje liso y curvado.? Punta aplanada.? Penetraciones suaves y delicadas.? Fabricado 100% en silicona de alta calidad.? Interfaz de tres botones.? 5 modos de vibración y 5 niveles de intensidad.? Recargable con cable USB (incluido).? Impermeable.? Fácil de limpiar.? Incluye una bolsa de transporte y manual de uso.,\n<h4><strong>Características:</strong></h4>\n<strong>Batería:</strong> Recargable con cable USB (incluido),\n\n<strong>Material:</strong> 100% silicona,\n\n<strong>Color: </strong>Lila claro,\n<h4><strong>Dimensiones producto:</strong></h4>\n174 mm x 30 mm x 40 mm,\n\n<strong>Dimensiones y peso embalaje: </strong>\n\n252 mm x 103 mm x 59 mm,\n\n335 g\n<p style=""text-align: left;""></p>",SVAKOM,,Vibrador,"vendor-svakom, novedad, juguetes-eroticos, premium, publico-ella, tipo-vibrador, punto-g",TRUE,Title,Default Title,,,,,25338753,120,shopify,22,deny,manual,76.95,,TRUE,TRUE,6959633102237,https://sexshoplorena.com/wp-content/uploads/2025/07/25338753.jpg,1,AMY 2 LIGHT PURPLE,FALSE,AMY 2 LIGHT PURPLE,Amy 2 es un lujoso vibrador de estimulación directa de la zona G o para masajes sensuales en el clítoris o cualquier ... Paquete discreto en 24 h,,,adult,25338753,new,FALSE,https://sexshoplorena.com/wp-content/uploads/2025/07/25338753.jpg,g,,,active
amy-2-light-purple,,,,,,,,,,,,,,,,,,,,,,,,,https://sexshoplorena.com/wp-content/uploads/2025/07/25338753b.jpg,2,AMY 2 LIGHT PURPLE,,,,,,,,,,,,,,
amy-2-light-purple,,,,,,,,,,,,,,,,,,,,,,,,,https://sexshoplorena.com/wp-content/uploads/2025/07/25338753c.jpg,3,AMY 2 LIGHT PURPLE,,,,,,,,,,,,,,
amy-2-light-purple,,,,,,,,,,,,,,,,,,,,,,,,,https://sexshoplorena.com/wp-content/uploads/2025/07/25338753d.jpg,4,AMY 2 LIGHT PURPLE,,,,,,,,,,,,,,
amy-2-light-purple,,,,,,,,,,,,,,,,,,,,,,,,,https://sexshoplorena.com/wp-content/uploads/2025/07/25338753e.jpg,5,AMY 2 LIGHT PURPLE,,,,,,,,,,,,,,
amy-2-violet,AMY 2 VIOLET,"Amy 2 es un lujoso vibrador de estimulación directa de la zona G o para masajes sensuales en el clítoris o cualquier zona erógena del cuerpo. Es ergonómico, con un diseño fino y  simple, de eje curvado. Es ultra suave y especialmente flexible, facilitando así poder adaptarse a todo tipo de rincones y necesidades. Su eje es liso y acabado en punta aplanada, ideal para masajear las zonas internas de la vagina o para acariciar las zonas externas del cuerpo más sensibles. Amy 2 es perfecto para penetraciones suaves y controladas, ya sea para personas que quieran iniciarse en el mundo de la juguetería erótica o para usuarios que quieran probar con penetraciones suaves y delicadas. Está fabricado completamente de suave y agradable silicona de alta calidad, con una interfaz muy intuitiva y un total de 5 potentes modos de vibración con 5 niveles de intensidad en cada uno. Se trata de un juguete recargable con cable USB (incluido), con 2 horas de tiempo de uso y totalmente impermeable, gracias a su sistema de carga que permite que el juguete sea totalmente sumergible. Resulta muy fácil de limpiar y su uso con lubricante a base de agua mejorará la experiencia exponencialmente. Incluye además un manual de uso y una bolsita de transporte y almacenamiento.Características principales:Vibrador de punto G.Ideal también para masajes en zonas erógenas.Diseño muy fino, lujoso y simple.Ergonómico.Especialmente flexible.Eje liso y curvado.Punta aplanada.Penetraciones suaves y delicadas.Fabricado 100% en silicona de alta calidad.Interfaz de tres botones.5 modos de vibración y 5 niveles de intensidad.Recargable con cable USB (incluido).Impermeable.Fácil de limpiar.Incluye una bolsa de transporte y manual de uso.,\n<h4><strong>Características:</strong></h4>\n<strong>Batería:</strong> Recargable con cable USB (incluido),\n\n<strong>Material:</strong> 100% silicona,\n\n<strong>Color: </strong>Violeta,\n<h4><strong>Dimensiones producto:</strong></h4>\n174 mm x 30 mm x 40 mm,\n\n<strong>Dimensiones y peso embalaje: </strong>\n\n252 mm x 103 mm x 59 mm,\n\n335 g\n<p style=""text-align: left;""></p>",SVAKOM,,Vibrador,"vendor-svakom, novedad, juguetes-eroticos, premium, publico-ella, tipo-vibrador, punto-g",TRUE,Title,Default Title,,,,,25338748,120,shopify,18,deny,manual,76.95,,TRUE,TRUE,6959633146651,https://sexshoplorena.com/wp-content/uploads/2025/07/25338748.jpg,1,AMY 2 VIOLET,FALSE,AMY 2 VIOLET,Amy 2 es un lujoso vibrador de estimulación directa de la zona G o para masajes sensuales en el clítoris o cualquier ... Paquete discreto en 24 h,,,adult,25338748,new,FALSE,https://sexshoplorena.com/wp-content/uploads/2025/07/25338748.jpg,g,,,active
amy-2-violet,,,,,,,,,,,,,,,,,,,,,,,,,https://sexshoplorena.com/wp-content/uploads/2025/07/25338748b.jpg,2,AMY 2 VIOLET,,,,,,,,,,,,,,
amy-2-violet,,,,,,,,,,,,,,,,,,,,,,,,,https://sexshoplorena.com/wp-content/uploads/2025/07/25338748c.jpg,3,AMY 2 VIOLET,,,,,,,,,,,,,,
amy-2-violet,,,,,,,,,,,,,,,,,,,,,,,,,https://sexshoplorena.com/wp-content/uploads/2025/07/25338748d.jpg,4,AMY 2 VIOLET,,,,,,,,,,,,,,
amy-2-violet,,,,,,,,,,,,,,,,,,,,,,,,,https://sexshoplorena.com/wp-content/uploads/2025/07/25338748e.jpg,5,AMY 2 VIOLET,,,,,,,,,,,,,,
amy-pale-pink-svakom,AMY PALE PINK SVAKOM,"Amy es un vibrador de elegante diseño que hará que sea tu vibrador favorito ya que no es ni demasiado grande, ni demasiado pequeño.Con una sutil curva en su cuerpo y el tacto como la seda. Este juguete está diseñado principalmente para estimular el punto G con facilidad.Con 6 modos de vibración que se cambian fácilmente con el toque de un botón, está fabricado con material ecológico.Amy te ofrece la elegancia y el estilo que tú necesitas. Amy es completamente sumergible, lo podrás usar dentro de tu bañera.,\n<h4><strong>Características:</strong></h4>\n<strong>Batería:</strong> Recargable,\n\n<strong>Material:</strong> Silicona,\n\n<strong>Color: </strong>Rosa palido,\n<h4><strong>Dimensiones producto:</strong></h4>\n170 mm x 60 mm x 30 mm,\n\n<strong>Dimensiones y peso embalaje: </strong>\n\n296 mm x 119 mm x 57 mm,\n\n457 g\n<p style=""text-align: left;""></p>",SVAKOM,,Vibrador,"vendor-svakom, novedad, juguetes-eroticos, premium, publico-ella, tipo-vibrador, punto-g",TRUE,Title,Default Title,,,,,25325050,90,shopify,18,deny,manual,64.90,,TRUE,TRUE,6959633100295,https://sexshoplorena.com/wp-content/uploads/2025/07/25325050.jpg,1,AMY PALE PINK SVAKOM,FALSE,AMY PALE PINK SVAKOM,"Amy es un vibrador de elegante diseño que hará que sea tu vibrador favorito ya que no es ni demasiado grande, ni ... Paquete discreto en 24 h",,,adult,25325050,new,FALSE,https://sexshoplorena.com/wp-content/uploads/2025/07/25325050.jpg,g,,,active
amy-pale-pink-svakom,,,,,,,,,,,,,,,,,,,,,,,,,https://sexshoplorena.com/wp-content/uploads/2025/07/25325050b.jpg,2,AMY PALE PINK SVAKOM,,,,,,,,,,,,,,
amy-pale-pink-svakom,,,,,,,,,,,,,,,,,,,,,,,,,https://sexshoplorena.com/wp-content/uploads/2025/07/25325050c.jpg,3,AMY PALE PINK SVAKOM,,,,,,,,,,,,,,
angel-plum-red,Angel Plum Red,"<h3><b>ANGEL: El Vibrador Conejo Elegante y Versátil para un Placer Cálido e Intenso</b></h3>\n&nbsp;\n\nDescubre <b>Angel</b>, un vibrador conejo excepcionalmente versátil y con un diseño elegante que te invita a explorar nuevas dimensiones de placer. Diseñado para adaptarse a tus deseos, Angel se convierte en tu compañero ideal para una estimulación precisa y profunda.\n\n<b>Diseño y Versatilidad para un Placer Múltiple:</b>\n<ul>\n 	<li><b>Doble Estimulación Precisa:</b> Cuenta con dos motores muy potentes que pueden activarse a la vez o de forma independiente, ofreciendo una versatilidad única.</li>\n 	<li><b>Estimulación Multifoco:</b> Su diseño es ideal para alcanzar y estimular intensamente el clítoris, el punto G y los pezones, proporcionando una experiencia completa y personalizada.</li>\n 	<li><b>Agarre Ergonómico:</b> Su mango ergonómico asegura un agarre cómodo y preciso, permitiéndote dirigir el placer con facilidad.</li>\n</ul>\n<b>Innovación que Eleva las Sensaciones:</b>\n<ul>\n 	<li><b>Núcleo de Calentamiento Integrado:</b> Angel incorpora una tecnología innovadora con un núcleo que calienta hasta <b>38ºC</b>. Este toque cálido aporta una sensación más real y natural al entrar en contacto con el cuerpo, intensificando la conexión.</li>\n 	<li><b>Experiencia sin Interrupciones:</b> Su motor, aunque muy potente, es también <b>silencioso</b>, garantizando la máxima discreción durante su uso.</li>\n</ul>\n<b>Placer Personalizable a tu Gusto:</b>\n<ul>\n 	<li><b>Variedad de Modos y Niveles:</b> Disfruta de 7 modos de vibración, cada uno con 5 niveles de intensidad ajustables, además de un modo inteligente único.</li>\n 	<li><b>36 Maneras de Placer:</b> En total, Angel te ofrece <b>36 combinaciones diferentes</b> para explorar y encontrar exactamente el tipo de placer que deseas en cada momento.</li>\n</ul>\n<b>Libertad y Durabilidad:</b>\n<ul>\n 	<li><b>Totalmente Sumergible:</b> Angel es completamente sumergible, lo que significa que puedes llevarlo contigo a la ducha o a la bañera para disfrutar de experiencias íntimas diferentes y emocionantes.</li>\n 	<li><b>Larga Vida Útil:</b> Su potente motor está diseñado para una larga durabilidad, asegurando que Angel será tu compañero de placer por mucho tiempo.</li>\n</ul>\n<b>Angel</b> es más que un vibrador; es una herramienta sofisticada y adaptable que te promete momentos de placer inolvidables, combinando tecnología avanzada, diseño elegante y una versatilidad excepcional.\n<h4><strong>Características:</strong></h4>\n<strong>Batería:</strong> Recargable,\n\n<strong>Material:</strong> Silicona,\n\n<strong>Color: </strong>Ciruela roja,\n<h4><strong>Dimensiones producto:</strong></h4>\n191 mm (Longitud) x 33 mm (Diámetro),\n\n<strong>Dimensiones y peso embalaje: </strong>\n\n249 mm x 100 mm x 56 mm,\n\n466 g\n<p style=""text-align: left;""></p>",SVAKOM,,Vibrador,"vendor-svakom, novedad, juguetes-eroticos, premium, publico-ella, tipo-vibrador, punto-g",TRUE,Title,Default Title,,,,,25337941,146,shopify,2,deny,manual,87.95,,TRUE,TRUE,6959633181515,https://sexshoplorena.com/wp-content/uploads/2025/07/25337941.jpg,1,Angel Plum Red,FALSE,Angel Plum Red,ANGEL: El Vibrador Conejo Elegante y Versátil para un Placer Cálido e Intenso Descubre ... Paquete discreto en 24 h,,,adult,25337941,new,FALSE,https://sexshoplorena.com/wp-content/uploads/2025/07/25337941.jpg,g,,,active
angel-plum-red,,,,,,,,,,,,,,,,,,,,,,,,,https://sexshoplorena.com/wp-content/uploads/2025/07/25337941b.jpg,2,Angel Plum Red,,,,,,,,,,,,,,
angel-plum-red,,,,,,,,,,,,,,,,,,,,,,,,,https://sexshoplorena.com/wp-content/uploads/2025/07/25337941c.jpg,3,Angel Plum Red,,,,,,,,,,,,,,
anya-plum-red,Anya Plum Red,"Vibrador flexible y  recargable con núcleo de calentamiento, que puede calentar hasta 38ºC (cerca de la temperatura corporal). Por lo tanto se puede disfrutar del sexo  caliente incluso en el frío invierno.  Está diseñado para estimular el punto G, clítoris o cualquier zona erógena e  incorpora unas estrías en el eje para mayor estimulación. Con 5 modos de vibración, cada uno con 5 niveles de intensidad, más el modo  inteligente, en definitiva 26 maneras diferentes  de disfrutar de Anya. El motor de este juguete  tiene una larga vida útil, es potente y silencioso (a penas de escucha desde  más de un metro de distancia).Es totalmente sumergible, se puede utilizar tanto en la ducha como en la  bañera.  Su batería tarda en cargarse una hora y el tiempo de funcionamiento es de 3 horas.Este juguete está fabricado con materiales ecológicos.,\n<h4><strong>Características:</strong></h4>\n<strong>Batería:</strong> Recargable,\n\n<strong>Material:</strong> Silicona,\n\n<strong>Color: </strong>Ciruela roja,\n<h4><strong>Dimensiones producto:</strong></h4>\n195 mm (Longitud) x 33 mm (Diámetro),\n\n<strong>Dimensiones y peso embalaje: </strong>\n\n249 mm x 100 mm x 56 mm,\n\n451 g\n<p style=""text-align: left;""></p>",SVAKOM,,Vibrador,"vendor-svakom, novedad, juguetes-eroticos, premium, publico-ella, tipo-vibrador, punto-g",TRUE,Title,Default Title,,,,,25337841,140,shopify,0,deny,manual,71.45,,TRUE,TRUE,6959633170755,https://sexshoplorena.com/wp-content/uploads/2025/07/25337841.jpg,1,Anya Plum Red,FALSE,Anya Plum Red,"Vibrador flexible y recargable con núcleo de calentamiento, que puede calentar hasta 38ºC (cerca de la temperatura ... Paquete discreto en 24 h",,,adult,25337841,new,FALSE,https://sexshoplorena.com/wp-content/uploads/2025/07/25337841.jpg,g,,,active
anya-plum-red,,,,,,,,,,,,,,,,,,,,,,,,,https://sexshoplorena.com/wp-content/uploads/2025/07/25337841b.jpg,2,Anya Plum Red,,,,,,,,,,,,,,
anya-plum-red,,,,,,,,,,,,,,,,,,,,,,,,,https://sexshoplorena.com/wp-content/uploads/2025/07/25337841c.jpg,3,Anya Plum Red,,,,,,,,,,,,,,
ava-neo,AVA NEO,"Ava Neo es un lujoso vibrador para masajear la zona G con un motor de empuje potente en la punta que aportará golpes controlados en la zona G para aumentar las sensaciones durante la penetración. Meticulosamente estudiado para que no dañe la piel sensible del interior de la vagina. Es ergonómico, con un diseño fino y simple, de eje curvado y con suaves ondulaciones. Acabado en una punta redondeada que recuerda delicadamente al glande del pene. Posee motores de vibración y de empuje en la punta, controlables a través de tres botones muy intuitivos. Está fabricado en suave y agradable silicona de alta calidad con un detalle dorado en ABS en la zona del agarre que le da un toque sofisticado. Posee un total de 5 potentes modos de vibración/empuje con 5 niveles de intensidad en cada uno. Se trata de un juguete recargable con cable USB magnético (incluido), impermeable y con 2 horas de tiempo de carga para disfrutar de 1 h de uso. Además, el juguete también es controlable a través de una APP que ofrece gran variedad de posibilidades de juego, ampliando así el abanico de funcionalidades del juguete. Ava Neo puede sincronizarse con una amplia variedad de plataformas interactivas de video, así como con los sitios de cámaras más populares. Su uso con lubricante a base de agua mejorará la experiencia exponencialmente. Incluye además un manual de uso y una bolsita de transporte y almacenamiento.Características principales:? Vibrador con función de empuje.? Para la zona G.? Diseño muy fino, lujoso y sofisticado.? Ergonómico.? Con ondulaciones en su eje.? Fabricado en silicona de alta calidad y detalle en ABS dorado.? Interfaz de tres botones.? 5 modos de vibración/empuje y 5 niveles de intensidad.? Recargable con cable USB magnético (incluido).? Impermeable.? Tiene una aplicación móvil con la que controlar el juguete y personalizar patrones de vibración.? Añade función interactiva.? Fácil de limpiar.? Incluye una bolsa de transporte y manual de uso.,\n<h4><strong>Características:</strong></h4>\n<strong>Batería:</strong> Recargable con cable USB (incluido),\n\n<strong>Material:</strong> Silicona/ABS,\n\n<strong>Color: </strong>Azul,\n<h4><strong>Dimensiones producto:</strong></h4>\n186 mm x 33 mm Ø,\n\n<strong>Dimensiones y peso embalaje: </strong>\n\n250 mm x 100 mm x 57 mm,\n\n430 g\n<p style=""text-align: left;""></p>",SVAKOM,,Vibrador,"vendor-svakom, novedad, juguetes-eroticos, premium, publico-ella, tipo-vibrador, punto-g",TRUE,Title,Default Title,,,,,25338752,150,shopify,0,deny,manual,87.95,,TRUE,TRUE,6959633102800,https://sexshoplorena.com/wp-content/uploads/2025/07/25338752.jpg,1,AVA NEO,FALSE,AVA NEO,Ava Neo es un lujoso vibrador para masajear la zona G con un motor de empuje potente en la punta que aportará golpes ... Paquete discreto en 24 h,,,adult,25338752,new,FALSE,https://sexshoplorena.com/wp-content/uploads/2025/07/25338752.jpg,g,,,active
ava-neo,,,,,,,,,,,,,,,,,,,,,,,,,https://sexshoplorena.com/wp-content/uploads/2025/07/25338752b.jpg,2,AVA NEO,,,,,,,,,,,,,,
ava-neo,,,,,,,,,,,,,,,,,,,,,,,,,https://sexshoplorena.com/wp-content/uploads/2025/07/25338752c.jpg,3,AVA NEO,,,,,,,,,,,,,,
ava-neo,,,,,,,,,,,,,,,,,,,,,,,,,https://sexshoplorena.com/wp-content/uploads/2025/07/25338752d.jpg,4,AVA NEO,,,,,,,,,,,,,,
ava-neo,,,,,,,,,,,,,,,,,,,,,,,,,https://sexshoplorena.com/wp-content/uploads/2025/07/25338752e.jpg,5,AVA NEO,,,,,,,,,,,,,,
avery-lilac,AVERY LILAC,"Avery es un lujoso vibrador de doble estimulación diseñado para mimar la zona G y el clítoris de manera simultanea. Con una función innovadora Avery añade un motor de empuje potente en la punta que aportará golpes controlados en la zona G para aumentar las sensaciones durante la penetración. Meticulosamente estudiado para que no dañe la piel sensible del interior de la vagina. Es ergonómico, con un diseño fino y  simple, de eje curvado y con suaves ondulaciones. Posee motores independientes de vibración y de empuje en la punta, controlables a través de tres botones muy intuitivos. Está fabricado en suave y agradable silicona de alta calidad con un detalle plateado en ABS en la zona del agarre que le da un toque sofisticado. Posee un total de 5 potentes modos de vibración/empuje con 5 niveles de intensidad en cada uno. Se trata de un juguete recargable con cable USB (incluido), con 2 horas de tiempo de uso y totalmente impermeable. Resulta muy fácil de limpiar y su uso con lubricante a base de agua mejorará la experiencia exponencialmente. Gracias a sus dos ejes de estimulación, Avery es totalmente apto para penetración anal y masaje prostático. Incluye además un manual de uso y una bolsita de transporte y almacenamiento.Características principales:Vibrador de doble estimulación.Para el punto G y clítoris.Añade función de empuje.Diseño muy fino, lujoso y sofisticado.Ergonómico.Con ondulaciones en su eje.Fabricado en silicona de alta calidad y detalle en ABS.Motores independientes.Interfaz de tres botones.5 modos de vibración/empuje y 5 niveles de intensidad.Recargable con cable USB (incluido).Impermeable.Apto para penetración anal.Fácil de limpiar.Incluye una bolsa de transporte y manual de uso.,\n<h4><strong>Características:</strong></h4>\n<strong>Batería:</strong> Recargable con cable USB (incluido),\n\n<strong>Material:</strong> Silicona/ABS,\n\n<strong>Color: </strong>Violeta,\n<h4><strong>Dimensiones producto:</strong></h4>\n186 mm x 74 mm x 33 mm,\n\n<strong>Dimensiones y peso embalaje: </strong>\n\n252 mm x 103 mm x 59 mm,\n\n380 g\n<p style=""text-align: left;""></p>",SVAKOM,,Vibrador,"vendor-svakom, novedad, juguetes-eroticos, premium, publico-ella, tipo-vibrador, punto-g",TRUE,Title,Default Title,,,,,25338747,185,shopify,18,deny,manual,87.95,,TRUE,TRUE,6959633168547,https://sexshoplorena.com/wp-content/uploads/2025/07/25338747.jpg,1,AVERY LILAC,FALSE,AVERY LILAC,El sexshop lorena es una tienda para adultos con una amplia gama de juguetes eróticos. Envío 24 h y garantía de devolución - Paquete discreto,,,adult,25338747,new,FALSE,https://sexshoplorena.com/wp-content/uploads/2025/07/25338747.jpg,g,,,active
avery-lilac,,,,,,,,,,,,,,,,,,,,,,,,,https://sexshoplorena.com/wp-content/uploads/2025/07/25338747b.jpg,2,AVERY LILAC,,,,,,,,,,,,,,
avery-lilac,,,,,,,,,,,,,,,,,,,,,,,,,https://sexshoplorena.com/wp-content/uploads/2025/07/25338747c.jpg,3,AVERY LILAC,,,,,,,,,,,,,,
avery-lilac,,,,,,,,,,,,,,,,,,,,,,,,,https://sexshoplorena.com/wp-content/uploads/2025/07/25338747d.jpg,4,AVERY LILAC,,,,,,,,,,,,,,
avery-lilac,,,,,,,,,,,,,,,,,,,,,,,,,https://sexshoplorena.com/wp-content/uploads/2025/07/25338747e.jpg,5,AVERY LILAC,,,,,,,,,,,,,,
avery-strawberry-pink,Avery Strawberry Pink,"Avery es un lujoso vibrador de doble estimulación diseñado para mimar la zona G y el clítoris de manera simultánea.Con una función innovadora Avery añade un motor de empuje potente en la punta que aportará golpes controlados en la zona G para aumentar las sensaciones durante la penetración. Meticulosamente estudiado para que no dañe la piel sensible del interior de la vagina.Es ergonómico, con un diseño fino y simple, de eje curvado y con suaves ondulaciones. Posee motores independientes de vibración y de empuje en la punta, controlables a través de tres botones muy intuitivos.Está fabricado en suave y agradable silicona de alta calidad con un detalle plateado en ABS en la zona del agarre que le da un toque sofisticado. Posee un total de 5 potentes modos de vibración/empuje con 5 niveles de intensidad en cada uno. Se trata de un juguete recargable con cable USB (incluido), con 2 horas de tiempo de uso y totalmente impermeable.Resulta muy fácil de limpiar y su uso con lubricante a base de agua mejorará la experiencia exponencialmente. Gracias a sus dos ejes de estimulación, Avery es totalmente apto para penetración anal y masaje prostático. Incluye además un manual de uso y una bolsita de transporte y almacenamiento.Características principales:? Vibrador de doble estimulación.? Para el punto G y clítoris.? Añade función de empuje.? Diseño muy fino, lujoso y sofisticado.? Ergonómico.? Con ondulaciones en su eje.? Fabricado en silicona de alta calidad y detalle en ABS.? Motores independientes.? Interfaz de tres botones.? 5 modos de vibración/empuje y 5 niveles de intensidad.? Recargable con cable USB (incluido).? Impermeable.? Apto para penetración anal.? Fácil de limpiar.? Incluye una bolsa de transporte y manual de uso.,\n<h4><strong>Características:</strong></h4>\n<strong>Batería:</strong> Recargable con cable USB (incluido),\n\n<strong>Material:</strong> ,\n\n<strong>Color: </strong>Rosa fresa,\n<h4><strong>Dimensiones producto:</strong></h4>\n186 mm x33 mm x 74 mm,\n\n<strong>Dimensiones y peso embalaje: </strong>\n\n250 mm x 110 mm x 60 mm,\n\n435 g\n<p style=""text-align: left;""></p>",SVAKOM,,Vibrador,"vendor-svakom, novedad, juguetes-eroticos, premium, publico-ella, tipo-vibrador, punto-g",TRUE,Title,Default Title,,,,,25338768,183,shopify,14,deny,manual,87.95,,TRUE,TRUE,6959633104743,https://sexshoplorena.com/wp-content/uploads/2025/07/25338768.jpg,1,Avery Strawberry Pink,FALSE,Avery Strawberry Pink,Avery es un lujoso vibrador de doble estimulación diseñado para mimar la zona G y el clítoris de manera simultánea.Con ... Paquete discreto en 24 h,,,adult,25338768,new,FALSE,https://sexshoplorena.com/wp-content/uploads/2025/07/25338768.jpg,g,,,active
avery-strawberry-pink,,,,,,,,,,,,,,,,,,,,,,,,,https://sexshoplorena.com/wp-content/uploads/2025/07/25338768b.jpg,2,Avery Strawberry Pink,,,,,,,,,,,,,,
avery-strawberry-pink,,,,,,,,,,,,,,,,,,,,,,,,,https://sexshoplorena.com/wp-content/uploads/2025/07/25338768c.jpg,3,Avery Strawberry Pink,,,,,,,,,,,,,,
avery-strawberry-pink,,,,,,,,,,,,,,,,,,,,,,,,,https://sexshoplorena.com/wp-content/uploads/2025/07/25338768d.jpg,4,Avery Strawberry Pink,,,,,,,,,,,,,,
aylin-dark-blue,AYLIN DARK BLUE,"Aylin es un lujoso vibrador de doble estimulación diseñado para mimar la zona G y el clítoris de manera simultanea. Con una función innovadora Aylin añade un motor de pulsación en la punta que aportará potentes golpes controlados en la zona G para aumentar las sensaciones. Es ergonómico, con un diseño fino y  simple, de eje curvado y con suaves ondulaciones. Posee motor de vibración y de pulsación en la punta, controlable a través de tres botones muy intuitivos. Está fabricado en suave y agradable silicona de alta calidad con un detalle plateado en ABS en la zona del agarre que le da un toque sofisticado. Posee un total de 5 potentes modos de vibración con 5 niveles de intensidad en cada uno. Se trata de un juguete recargable con cable USB (incluido), con 2 horas de tiempo de uso y totalmente impermeable. Resulta muy fácil de limpiar y su uso con lubricante a base de agua mejorará la experiencia exponencialmente. Gracias a sus dos ejes de estimulación, Aylin es totalmente apto para penetración anal y masaje prostático. Incluye además un manual de uso y una bolsita de transporte y almacenamiento.Características principales:Vibrador de doble estimulación.Para el punto G y clítoris.Añade función de pulsación.Diseño muy fino, lujoso y sofisticado.Ergonómico.Con ondulaciones en su eje.Fabricado en silicona de alta calidad y detalle en ABS.Interfaz de tres botones.5 modos de vibración y 5 niveles de intensidad.Recargable con cable USB (incluido).Impermeable.Apto para penetración anal.Fácil de limpiar.Incluye una bolsa de transporte y manual de uso.,\n<h4><strong>Características:</strong></h4>\n<strong>Batería:</strong> Recargable con cable USB (incluido),\n\n<strong>Material:</strong> Silicona/ABS,\n\n<strong>Color: </strong>Azul oscuro,\n<h4><strong>Dimensiones producto:</strong></h4>\n215 mm x 66 mm x 34 mm,\n\n<strong>Dimensiones y peso embalaje: </strong>\n\n252 mm x 103 mm x 59 mm,\n\n445 g\n<p style=""text-align: left;""></p>",SVAKOM,,Vibrador,"vendor-svakom, novedad, juguetes-eroticos, premium, publico-ella, tipo-vibrador, punto-g",TRUE,Title,Default Title,,,,,25338746,180,shopify,4,deny,manual,87.95,,TRUE,TRUE,6959633143254,https://sexshoplorena.com/wp-content/uploads/2025/07/25338746.jpg,1,AYLIN DARK BLUE,FALSE,AYLIN DARK BLUE,Aylin es un lujoso vibrador de doble estimulación diseñado para mimar la zona G y el clítoris de manera simultanea. Con ... Paquete discreto en 24 h,,,adult,25338746,new,FALSE,https://sexshoplorena.com/wp-content/uploads/2025/07/25338746.jpg,g,,,active
aylin-dark-blue,,,,,,,,,,,,,,,,,,,,,,,,,https://sexshoplorena.com/wp-content/uploads/2025/07/25338746b.jpg,2,AYLIN DARK BLUE,,,,,,,,,,,,,,
aylin-dark-blue,,,,,,,,,,,,,,,,,,,,,,,,,https://sexshoplorena.com/wp-content/uploads/2025/07/25338746c.jpg,3,AYLIN DARK BLUE,,,,,,,,,,,,,,
aylin-dark-blue,,,,,,,,,,,,,,,,,,,,,,,,,https://sexshoplorena.com/wp-content/uploads/2025/07/25338746d.jpg,4,AYLIN DARK BLUE,,,,,,,,,,,,,,
aylin-dark-blue,,,,,,,,,,,,,,,,,,,,,,,,,https://sexshoplorena.com/wp-content/uploads/2025/07/25338746e.jpg,5,AYLIN DARK BLUE,,,,,,,,,,,,,,
benedict-black,BENEDICT BLACK,"Benedict es un original anillo doble para el pene con vibración diseñado especialmente para acomodarse en la zona perineal y masajearla suave o estridentemente. Las anillas ayudan a prolongar la erección y a mantenerla fuerte y sensible. De tamaño ligero y con un diseño elegante, sofisticado y futurista. Resulta muy ergonómico y la doble anilla al ser totalmente flexible se adapta a todo tipo de cuerpos. Una de las anillas está pensada para acomodarla en la base del pene y la otra para la base de los testículos. Fabricado de silicona suave y agradable y un detalle en ABS. Su potente motor queda delicadamente apoyado en la zona del perineo estimulándolo gracias a sus 5 modos de vibración y 5 intensidades. Es un juguete recargable por cable USB (incluido), totalmente sumergible y fácil de limpiar. Es ideal para el uso en solitario o para juegos eróticos en compañía para intensificar las sensaciones. Incluye un manual de instrucciones y una bolsita de transporte. Se recomienda el uso de lubricante a base de agua para ayudar a colocar las anillas y mantener la zona rasurada para evitar posibles daños. Se aconseja no llevar puesto más de 30 minutos.Características principales:Anillo doble con vibración.Diseñado para estimular el perineo.Mantiene la erección más duradera y potente.Al mismo tiempo estimula el perineo.Elegante y ergonómico.Presiona el pene y los testículos.Flexible y muy adaptable.Fabricado en silicona y ABS.5 modos de vibración.5 intensidades de vibración. Recargable cable USB (incluido).Sumergible.Fácil de limpiar.Ideal para el uso en solitario o en compañía.Incluye instrucciones de uso y una bolsita.Se recomienda el uso de lubricante a base de agua, rasurar la zona íntima y no llevar más de 30 minutos.,\n<h4><strong>Características:</strong></h4>\n<strong>Batería:</strong> Recargable cable USB (incluido),\n\n<strong>Material:</strong> Silicona/ABS,\n\n<strong>Color: </strong>Negro,\n<h4><strong>Dimensiones producto:</strong></h4>\n114 mm x 54 mm x 62 mm,\n\n<strong>Dimensiones y peso embalaje: </strong>\n\n170 mm x 132 mm x 60 mm,\n\n290 g\n<p style=""text-align: left;""></p>",SVAKOM,,Juguete erótico,"vendor-svakom, novedad, juguetes-eroticos, premium",TRUE,Title,Default Title,,,,,25338734,70,shopify,23,deny,manual,71.45,,TRUE,TRUE,6959633135341,https://sexshoplorena.com/wp-content/uploads/2025/07/25338734.jpg,1,BENEDICT BLACK,FALSE,BENEDICT BLACK,Benedict es un original anillo doble para el pene con vibración diseñado especialmente para acomodarse en la zona ... Paquete discreto en 24 h,,,adult,25338734,new,FALSE,https://sexshoplorena.com/wp-content/uploads/2025/07/25338734.jpg,g,,,active
benedict-black,,,,,,,,,,,,,,,,,,,,,,,,,https://sexshoplorena.com/wp-content/uploads/2025/07/25338734b.jpg,2,BENEDICT BLACK,,,,,,,,,,,,,,
benedict-black,,,,,,,,,,,,,,,,,,,,,,,,,https://sexshoplorena.com/wp-content/uploads/2025/07/25338734c.jpg,3,BENEDICT BLACK,,,,,,,,,,,,,,
benedict-black,,,,,,,,,,,,,,,,,,,,,,,,,https://sexshoplorena.com/wp-content/uploads/2025/07/25338734d.jpg,4,BENEDICT BLACK,,,,,,,,,,,,,,
benedict-black,,,,,,,,,,,,,,,,,,,,,,,,,https://sexshoplorena.com/wp-content/uploads/2025/07/25338734e.jpg,5,BENEDICT BLACK,,,,,,,,,,,,,,
betty-tester,BETTY TESTER,"BETTY TESTER,\n<h4><strong>Características:</strong></h4>\n<strong>Batería:</strong> ,\n\n<strong>Material:</strong> ,\n\n<strong>Color: </strong>,\n<h4><strong>Dimensiones producto:</strong></h4>\n,\n\n<strong>Dimensiones y peso embalaje: </strong>\n\n,\n\n\n<p style=""text-align: left;""></p>",SVAKOM,,Juguete erótico,"vendor-svakom, juguetes-eroticos, premium",FALSE,Title,Default Title,,,,,25335600,0,shopify,3,deny,manual,0.00,,TRUE,TRUE,25335600,,,,FALSE,BETTY TESTER,El sexshop lorena es una tienda para adultos con una amplia gama de juguetes eróticos. Envío 24 h y garantía de devolución - Paquete discreto,,,adult,25335600,new,FALSE,,g,,,draft
chika-turquoise-grey,CHIKA TURQUOISE GREY,"CHIKA es un lujoso vibrador de doble estimulación diseñado para mimar la zona G y el clítoris de manera simultanea.Con función de calor en la punta del eje principal que aportará intensidad (hasta 38°C) en la zona G para aumentar las sensaciones.Es muy ergonómico, con un diseño fino y simple, de eje curvado, con suaves ondulaciones y flexible. Posee motor de vibración en ambos ejes y añade la función de bloqueo de viaje, muy útil para mantenerlo desactivado de manera segura. Está fabricado en su totalidad en suave y agradable silicona líquida de alta calidad, mucho más suave y flexible que la convencional. Añade un total de 5 modos de vibración y hasta 5 niveles de intensidad. Se trata de un juguete recargable con cable USB-C (incluido), con 2 horas de tiempo de carga, 1 hora de uso y totalmente impermeable. Además, el juguete también es controlable a través de una APP que ofrece gran variedad de posibilidades de juego, ampliando así el abanico de funcionalidades del juguete. Resulta muy fácil de limpiar y su uso con lubricante a base de agua mejorará la experiencia exponencialmente. Gracias a sus dos ejes de estimulación, CHIKA es totalmente apto para penetración anal y masaje prostático. Incluye además un manual de uso y una bolsita de transporte y almacenamiento.Características principales:? Vibrador de doble estimulación.? Para el punto G y clítoris.? Añade función de calor.? Puede subir hasta 38°C.? Diseño muy fino, lujoso y sofisticado.? Ergonómico.? Motores independientes.? Con ondulaciones en su eje.? Fabricado en silicona líquida de alta calidad.? Muy flexible y adaptable.? Función bloqueo para viajes.? 5 modos de vibración y 5 niveles de intensidad.? Recargable con cable USB-C (incluido).? Impermeable.? Tiene una aplicación móvil con la que controlar el juguete y personalizar patrones de vibración.? Apto para penetración anal.? Fácil de limpiar.? Incluye una bolsa de transporte y manual de uso.,\n<h4><strong>Características:</strong></h4>\n<strong>Batería:</strong> Recargable con cable USB-C (incluido),\n\n<strong>Material:</strong> Silicona líquida,\n\n<strong>Color: </strong>Turquesa apagado,\n<h4><strong>Dimensiones producto:</strong></h4>\n187 mm x 31 mm x 59 mm,\n\n<strong>Dimensiones y peso embalaje: </strong>\n\n250 mm x 102 mm x 58 mm,\n\n440 g\n<p style=""text-align: left;""></p>",SVAKOM,,Vibrador,"vendor-svakom, novedad, juguetes-eroticos, premium, publico-ella, tipo-vibrador, punto-g",TRUE,Title,Default Title,,,,,25338756,0,shopify,14,deny,manual,87.95,,TRUE,TRUE,6959633103500,https://sexshoplorena.com/wp-content/uploads/2025/07/25338756.jpg,1,CHIKA TURQUOISE GREY,FALSE,CHIKA TURQUOISE GREY,CHIKA es un lujoso vibrador de doble estimulación diseñado para mimar la zona G y el clítoris de manera simultanea.Con ... Paquete discreto en 24 h,,,adult,25338756,new,FALSE,https://sexshoplorena.com/wp-content/uploads/2025/07/25338756.jpg,g,,,active
chika-turquoise-grey,,,,,,,,,,,,,,,,,,,,,,,,,https://sexshoplorena.com/wp-content/uploads/2025/07/25338756b.jpg,2,CHIKA TURQUOISE GREY,,,,,,,,,,,,,,
chika-turquoise-grey,,,,,,,,,,,,,,,,,,,,,,,,,https://sexshoplorena.com/wp-content/uploads/2025/07/25338756c.jpg,3,CHIKA TURQUOISE GREY,,,,,,,,,,,,,,
chika-turquoise-grey,,,,,,,,,,,,,,,,,,,,,,,,,https://sexshoplorena.com/wp-content/uploads/2025/07/25338756d.jpg,4,CHIKA TURQUOISE GREY,,,,,,,,,,,,,,
chika-turquoise-grey,,,,,,,,,,,,,,,,,,,,,,,,,https://sexshoplorena.com/wp-content/uploads/2025/07/25338756e.jpg,5,CHIKA TURQUOISE GREY,,,,,,,,,,,,,,
cici-2-pastel-liliac,CICI 2 PASTEL LILIAC,"CICI 2 es un lujoso vibrador de estimulación directa de la zona G o para masajes sensuales en el clítoris o cualquier zona erógena del cuerpo. Se trata de un juguete pensado para principiantes y para penetraciones poco profundas, suaves y delicadas.  Es ergonómico, con un diseño fino y  simple, de eje curvado. Es ultra suave y especialmente flexible, facilitando así poder adaptarse a todo tipo de rincones y necesidades. Su eje es liso y acabado en punta más ancha, ideal para masajear las zonas internas de la vagina o para acariciar las zonas externas del cuerpo más sensibles. Está fabricado completamente de suave y agradable silicona de alta calidad, muy suave al tacto. Con función de calor en la punta del eje principal que aportará intensidad (hasta 38°C) en la zona G para aumentar las sensaciones. Con una interfaz muy intuitiva de 2 botones y un total de 5 modos de vibración y 5 niveles de intensidad. Se trata de un juguete recargable con cable USB-C (incluido), con 2 h de tiempo de uso y 2 h de tiempo de carga. Totalmente impermeable, gracias a su sistema de carga que permite que el juguete sea totalmente sumergible. Resulta muy fácil de limpiar y su uso con lubricante a base de agua mejorará la experiencia exponencialmente. Incluye además un manual de uso y una bolsita de transporte y almacenamiento.Características principales:? Vibrador de punto G.? Ideal también para masajes en zonas erógenas.? Pensado para penetraciones suaves y delicadas.? Diseño muy fino, lujoso y simple.? Ergonómico.? Especialmente flexible.? Eje liso y curvado.? Fabricado 100% en silicona de alta calidad.? Puede subir hasta 38°C.? Interfaz de dos botones.? 5 modos de vibración y 5 niveles de intensidad.? Recargable con cable USB-C (incluido).? Impermeable.? Fácil de limpiar.? Incluye una bolsa de transporte y manual de uso.,\n<h4><strong>Características:</strong></h4>\n<strong>Batería:</strong> Recargable con cable C-USB (incluido),\n\n<strong>Material:</strong> 100% silicona,\n\n<strong>Color: </strong>Lila,\n<h4><strong>Dimensiones producto:</strong></h4>\n182 mm x 25 mm Ø,\n\n<strong>Dimensiones y peso embalaje: </strong>\n\n250 mm x 101 mm x 58 mm,\n\n340 g\n<p style=""text-align: left;""></p>",SVAKOM,,Vibrador,"vendor-svakom, novedad, juguetes-eroticos, premium, publico-ella, tipo-vibrador, punto-g",TRUE,Title,Default Title,,,,,25338760,110,shopify,0,deny,manual,71.45,,TRUE,TRUE,6959633103562,https://sexshoplorena.com/wp-content/uploads/2025/07/25338760.jpg,1,CICI 2 PASTEL LILIAC,FALSE,CICI 2 PASTEL LILIAC,CICI 2 es un lujoso vibrador de estimulación directa de la zona G o para masajes sensuales en el clítoris o cualquier ... Paquete discreto en 24 h,,,adult,25338760,new,FALSE,https://sexshoplorena.com/wp-content/uploads/2025/07/25338760.jpg,g,,,active
cici-2-pastel-liliac,,,,,,,,,,,,,,,,,,,,,,,,,https://sexshoplorena.com/wp-content/uploads/2025/07/25338760b.jpg,2,CICI 2 PASTEL LILIAC,,,,,,,,,,,,,,
cici-2-pastel-liliac,,,,,,,,,,,,,,,,,,,,,,,,,https://sexshoplorena.com/wp-content/uploads/2025/07/25338760c.jpg,3,CICI 2 PASTEL LILIAC,,,,,,,,,,,,,,
cici-2-pastel-liliac,,,,,,,,,,,,,,,,,,,,,,,,,https://sexshoplorena.com/wp-content/uploads/2025/07/25338760d.jpg,4,CICI 2 PASTEL LILIAC,,,,,,,,,,,,,,
cici-2-pastel-liliac,,,,,,,,,,,,,,,,,,,,,,,,,https://sexshoplorena.com/wp-content/uploads/2025/07/25338760e.jpg,5,CICI 2 PASTEL LILIAC,,,,,,,,,,,,,,
cici-2,Cici 2+,"Cici + 2 es un vibrador Rabbit controlado por aplicación, que estimula tanto el punto G como el clítoris. Este juguete está compuesto por silicona líquida, lo que le permite ser suave al tacto. Su diseño semiflexible facilita que se adapte a cualquier nivel de experiencia. Cuenta con 5 modos de vibración y 5 niveles de intensidad, además de incorporar la función de calentamiento, lo que lo convierte en una opción versátil y placentera. Además, gracias a su avanzada tecnología Bluetooth, se conecta fácilmente con la aplicación Svakom, lo que te permite controlar el dispositivo de forma remota, ya sea para disfrutarlo en solitario o compartir la experiencia con alguien más. Con un alcance de control sin igual, se puede explorar infinitas posibilidades de placer, desde la comodidad de un espacio privado hasta un juego compartido lleno de diversión y emoción.Este vibrador  sumergible, su diseño facilita una limpieza sencilla y práctica.  Su carga es rápida y eficiente a través de un cable USB (incluido).Se sugiere el uso de lubricante a base de agua para mejorar la experiencia.Características principales:? Vibrador Rabbit.? Estimula: punto G y Clítoris.? Compuesto de Silicona líquida.? Diseño: semiflexible.? Modos de vibración: 5.? Modos de Intensidad: 5.? Función de calentamiento.? Se conecta a la aplicación Svakom a través de Bluetooth.? Sumergible.? Recargable con cable USB (incluido).? Se sugiere el uso de lubricante a base de agua.,\n<h4><strong>Características:</strong></h4>\n<strong>Batería:</strong> Recargable con cable USB (incluido),\n\n<strong>Material:</strong> ,\n\n<strong>Color: </strong>Lila,\n<h4><strong>Dimensiones producto:</strong></h4>\n176 mm x 55 mm x 26 mm,\n\n<strong>Dimensiones y peso embalaje: </strong>\n\n250 mm x 120 mm x 60 mm,\n\n359 g\n<p style=""text-align: left;""></p>",SVAKOM,,Vibrador,"vendor-svakom, novedad, juguetes-eroticos, premium, publico-ella, tipo-vibrador, punto-g",TRUE,Title,Default Title,,,,,25338769,72,shopify,17,deny,manual,76.95,,TRUE,TRUE,6959633104033,https://sexshoplorena.com/wp-content/uploads/2025/07/25338769.jpg,1,Cici 2+,FALSE,Cici 2+,"Cici + 2 es un vibrador Rabbit controlado por aplicación, que estimula tanto el punto G como el clítoris. Este juguete ... Paquete discreto en 24 h",,,adult,25338769,new,FALSE,https://sexshoplorena.com/wp-content/uploads/2025/07/25338769.jpg,g,,,active
cici-2,,,,,,,,,,,,,,,,,,,,,,,,,https://sexshoplorena.com/wp-content/uploads/2025/07/25338769b.jpg,2,Cici 2+,,,,,,,,,,,,,,
cici-2,,,,,,,,,,,,,,,,,,,,,,,,,https://sexshoplorena.com/wp-content/uploads/2025/07/25338769c.jpg,3,Cici 2+,,,,,,,,,,,,,,
cici-2,,,,,,,,,,,,,,,,,,,,,,,,,https://sexshoplorena.com/wp-content/uploads/2025/07/25338769d.jpg,4,Cici 2+,,,,,,,,,,,,,,
cici-2,,,,,,,,,,,,,,,,,,,,,,,,,https://sexshoplorena.com/wp-content/uploads/2025/07/25338769e.jpg,5,Cici 2+,,,,,,,,,,,,,,
cici-violet,CICI VIOLET,"El estimulador de clítoris Cici es un novedoso masajeador flexible, con un diseño ergonómico y un cabezal multidireccional fabricado en silicona de alta calidad, con 25 modos de estimulación al combinar sus 5 modos y 5 intensidades.Súper fácil y cómodo de usar, se controla con apenas un solo botón y es muy ligero. Su motor poderoso y a la vez silencioso te permitirá usarlo cuando quieras, con total discreción.Es completamente sumergible y se carga por completo en 2 horas para obtener 4 horas de acción en la máxima potencia. Se limpia fácilmente con agua y jabón.El estimulador de clítoris Cici es ideal para amantes de la estimulación de clítoris precisa, constante y de larga duración. Fantástico para usar a solas y, gracias a su forma discreta y estrecha, también tiene un diseño ideal para estimular el clítoris durante la penetración.Características:Punta flexible para usarlo a cualquier ánguloCabezal con textura de fricciónTamaño: 2,5 (diametro) x 18,2 cmControl sencillo de un solo botónDiseño elegante con base plateada que esconde el puerto de recargaTecnología silenciosa ?whisper quiet? by SvakomBatería recargable100% Impermeable para una fácil limpiezaFabricado en Silicona ultra-suave y biocompatible,\n<h4><strong>Características:</strong></h4>\n<strong>Batería:</strong> Recargable,\n\n<strong>Material:</strong> Silicona/ABS,\n\n<strong>Color: </strong>Violeta,\n<h4><strong>Dimensiones producto:</strong></h4>\n182 mm (Longitud) x 25 mm (Diámetro),\n\n<strong>Dimensiones y peso embalaje: </strong>\n\n249 mm x 100 mm x 56 mm,\n\n336 g\n<p style=""text-align: left;""></p>",SVAKOM,,Juguete erótico,"vendor-svakom, novedad, juguetes-eroticos, premium",TRUE,Title,Default Title,,,,,25337020,60,shopify,0,deny,manual,65.95,,TRUE,TRUE,6959633154762,https://sexshoplorena.com/wp-content/uploads/2025/07/25337020.jpg,1,CICI VIOLET,FALSE,CICI VIOLET,"El estimulador de clítoris Cici es un novedoso masajeador flexible, con un diseño ergonómico y un cabezal ... Paquete discreto en 24 h",,,adult,25337020,new,FALSE,https://sexshoplorena.com/wp-content/uploads/2025/07/25337020.jpg,g,,,active
cici-violet,,,,,,,,,,,,,,,,,,,,,,,,,https://sexshoplorena.com/wp-content/uploads/2025/07/25337020b.jpg,2,CICI VIOLET,,,,,,,,,,,,,,
cici-violet,,,,,,,,,,,,,,,,,,,,,,,,,https://sexshoplorena.com/wp-content/uploads/2025/07/25337020c.jpg,3,CICI VIOLET,,,,,,,,,,,,,,
edeny,EDENY,"Edeny es un panty vibe en color violeta pensado exclusivamente para la estimulación del clítoris. Se acomoda en las braguitas para acariciar la vulva y la zona clitorial. Tiene un diseño discreto, compacto e ideal para llevarlo a cualquier lugar contigo. Posee una estructura realmente ergonómica, que se adapta a la perfección a la zona íntima y con un diseño curvado y una superficie texturizada. Útil también para usarlo como estimulador de cualquier zona erógena del cuerpo. Incluye también una exclusiva braguita de encaje que se abrocha con lazo lateral para adaptarse a cualquier cuerpo. Diseñada para que Edeny encaje perfectamente y mantenerlo en su lugar. Fabricado 100% en silicona ultra suave, recargable con cable USB (incluido) y totalmente sumergible. Posee una App con la que podrás controlar el dispositivo desde cualquier parte del mundo, personalizar los modos de vibración de manera infinita o incluso hacer vibrar el juguete al ritmo de la música. Se puede controlar desde el propio juguete o desde la aplicación. El juguete posee 11 modos de vibración, y necesita 1 hora para cargarse completamente y tiene 1 hora de uso.Características principales:Panty vibe color violeta.Estimula el clítoris y la vulva.Uso para estimulación externa. Discreto, compacto y ligero.Diseño curvado y ergonómico.Incluye una braguita preparada para colocar el vibrador.Braga de encaje y con lazos laterales para adaptarla a todo tipo de cuerpos.Fabricado 100% silicona. Suave y agradable.Recargable con cable USB (incluido).Sumergible. Posee una App que controla las vibraciones. Con la App puedes personalizar las vibraciones, hacer que vibren al ritmo de la música, controlar el dispositivo.11 modos de vibración establecidos. 1 h de uso.1 h de carga.,\n<h4><strong>Características:</strong></h4>\n<strong>Batería:</strong> Recargable cable USB (incluido),\n\n<strong>Material:</strong> Silicona,\n\n<strong>Color: </strong>Violeta,\n<h4><strong>Dimensiones producto:</strong></h4>\n91 mm x 38 mm x 25 mm,\n\n<strong>Dimensiones y peso embalaje: </strong>\n\n145 mm x 120 mm x 59 mm,\n\n266 g\n<p style=""text-align: left;""></p>",SVAKOM,,Vibrador,"vendor-svakom, novedad, juguetes-eroticos, premium, publico-ella, tipo-vibrador, punto-g",TRUE,Title,Default Title,,,,,25338721,43,shopify,18,deny,manual,87.95,,TRUE,TRUE,6959633118795,https://sexshoplorena.com/wp-content/uploads/2025/07/25338721.jpg,1,EDENY,FALSE,EDENY,Edeny es un panty vibe en color violeta pensado exclusivamente para la estimulación del clítoris. Se acomoda en las ... Paquete discreto en 24 h,,,adult,25338721,new,FALSE,https://sexshoplorena.com/wp-content/uploads/2025/07/25338721.jpg,g,,,active
edeny,,,,,,,,,,,,,,,,,,,,,,,,,https://sexshoplorena.com/wp-content/uploads/2025/07/25338721b.jpg,2,EDENY,,,,,,,,,,,,,,
edeny,,,,,,,,,,,,,,,,,,,,,,,,,https://sexshoplorena.com/wp-content/uploads/2025/07/25338721c.jpg,3,EDENY,,,,,,,,,,,,,,
edeny,,,,,,,,,,,,,,,,,,,,,,,,,https://sexshoplorena.com/wp-content/uploads/2025/07/25338721d.jpg,4,EDENY,,,,,,,,,,,,,,
edeny,,,,,,,,,,,,,,,,,,,,,,,,,https://sexshoplorena.com/wp-content/uploads/2025/07/25338721e.jpg,5,EDENY,,,,,,,,,,,,,,
ella-neo,Ella Neo,"ELLA NEO es un huevo vibrador fabricado en silicona médica y ABS apto para el cuerpo. Tiene un tamaño pequeño pero con un motor suficientemente fuerte para llevarte al límite, tanto dentro como fuera de casa. Dispone de 11 modos de vibración que irán desde vibraciones suaves hasta vibraciones fuertes con intensidades altas que te guiarán al paraíso del placer! Tiene una doble potencia para que escojas la que más te interese, ELLA NEO se puede controlar con el botón situado en el huevo vibrador o con el botón externo y sus luces LED se iluminan es su cola sincronizándose con las vibraciones para una perfecta visualización. Posee un control de APP Inteligente con el que podrás disfrutar con quién quieras, estés donde estés. Su control a larga distancia se controla a través de la aplicación, deja el placer y el poder en manos de tu pareja... Te adentrará en un placer inmenso en cualquier momento y desde cualquier lugar. La función interactiva en tiempo real te dejará sincronizar tus vídeos interactivos que más te gusten en 2D y tus contenidos te llevarán a experiencias increíbles. Su cámara Web te permitirá interactuar con tu pareja, amigos y relajarte del viaje placentero del cuál ELLA NEO te brindará ¡Y todo ello en directo! Una experiencia que, en cuanto la pruebes, querrás volver a repetir lo antes posible. Es fácil de lavar, recargable con USB (Cable Inlcuido) con sólo una carga completa de 2,5h te ofrecerá hasta 1 h de intenso placer y es impermeable. ¡Un magnífico huevo vibrador para el baño, jacuzzi, ducha...! La caja incluye: Funda para almacenaje, Cable USB, Manual de instrucciones, Certificado de Calidad y Guía APP. Características Principales: Fabricado en silicona médica/ABS. Tamaño pequeño. Motor potente. 11 modos de vibración. Desde vibraciones suaves hasta vibraciones intensas. Doble potencia. Se puede controlar desde el botón del huevo vibrador o desde su botón externo. Luces LED que se sincronizan con sus vibraciones. Control APP Inteligente. Control a larga distancia. Cámara Web Interactiva. Puede conectarse a vídeos interactivos 2D. Tiempo de carga: 2,5h. Tiempo de uso: 1h. Sumergible. Recargable, cable USB incluido.,\n<h4><strong>Características:</strong></h4>\n<strong>Batería:</strong> ,\n\n<strong>Material:</strong> Silicona/ABS,\n\n<strong>Color: </strong>Rojo,\n<h4><strong>Dimensiones producto:</strong></h4>\n215 mm (Largo) x 32 mm (Diámetro),\n\n<strong>Dimensiones y peso embalaje: </strong>\n\n146 mm x 120 mm x 60 mm,\n\n265 g\n<p style=""text-align: left;""></p>",SVAKOM,,Vibrador,"vendor-svakom, novedad, showroom, juguetes-eroticos, premium, publico-ella, tipo-vibrador, punto-g",TRUE,Title,Default Title,,,,,25338716,0,shopify,33,deny,manual,93.45,,TRUE,TRUE,6959633166963,https://sexshoplorena.com/wp-content/uploads/2025/07/25338716.jpg,1,Ella Neo,FALSE,Ella Neo,ELLA NEO es un huevo vibrador fabricado en silicona médica y ABS apto para el cuerpo. Tiene un tamaño pequeño pero con ... Paquete discreto en 24 h,,,adult,25338716,new,FALSE,https://sexshoplorena.com/wp-content/uploads/2025/07/25338716.jpg,g,,,active
ella-neo,,,,,,,,,,,,,,,,,,,,,,,,,https://sexshoplorena.com/wp-content/uploads/2025/07/25338716b.jpg,2,Ella Neo,,,,,,,,,,,,,,
elva-plum-red,ELVA PLUM RED,"Elva es un vibrador estilo huevo con mando a distancia. El huevo esta recubierto por silicona médica y es de tacto muy suave. Este huevo está diseñado para estimular internamente, para ello se debe colocar a una altura considerable de la vagina, encajándolo en la zona del punto G, mientras que el hilo de silicona permanecerá en la parte exterior. Incorpora un potente motor y 5 + 1 vibraciones diferentes. La carga completa estará lista en 1 hora y se podrá usar durante 2 horas. Utilizar únicamente lubricante de base de agua con este producto. El uso de lubricantes de base oleosa o de silicona, podría dañar irreversiblemente el producto.,\n<h4><strong>Características:</strong></h4>\n<strong>Batería:</strong> Recargable,\n\n<strong>Material:</strong> ,\n\n<strong>Color: </strong>Ciruela Roja,\n<h4><strong>Dimensiones producto:</strong></h4>\n57 mm x 37 mm x 14.5 mm,\n\n<strong>Dimensiones y peso embalaje: </strong>\n\n145 mm x 120 mm x 58 mm,\n\n265 g\n<p style=""text-align: left;""></p>",SVAKOM,,Vibrador,"vendor-svakom, novedad, juguetes-eroticos, premium, publico-ella, tipo-vibrador, punto-g",TRUE,Title,Default Title,,,,,25336441,80,shopify,0,deny,manual,69.30,,TRUE,TRUE,6959633111666,https://sexshoplorena.com/wp-content/uploads/2025/07/25336441.jpg,1,ELVA PLUM RED,FALSE,ELVA PLUM RED,Elva es un vibrador estilo huevo con mando a distancia. El huevo esta recubierto por silicona médica y es de tacto muy ... Paquete discreto en 24 h,,,adult,25336441,new,FALSE,https://sexshoplorena.com/wp-content/uploads/2025/07/25336441.jpg,g,,,active
elva-plum-red,,,,,,,,,,,,,,,,,,,,,,,,,https://sexshoplorena.com/wp-content/uploads/2025/07/25336441b.jpg,2,ELVA PLUM RED,,,,,,,,,,,,,,
elva-violet,ELVA VIOLET,"Elva es un vibrador estilo huevo con mando a distancia. El huevo esta recubierto por silicona médica y es de tacto muy suave. Este huevo está diseñado para estimular internamente, para ello se debe colocar a una altura considerable de la vagina, encajándolo en la zona del punto G, mientras que el hilo de silicona permanecerá en la parte exterior. Incorpora un  potente motor y 5 + 1 vibraciones diferentes. La carga completa estará lista en 1 hora y se podrá usar durante 2 horas.Utilizar únicamente lubricante de base de agua con este producto. El uso de lubricantes de base oleosa o de silicona, podría dañar irreversiblemente el producto.,\n<h4><strong>Características:</strong></h4>\n<strong>Batería:</strong> Recargable,\n\n<strong>Material:</strong> Silicona,\n\n<strong>Color: </strong>violeta,\n<h4><strong>Dimensiones producto:</strong></h4>\n57 mm x 37 mm x 14.5 mm,\n\n<strong>Dimensiones y peso embalaje: </strong>\n\n145 mm x 120 mm x 58 mm,\n\n265 g\n<p style=""text-align: left;""></p>",SVAKOM,,Vibrador,"vendor-svakom, novedad, juguetes-eroticos, premium, publico-ella, tipo-vibrador, punto-g",TRUE,Title,Default Title,,,,,25336420,80,shopify,0,deny,manual,69.30,,TRUE,TRUE,6959633124451,https://sexshoplorena.com/wp-content/uploads/2025/07/25336420.jpg,1,ELVA VIOLET,FALSE,ELVA VIOLET,Elva es un vibrador estilo huevo con mando a distancia. El huevo esta recubierto por silicona médica y es de tacto muy ... Paquete discreto en 24 h,,,adult,25336420,new,FALSE,https://sexshoplorena.com/wp-content/uploads/2025/07/25336420.jpg,g,,,active
elva-violet,,,,,,,,,,,,,,,,,,,,,,,,,https://sexshoplorena.com/wp-content/uploads/2025/07/25336420b.jpg,2,ELVA VIOLET,,,,,,,,,,,,,,
emma-neo-2,Emma Neo 2,"Emma Neo 2 un vibrador de varita calentadora interactiva, que viene con un complemento, ambos para  estimulación externa.Este diseño único de silicona posee una extensión en forma de orejas de conejo para la estimulación vibratoria y movimientos rápidos. Cuenta con 5 modos de vibración y 5 niveles de intensidad, además de incorporar la función de calentamiento, lo que lo convierte en una opción versátil y placentera.Gracias a su avanzada tecnología Bluetooth, el dispositivo se conecta fácilmente con la aplicación Svakom, permitiendo el control remoto del dispositivo. Esto brinda la opción de disfrutarlo en solitario o compartir la experiencia con otra persona. Además, se vincula con la aplicación FeelConnect 3, ofreciendo la posibilidad de experimentar los movimientos de los videos interactivos.Este vibrador es completamente impermeable y sumergible, lo que lo convierte en el compañero ideal para disfrutar tanto en la ducha como en el baño. Su diseño facilita una limpieza sencilla y práctica. Su carga es rápida y eficiente a través de un cable USB-C (incluido).Se sugiere el uso de lubricante a base de agua para mejorar la experiencia.Características principales:? Vibrador de varita con extensión en forma de orejas de conejo.? Estimulación externa.? Material: silicona.? Modos de vibración: 5.? Niveles de intensidad: 5.? Función: calentamiento. ? App y Bluetooth.? Impermeable y sumergible.? Recargable con cable USB-C (incluido).? Se sugiere el uso de lubricante a base de agua.,\n<h4><strong>Características:</strong></h4>\n<strong>Batería:</strong> Recargable con cable USB-C (incluido),\n\n<strong>Material:</strong> ,\n\n<strong>Color: </strong>Lila,\n<h4><strong>Dimensiones producto:</strong></h4>\n290 mm x 60 mm x 60 mm,\n\n<strong>Dimensiones y peso embalaje: </strong>\n\n340 mm x 162 mm x 78 mm,\n\n1078 g\n<p style=""text-align: left;""></p>",SVAKOM,,Vibrador,"vendor-svakom, novedad, juguetes-eroticos, premium, publico-ella, tipo-vibrador, punto-g",TRUE,Title,Default Title,,,,,25338765,365,shopify,15,deny,manual,108.90,,TRUE,TRUE,6959633104859,https://sexshoplorena.com/wp-content/uploads/2025/07/25338765.jpg,1,Emma Neo 2,FALSE,Emma Neo 2,"Emma Neo 2 un vibrador de varita calentadora interactiva, que viene con un complemento, ambos para estimulación ... Paquete discreto en 24 h",,,adult,25338765,new,FALSE,https://sexshoplorena.com/wp-content/uploads/2025/07/25338765.jpg,g,,,active
emma-neo-2,,,,,,,,,,,,,,,,,,,,,,,,,https://sexshoplorena.com/wp-content/uploads/2025/07/25338765b.jpg,2,Emma Neo 2,,,,,,,,,,,,,,
emma-neo-2,,,,,,,,,,,,,,,,,,,,,,,,,https://sexshoplorena.com/wp-content/uploads/2025/07/25338765c.jpg,3,Emma Neo 2,,,,,,,,,,,,,,
emma-neo-2,,,,,,,,,,,,,,,,,,,,,,,,,https://sexshoplorena.com/wp-content/uploads/2025/07/25338765d.jpg,4,Emma Neo 2,,,,,,,,,,,,,,
emma-neo-2,,,,,,,,,,,,,,,,,,,,,,,,,https://sexshoplorena.com/wp-content/uploads/2025/07/25338765e.jpg,5,Emma Neo 2,,,,,,,,,,,,,,
erica,ERICA,"Erica es un vibrador que masajea de manera simultanea dos zonas sensibles del cuerpo. Se trata de un juguete muy versátil, con el que estimular dos zonas extremadamente sensibles al mismo tiempo y es totalmente apto para llevarlo colocado y disfrutar de él en cualquier situación, abriendo así un gran abanico de posibilidades de juego, ya sea en solitario o en la mejo compañía. Tiene un diseño sofisticado, fino, en forma de L, donde la base se acomoda al perineo o vulva y el eje principal, bastante curvado, estimula de manera precisa y directa la próstata o la zona G. El eje principal además tiene un diseño texturizado para potenciar las sensaciones. Es ergonómico, adaptándose cómodamente a todo tipo de cuerpos. Fabricado completamente en suave silicona. Posee un total de 11 modos de vibración y 5 niveles de intensidad. Además, añade una App con la que se podrá controlar el dispositivo, personalizar los modos de vibración de manera infinita o incluso hacer vibrar el juguete al ritmo de la música. Gracias al control desde la App puede controlarse a modo manos libres, haciendo más cómodo su uso. Se puede controlar también desde el propio juguete. Es recargable con cable USB magnético (incluido), totalmente sumergible y muy fácil de limpiar. Tiene un tiempo de carga aproximado de 1,5 horas y su tiempo de uso es de 1 hora. Incluye una bolsita de transporte y un manual de instrucciones de uso. Usar lubricante a base de agua hará que la experiencia mejore exponencialmente. Características principales:Vibrador de doble estimulación.Estimula perineo/próstata o clítoris/punto G.Diseño en forma de L.Sofisticado y fino.Eje principal con ángulo pronunciado y texturizado.Ergonómico.Dos potentes motores.Fabricado completamente en silicona.11 modos de vibración y 5 niveles de intensidad.Recargable con cable USB magnético (incluido).Sumergible. Posee una App que controla las vibraciones.Con la App se puede personalizar las vibraciones, hacer que vibren al ritmo de la música, controlar el dispositivo.T. de carga: 1,5 horas.T. de uso: 1 hora.Incluye: bolsita de transporte, manual de uso.Opción de juego en solitario, manos libres o en compañía.El uso de lubricante a base de agua mejora la experiencia.,\n<h4><strong>Características:</strong></h4>\n<strong>Batería:</strong> Recargable con cable USB (incluido),\n\n<strong>Material:</strong> 100% silicona,\n\n<strong>Color: </strong>Rosa,\n<h4><strong>Dimensiones producto:</strong></h4>\n104 mm x 91 mm x 38 mm,\n\n<strong>Dimensiones y peso embalaje: </strong>\n\n145 mm x 118 mm x 57 mm,\n\n295 g\n<p style=""text-align: left;""></p>",SVAKOM,,Vibrador,"vendor-svakom, novedad, juguetes-eroticos, premium, publico-ella, tipo-vibrador, punto-g",TRUE,Title,Default Title,,,,,25338749,105,shopify,0,deny,manual,76.95,,TRUE,TRUE,6959633101605,https://sexshoplorena.com/wp-content/uploads/2025/07/25338749.jpg,1,ERICA,FALSE,ERICA,Erica es un vibrador que masajea de manera simultanea dos zonas sensibles del cuerpo. Se trata de un juguete muy ... Paquete discreto en 24 h,,,adult,25338749,new,FALSE,https://sexshoplorena.com/wp-content/uploads/2025/07/25338749.jpg,g,,,active
erica,,,,,,,,,,,,,,,,,,,,,,,,,https://sexshoplorena.com/wp-content/uploads/2025/07/25338749b.jpg,2,ERICA,,,,,,,,,,,,,,
erica,,,,,,,,,,,,,,,,,,,,,,,,,https://sexshoplorena.com/wp-content/uploads/2025/07/25338749c.jpg,3,ERICA,,,,,,,,,,,,,,
erica,,,,,,,,,,,,,,,,,,,,,,,,,https://sexshoplorena.com/wp-content/uploads/2025/07/25338749d.jpg,4,ERICA,,,,,,,,,,,,,,
erica,,,,,,,,,,,,,,,,,,,,,,,,,https://sexshoplorena.com/wp-content/uploads/2025/07/25338749e.jpg,5,ERICA,,,,,,,,,,,,,,
erica-dusty-blue,ERICA DUSTY BLUE,"Erica es un vibrador que masajea de manera simultanea dos zonas sensibles del cuerpo. Se trata de un juguete muy versátil, con el que estimular dos zonas extremadamente sensibles al mismo tiempo y es totalmente apto para llevarlo colocado y disfrutar de él en cualquier situación, abriendo así un gran abanico de posibilidades de juego, ya sea en solitario o en la mejo compañía. Tiene un diseño sofisticado, fino, en forma de L, donde la base se acomoda al perineo o vulva y el eje principal, bastante curvado, estimula de manera precisa y directa la próstata o la zona G. El eje principal además tiene un diseño texturizado para potenciar las sensaciones. Es ergonómico, adaptándose cómodamente a todo tipo de cuerpos. Fabricado completamente en suave silicona. Posee un total de 11 modos de vibración y 5 niveles de intensidad. Además, añade una App con la que se podrá controlar el dispositivo, personalizar los modos de vibración de manera infinita o incluso hacer vibrar el juguete al ritmo de la música. Gracias al control desde la App puede controlarse a modo manos libres, haciendo más cómodo su uso. Se puede controlar también desde el propio juguete. Es recargable con cable USB magnético (incluido), totalmente sumergible y muy fácil de limpiar. Tiene un tiempo de carga aproximado de 1,5 horas y su tiempo de uso es de 1 hora. Incluye una bolsita de transporte y un manual de instrucciones de uso. Usar lubricante a base de agua hará que la experiencia mejore exponencialmente. Características principales:? Vibrador de doble estimulación.? Estimula perineo/próstata o clítoris/punto G.? Diseño en forma de L.? Sofisticado y fino.? Eje principal con ángulo pronunciado y texturizado.? Ergonómico.? Dos potentes motores.? Fabricado completamente en silicona.? 11 modos de vibración y 5 niveles de intensidad.? Recargable con cable USB magnético(incluido).? Sumergible. ? Posee una App que controla las vibraciones. ? Con la App se puede personalizar las vibraciones, hacer que vibren al ritmo de la música, controlar el dispositivo.? T. de carga: 1,5 horas.? T. de uso: 1 hora.? Incluye: bolsita de transporte, manual de uso.? Opción de juego en solitario, manos libres o en compañía. ? El uso de lubricante a base de agua mejora la experiencia.,\n<h4><strong>Características:</strong></h4>\n<strong>Batería:</strong> Recargable con cable USB magnético (incluido),\n\n<strong>Material:</strong> 100% silicona,\n\n<strong>Color: </strong>Azul,\n<h4><strong>Dimensiones producto:</strong></h4>\n104 mm x 91 mm x 38 mm,\n\n<strong>Dimensiones y peso embalaje: </strong>\n\n145 mm x 118 mm x 57 mm,\n\n295 g\n<p style=""text-align: left;""></p>",SVAKOM,,Vibrador,"vendor-svakom, novedad, juguetes-eroticos, premium, publico-ella, tipo-vibrador, punto-g",TRUE,Title,Default Title,,,,,25338754,105,shopify,13,deny,manual,76.95,,TRUE,TRUE,6959633102893,https://sexshoplorena.com/wp-content/uploads/2025/07/25338754.jpg,1,ERICA DUSTY BLUE,FALSE,ERICA DUSTY BLUE,Erica es un vibrador que masajea de manera simultanea dos zonas sensibles del cuerpo. Se trata de un juguete muy ... Paquete discreto en 24 h,,,adult,25338754,new,FALSE,https://sexshoplorena.com/wp-content/uploads/2025/07/25338754.jpg,g,,,active
erica-dusty-blue,,,,,,,,,,,,,,,,,,,,,,,,,https://sexshoplorena.com/wp-content/uploads/2025/07/25338754b.jpg,2,ERICA DUSTY BLUE,,,,,,,,,,,,,,
erica-dusty-blue,,,,,,,,,,,,,,,,,,,,,,,,,https://sexshoplorena.com/wp-content/uploads/2025/07/25338754c.jpg,3,ERICA DUSTY BLUE,,,,,,,,,,,,,,
erica-dusty-blue,,,,,,,,,,,,,,,,,,,,,,,,,https://sexshoplorena.com/wp-content/uploads/2025/07/25338754d.jpg,4,ERICA DUSTY BLUE,,,,,,,,,,,,,,
gaga-black,GAGA BLACK,"Gaga es el diseño más innovador de esta marca que combina el máximo placer mientras que le permite sondear los secretos más íntimos de una mujer. Inteligentemente diseñado con una luz delicada y una pequeña cámara en la punta, Gaga le permitirá experimentar el placer como nunca antes, tanto a través de ver bien el interior de su amante y por medio de la sensación de vibración. Muy fácil de usar, los controles táctiles están en el eje vibratorio se combinan con un cable USB que se conecta fácilmente a tu ordenador portátil, lo que te permitirá compartir de forma simultánea tu placer y estimulación con tu pareja, tanto si está a tu lado, como si está a kilómetros de distancia. Gaga tiene 6 modos de vibración y su carga estaré completa en 1,5 h para darte 8 horas interminables de placer.  Este juguete es resistente al agua.,\n<h4><strong>Características:</strong></h4>\n<strong>Batería:</strong> ,\n\n<strong>Material:</strong> ,\n\n<strong>Color: </strong>,\n<h4><strong>Dimensiones producto:</strong></h4>\n,\n\n<strong>Dimensiones y peso embalaje: </strong>\n\n,\n\n\n<p style=""text-align: left;""></p>",SVAKOM,,Vibrador,"vendor-svakom, novedad, juguetes-eroticos, premium, publico-ella, tipo-vibrador, punto-g",TRUE,Title,Default Title,,,,,25310030,0,shopify,1,deny,manual,159.50,,TRUE,TRUE,6959633100509,https://sexshoplorena.com/wp-content/uploads/2025/07/25310030.jpg,1,GAGA BLACK,FALSE,GAGA BLACK,Gaga es el diseño más innovador de esta marca que combina el máximo placer mientras que le permite sondear los secretos ... Paquete discreto en 24 h,,,adult,25310030,new,FALSE,https://sexshoplorena.com/wp-content/uploads/2025/07/25310030.jpg,g,,,active
gaga-black,,,,,,,,,,,,,,,,,,,,,,,,,https://sexshoplorena.com/wp-content/uploads/2025/07/25310030b.jpg,2,GAGA BLACK,,,,,,,,,,,,,,
gaga-black,,,,,,,,,,,,,,,,,,,,,,,,,https://sexshoplorena.com/wp-content/uploads/2025/07/25310030c.jpg,3,GAGA BLACK,,,,,,,,,,,,,,
gaga-black,,,,,,,,,,,,,,,,,,,,,,,,,https://sexshoplorena.com/wp-content/uploads/2025/07/25310030d.jpg,4,GAGA BLACK,,,,,,,,,,,,,,
gaga-violet,GAGA VIOLET,"Gaga es el diseño más innovador de esta marca que combina el máximo placer mientras que le permite sondear los secretos más íntimos de una mujer. Inteligentemente diseñado con una luz delicada y una pequeña cámara en la punta, Gaga le permitirá experimentar el placer como nunca antes, tanto a través de ver bien el interior de su amante y por medio de la sensación de vibración. Muy fácil de usar, los controles táctiles están en el eje vibratorio se combinan con un cable USB que se conecta fácilmente a tu ordenador portátil, lo que te permitirá compartir de forma simultánea tu placer y estimulación con tu pareja, tanto si está a tu lado, como si está a kilómetros de distancia. Gaga tiene 6 modos de vibración y su carga estaré completa en 1,5 h para darte 8 horas interminables de placer. Este juguete es resistente al agua.,\n<h4><strong>Características:</strong></h4>\n<strong>Batería:</strong> ,\n\n<strong>Material:</strong> ,\n\n<strong>Color: </strong>,\n<h4><strong>Dimensiones producto:</strong></h4>\n,\n\n<strong>Dimensiones y peso embalaje: </strong>\n\n,\n\n\n<p style=""text-align: left;""></p>",SVAKOM,,Vibrador,"vendor-svakom, novedad, juguetes-eroticos, premium, publico-ella, tipo-vibrador, punto-g",TRUE,Title,Default Title,,,,,25310020,0,shopify,0,deny,manual,152.90,,TRUE,TRUE,6959633100516,https://sexshoplorena.com/wp-content/uploads/2025/07/25310020.jpg,1,GAGA VIOLET,FALSE,GAGA VIOLET,El sexshop lorena es una tienda para adultos con una amplia gama de juguetes eróticos. Envío 24 h y garantía de devolución - Paquete discreto,,,adult,25310020,new,FALSE,https://sexshoplorena.com/wp-content/uploads/2025/07/25310020.jpg,g,,,active
gaga-violet,,,,,,,,,,,,,,,,,,,,,,,,,https://sexshoplorena.com/wp-content/uploads/2025/07/25310020b.jpg,2,GAGA VIOLET,,,,,,,,,,,,,,
gaga-violet,,,,,,,,,,,,,,,,,,,,,,,,,https://sexshoplorena.com/wp-content/uploads/2025/07/25310020c.jpg,3,GAGA VIOLET,,,,,,,,,,,,,,
gaga-violet,,,,,,,,,,,,,,,,,,,,,,,,,https://sexshoplorena.com/wp-content/uploads/2025/07/25310020d.jpg,4,GAGA VIOLET,,,,,,,,,,,,,,
hannes-neo,HANNES NEO,"Hannes Neo es el revolucionario masturbador para penes que añade función de calor y movimientos palpitantes. Un masturbador interactivo con movimientos muy fieles a la realidad a través de movimientos pulsantes.Tiene un diseño compacto con una tapa protectora, es sofisticado con un toque futurista. En su interior tiene una funda de TPE ultra suave que proporcionará un ajuste perfecto y único para cualquier tamaño, con una textura interna diseñada exclusivamente para brindar una sensación real e intensa. La funda puede retirarse cómodamente para su mantenimiento e higiene o para su uso de manera manual y libre. Diseñado con una interfaz muy intuitiva y un control deslizante ajustable para un dominio más regulado de la intensidad. En su diseño añade una pantalla LED para seguir los modos pulsantes e identificarlos. Ejerce movimientos pulsantes que abrazan el pene aportando sensaciones muy fieles a la realidad y añade una función de calor que al activarla su interior sube a los 38º para incrementar sensaciones estimulantes. Añade también poder controlarlo a través de la App y esta ofrece un repertorio de juegos en solitario o en la mejor compañía. Por si fuera poco, Hannes Neo añade también la función de realidad inmersiva con videos interactivos 2D que vienen sincronizados con los movimientos pulsantes del masturbador, ofreciendo así una experiencia de lo más realista.Dispone de un total de 5 modos palpitantes, un motor súper potente y es recargable con cable USB (incluido). No es sumergible y su carga completa en 4h ofrecerá hasta 1 hora de intenso placer.Características principales:Masturbador interactivo para pene.Posee potentes movimientos palpitantes.Añade función calor.Movimientos fieles a la realidad.Diseño compacto, futurista y lujoso.Añade tapa protectora.Funda de TPE que se adapta a todos los cuerpos.La funda se puede retirar para su mantenimiento o uso manual.Textura interna que aporta sensaciones.Interfaz intuitiva.Control ajustable de la intensidad.Pantalla LED que marca los modos.Añade una App para controlar el juguete a largas distancias.Función interactiva con realidad totalmente inmersiva.5 modos pulsantes.Motor muy potente.Recargable con cable USB (incluido).No es sumergible.Tiempo de carga: 4 horas.Tiempo de uso: 1 hora.,\n<h4><strong>Características:</strong></h4>\n<strong>Batería:</strong> Recargable con cable USB (incluido),\n\n<strong>Material:</strong> TPE, ABS+PC, Metales,\n\n<strong>Color: </strong>Azul oscuro,\n<h4><strong>Dimensiones producto:</strong></h4>\n286 mm x  86 mm Ø,\n\n<strong>Dimensiones y peso embalaje: </strong>\n\n470 mm x 165 mm x 110 mm,\n\n1640 g\n<p style=""text-align: left;""></p>",SVAKOM,,Juguete erótico,"vendor-svakom, novedad, juguetes-eroticos, premium",TRUE,Title,Default Title,,,,,25338744,865,shopify,15,deny,manual,152.90,,TRUE,TRUE,6959633197882,https://sexshoplorena.com/wp-content/uploads/2025/07/25338744.jpg,1,HANNES NEO,FALSE,HANNES NEO,Hannes Neo es el revolucionario masturbador para penes que añade función de calor y movimientos palpitantes. Un ... Paquete discreto en 24 h,,,adult,25338744,new,FALSE,https://sexshoplorena.com/wp-content/uploads/2025/07/25338744.jpg,g,,,active
hannes-neo,,,,,,,,,,,,,,,,,,,,,,,,,https://sexshoplorena.com/wp-content/uploads/2025/07/25338744b.jpg,2,HANNES NEO,,,,,,,,,,,,,,
hannes-neo,,,,,,,,,,,,,,,,,,,,,,,,,https://sexshoplorena.com/wp-content/uploads/2025/07/25338744c.jpg,3,HANNES NEO,,,,,,,,,,,,,,
hannes-neo,,,,,,,,,,,,,,,,,,,,,,,,,https://sexshoplorena.com/wp-content/uploads/2025/07/25338744d.jpg,4,HANNES NEO,,,,,,,,,,,,,,
hannes-neo,,,,,,,,,,,,,,,,,,,,,,,,,https://sexshoplorena.com/wp-content/uploads/2025/07/25338744e.jpg,5,HANNES NEO,,,,,,,,,,,,,,
hannes-sleeve,HANNES SLEEVE,"HANNES NEO SLEEVE es una funda de recambio para el masturbador HANNES NEO.Con el tiempo y por los usos la funda interior se va desgastando poco a poco. Para poder seguir con el placer continuado es importante cambiar periódicamente su funda.Está fabricado con material TPE con tacto súper suave y seguro para el cuerpo.Ofrece un toque realista, su textura interior es sencilla y proporcionará una sensación intensa. Su material interno está especialmente diseñado para brindar un agarre automático, listo para disfrutarlo.HANNES NEO SLEEVE se puede usar con o sin HANNES NEO.Características principales:? Recambio de funda del masturbador HANNES NEO.? Fabricado con material TPE/ABS aptos para el cuerpo.? Tacto súper suave.? Toque realista.? Textura interior sencilla para una sensación intensa.? Su material interno está especialmente diseñado para un agarre automático.?  Puede usarse con o sin HANNES NEO.,\n<h4><strong>Características:</strong></h4>\n<strong>Batería:</strong> ,\n\n<strong>Material:</strong> TPE,\n\n<strong>Color: </strong>Blanco,\n<h4><strong>Dimensiones producto:</strong></h4>\n155 mm x 77 mm x 63 mm,\n\n<strong>Dimensiones y peso embalaje: </strong>\n\n145 mm x 80 mm x 80 mm,\n\n280 g\n<p style=""text-align: left;""></p>",SVAKOM,,Juguete erótico,"vendor-svakom, novedad, juguetes-eroticos, premium",TRUE,Title,Default Title,,,,,25338757,250,shopify,39,deny,manual,16.50,,TRUE,TRUE,6959633101506,https://sexshoplorena.com/wp-content/uploads/2025/07/25338757.jpg,1,HANNES SLEEVE,FALSE,HANNES SLEEVE,HANNES NEO SLEEVE es una funda de recambio para el masturbador HANNES NEO.Con el tiempo y por los usos la funda ... Paquete discreto en 24 h,,,adult,25338757,new,FALSE,https://sexshoplorena.com/wp-content/uploads/2025/07/25338757.jpg,g,,,active
hannes-sleeve,,,,,,,,,,,,,,,,,,,,,,,,,https://sexshoplorena.com/wp-content/uploads/2025/07/25338757b.jpg,2,HANNES SLEEVE,,,,,,,,,,,,,,
hannes-sleeve,,,,,,,,,,,,,,,,,,,,,,,,,https://sexshoplorena.com/wp-content/uploads/2025/07/25338757c.jpg,3,HANNES SLEEVE,,,,,,,,,,,,,,
hedy-x-5-mixed-textures,Hedy X-5 Mixed Textures,"Hedy X es un pack de 5 huevitos masturbadores pensados para la estimulación del pene. Singular selección de cada uno de los huevitos masturbadores HEDY X de SVAKOM. Entre ellos encontramos un Confidence, un Control, un Experience, un Reaction y un Speed. Son muy flexibles y se adaptan muy bien a todo tipo de penes, de un material suave y agradable de TPE/PP. En su interior encontramos texturas que sobresale con formas irregulares que aportan grandes sensaciones. Con un diseño reversible útil por los dos lados del masturbador, para ampliar las opciones de sensaciones. Muy discreto, de tamaño mini, divertido y muy práctico. Debe usarse con un lubricante a base de agua para crear un movimiento más fluido y mejorar la experiencia. Son reutilizables hasta un total aproximado de 5 a 10 veces. Es muy fácil de limpiar y totalmente sumergible. Contiene 5 monodosis de lubricante a base de agua, una por cada huevo.Características principales: Pack de 5 huevos mini masturbadores para el pene. Mix de huevos HEDY X.Formato huevo.Muy flexibles y adaptables a todo tipo de tamaños.Material TPE/PP.Texturizado y reversible. Discreto y práctico.Debe usarse con lubricante a base de agua. Reutilizables hasta unas 5 o 10 veces.Fácil de limpiar. Sumergible.Incluye 5 monodosis de lubricante a base acuosa, una por masturbador.,\n<h4><strong>Características:</strong></h4>\n<strong>Batería:</strong> ,\n\n<strong>Material:</strong> TPE/PP,\n\n<strong>Color: </strong>,\n<h4><strong>Dimensiones producto:</strong></h4>\n99 mm x 56 mm Ø,\n\n<strong>Dimensiones y peso embalaje: </strong>\n\n103 mm x 182 mm x 58 mm,\n\n615 g\n<p style=""text-align: left;""></p>",SVAKOM,,Juguete erótico,"vendor-svakom, novedad, juguetes-eroticos, premium",TRUE,Title,Default Title,,,,,25338723,120,shopify,0,deny,manual,41.75,,TRUE,TRUE,6959633187630,https://sexshoplorena.com/wp-content/uploads/2025/07/25338723.jpg,1,Hedy X-5 Mixed Textures,FALSE,Hedy X-5 Mixed Textures,Hedy X es un pack de 5 huevitos masturbadores pensados para la estimulación del pene. Singular selección de cada uno de ... Paquete discreto en 24 h,,,adult,25338723,new,FALSE,https://sexshoplorena.com/wp-content/uploads/2025/07/25338723.jpg,g,,,active
hedy-x-5-mixed-textures,,,,,,,,,,,,,,,,,,,,,,,,,https://sexshoplorena.com/wp-content/uploads/2025/07/25338723b.jpg,2,Hedy X-5 Mixed Textures,,,,,,,,,,,,,,
hedy-x-5-mixed-textures,,,,,,,,,,,,,,,,,,,,,,,,,https://sexshoplorena.com/wp-content/uploads/2025/07/25338723c.jpg,3,Hedy X-5 Mixed Textures,,,,,,,,,,,,,,
hedy-x-5-mixed-textures,,,,,,,,,,,,,,,,,,,,,,,,,https://sexshoplorena.com/wp-content/uploads/2025/07/25338723d.jpg,4,Hedy X-5 Mixed Textures,,,,,,,,,,,,,,
iker-black,IKER BLACK,"<h2><b>Iker Black: Vibrador y Pulsador de Próstata con Doble Estimulación y App</b></h2>\n&nbsp;\n\nDescubre <b>Iker</b>, un innovador <b>vibrador y pulsador</b> diseñado para una experiencia de <b>estimulación doble y profunda</b>. Este completo juguete masajea simultáneamente la <b>próstata</b> y la zona perineal. Además, su diseño versátil permite estimular el <b>punto G y el clítoris</b>, ofreciendo sensaciones intensas y placenteras. Iker es tu aliado perfecto para explorar el placer sin límites.\n\n&nbsp;\n<h3><b>Diseño Ergonómico y Adaptable para el Placer Máximo</b></h3>\n&nbsp;\n\nIker presenta un distintivo diseño en forma de L que se adapta cómodamente a todo tipo de cuerpos. Su base ha sido diseñada para un ajuste perfecto al perineo, mientras que su eje principal, con una curvatura pronunciada, estimula la <b>próstata</b> de forma precisa y directa. La ergonomía de Iker garantiza una experiencia cómoda y una estimulación eficaz en cada uso.\n\n&nbsp;\n<h3><b>Potencia, Vibración y Control Inteligente</b></h3>\n&nbsp;\n\nEquipado con dos potentes motores, Iker ofrece un control inigualable sobre tu placer. Experimenta:\n<ul>\n 	<li><b>7 modos de vibración</b></li>\n 	<li><b>5 modos de pulsación</b></li>\n 	<li><b>5 niveles de intensidad</b></li>\n</ul>\nUn discreto indicador LED se ilumina en sincronía con las vibraciones, añadiendo un toque sutil a tus sesiones.\n\n&nbsp;\n<h3><b>Conectividad Avanzada: Control Total con la App de Iker Black</b></h3>\n&nbsp;\n\nLleva la personalización de tu placer a un nuevo nivel con la <b>aplicación móvil exclusiva de Iker</b>. Conéctate y:\n<ul>\n 	<li>Controla el dispositivo desde cualquier parte del mundo.</li>\n 	<li>Personaliza infinitamente los modos de vibración.</li>\n 	<li>Haz que el juguete vibre al ritmo de tu música favorita.</li>\n</ul>\nLa <b>App de Iker</b> te da un poder ilimitado sobre tu experiencia.\n\n&nbsp;\n<h3><b>Comodidad, Higiene y Durabilidad</b></h3>\n&nbsp;\n\nIker está diseñado para tu máxima comodidad y facilidad de uso.\n<ul>\n 	<li><b>Control remoto:</b> Disfruta de una experiencia ""manos libres"" o controla directamente desde el juguete.</li>\n 	<li><b>Recargable:</b> Incluye cable USB para una carga sencilla.</li>\n 	<li><b>Sumergible:</b> Totalmente resistente al agua para una limpieza sin complicaciones.</li>\n 	<li><b>Materiales seguros:</b> Fabricado en suave <b>silicona</b> de alta calidad y detalles en ABS apto para el cuerpo.</li>\n</ul>\n&nbsp;\n<h3><b>Especificaciones Clave:</b></h3>\n&nbsp;\n<ul>\n 	<li><b>Tiempo de carga:</b> Aproximadamente 60 minutos.</li>\n 	<li><b>Tiempo de uso:</b> Hasta 60 minutos.</li>\n 	<li><b>Incluye:</b> Práctica bolsita de transporte y manual de instrucciones.</li>\n</ul>\n&nbsp;\n<h3><b>Versatilidad para tu Experiencia Erótica</b></h3>\n&nbsp;\n\nIker es el <b>juguete erótico</b> ideal para el <b>autoplacer en solitario</b> o para enriquecer el <b>juego en pareja</b>. Aumenta las posibilidades de diversión y exploración. Para potenciar al máximo tus sensaciones y garantizar una experiencia inigualable, siempre se recomienda el uso de un <b>lubricante a base de agua</b>.\n<h4><strong>Características:</strong></h4>\n<strong>Batería:</strong> Recargable cable USB (incluido),\n\n<strong>Material:</strong> Silicona/ABS,\n\n<strong>Color: </strong>Negro,\n<h4><strong>Dimensiones producto:</strong></h4>\n134 mm x 101 mm x 36 mm,\n\n<strong>Dimensiones y peso embalaje: </strong>\n\n168 mm x 132 mm x 62 mm,\n\n390 g\n<p style=""text-align: left;""></p>",SVAKOM,,Vibrador,"vendor-svakom, novedad, juguetes-eroticos, premium, publico-ella, tipo-vibrador, punto-g",TRUE,Title,Default Title,,,,,25338729,138,shopify,0,deny,manual,87.95,,TRUE,TRUE,6959633100844,https://sexshoplorena.com/wp-content/uploads/2025/07/25338729.jpg,1,IKER BLACK,FALSE,IKER BLACK,Iker es un vibrador/pulsador que masajea de manera simultánea la próstata y la zona perineal. Se trata de un completo ... Paquete discreto en 24 h,,,adult,25338729,new,FALSE,https://sexshoplorena.com/wp-content/uploads/2025/07/25338729.jpg,g,,,active
iker-black,,,,,,,,,,,,,,,,,,,,,,,,,https://sexshoplorena.com/wp-content/uploads/2025/07/25338729b.jpg,2,IKER BLACK,,,,,,,,,,,,,,
iker-black,,,,,,,,,,,,,,,,,,,,,,,,,https://sexshoplorena.com/wp-content/uploads/2025/07/25338729c.jpg,3,IKER BLACK,,,,,,,,,,,,,,
iker-black,,,,,,,,,,,,,,,,,,,,,,,,,https://sexshoplorena.com/wp-content/uploads/2025/07/25338729d.jpg,4,IKER BLACK,,,,,,,,,,,,,,
iris-plum-red,Iris Plum Red,"Iris es un novedoso vibrador para punto G.Su cabeza ovalada incorporda unas ondas para añadir una estimulación extra e intensificar el placer. Fabricado en silicona médica, su textura es muy suave y resistente al mismo tiempo. Incorpora un potente motor silencioso capaz de otorgar vibraciones de alta intensidad. Su ángulo es perfecto para alcanzar el punto G sin esfuerzos y la cabeza es altamente flexible logrando alcanzar todos los rincones. También resulta un excelente estimulador externo gracias a su diseño de ondas aterciopelado. Iris tiene 5 modos de vibración diferentes con 5 niveles diferentes de intensidad logrando hasta 25 combinaciones distintas que se controlan fácilmente con un único botón. Resistente al agua y sumergible hasta 1 metro, podrás explorar sin limitaciones. Se carga magnéticamente mediante USB y la carga completa ofrece hasta 2 horas de placer continuo.,\n<h4><strong>Características:</strong></h4>\n<strong>Batería:</strong> Recargable,\n\n<strong>Material:</strong> Ciruela Roja,\n\n<strong>Color: </strong>Ciruela Roja,\n<h4><strong>Dimensiones producto:</strong></h4>\n180 mm (Longitud) x 30 mm (Diámetro),\n\n<strong>Dimensiones y peso embalaje: </strong>\n\n104 g,\n\n390 g\n<p style=""text-align: left;""></p>",SVAKOM,,Vibrador,"vendor-svakom, novedad, juguetes-eroticos, premium, publico-ella, tipo-vibrador, punto-g",TRUE,Title,Default Title,,,,,25338541,104,shopify,9,deny,manual,76.95,,TRUE,TRUE,6959633196564,https://sexshoplorena.com/wp-content/uploads/2025/07/25338541.jpg,1,Iris Plum Red,FALSE,Iris Plum Red,Iris es un novedoso vibrador para punto G.Su cabeza ovalada incorporda unas ondas para añadir una estimulación extra e ... Paquete discreto en 24 h,,,adult,25338541,new,FALSE,https://sexshoplorena.com/wp-content/uploads/2025/07/25338541.jpg,g,,,active
iris-plum-red,,,,,,,,,,,,,,,,,,,,,,,,,https://sexshoplorena.com/wp-content/uploads/2025/07/25338541b.jpg,2,Iris Plum Red,,,,,,,,,,,,,,
iris-plum-red,,,,,,,,,,,,,,,,,,,,,,,,,https://sexshoplorena.com/wp-content/uploads/2025/07/25338541c.jpg,3,Iris Plum Red,,,,,,,,,,,,,,
iris-plum-red,,,,,,,,,,,,,,,,,,,,,,,,,https://sexshoplorena.com/wp-content/uploads/2025/07/25338541d.jpg,4,Iris Plum Red,,,,,,,,,,,,,,
iris-plum-red,,,,,,,,,,,,,,,,,,,,,,,,,https://sexshoplorena.com/wp-content/uploads/2025/07/25338541e.jpg,5,Iris Plum Red,,,,,,,,,,,,,,
jordan,Jordan,"Jordán es un vibrador anal con control,  ideal para principiantes, el cual se puede conectar a una aplicación para poder disfrutar de más funciones. Con un diseño elegante y sofisticado, este dispositivo destaca por su cabeza acolchonada, un cuello estrecho y una base ancha que aseguran una experiencia de uso cómoda y versátil. Su innovador sistema permite ajustar las intensidades de empuje y vibración, junto con varios modos combinados, para personalizar la experiencia según  preferencias y necesidades. Además, gracias a su avanzada tecnología Bluetooth, se conecta fácilmente con la aplicación Svakom, lo que te permite controlar el dispositivo de forma remota, ya sea para disfrutarlo en solitario o compartir la experiencia con alguien más. Con un alcance de control sin igual, se puede explorar infinitas posibilidades de placer, desde la comodidad de un espacio privado hasta un juego compartido lleno de diversión y emoción.Este vibrador es completamente impermeable y sumergible, lo que lo convierte en el compañero ideal para disfrutar tanto en la ducha como en el baño. Su diseño facilita una limpieza sencilla y práctica. Además, viene con una elegante bolsita de almacenamiento y un manual de usuario para asegurar su uso adecuado. Su carga es rápida y eficiente a través de un cable USB (incluido).Se sugiere el uso de lubricante a base de agua para mejorar la experiencia.Características principales: ?  Vibrador anal.? Posee control.? Ideal para principiantes.? Se conecta a la aplicación Svakom a través de Bluetooth.? Diseño elegante.? Intensidades: de empuje y vibración.? Impermeable y sumergible.? Viene con una elegante bolsita de almacenaje y manual de usuario.? Recargable con cable USB (incluido).? Se sugiere el uso de lubricante a base de agua.,\n<h4><strong>Características:</strong></h4>\n<strong>Batería:</strong> Recargable con cable USB (incluido),\n\n<strong>Material:</strong> ,\n\n<strong>Color: </strong>Negro,\n<h4><strong>Dimensiones producto:</strong></h4>\n120 mm ×  60 mm ×  40 mm,\n\n<strong>Dimensiones y peso embalaje: </strong>\n\n146 mm x 120 mm x 57 mm,\n\n300 g\n<p style=""text-align: left;""></p>",SVAKOM,,Vibrador,"vendor-svakom, novedad, juguetes-eroticos, premium, publico-ella, tipo-vibrador, punto-g",TRUE,Title,Default Title,,,,,25338767,83,shopify,8,deny,manual,87.95,,TRUE,TRUE,6959633104521,https://sexshoplorena.com/wp-content/uploads/2025/07/25338767.jpg,1,Jordan,FALSE,Jordan,"Jordán es un vibrador anal con control, ideal para principiantes, el cual se puede conectar a una aplicación para ... Paquete discreto en 24 h",,,adult,25338767,new,FALSE,https://sexshoplorena.com/wp-content/uploads/2025/07/25338767.jpg,g,,,active
jordan,,,,,,,,,,,,,,,,,,,,,,,,,https://sexshoplorena.com/wp-content/uploads/2025/07/25338767b.jpg,2,Jordan,,,,,,,,,,,,,,
jordan,,,,,,,,,,,,,,,,,,,,,,,,,https://sexshoplorena.com/wp-content/uploads/2025/07/25338767c.jpg,3,Jordan,,,,,,,,,,,,,,
jordan,,,,,,,,,,,,,,,,,,,,,,,,,https://sexshoplorena.com/wp-content/uploads/2025/07/25338767d.jpg,4,Jordan,,,,,,,,,,,,,,
jordan,,,,,,,,,,,,,,,,,,,,,,,,,https://sexshoplorena.com/wp-content/uploads/2025/07/25338767e.jpg,5,Jordan,,,,,,,,,,,,,,
judy-tester,JUDY TESTER,"JUDY TESTER,\n<h4><strong>Características:</strong></h4>\n<strong>Batería:</strong> ,\n\n<strong>Material:</strong> ,\n\n<strong>Color: </strong>,\n<h4><strong>Dimensiones producto:</strong></h4>\n,\n\n<strong>Dimensiones y peso embalaje: </strong>\n\n,\n\n\n<p style=""text-align: left;""></p>",SVAKOM,,Juguete erótico,"vendor-svakom, juguetes-eroticos, premium",FALSE,Title,Default Title,,,,,25337100,0,shopify,3,deny,manual,0.00,,TRUE,TRUE,25337100,,,,FALSE,JUDY TESTER,"JUDY TESTER,Características:Batería: ,Material: , ... Paquete discreto en 24 h",,,adult,25337100,new,FALSE,,g,,,draft
mini-emma-neo,Mini Emma Neo,"Mini Emma Neo es un vibrador de varita calentadora interactiva,  de estimulación externa. Su diseño compacto y material de silicona de primera calidad lo hace liviano y cómodo de trasladar a cualquier lado. Viene con 5 modos de vibración y 10 niveles de intensidad más el modo inteligente que imita los ritmos sexuales.Gracias a su avanzada tecnología Bluetooth, el dispositivo se conecta fácilmente con la aplicación Svakom, permitiendo el control remoto del dispositivo. Esto brinda la opción de disfrutarlo en solitario o compartir la experiencia con otra persona. Además, se vincula con la aplicación FeelConnect 3, ofreciendo la posibilidad de experimentar los movimientos de los videos interactivos.Este vibrador es completamente impermeable y sumergible, lo que lo convierte en el compañero ideal para disfrutar tanto en la ducha como en el baño. Su diseño facilita una limpieza sencilla y práctica. Su carga es rápida y eficiente a través de un cable USB-C (incluido).Se sugiere el uso de lubricante a base de agua para mejorar la experiencia.Características principales:? Vibrador.? Estimulación externa.? Diseño compacto.? Material: silicona.? Modos de vibración: 5.? Niveles de intensidad: 10.? App y Bluetooth.? Impermeable y sumergible.? Recargable con cable USB-C (incluido).? Se sugiere el uso de lubricante a base de agua.,\n<h4><strong>Características:</strong></h4>\n<strong>Batería:</strong> Recargable con cable USB-C (incluido),\n\n<strong>Material:</strong> ,\n\n<strong>Color: </strong>Lila,\n<h4><strong>Dimensiones producto:</strong></h4>\n170 mm x 40 mm x  40mm,\n\n<strong>Dimensiones y peso embalaje: </strong>\n\n250 mm x 110 mm x 60 mm,\n\n433 g\n<p style=""text-align: left;""></p>",SVAKOM,,Vibrador,"vendor-svakom, novedad, juguetes-eroticos, premium, publico-ella, tipo-vibrador, punto-g",TRUE,Title,Default Title,,,,,25338766,130,shopify,21,deny,manual,65.95,,TRUE,TRUE,6959633105078,https://sexshoplorena.com/wp-content/uploads/2025/07/25338766.jpg,1,Mini Emma Neo,FALSE,Mini Emma Neo,"Mini Emma Neo es un vibrador de varita calentadora interactiva, de estimulación externa. Su diseño compacto y material ... Paquete discreto en 24 h",,,adult,25338766,new,FALSE,https://sexshoplorena.com/wp-content/uploads/2025/07/25338766.jpg,g,,,active
mini-emma-neo,,,,,,,,,,,,,,,,,,,,,,,,,https://sexshoplorena.com/wp-content/uploads/2025/07/25338766b.jpg,2,Mini Emma Neo,,,,,,,,,,,,,,
mini-emma-neo,,,,,,,,,,,,,,,,,,,,,,,,,https://sexshoplorena.com/wp-content/uploads/2025/07/25338766c.jpg,3,Mini Emma Neo,,,,,,,,,,,,,,
mini-emma-neo,,,,,,,,,,,,,,,,,,,,,,,,,https://sexshoplorena.com/wp-content/uploads/2025/07/25338766d.jpg,4,Mini Emma Neo,,,,,,,,,,,,,,
mini-emma-neo,,,,,,,,,,,,,,,,,,,,,,,,,https://sexshoplorena.com/wp-content/uploads/2025/07/25338766e.jpg,5,Mini Emma Neo,,,,,,,,,,,,,,
mora-neo-peach-pink,MORA NEO PEACH PINK,"MORA NEO es un lujoso vibrador de doble estimulación diseñado para mimar la zona G y el clítoris de manera simultanea.Añade un anillo de perlas en su interior que abraza el eje principal y aporta movimientos de empuje en la entrada vaginal y en la zona G para aumentar las sensaciones. Meticulosamente estudiado para que no dañe la piel sensible del interior de la vagina. Con un diseño fino y simple, de eje ligeramente curvado y semi rígido. Posee motores independientes y añade la función de bloqueo de viaje, muy útil para mantenerlo desactivado de manera segura. Está fabricado en su totalidad en suave y agradable silicona de alta calidad. Añade un total de 5 modos de vibración y hasta 5 niveles de intensidad, además de 3 intensidades de empuje de las perlas. Se trata de un juguete recargable con cable USB-C (incluido), con 2 horas de tiempo de carga, 2 horas de uso y totalmente impermeable. Además, el juguete también es controlable a través de una APP que ofrece gran variedad de posibilidades de juego, ampliando así el abanico de funcionalidades del juguete. MORA NEO puede sincronizarse con una amplia variedad de plataformas interactivas de video, así como con los sitios de cámaras más populares. Resulta muy fácil de limpiar y su uso con lubricante a base de agua mejorará la experiencia exponencialmente. Gracias a sus dos ejes de estimulación, MORA NEO es totalmente apto para penetración anal y masaje prostático. Incluye además un manual de uso y una bolsita de transporte y almacenamiento.Características principales:? Vibrador de doble estimulación.? Para el punto G y clítoris.? Añade perlas que abrazan el eje principal con función de empuje.? Estudiado para que no dañe la piel sensible.? Diseño muy fino, lujoso y sofisticado.? Eje suave y semi rígido.? Motores independientes.? Fabricado en silicona de alta calidad.? Función bloqueo para viajes.? 5 modos de vibración y 5 niveles de intensidad.? 3 intensidades de empuje de las perlitas.? Recargable con cable USB-C (incluido).? Impermeable.? Tiene una aplicación móvil con la que controlar el juguete y personalizar patrones de vibración.? Añade función interactiva.? Apto para penetración anal.? Fácil de limpiar.? Incluye una bolsa de transporte y manual de uso.,\n<h4><strong>Características:</strong></h4>\n<strong>Batería:</strong> Recargable con cable USB-C (incluido),\n\n<strong>Material:</strong> Silicona,\n\n<strong>Color: </strong>Coral rosa,\n<h4><strong>Dimensiones producto:</strong></h4>\n195 mm x 32 mm x 60 mm,\n\n<strong>Dimensiones y peso embalaje: </strong>\n\n250 mm x 102 mm x 58 mm,\n\n470 g\n<p style=""text-align: left;""></p>",SVAKOM,,Vibrador,"vendor-svakom, novedad, juguetes-eroticos, premium, publico-ella, tipo-vibrador, punto-g",TRUE,Title,Default Title,,,,,25338758,0,shopify,25,deny,manual,87.95,,TRUE,TRUE,6959633103494,https://sexshoplorena.com/wp-content/uploads/2025/07/25338758.jpg,1,MORA NEO PEACH PINK,FALSE,MORA NEO PEACH PINK,MORA NEO es un lujoso vibrador de doble estimulación diseñado para mimar la zona G y el clítoris de manera ... Paquete discreto en 24 h,,,adult,25338758,new,FALSE,https://sexshoplorena.com/wp-content/uploads/2025/07/25338758.jpg,g,,,active
mora-neo-peach-pink,,,,,,,,,,,,,,,,,,,,,,,,,https://sexshoplorena.com/wp-content/uploads/2025/07/25338758b.jpg,2,MORA NEO PEACH PINK,,,,,,,,,,,,,,
mora-neo-peach-pink,,,,,,,,,,,,,,,,,,,,,,,,,https://sexshoplorena.com/wp-content/uploads/2025/07/25338758c.jpg,3,MORA NEO PEACH PINK,,,,,,,,,,,,,,
mora-neo-peach-pink,,,,,,,,,,,,,,,,,,,,,,,,,https://sexshoplorena.com/wp-content/uploads/2025/07/25338758d.jpg,4,MORA NEO PEACH PINK,,,,,,,,,,,,,,
mora-neo-peach-pink,,,,,,,,,,,,,,,,,,,,,,,,,https://sexshoplorena.com/wp-content/uploads/2025/07/25338758e.jpg,5,MORA NEO PEACH PINK,,,,,,,,,,,,,,
nova-plum-red,NOVA PLUM RED,"Este kit de 3 bolas chinas de diferentes pesos y tamaños para hacer los ejercicios de kegel y un entrenamiento progresivo del suelo pélvico. Sirve tanto para las mujeres principiantes como para las más avanzadas.Peso: Principiante: 49g, Intermedio: 75g , Experto: 95g. Este set de bolas de Svakom, incluye tres tipos de bolas ejercitadoras de diferentes tamaños y pesos, para proporcionar a las usuarias un ejercicio por etapas graduales.Primera etapa: la primera vez que realice los ejercicios de fortalecimiento del suelo pélvico, debe lograr que el cuerpo se adapte. Utilizar la primera bola de 49 g, ejercitando durante 30 minutos al día durante todo el mes.Segunda etapa: después de que su cuerpo se haya adaptado a la bola de Nova, podrá utilizar la bola doble de 75. Continuará utilizando 30 minutos una vez al dia durante un mes.Tercera etapa: al llegar a esta estapa su cuerpo ya deberá controlar fácilmente la bola doble por lo que para aumentar la intensidad deberá utilizar la bola de 95 y continuar el ejercitamiento del suelo pélvico de 30 minutos al día durante un mes.Consejos: al realizar el ejercicio diario, no deberá sentarse ni quedarse quieto, deberá caminar,correr, nadar, bailar, hacer las tareas domésticas y otros movimientos. Este tipo de movimientos, harán que la bola se mueva dentro del cuerpo y produzca vibraciones sutiles para estimular el ejercitamiento de los musculos vaginales, fortaleciéndolos. Si se tiene mal estar, después de haber realizado el ejercicio, consulte a su médico inmediátamente. Para las mujeres que padecen vaginitis, inflamación genital, inflamación pélvica u otra inflamación ginecológica, deberá usar las bolas después de recuperarse de estas patologías.,\n<h4><strong>Características:</strong></h4>\n<strong>Batería:</strong> ,\n\n<strong>Material:</strong> ,\n\n<strong>Color: </strong>,\n<h4><strong>Dimensiones producto:</strong></h4>\n,\n\n<strong>Dimensiones y peso embalaje: </strong>\n\n,\n\n\n<p style=""text-align: left;""></p>",SVAKOM,,Ejercitador suelo pélvico,"vendor-svakom, showroom, juguetes-eroticos, premium, publico-ella, suelo-pelvico",TRUE,Title,Default Title,,,,,25335941,0,shopify,0,deny,manual,49.45,,TRUE,TRUE,6959633100783,https://sexshoplorena.com/wp-content/uploads/2025/07/25335941.jpg,1,NOVA PLUM RED,FALSE,NOVA PLUM RED,Este kit de 3 bolas chinas de diferentes pesos y tamaños para hacer los ejercicios de kegel y un entrenamiento ... Paquete discreto en 24 h,,,adult,25335941,new,FALSE,https://sexshoplorena.com/wp-content/uploads/2025/07/25335941.jpg,g,,,active
nova-plum-red,,,,,,,,,,,,,,,,,,,,,,,,,https://sexshoplorena.com/wp-content/uploads/2025/07/25335941b.jpg,2,NOVA PLUM RED,,,,,,,,,,,,,,
nova-violet,NOVA VIOLET,"Este kit de 3 bolas chinas de diferentes pesos y tamaños para hacer los ejercicios de kegel y un entrenamiento progresivo del suelo pélvico. Sirve tanto para las mujeres principiantes como para las más avanzadas.Peso: Principiante: 49g, Intermedio: 75g , Experto: 95g. Este set de bolas de Svakom, incluye tres tipos de bolas ejercitadoras de diferentes tamaños y pesos, para proporcionar a las usuarias un ejercicio por etapas graduales.Primera etapa: la primera vez que realice los ejercicios de fortalecimiento del suelo pélvico, debe lograr que el cuerpo se adapte. Utilizar la primera bola de 49 g, ejercitando durante 30 minutos al día durante todo el mes.Segunda etapa: después de que su cuerpo se haya adaptado a la bola de Nova, podrá utilizar la bola doble de 75. Continuará utilizando 30 minutos una vez al dia durante un mes.Tercera etapa: al llegar a esta estapa su cuerpo ya deberá controlar fácilmente la bola doble por lo que para aumentar la intensidad deberá utilizar la bola de 95 y continuar el ejercitamiento del suelo pélvico de 30 minutos al día durante un mes.Consejos: al realizar el ejercicio diario, no deberá sentarse ni quedarse quieto, deberá caminar,correr, nadar, bailar, hacer las tareas domésticas y otros movimientos. Este tipo de movimientos, harán que la bola se mueva dentro del cuerpo y produzca vibraciones sutiles para estimular el ejercitamiento de los musculos vaginales, fortaleciéndolos. Si se tiene mal estar, después de haber realizado el ejercicio, consulte a su médico inmediátamente. Para las mujeres que padecen vaginitis, inflamación genital, inflamación pélvica u otra inflamación ginecológica, deberá usar las bolas después de recuperarse de estas patologías.,\n<h4><strong>Características:</strong></h4>\n<strong>Batería:</strong> ,\n\n<strong>Material:</strong> ,\n\n<strong>Color: </strong>,\n<h4><strong>Dimensiones producto:</strong></h4>\n,\n\n<strong>Dimensiones y peso embalaje: </strong>\n\n,\n\n\n<p style=""text-align: left;""></p>",SVAKOM,,Ejercitador suelo pélvico,"vendor-svakom, novedad, juguetes-eroticos, premium, publico-ella, suelo-pelvico",TRUE,Title,Default Title,,,,,25335920,0,shopify,26,deny,manual,49.45,,TRUE,TRUE,6959633100790,https://sexshoplorena.com/wp-content/uploads/2025/07/25335920.jpg,1,NOVA VIOLET,FALSE,NOVA VIOLET,Este kit de 3 bolas chinas de diferentes pesos y tamaños para hacer los ejercicios de kegel y un entrenamiento ... Paquete discreto en 24 h,,,adult,25335920,new,FALSE,https://sexshoplorena.com/wp-content/uploads/2025/07/25335920.jpg,g,,,active
nova-violet,,,,,,,,,,,,,,,,,,,,,,,,,https://sexshoplorena.com/wp-content/uploads/2025/07/25335920b.jpg,2,NOVA VIOLET,,,,,,,,,,,,,,
nymph-pink,Nymph Pink,"Numph es un estimulador externo/interno recargable, con   dos motores que funcionan independientemente y con múltiples   utilidades, como esttimulador de  pezones, punto G, clítoris y un largo   etc... Su diseño consta de una cabeza redondeada suave y flexible y   tres dedos con un movimiento rotativo en el otro extremo.De tamaño pequeño y compacto, es un juguete muy versátil, ideal para usar en los juegos previos.Es totalmente sumergible.Su carga estarará completa en 40 minutos para otorgar 1 hora y media de placer.Incorpora 5 intensidades, 5 modos de vibración y 3 modos de vibración en los dedos.,\n<h4><strong>Características:</strong></h4>\n<strong>Batería:</strong> Recargable,\n\n<strong>Material:</strong> Silicona/ABS,\n\n<strong>Color: </strong>Rosa Palo,\n<h4><strong>Dimensiones producto:</strong></h4>\n156 mm x 40.5 mm,\n\n<strong>Dimensiones y peso embalaje: </strong>\n\n249 mm x 100 mm x 56 mm,\n\n415 g\n<p style=""text-align: left;""></p>",SVAKOM,,Vibrador,"vendor-svakom, novedad, juguetes-eroticos, premium, publico-ella, tipo-vibrador, punto-g",TRUE,Title,Default Title,,,,,25338250,124,shopify,31,deny,manual,98.95,,TRUE,TRUE,6959633111994,https://sexshoplorena.com/wp-content/uploads/2025/07/25338250.jpg,1,Nymph Pink,FALSE,Nymph Pink,"Numph es un estimulador externo/interno recargable, con dos motores que funcionan independientemente y con múltiples ... Paquete discreto en 24 h",,,adult,25338250,new,FALSE,https://sexshoplorena.com/wp-content/uploads/2025/07/25338250.jpg,g,,,active
nymph-pink,,,,,,,,,,,,,,,,,,,,,,,,,https://sexshoplorena.com/wp-content/uploads/2025/07/25338250b.jpg,2,Nymph Pink,,,,,,,,,,,,,,
nymph-pink,,,,,,,,,,,,,,,,,,,,,,,,,https://sexshoplorena.com/wp-content/uploads/2025/07/25338250c.jpg,3,Nymph Pink,,,,,,,,,,,,,,
phoenix-neo-2,PHOENIX NEO 2,"Phoenix Neo 2 es el vibrador interno con luz externa que proviene de su antecesor Phoenix Neo. Un juguete interactivo con potentes vibraciones y una gran versatibilidad en juego.Tiene un diseño compacto, muy ergonómico, suave y discreto. Más fino y adaptable que su antecesor, y añade textura en su cuerpo para mayores sensaciones. Diseñado con un único botón de control para facilitar aún más el juego, con una luz que marca los ritmos de vibración. Es un juguete ideal para estimular la zona G o utilizarlo como masajeador externo para las zonas más sensibles del cuerpo. Añade también poder controlarlo a través de la App y esta ofrece un repertorio de juegos en solitario o en la mejor compañía. Por si fuera poco, Phoenix Neo 2 añade también la función de realidad inmersiva con videos interactivos 2D que vienen sincronizados con los modos de vibración del juguete, ofreciendo así una experiencia de lo más realista.Dispone de un total de 11 modos de vibración, un motor súper potente y es recargable con cable USB (incluido) con salida magnética. Es totalmente sumergible, abriendo así un gran abanico de posibilidades de juego, y su carga completa en 2,5h ofrecerá hasta 4,5 horas de intenso placer.Características principales:Vibrador antecesor del Phoenix Neo.Juguete interactivo con potentes vibraciones.Versátil.Diseño más fino que el anterior modelo.Discreto, suave, compacto.Ergonómico.Añade textura en su cuerpo.Un único botón de control.Luz externa que marca los ritmos en vivo.Ideal para la zona G o partes erógenas del cuerpo.Añade una App para controlar el juguete a largas distancias.Función interactiva con realidad totalmente inmersiva.11 modos de vibración.Motor muy potente.Recargable con cable USB (incluido).Sumergible.Tiempo de carga: 2,5 horas.Tiempo de uso: 4,5 hora.,\n<h4><strong>Características:</strong></h4>\n<strong>Batería:</strong> Recargable con cable USB (incluido),\n\n<strong>Material:</strong> 100% silicona,\n\n<strong>Color: </strong>Rojo,\n<h4><strong>Dimensiones producto:</strong></h4>\n157 mm x 118 mm x 127 mm,\n\n<strong>Dimensiones y peso embalaje: </strong>\n\n145 mm x 120 mm x 58 mm,\n\n280 g\n<p style=""text-align: left;""></p>",SVAKOM,,Vibrador,"vendor-svakom, novedad, juguetes-eroticos, premium, publico-ella, tipo-vibrador, punto-g",TRUE,Title,Default Title,,,,,25338745,90,shopify,27,deny,manual,109.95,,TRUE,TRUE,6959633134559,https://sexshoplorena.com/wp-content/uploads/2025/07/25338745.jpg,1,PHOENIX NEO 2,FALSE,PHOENIX NEO 2,Phoenix Neo 2 es el vibrador interno con luz externa que proviene de su antecesor Phoenix Neo. Un juguete interactivo ... Paquete discreto en 24 h,,,adult,25338745,new,FALSE,https://sexshoplorena.com/wp-content/uploads/2025/07/25338745.jpg,g,,,active
phoenix-neo-2,,,,,,,,,,,,,,,,,,,,,,,,,https://sexshoplorena.com/wp-content/uploads/2025/07/25338745b.jpg,2,PHOENIX NEO 2,,,,,,,,,,,,,,
phoenix-neo-2,,,,,,,,,,,,,,,,,,,,,,,,,https://sexshoplorena.com/wp-content/uploads/2025/07/25338745c.jpg,3,PHOENIX NEO 2,,,,,,,,,,,,,,
phoenix-neo-2,,,,,,,,,,,,,,,,,,,,,,,,,https://sexshoplorena.com/wp-content/uploads/2025/07/25338745d.jpg,4,PHOENIX NEO 2,,,,,,,,,,,,,,
phoenix-neo-2,,,,,,,,,,,,,,,,,,,,,,,,,https://sexshoplorena.com/wp-content/uploads/2025/07/25338745e.jpg,5,PHOENIX NEO 2,,,,,,,,,,,,,,
phoenix-neo-2-pastel-liliac,PHOENIX NEO 2 PASTEL LILIAC,"PHOENIX NEO 2 es un vibrador interno con luz externa que proviene de su antecesor Phoenix Neo. Un juguete interactivo con potentes vibraciones y una gran versatibilidad en juego.Se trata de un juguete ligero, muy ergonómico, suave y discreto. Con un diseño más fino y adaptable que su antecesor, y añade textura en su cuerpo para mayores sensaciones. Diseñado con un único botón de control para facilitar aún más el juego, con una luz que marca los ritmos de vibración. Es un juguete ideal para estimular la zona G o utilizarlo como masajeador externo para las zonas más sensibles del cuerpo. Añade también poder controlarlo a través de la App y esta ofrece un repertorio de juegos en solitario o en la mejor compañía. Por si fuera poco, Phoenix Neo 2 añade también la función de realidad inmersiva con videos interactivos 2D que vienen sincronizados con los modos de vibración del juguete, ofreciendo así una experiencia de lo más realista.Dispone de un total de 11 modos de vibración, un motor súper potente y es recargable con cable USB (incluido) con salida magnética. Es totalmente sumergible, abriendo así un gran abanico de posibilidades de juego, y su carga completa en 2,5h ofrecerá hasta 4,5 horas de intenso placer.Características principales:? Vibrador antecesor del Phoenix Neo.? Juguete interactivo con potentes vibraciones.? Versátil.? Diseño más fino que el anterior modelo.? Discreto, suave, compacto.? Ergonómico.? Añade textura en su cuerpo.? Un único botón de control.? Luz externa que marca los ritmos en vivo.? Ideal para la zona G o partes erógenas del cuerpo.? Añade una App para controlar el juguete a largas distancias.? Función interactiva con realidad totalmente inmersiva.? 11 modos de vibración.? Motor muy potente.? Recargable con cable USB (incluido).? Sumergible.? Tiempo de carga: 2,5 horas.? Tiempo de uso: 4,5 hora.,\n<h4><strong>Características:</strong></h4>\n<strong>Batería:</strong> Recargable con cable USB (incluido),\n\n<strong>Material:</strong> 100% silicona,\n\n<strong>Color: </strong>Lila,\n<h4><strong>Dimensiones producto:</strong></h4>\n145 mm x 120 mm x 58 mm,\n\n<strong>Dimensiones y peso embalaje: </strong>\n\n157 mm x 118 mm x 127 mm,\n\n280 g\n<p style=""text-align: left;""></p>",SVAKOM,,Vibrador,"vendor-svakom, novedad, juguetes-eroticos, premium, publico-ella, tipo-vibrador, punto-g",TRUE,Title,Default Title,,,,,25338762,90,shopify,25,deny,manual,109.95,,TRUE,TRUE,6959633103852,https://sexshoplorena.com/wp-content/uploads/2025/07/25338762.jpg,1,PHOENIX NEO 2 PASTEL LILIAC,FALSE,PHOENIX NEO 2 PASTEL LILIAC,PHOENIX NEO 2 es un vibrador interno con luz externa que proviene de su antecesor Phoenix Neo. Un juguete interactivo ... Paquete discreto en 24 h,,,adult,25338762,new,FALSE,https://sexshoplorena.com/wp-content/uploads/2025/07/25338762.jpg,g,,,active
phoenix-neo-2-pastel-liliac,,,,,,,,,,,,,,,,,,,,,,,,,https://sexshoplorena.com/wp-content/uploads/2025/07/25338762b.jpg,2,PHOENIX NEO 2 PASTEL LILIAC,,,,,,,,,,,,,,
phoenix-neo-2-pastel-liliac,,,,,,,,,,,,,,,,,,,,,,,,,https://sexshoplorena.com/wp-content/uploads/2025/07/25338762c.jpg,3,PHOENIX NEO 2 PASTEL LILIAC,,,,,,,,,,,,,,
phoenix-neo-2-pastel-liliac,,,,,,,,,,,,,,,,,,,,,,,,,https://sexshoplorena.com/wp-content/uploads/2025/07/25338762d.jpg,4,PHOENIX NEO 2 PASTEL LILIAC,,,,,,,,,,,,,,
phoenix-neo-2-pastel-liliac,,,,,,,,,,,,,,,,,,,,,,,,,https://sexshoplorena.com/wp-content/uploads/2025/07/25338762e.jpg,5,PHOENIX NEO 2 PASTEL LILIAC,,,,,,,,,,,,,,
pulse-galaxie-black,PULSE GALAXIE BLACK,"PULSE GALAXIE es el galáctico masajeador por pulsación que crea efecto succión profunda y diseñado especialmente para la estimulación intensa del clítoris. Con tecnología patentada de succión dirigida Pulse Technology? que penetra de manera profunda intensificando exponencialmente las sensaciones. Tiene un diseño ovalado, especialmente ligero, futurista, sofisticado y discreto a la vez que extremadamente ergonómico. Se adapta fluidamente a la palma de la mano para una dirección precisa y cómoda. Tiene una base de carga que no solamente ayuda a que su diseño sea de lo más discreto sino que lo protege por completo. Se encaja gracias a un sistema magnético para asegurar el cierre correctamente. La base de carga añade una función que no dejará indiferente a nadie, una proyección de sensuales y cósmicas luces estrelladas ideal para ambientar el espacio, con tres modos de proyección estelar controlables a través de un botón táctilFunciona por ondas de presión que, al apoyarlo sobre la piel sensible, crea un agradable efecto succión. La boca de Pulse Galaxie proporciona sensaciones intensas sin dejar de cuidar a los clítoris más sensibles, el hecho de ser plana, flexible y suave crea un pequeño vacío para mucha más intensidad además de ser una boquilla suave que se adapta a cualquier cuerpo. Está fabricado en silicona médica, con un tacto ultra suave de alta calidad y de ABS. Es un juguete resiente al agua y recargable por cable USB tipo-C (incluido). Dispone de 5 patrones y dentro de cada patrón se le puede subir o bajar la intensidad hasta 5 niveles. Su motor es potente pero muy silencioso a la vez, con una interfaz intuitiva de tan sólo 1 botón. Añade función de bloqueo para asegurar los viajes y evitar que se active inesperadamente y un indicador de batería.Además, el juguete también es controlable a través de una APP que ofrece gran variedad de posibilidades de juego, ampliando así el abanico de funcionalidades del juguete. . En el interior de su envoltorio, dulce y de suaves colores, podemos encontrar un manual de uso y una bolsita para su almacenamiento y transporte discreto. Su tiempo de carga es de 2 horas para una duración de batería de 1 hora. Se recomienda usar lubricante a base de agua para una mejor experiencia.Características principales:? Succionador de clítoris.? Crea succión muy profunda.? Tecnología patentada Pulse Technology?.? Intensifica las sensaciones a grandes niveles.? Diseño ligero, futurista, galáctico, sofisticado y discreto.? Muy ergonómico.? Se adapta a la perfección a la palma de la mano.? Base de carga que protege el juguete.? La base de carga es un proyector de luces estelares (3 modos) que funciona con botón táctil.? Fácil agarre para direccionar.? Boquilla plana, flexible y suave.? Fabricado en silicona y ABS.? Recargable con cable USB tipo-C (incluido).? Resistente al agua.? 5 patrones de succión y 5 niveles de intensidad.? Tiene una aplicación móvil con la que controlar el juguete y personalizar patrones de vibración.? Silencioso.? Indicador de batería.? Añade función bloqueo.? Interfaz de 1 botón.? 2 horas de carga para 1 hora de uso.? Incluye manual de uso y bolsita de transporte.,\n<h4><strong>Características:</strong></h4>\n<strong>Batería:</strong> Recargable con cable USB tipo-C (incluido),\n\n<strong>Material:</strong> Silicona/ABS,\n\n<strong>Color: </strong>Negro,\n<h4><strong>Dimensiones producto:</strong></h4>\n80 mm x 105 mm x 40 mm,\n\n<strong>Dimensiones y peso embalaje: </strong>\n\n166 mm x 130 mm x 59 mm,\n\n385 g\n<p style=""text-align: left;""></p>",SVAKOM,,Juguete erótico,"vendor-svakom, novedad, juguetes-eroticos, premium",TRUE,Title,Default Title,,,,,25338750,160,shopify,15,deny,manual,109.95,,TRUE,TRUE,6959633103388,https://sexshoplorena.com/wp-content/uploads/2025/07/25338750.jpg,1,PULSE GALAXIE BLACK,FALSE,PULSE GALAXIE BLACK,PULSE GALAXIE es el galáctico masajeador por pulsación que crea efecto succión profunda y diseñado especialmente para ... Paquete discreto en 24 h,,,adult,25338750,new,FALSE,https://sexshoplorena.com/wp-content/uploads/2025/07/25338750.jpg,g,,,active
pulse-galaxie-black,,,,,,,,,,,,,,,,,,,,,,,,,https://sexshoplorena.com/wp-content/uploads/2025/07/25338750b.jpg,2,PULSE GALAXIE BLACK,,,,,,,,,,,,,,
pulse-galaxie-black,,,,,,,,,,,,,,,,,,,,,,,,,https://sexshoplorena.com/wp-content/uploads/2025/07/25338750c.jpg,3,PULSE GALAXIE BLACK,,,,,,,,,,,,,,
pulse-galaxie-black,,,,,,,,,,,,,,,,,,,,,,,,,https://sexshoplorena.com/wp-content/uploads/2025/07/25338750d.jpg,4,PULSE GALAXIE BLACK,,,,,,,,,,,,,,
pulse-galaxie-black,,,,,,,,,,,,,,,,,,,,,,,,,https://sexshoplorena.com/wp-content/uploads/2025/07/25338750e.jpg,5,PULSE GALAXIE BLACK,,,,,,,,,,,,,,
pulse-galaxie-liliac,PULSE GALAXIE LILIAC,"&nbsp;\n\n<b>PULSE GALAXIE: El Masajeador de Clítoris Galáctico para un Placer sin Precedentes</b>\n\nPrepárate para una nueva era de sensaciones con el <b>Succionador de Clítoris Pulse Galaxie</b>, el innovador masajeador por pulsación diseñado específicamente para una estimulación clitoriana intensa y profundamente placentera. Este dispositivo futurista te sumerge en un placer envolvente, transformando tus momentos íntimos en una experiencia verdaderamente galáctica.\n\n<b>Tecnología Avanzada para Sensaciones Estelares:</b>\n<ul>\n 	<li><b>Succión Profunda Patentada:</b> El <b>Pulse Galaxie</b> utiliza la exclusiva y patentada <b>Pulse Technology™</b> para crear un efecto de succión profunda y dirigida. Esta innovación penetra intensamente, multiplicando exponencialmente las sensaciones y guiándote hacia clímax inolvidables.</li>\n 	<li><b>Boquilla de Precisión:</b> Su boquilla, plana, flexible y suave, está diseñada para el cuidado de los clítoris más sensibles. Crea un pequeño vacío que maximiza la intensidad de las pulsaciones, adaptándose suavemente a cualquier cuerpo para un placer preciso y sin irritaciones.</li>\n 	<li><b>Motor Potente y Discreto:</b> Disfruta de la máxima intensidad sin interrupciones. El <b>Succionador de Clítoris Pulse Galaxie</b> integra un motor potente que, a la vez, es increíblemente silencioso, garantizando total discreción en cada uso.</li>\n 	<li><b>Modos y Niveles Personalizables:</b> Con 5 patrones de succión distintivos y 5 niveles de intensidad dentro de cada patrón, el <b>Pulse Galaxie</b> te permite explorar y personalizar tu placer hasta encontrar la combinación perfecta para ti.</li>\n</ul>\n<b>Diseño Ergonómico y Futurista para Tu Comodidad:</b>\n<ul>\n 	<li><b>Estilo Sofisticado y Discreto:</b> El <b>Pulse Galaxie</b> destaca por su diseño ovalado, ligero, futurista y sofisticado. Su apariencia discreta permite que se integre perfectamente en tu espacio sin llamar la atención.</li>\n 	<li><b>Adaptación Perfecta:</b> Gracias a su forma ergonómica, el <b>Succionador de Clítoris Pulse Galaxie</b> se adapta fluidamente a la palma de tu mano, permitiendo una dirección precisa y cómoda de la estimulación.</li>\n</ul>\n<b>Funciones Exclusivas para una Experiencia Completa:</b>\n<ul>\n 	<li><b>Base de Carga con Proyector de Luces Estelares:</b> Una característica que te dejará sin aliento. Su innovadora base de carga no solo protege y recarga el juguete de forma discreta (encaje magnético), sino que también incorpora un proyector de luces estrelladas. Con tres modos de proyección estelar controlables mediante un botón táctil, crea el ambiente sensual y cósmico perfecto para tus momentos íntimos.</li>\n 	<li><b>Control Inteligente por APP:</b> Amplía el abanico de funcionalidades de tu <b>Pulse Galaxie</b> con su aplicación móvil. Esta APP te ofrece una gran variedad de posibilidades de juego, permitiéndote personalizar patrones y explorar nuevas formas de placer.</li>\n 	<li><b>Interfaz Sencilla:</b> Con una interfaz intuitiva de tan solo 1 botón, el control del <b>Succionador de Clítoris Pulse Galaxie</b> es increíblemente fácil.</li>\n 	<li><b>Función de Bloqueo y Batería:</b> Incluye una práctica función de bloqueo para asegurar los viajes y evitar activaciones inesperadas. Además, cuenta con un útil indicador de batería para que siempre sepas cuándo recargarlo.</li>\n</ul>\n<b>Materiales Premium y Mantenimiento Sencillo:</b>\n<ul>\n 	<li><b>Fabricación de Alta Calidad:</b> El <b>Succionador de Clítoris Pulse Galaxie</b> está fabricado con silicona médica ultra suave, de alta calidad, y resistente ABS.</li>\n 	<li><b>Resistente al Agua y Recargable:</b> Este juguete es resistente al agua, lo que facilita su limpieza y permite una mayor versatilidad de uso. Es recargable mediante un cable USB tipo-C (incluido). Con solo 2 horas de carga, disfrutarás de hasta 1 hora de uso continuo.</li>\n 	<li><b>Consejo de Uso:</b> Para una experiencia óptima y para proteger el material, se recomienda encarecidamente utilizar <a class=""ng-star-inserted"" href=""https://www.google.com/search?q=TU_ENLACE_INTERNO_A_LUBRICANTES"" target=""_blank"" rel=""noopener"">lubricante a base de agua</a>.</li>\n</ul>\n<b>Contenido del Paquete:</b>\n<ul>\n 	<li>Masajeador <b>PULSE GALAXIE</b>.</li>\n 	<li>Base de carga con proyector de luces estelares.</li>\n 	<li>Cable USB tipo-C.</li>\n 	<li>Manual de uso.</li>\n 	<li>Bolsita para almacenamiento y transporte discreto.</li>\n 	<li>Todo presentado en un envoltorio dulce y de suaves colores.</li>\n</ul>\n¡Hazte con el <b>Succionador de Clítoris Pulse Galaxie</b> y transforma tu experiencia íntima hacia un nuevo universo de placer!\n<h4><strong>Características:</strong></h4>\n<strong>Batería:</strong> Recargable con cable USB tipo-C (incluido),\n\n<strong>Material:</strong> Silicona/ABS,\n\n<strong>Color: </strong>Lila,\n<h4><strong>Dimensiones producto:</strong></h4>\n84 mm x 110 mm x 42 mm,\n\n<strong>Dimensiones y peso embalaje: </strong>\n\n166 mm x 130 mm x 59 mm,\n\n385 g\n<p style=""text-align: left;""></p>",SVAKOM,,Juguete erótico,"vendor-svakom, novedad, showroom, juguetes-eroticos, premium",TRUE,Title,Default Title,,,,,25338751,160,shopify,41,deny,manual,109.95,,TRUE,TRUE,6959633103371,https://sexshoplorena.com/wp-content/uploads/2025/07/25338751.jpg,1,PULSE GALAXIE LILIAC,FALSE,PULSE GALAXIE LILIAC,PULSE GALAXIE: El Masajeador de Clítoris Galáctico para un Placer sin PrecedentesPrepárate para una ... Paquete discreto en 24 h,,,adult,25338751,new,FALSE,https://sexshoplorena.com/wp-content/uploads/2025/07/25338751.jpg,g,,,active
pulse-galaxie-liliac,,,,,,,,,,,,,,,,,,,,,,,,,https://sexshoplorena.com/wp-content/uploads/2025/07/25338751b.jpg,2,PULSE GALAXIE LILIAC,,,,,,,,,,,,,,
pulse-galaxie-liliac,,,,,,,,,,,,,,,,,,,,,,,,,https://sexshoplorena.com/wp-content/uploads/2025/07/25338751c.jpg,3,PULSE GALAXIE LILIAC,,,,,,,,,,,,,,
pulse-galaxie-liliac,,,,,,,,,,,,,,,,,,,,,,,,,https://sexshoplorena.com/wp-content/uploads/2025/07/25338751d.jpg,4,PULSE GALAXIE LILIAC,,,,,,,,,,,,,,
pulse-galaxie-liliac,,,,,,,,,,,,,,,,,,,,,,,,,https://sexshoplorena.com/wp-content/uploads/2025/07/25338751e.jpg,5,PULSE GALAXIE LILIAC,,,,,,,,,,,,,,
pulse-lite-neo-mint,PULSE LITE NEO MINT,"Pulse Lite Neo es un masajeador de clítoris que crea efecto succión profunda y diseñado especialmente para la estimulación intensa de este. Con tecnología patentada de succión dirigida Pulse Technology? que penetra de manera profunda intensificando exponencialmente las sensaciones.Tiene un diseño muy ligero, futurista, sofisticado y discreto a la vez que extremadamente ergonómico. Se adapta fluidamente a la palma de la mano para una dirección precisa y cómoda. Funciona por ondas de presión que, al apoyarlo sobre la piel sensible, crea un agradable efecto succión. La boca de Pulse Lite Neo proporciona sensaciones intensas sin dejar de cuidar a los clítoris más sensibles, el hecho de ser plana y suave crea un pequeño vacío para mucha más intensidad además de ser una boquilla suave que se adapta a cualquier cuerpo.Está fabricado en silicona médica, con un tacto ultra suave de alta calidad y de ABS. Es un juguete resiente al agua y recargable por cable USB magnético (incluido). Dispone de 5 patrones y dentro de cada patrón se le puede subir o bajar la intensidad hasta 5 niveles. Su motor es potente pero muy silencioso a la vez, con una interfaz intuitiva de tan sólo 1 botón.Además, el juguete también es controlable a través de una APP que ofrece gran variedad de posibilidades de juego, ampliando así el abanico de funcionalidades del juguete. Pulse Lite Neo puede sincronizarse con una amplia variedad de plataformas interactivas de video, así como con los sitios de cámaras más populares.En el interior de su envoltorio, dulce y de suaves colores, podemos encontrar un manual de uso y una bolsita para su almacenamiento y transporte discreto. Su tiempo de carga es de 1.5 horas para una duración de batería de 1 hora. Se recomienda usar lubricante a base de agua para mejorar la experiencia.Características principales:Succionador de clítoris.Crea succión muy profunda.Tecnología patentada Pulse Technology?.Intensifica las sensaciones a grandes niveles.Diseño ligero, futurista, sofisticado y discreto.Muy ergonómico.Se adapta a la perfección a la palma de la mano.Fácil agarre para direccionar.Boquilla plana y suave.Fabricado en silicona y ABS.Recargable con cable USB magnético (incluido).5 patrones de succión y 5 niveles de intensidad.Tiene una aplicación móvil con la que controlar el juguete y personalizar patrones de vibración.Añade función interactiva.Silencioso.Interfaz de 1 botones.1.5 horas de carga para 1 hora de uso.Incluye manual de uso y bolsita de transporte.,\n<h4><strong>Características:</strong></h4>\n<strong>Batería:</strong> Recargable con cable USB magnético (incluido),\n\n<strong>Material:</strong> Silicona/ABS,\n\n<strong>Color: </strong>Turquesa pastel,\n<h4><strong>Dimensiones producto:</strong></h4>\n113 mm x 53 mm x 42 mm,\n\n<strong>Dimensiones y peso embalaje: </strong>\n\n145 mm x 74 mm x 70 mm,\n\n220 g\n<p style=""text-align: left;""></p>",SVAKOM,,Juguete erótico,"vendor-svakom, novedad, juguetes-eroticos, premium",TRUE,Title,Default Title,,,,,25338742,90,shopify,50,deny,manual,43.95,,TRUE,TRUE,6959633101650,https://sexshoplorena.com/wp-content/uploads/2025/07/25338742.jpg,1,PULSE LITE NEO MINT,FALSE,PULSE LITE NEO MINT,El sexshop lorena es una tienda para adultos con una amplia gama de juguetes eróticos. Envío 24 h y garantía de devolución - Paquete discreto,,,adult,25338742,new,FALSE,https://sexshoplorena.com/wp-content/uploads/2025/07/25338742.jpg,g,,,active
pulse-lite-neo-mint,,,,,,,,,,,,,,,,,,,,,,,,,https://sexshoplorena.com/wp-content/uploads/2025/07/25338742b.jpg,2,PULSE LITE NEO MINT,,,,,,,,,,,,,,
pulse-lite-neo-mint,,,,,,,,,,,,,,,,,,,,,,,,,https://sexshoplorena.com/wp-content/uploads/2025/07/25338742c.jpg,3,PULSE LITE NEO MINT,,,,,,,,,,,,,,
pulse-lite-neo-mint,,,,,,,,,,,,,,,,,,,,,,,,,https://sexshoplorena.com/wp-content/uploads/2025/07/25338742d.jpg,4,PULSE LITE NEO MINT,,,,,,,,,,,,,,
pulse-lite-neo-mint,,,,,,,,,,,,,,,,,,,,,,,,,https://sexshoplorena.com/wp-content/uploads/2025/07/25338742e.jpg,5,PULSE LITE NEO MINT,,,,,,,,,,,,,,
pulse-lite-neo-pink,PULSE LITE NEO PINK,"Pulse Lite Neo es un masajeador de clítoris que crea efecto succión profunda y diseñado especialmente para la estimulación intensa de este. Con tecnología patentada de succión dirigida Pulse Technology? que penetra de manera profunda intensificando exponencialmente las sensaciones.Tiene un diseño muy ligero, futurista, sofisticado y discreto a la vez que extremadamente ergonómico. Se adapta fluidamente a la palma de la mano para una dirección precisa y cómoda. Funciona por ondas de presión que, al apoyarlo sobre la piel sensible, crea un agradable efecto succión. La boca de Pulse Lite Neo proporciona sensaciones intensas sin dejar de cuidar a los clítoris más sensibles, el hecho de ser plana y suave crea un pequeño vacío para mucha más intensidad además de ser una boquilla suave que se adapta a cualquier cuerpo.Está fabricado en silicona médica, con un tacto ultra suave de alta calidad y de ABS. Es un juguete resiente al agua y recargable por cable USB magnético (incluido). Dispone de 5 patrones y dentro de cada patrón se le puede subir o bajar la intensidad hasta 5 niveles. Su motor es potente pero muy silencioso a la vez, con una interfaz intuitiva de tan sólo 1 botón.Además, el juguete también es controlable a través de una APP que ofrece gran variedad de posibilidades de juego, ampliando así el abanico de funcionalidades del juguete. Pulse Lite Neo puede sincronizarse con una amplia variedad de plataformas interactivas de video, así como con los sitios de cámaras más populares.En el interior de su envoltorio, dulce y de suaves colores, podemos encontrar un manual de uso y una bolsita para su almacenamiento y transporte discreto. Su tiempo de carga es de 1.5 horas para una duración de batería de 1 hora. Se recomienda usar lubricante a base de agua para mejorar la experiencia.Características principales:Succionador de clítoris.Crea succión muy profunda.Tecnología patentada Pulse Technology?.Intensifica las sensaciones a grandes niveles.Diseño ligero, futurista, sofisticado y discreto.Muy ergonómico.Se adapta a la perfección a la palma de la mano.Fácil agarre para direccionar.Boquilla plana y suave.Fabricado en silicona y ABS.Recargable con cable USB magnético (incluido).5 patrones de succión y 5 niveles de intensidad.Tiene una aplicación móvil con la que controlar el juguete y personalizar patrones de vibración.Añade función interactiva.Silencioso.Interfaz de 1 botones.1.5 horas de carga para 1 hora de uso.Incluye manual de uso y bolsita de transporte.,\n<h4><strong>Características:</strong></h4>\n<strong>Batería:</strong> Recargable con cable USB magnético (incluido),\n\n<strong>Material:</strong> Silicona/ABS,\n\n<strong>Color: </strong>Rosa pastel,\n<h4><strong>Dimensiones producto:</strong></h4>\n113 mm x 53 mm x 42 mm,\n\n<strong>Dimensiones y peso embalaje: </strong>\n\n145 mm x 74 mm x 70 mm,\n\n220 g\n<p style=""text-align: left;""></p>",SVAKOM,,Juguete erótico,"vendor-svakom, novedad, juguetes-eroticos, premium",TRUE,Title,Default Title,,,,,25338741,90,shopify,50,deny,manual,43.95,,TRUE,TRUE,6959633101667,https://sexshoplorena.com/wp-content/uploads/2025/07/25338741.jpg,1,PULSE LITE NEO PINK,FALSE,PULSE LITE NEO PINK,Pulse Lite Neo es un masajeador de clítoris que crea efecto succión profunda y diseñado especialmente para la ... Paquete discreto en 24 h,,,adult,25338741,new,FALSE,https://sexshoplorena.com/wp-content/uploads/2025/07/25338741.jpg,g,,,active
pulse-lite-neo-pink,,,,,,,,,,,,,,,,,,,,,,,,,https://sexshoplorena.com/wp-content/uploads/2025/07/25338741b.jpg,2,PULSE LITE NEO PINK,,,,,,,,,,,,,,
pulse-lite-neo-pink,,,,,,,,,,,,,,,,,,,,,,,,,https://sexshoplorena.com/wp-content/uploads/2025/07/25338741c.jpg,3,PULSE LITE NEO PINK,,,,,,,,,,,,,,
pulse-lite-neo-pink,,,,,,,,,,,,,,,,,,,,,,,,,https://sexshoplorena.com/wp-content/uploads/2025/07/25338741d.jpg,4,PULSE LITE NEO PINK,,,,,,,,,,,,,,
pulse-lite-neo-pink,,,,,,,,,,,,,,,,,,,,,,,,,https://sexshoplorena.com/wp-content/uploads/2025/07/25338741e.jpg,5,PULSE LITE NEO PINK,,,,,,,,,,,,,,
pulse-lite-neo-purple,PULSE LITE NEO PURPLE,"Pulse Lite Neo es un masajeador de clítoris que crea efecto succión profunda y diseñado especialmente para la estimulación intensa de este. Con tecnología patentada de succión dirigida Pulse Technology? que penetra de manera profunda intensificando exponencialmente las sensaciones. Tiene un diseño muy ligero, futurista, sofisticado y discreto a la vez que extremadamente ergonómico. Se adapta fluidamente a la palma de la mano para una dirección precisa y cómoda. Funciona por ondas de presión que, al apoyarlo sobre la piel sensible, crea un agradable efecto succión. La boca de Pulse Lite Neo proporciona sensaciones intensas sin dejar de cuidar a los clítoris más sensibles, el hecho de ser plana y suave crea un pequeño vacío para mucha más intensidad además de ser una boquilla suave que se adapta a cualquier cuerpo. Está fabricado en silicona médica, con un tacto ultra suave de alta calidad y de ABS. Es un juguete resiente al agua y recargable por cable USB magnético (incluido). Dispone de 5 patrones y dentro de cada patrón se le puede subir o bajar la intensidad hasta 5 niveles. Su motor es potente pero muy silencioso a la vez, con una interfaz intuitiva de tan sólo 1 botón. Además, el juguete también es controlable a través de una APP que ofrece gran variedad de posibilidades de juego, ampliando así el abanico de funcionalidades del juguete. Pulse Lite Neo puede sincronizarse con una amplia variedad de plataformas interactivas de video, así como con los sitios de cámaras más populares. En el interior de su envoltorio, dulce y de suaves colores, podemos encontrar un manual de uso y una bolsita para su almacenamiento y transporte discreto. Su tiempo de carga es de 1.5 horas para una duración de batería de 1 hora. Se recomienda usar lubricante a base de agua para mejorar la experiencia.Características principales:Succionador de clítoris.Crea succión muy profunda.Tecnología patentada Pulse Technology?.Intensifica las sensaciones a grandes niveles.Diseño ligero, futurista, sofisticado y discreto.Muy ergonómico.Se adapta a la perfección a la palma de la mano.Fácil agarre para direccionar.Boquilla plana y suave.Fabricado en silicona y ABS.Recargable con cable USB magnético (incluido).5 patrones de succión y 5 niveles de intensidad.Tiene una aplicación móvil con la que controlar el juguete y personalizar patrones de vibración.Añade función interactiva.Silencioso.Interfaz de 1 botones.1.5 horas de carga para 1 hora de uso.Incluye manual de uso y bolsita de transporte.,\n<h4><strong>Características:</strong></h4>\n<strong>Batería:</strong> Recargable con cable USB magnético (incluido).,\n\n<strong>Material:</strong> Silicona/ABS,\n\n<strong>Color: </strong>Lila pastel,\n<h4><strong>Dimensiones producto:</strong></h4>\n113 mm x 53 mm x 42 mm,\n\n<strong>Dimensiones y peso embalaje: </strong>\n\n145 mm x 74 mm x 70 mm,\n\n220 g\n<p style=""text-align: left;""></p>",SVAKOM,,Juguete erótico,"vendor-svakom, novedad, juguetes-eroticos, premium",TRUE,Title,Default Title,,,,,25338740,90,shopify,50,deny,manual,43.95,,TRUE,TRUE,6959633101674,https://sexshoplorena.com/wp-content/uploads/2025/07/25338740.jpg,1,PULSE LITE NEO PURPLE,FALSE,PULSE LITE NEO PURPLE,Pulse Lite Neo es un masajeador de clítoris que crea efecto succión profunda y diseñado especialmente para la ... Paquete discreto en 24 h,,,adult,25338740,new,FALSE,https://sexshoplorena.com/wp-content/uploads/2025/07/25338740.jpg,g,,,active
pulse-lite-neo-purple,,,,,,,,,,,,,,,,,,,,,,,,,https://sexshoplorena.com/wp-content/uploads/2025/07/25338740b.jpg,2,PULSE LITE NEO PURPLE,,,,,,,,,,,,,,
pulse-lite-neo-purple,,,,,,,,,,,,,,,,,,,,,,,,,https://sexshoplorena.com/wp-content/uploads/2025/07/25338740c.jpg,3,PULSE LITE NEO PURPLE,,,,,,,,,,,,,,
pulse-lite-neo-purple,,,,,,,,,,,,,,,,,,,,,,,,,https://sexshoplorena.com/wp-content/uploads/2025/07/25338740d.jpg,4,PULSE LITE NEO PURPLE,,,,,,,,,,,,,,
pulse-lite-neo-purple,,,,,,,,,,,,,,,,,,,,,,,,,https://sexshoplorena.com/wp-content/uploads/2025/07/25338740e.jpg,5,PULSE LITE NEO PURPLE,,,,,,,,,,,,,,
pulse-pure-pale-pink,PULSE PURE PALE PINK,"Pulse Pure es un masajeador clítoris que crea efecto succión profunda y diseñado especialmente para la estimulación intensa de este. Con tecnología patentada de succión dirigida Pulse Technology? que penetra de manera profunda intensificando exponencialmente las sensaciones. Tiene un diseño futurista, sofisticado y muy elegante a la vez que extremadamente ergonómico. Se adapta fluidamente a la palma de la mano para una dirección precisa y cómoda. Funciona por ondas de presión que, al apoyarlo sobre la piel sensible, crea un agradable efecto succión. La boca de Pulse Pure proporciona sensaciones intensas sin dejar de cuidar a los clítoris más sensibles, el hecho de ser plana y suave crea un pequeño vacío para mucha más intensidad. Está fabricado en silicona médica, con un tacto ultra suave de alta calidad y una base de ABS en color dorado. Es un juguete totalmente sumergible y recargable por cable USB (incluido). Dispone de 5 patrones y dentro de cada patrón se le puede subir o bajar la intensidad hasta 5 niveles. Su motor es potente pero muy silencioso a la vez, con una interfaz intuitiva de tan sólo 3 botones. En el interior de su envoltorio podemos encontrar además un manual de uso y una bolsita para su almacenamiento y transporte discreto. Su tiempo de carga es de 3 horas para una duración de batería de 4 horas. Se recomienda usar lubricante a base de agua para una mejor experiencia.Características principales:Succionador de clítoris.Crea succión muy profunda.Tecnología patentada Pulse Technology?.Intensifica las sensaciones a grandes niveles.Diseño futurista, sofisticado y muy ergonómico.Se adapta a la perfección a la palma de la mano.Fácil agarre para direccionar.Boquilla plana y suave.Fabricado en silicona y ABS.Recargable con cable USB (incluido).5 patrones de succión y 5 niveles de intensidad.Silencioso.Interfaz de 3 botones.3 horas de carga para 4 horas de uso.Incluye manual de uso y bolsita de transporte.,\n<h4><strong>Características:</strong></h4>\n<strong>Batería:</strong> Recargable cable USB (incluido),\n\n<strong>Material:</strong> Silicona/ABS,\n\n<strong>Color: </strong>Rosa,\n<h4><strong>Dimensiones producto:</strong></h4>\n130 mm x 59 mm x 43 mm,\n\n<strong>Dimensiones y peso embalaje: </strong>\n\n167 mm x 133 mm x 68 mm,\n\n380 g\n<p style=""text-align: left;""></p>",SVAKOM,,Juguete erótico,"vendor-svakom, novedad, juguetes-eroticos, premium",TRUE,Title,Default Title,,,,,25338738,130,shopify,10,deny,manual,54.95,,TRUE,TRUE,6959633132425,https://sexshoplorena.com/wp-content/uploads/2025/07/25338738.jpg,1,PULSE PURE PALE PINK,FALSE,PULSE PURE PALE PINK,Pulse Pure es un masajeador clítoris que crea efecto succión profunda y diseñado especialmente para la estimulación ... Paquete discreto en 24 h,,,adult,25338738,new,FALSE,https://sexshoplorena.com/wp-content/uploads/2025/07/25338738.jpg,g,,,active
pulse-pure-pale-pink,,,,,,,,,,,,,,,,,,,,,,,,,https://sexshoplorena.com/wp-content/uploads/2025/07/25338738b.jpg,2,PULSE PURE PALE PINK,,,,,,,,,,,,,,
pulse-pure-pale-pink,,,,,,,,,,,,,,,,,,,,,,,,,https://sexshoplorena.com/wp-content/uploads/2025/07/25338738c.jpg,3,PULSE PURE PALE PINK,,,,,,,,,,,,,,
pulse-pure-pale-pink,,,,,,,,,,,,,,,,,,,,,,,,,https://sexshoplorena.com/wp-content/uploads/2025/07/25338738d.jpg,4,PULSE PURE PALE PINK,,,,,,,,,,,,,,
pulse-pure-pale-pink,,,,,,,,,,,,,,,,,,,,,,,,,https://sexshoplorena.com/wp-content/uploads/2025/07/25338738e.jpg,5,PULSE PURE PALE PINK,,,,,,,,,,,,,,
pulse-union-violet,PULSE UNION VIOLET,"Pulse Union es un masajeador clítoris que crea efecto succión profunda y diseñado especialmente para la estimulación intensa de este. Con tecnología patentada de succión dirigida Pulse Technology? que penetra de manera profunda intensificando exponencialmente las sensaciones. Tiene un diseño futurista, sofisticado y muy elegante a la vez que ergonómico. Se adapta a la palma de la mano para una dirección precisa y cómoda. Funciona por ondas de presión que, al apoyarlo sobre la piel sensible, crea un agradable efecto succión. La boca de Pulse Union proporciona sensaciones intensas sin dejar de cuidar a los clítoris más sensibles. Está fabricado en silicona médica, con un tacto ultra suave de alta calidad y un detalle de ABS plateado. Es un juguete totalmente sumergible y recargable por cable USB (incluido). Dispone de 5 patrones y dentro de cada patrón se le puede subir o bajar la intensidad hasta 5 niveles. Su motor es potente pero muy silencioso a la vez, con una interfaz intuitiva de tan sólo 3 botones. Además, el juguete también es controlable a través de una APP que ofrece gran variedad de posibilidades de juego, ampliando así el abanico de funcionalidades del juguete. Añade también la práctica función del modo bloqueo, para viajes discretos y una función de memoria que recupera el último modo de succión. En el interior de su envoltorio podemos encontrar además un manual de uso y una bolsita para su almacenamiento y transporte. Su tiempo de carga es de 3 horas para una duración de batería de 4 horas. Se recomienda usar lubricante a base de agua para una mejor experiencia.Características principales:Succionador de clítoris.Crea succión muy profunda.Tecnología patentada Pulse Technology?.Intensifica las sensaciones a grandes niveles.Diseño futurista, sofisticado y muy ergonómico.Se adapta a la perfección a la palma de la mano.Fácil agarre para direccionar.Boquilla suave.Fabricado en silicona y ABS.Recargable con cable USB (incluido).Añade función bloqueo y función de memoria.Tiene una aplicación móvil con la que controlar el juguete y personalizar patrones de vibración.5 patrones de succión y 5 niveles de intensidad.Silencioso.Interfaz de 3 botones.3 horas de carga para 4 horas de uso.Incluye manual de uso y bolsita de transporte.,\n<h4><strong>Características:</strong></h4>\n<strong>Batería:</strong> Recargable cable USB (incluido),\n\n<strong>Material:</strong> Silicona/ABS,\n\n<strong>Color: </strong>Violeta,\n<h4><strong>Dimensiones producto:</strong></h4>\n122 mm x 73 mm x 40 mm,\n\n<strong>Dimensiones y peso embalaje: </strong>\n\n167 mm x 133 mm x 68 mm,\n\n345 g\n<p style=""text-align: left;""></p>",SVAKOM,,Juguete erótico,"vendor-svakom, novedad, juguetes-eroticos, premium",TRUE,Title,Default Title,,,,,25338737,115,shopify,50,deny,manual,65.95,,TRUE,TRUE,6959633144350,https://sexshoplorena.com/wp-content/uploads/2025/07/25338737.jpg,1,PULSE UNION VIOLET,FALSE,PULSE UNION VIOLET,Pulse Union es un masajeador clítoris que crea efecto succión profunda y diseñado especialmente para la estimulación ... Paquete discreto en 24 h,,,adult,25338737,new,FALSE,https://sexshoplorena.com/wp-content/uploads/2025/07/25338737.jpg,g,,,active
pulse-union-violet,,,,,,,,,,,,,,,,,,,,,,,,,https://sexshoplorena.com/wp-content/uploads/2025/07/25338737b.jpg,2,PULSE UNION VIOLET,,,,,,,,,,,,,,
pulse-union-violet,,,,,,,,,,,,,,,,,,,,,,,,,https://sexshoplorena.com/wp-content/uploads/2025/07/25338737c.jpg,3,PULSE UNION VIOLET,,,,,,,,,,,,,,
pulse-union-violet,,,,,,,,,,,,,,,,,,,,,,,,,https://sexshoplorena.com/wp-content/uploads/2025/07/25338737d.jpg,4,PULSE UNION VIOLET,,,,,,,,,,,,,,
robin-sleeve,ROBIN SLEEVE,"ROBIN SLEEVE es una funda de recambio para el masturbador ROBIN de SVAKOM.Está fabricada con material TPE con tacto súper suave y seguro para el cuerpo. Con texturas que sobresalen en su interior para aumentar las sensaciones durante su uso.Los recambios de los masturbadores son importantes en el momento en el que el original pierde sus propiedades iniciales, dificultando su uso y haciendo que las sensaciones pierdan calidad. Cambiar la funda periódicamente es recomendable.El uso de lubricante a base de agua es fundamental para el uso correcto de este producto. Características principales:Funda de recambio.Apta para el masturbador ROBIN de SVAKOM. Fabricado con material TPE.Tacto súper suave.Toque realista.Textura interior que sobresale.El uso de lubricante a base de agua es esencial para un uso correcto.,\n<h4><strong>Características:</strong></h4>\n<strong>Batería:</strong> ,\n\n<strong>Material:</strong> TPE,\n\n<strong>Color: </strong>Blanco,\n<h4><strong>Dimensiones producto:</strong></h4>\n170 mm x 82 mm Ø,\n\n<strong>Dimensiones y peso embalaje: </strong>\n\n145 mm x 80 mm x 80 mm,\n\n380 g\n<p style=""text-align: left;""></p>",SVAKOM,,Juguete erótico,"vendor-svakom, novedad, juguetes-eroticos, premium",TRUE,Title,Default Title,,,,,25338733,345,shopify,34,deny,manual,16.50,,TRUE,TRUE,6959633134320,https://sexshoplorena.com/wp-content/uploads/2025/07/25338733.jpg,1,ROBIN SLEEVE,FALSE,ROBIN SLEEVE,ROBIN SLEEVE es una funda de recambio para el masturbador ROBIN de SVAKOM.Está fabricada con material TPE con tacto ... Paquete discreto en 24 h,,,adult,25338733,new,FALSE,https://sexshoplorena.com/wp-content/uploads/2025/07/25338733.jpg,g,,,active
robin-sleeve,,,,,,,,,,,,,,,,,,,,,,,,,https://sexshoplorena.com/wp-content/uploads/2025/07/25338733b.jpg,2,ROBIN SLEEVE,,,,,,,,,,,,,,
robin-sleeve,,,,,,,,,,,,,,,,,,,,,,,,,https://sexshoplorena.com/wp-content/uploads/2025/07/25338733c.jpg,3,ROBIN SLEEVE,,,,,,,,,,,,,,
robin-white,ROBIN WHITE,"Robin es un potente masturbador para el pene que añade excitantes vibraciones. Con un diseño exquisito, futurista, fino y elegante. En el interior posee una manga fabricada de silicona suave y agradable al tacto, muy flexible y texturizada por dentro. La manga es desmontable para una limpieza más cómoda. Posee 5 patrones de potentes vibraciones, añadiendo la función especial BOOST, para experimentar una sensación intensa en un periodo de tiempo muy corto. Juntamente con los botones de control viene equipado de una pantalla que muestra el modo de vibración y el nivel de batería del juguete. Incorpora un capuchón transparente para mantener la entrada limpia, protegida y bien almacenada. Es recargable con cable USB (incluido) y no es resistente al agua, aunque la manga, al extraerla, se puede mojar sin problema. Necesita 2 horas para su carga completa y tiene 2,5 horas de uso. Es indispensable utilizar un lubricante a base de agua para facilitar la fricción y mejorar la experiencia.Características principales:Masturbador con vibración para el pene.Diseño exquisito, futurista y elegante.Manga fabricada de silicona muy flexible.De fácil extracción para limpiarla.La manga viene texturizada por dentro.5 patrones de vibraciones.Función especial turbo.Pantalla que muestra el nivel de batería y el patrón en uso.Capuchón que protege el juguete.Recargable con cable USB (incluido).No es resistente al agua.T. de carga: 2 horas.T. de uso: 2,5 horas.El uso de lubricante a base de agua mejora la experiencia.,\n<h4><strong>Características:</strong></h4>\n<strong>Batería:</strong> Recargable cable USB (incluido),\n\n<strong>Material:</strong> Silicona/ABS+PC/Metal,\n\n<strong>Color: </strong>Blanco,\n<h4><strong>Dimensiones producto:</strong></h4>\n197 mm x 90 mm Ø,\n\n<strong>Dimensiones y peso embalaje: </strong>\n\n265 mm x 129 mm x 100 mm,\n\n915 g\n<p style=""text-align: left;""></p>",SVAKOM,,Juguete erótico,"vendor-svakom, novedad, juguetes-eroticos, premium",TRUE,Title,Default Title,,,,,25338732,550,shopify,0,deny,manual,71.50,,TRUE,TRUE,6959633156094,https://sexshoplorena.com/wp-content/uploads/2025/07/25338732.jpg,1,ROBIN WHITE,FALSE,ROBIN WHITE,"Robin es un potente masturbador para el pene que añade excitantes vibraciones. Con un diseño exquisito, futurista, fino ... Paquete discreto en 24 h",,,adult,25338732,new,FALSE,https://sexshoplorena.com/wp-content/uploads/2025/07/25338732.jpg,g,,,active
robin-white,,,,,,,,,,,,,,,,,,,,,,,,,https://sexshoplorena.com/wp-content/uploads/2025/07/25338732b.jpg,2,ROBIN WHITE,,,,,,,,,,,,,,
robin-white,,,,,,,,,,,,,,,,,,,,,,,,,https://sexshoplorena.com/wp-content/uploads/2025/07/25338732c.jpg,3,ROBIN WHITE,,,,,,,,,,,,,,
robin-white,,,,,,,,,,,,,,,,,,,,,,,,,https://sexshoplorena.com/wp-content/uploads/2025/07/25338732d.jpg,4,ROBIN WHITE,,,,,,,,,,,,,,
robin-white,,,,,,,,,,,,,,,,,,,,,,,,,https://sexshoplorena.com/wp-content/uploads/2025/07/25338732e.jpg,5,ROBIN WHITE,,,,,,,,,,,,,,
sam-neo,Sam Neo,"Sam Neo es un masturbador para el pene con vibración. De color blanco y negro, con un diseño elegante y muy refinado. Combina la vibración con un estimulante efecto succión que crea el vacío alrededor del pene. En el interior posee una manga fabricada de silicona suave y agradable al tacto. Con textura interna que sobresale para una estimulación adicional. Posee 5 patrones de vibraciones potentes. Además, incorpora una APP con la que podrás controlar el dispositivo desde cualquier parte del mundo, conectarte a videos interactivos 2D, cámara web interactiva, etc. Incorpora un capuchón transparente para mantener la entrada limpia y protegida. Es recargable con cable USB (incluido) y no es resistente al agua, pero la manga se puede extraer cómodamente para su limpieza. Necesita 3 horas para su carga completa y tiene 1 hora de uso. Es indispensable utilizar un lubricante a base de agua para facilitar la fricción y mejorar la experiencia.Características principales:Masturbador con vibración y efecto succión. Diseño elegante y refinado.Crea el vacío alrededor del pene. La manga posee textura para más sensación. Posee 5 patrones de vibración. Incorpora una App con diferentes funciones.Controlable desde la App a larga distáncia.Posee un capuchón de protección.Recargable con cable USB (incluido).No es resistente al agua.La manga de silicona es de fácil extracción para una limpieza cómoda.T. de carga: 3 h. T. de uso: 1 h. Utilizar lubricante a base de agua para su uso.,\n<h4><strong>Características:</strong></h4>\n<strong>Batería:</strong> Recargable cable USB (incluido),\n\n<strong>Material:</strong> Silicona/ABS+PC/Metal,\n\n<strong>Color: </strong>Negro/Blanco,\n<h4><strong>Dimensiones producto:</strong></h4>\n235 mm x 82 mm Ø,\n\n<strong>Dimensiones y peso embalaje: </strong>\n\n310 mm x 138 mm x 100 mm,\n\n1252 g\n<p style=""text-align: left;""></p>",SVAKOM,,Juguete erótico,"vendor-svakom, novedad, juguetes-eroticos, premium",TRUE,Title,Default Title,,,,,25338722,700,shopify,0,deny,manual,109.95,,TRUE,TRUE,6959633127964,https://sexshoplorena.com/wp-content/uploads/2025/07/25338722.jpg,1,Sam Neo,FALSE,Sam Neo,"Sam Neo es un masturbador para el pene con vibración. De color blanco y negro, con un diseño elegante y muy refinado. ... Paquete discreto en 24 h",,,adult,25338722,new,FALSE,https://sexshoplorena.com/wp-content/uploads/2025/07/25338722.jpg,g,,,active
sam-neo,,,,,,,,,,,,,,,,,,,,,,,,,https://sexshoplorena.com/wp-content/uploads/2025/07/25338722b.jpg,2,Sam Neo,,,,,,,,,,,,,,
sam-neo,,,,,,,,,,,,,,,,,,,,,,,,,https://sexshoplorena.com/wp-content/uploads/2025/07/25338722c.jpg,3,Sam Neo,,,,,,,,,,,,,,
sam-neo,,,,,,,,,,,,,,,,,,,,,,,,,https://sexshoplorena.com/wp-content/uploads/2025/07/25338722d.jpg,4,Sam Neo,,,,,,,,,,,,,,
sam-neo,,,,,,,,,,,,,,,,,,,,,,,,,https://sexshoplorena.com/wp-content/uploads/2025/07/25338722e.jpg,5,Sam Neo,,,,,,,,,,,,,,
sam-neo-2,SAM NEO 2,"Sam Neo 2 es un lujoso masturbador para el pene que aporta movimientos palpitantes de vibración y succión. Un masturbador interactivo con movimientos excitantes muy fieles a la realidad.Tiene un diseño compacto con una tapa protectora, sofisticado con un toque futurista y con un diseño ergonómico que lo hace muy funcional. En su interior tiene una funda de TPE ultra suave que proporcionará un ajuste perfecto y único para cualquier tamaño, con una textura interna diseñada exclusivamente para brindar una sensación real e intensa. La funda puede retirarse cómodamente para su mantenimiento e higiene o para su uso de manera manual y libre. Con un incremento del 38% de potencia en el motor y un 16% de succión más fuerte que su antecesor. Ejerce movimientos pulsantes que abrazan el pene aportando sensaciones muy fieles a la realidad y diferentes ritmos de succión para un clímax más prolongado. Incluye un nuevo modo, el 'Extended O', que ayuda a prolongar el orgasmo o retrasar la eyaculación, reduciendo la vibración y la succión a la intensidad más baja de manera gradual. Añade también poder controlarlo a través de la App y esta ofrece un repertorio de juegos en solitario o en la mejor compañía. Por si fuera poco, añade también la función de realidad inmersiva con videos interactivos 2D que vienen sincronizados con los movimientos pulsantes del masturbador, ofreciendo así una experiencia de lo más realista.Dispone de un total de 5 modos de succión, 5 de vibración y 5 combinados, con motores independientes. Es recargable con cable C-USB (incluido) y su carga completa en 2h ofrecerá hasta 1 hora de intenso placer.Características principales:? Masturbador interactivo para pene.? Posee potentes movimientos palpitantes de succión+vibración.? Movimientos fieles a la realidad.? Diseño compacto, futurista y lujoso.? Añade tapa protectora.? Funda de TPE que se adapta a todos los cuerpos.? La funda se puede retirar para su mantenimiento o uso manual.? Textura interna que aporta sensaciones.? Interfaz intuitiva.? Añade una App para controlar el juguete a largas distancias.? Función interactiva con realidad totalmente inmersiva.? Incremento del 38% de potencia en el motor y un 16% de succión más fuerte que su antecesor.? 5 modos de succión, 5 de vibración y 5 combinados.? Motores independientes.? Recargable con cable C-USB (incluido).? Tiempo de carga: 2 horas.? Tiempo de uso: 1 hora.,\n<h4><strong>Características:</strong></h4>\n<strong>Batería:</strong> Recargable con cable C-USB (incluido),\n\n<strong>Material:</strong> TPE, ABS,\n\n<strong>Color: </strong>,\n<h4><strong>Dimensiones producto:</strong></h4>\n228 mm x 75 mm Ø,\n\n<strong>Dimensiones y peso embalaje: </strong>\n\n310 mm x 132 mm x 99 mm,\n\n1257 g\n<p style=""text-align: left;""></p>",SVAKOM,,Juguete erótico,"vendor-svakom, novedad, juguetes-eroticos, premium",TRUE,Title,Default Title,,,,,25338764,740,shopify,0,deny,manual,109.95,,TRUE,TRUE,6959633104514,https://sexshoplorena.com/wp-content/uploads/2025/07/25338764.jpg,1,SAM NEO 2,FALSE,SAM NEO 2,Sam Neo 2 es un lujoso masturbador para el pene que aporta movimientos palpitantes de vibración y succión. Un ... Paquete discreto en 24 h,,,adult,25338764,new,FALSE,https://sexshoplorena.com/wp-content/uploads/2025/07/25338764.jpg,g,,,active
sam-neo-2,,,,,,,,,,,,,,,,,,,,,,,,,https://sexshoplorena.com/wp-content/uploads/2025/07/25338764b.jpg,2,SAM NEO 2,,,,,,,,,,,,,,
sam-neo-2,,,,,,,,,,,,,,,,,,,,,,,,,https://sexshoplorena.com/wp-content/uploads/2025/07/25338764c.jpg,3,SAM NEO 2,,,,,,,,,,,,,,
sam-neo-2,,,,,,,,,,,,,,,,,,,,,,,,,https://sexshoplorena.com/wp-content/uploads/2025/07/25338764d.jpg,4,SAM NEO 2,,,,,,,,,,,,,,
sam-neo-2,,,,,,,,,,,,,,,,,,,,,,,,,https://sexshoplorena.com/wp-content/uploads/2025/07/25338764e.jpg,5,SAM NEO 2,,,,,,,,,,,,,,
sam-neo-2-pro,SAM NEO 2 PRO,"Sam Neo 2 PRO es un lujoso masturbador para el pene que aporta movimientos palpitantes de vibración, succión y función de calor. Un masturbador interactivo con movimientos excitantes muy fieles a la realidad.Tiene un diseño compacto con una tapa protectora, sofisticado con un toque futurista y con un diseño ergonómico que lo hace muy funcional. En su interior tiene una funda de TPE ultra suave que proporcionará un ajuste perfecto y único para cualquier tamaño, con una textura interna diseñada exclusivamente para brindar una sensación real e intensa. La funda puede retirarse cómodamente para su mantenimiento e higiene o para su uso de manera manual y libre. Con un incremento del 38% de potencia en el motor y un 16% de succión más fuerte que su antecesor. Ejerce movimientos pulsantes que abrazan el pene aportando sensaciones muy fieles a la realidad y diferentes ritmos de succión para un clímax más prolongado. Añade una función de calor que al activarla su interior sube a los 38º para incrementar sensaciones estimulantes. Incluye un nuevo modo, el 'Extended O', que ayuda a prolongar el orgasmo o retrasar la eyaculación, reduciendo la vibración y la succión a la intensidad más baja de manera gradual. Ofrece función de bloqueo de viaje para que no se encienda de manera inesperada. Añade también poder controlarlo a través de la App y esta ofrece un repertorio de juegos en solitario o en la mejor compañía. Por si fuera poco, añade también la función de realidad inmersiva con videos interactivos 2D que vienen sincronizados con los movimientos pulsantes del masturbador, ofreciendo así una experiencia de lo más realista.Dispone de un total de 5 modos de succión, 5 de vibración y 5 combinados, con motores independientes. Es recargable con cable C-USB (incluido) y su carga completa en 2h ofrecerá hasta 1 hora de intenso placer.Características principales:? Masturbador interactivo para pene.? Posee potentes movimientos palpitantes de succión+vibración+calor.? Movimientos fieles a la realidad.? Diseño compacto, futurista y lujoso.? Añade tapa protectora.? Funda de TPE que se adapta a todos los cuerpos.? La funda se puede retirar para su mantenimiento o uso manual.? Textura interna que aporta sensaciones.? Interfaz intuitiva.? Añade una App para controlar el juguete a largas distancias.? Función interactiva con realidad totalmente inmersiva.? Añade función de bloqueo.? Función de calor.? Incremento del 38% de potencia en el motor y un 16% de succión más fuerte que su antecesor.? 5 modos de succión, 5 de vibración y 5 combinados.? Motores independientes.? Recargable con cable C-USB (incluido).? Tiempo de carga: 2 horas.? Tiempo de uso: 1 hora.,\n<h4><strong>Características:</strong></h4>\n<strong>Batería:</strong> Recargable con cable C-USB (incluido),\n\n<strong>Material:</strong> TPE, ABS,\n\n<strong>Color: </strong>,\n<h4><strong>Dimensiones producto:</strong></h4>\n228 mm x 75 mm Ø,\n\n<strong>Dimensiones y peso embalaje: </strong>\n\n310 mm x 132 mm x 99 mm,\n\n1290 g\n<p style=""text-align: left;""></p>",SVAKOM,,Juguete erótico,"vendor-svakom, novedad, juguetes-eroticos, premium",TRUE,Title,Default Title,,,,,25338763,740,shopify,0,deny,manual,130.90,,TRUE,TRUE,6959633104507,https://sexshoplorena.com/wp-content/uploads/2025/07/25338763.jpg,1,SAM NEO 2 PRO,FALSE,SAM NEO 2 PRO,"Sam Neo 2 PRO es un lujoso masturbador para el pene que aporta movimientos palpitantes de vibración, succión y función ... Paquete discreto en 24 h",,,adult,25338763,new,FALSE,https://sexshoplorena.com/wp-content/uploads/2025/07/25338763.jpg,g,,,active
sam-neo-2-pro,,,,,,,,,,,,,,,,,,,,,,,,,https://sexshoplorena.com/wp-content/uploads/2025/07/25338763b.jpg,2,SAM NEO 2 PRO,,,,,,,,,,,,,,
sam-neo-2-pro,,,,,,,,,,,,,,,,,,,,,,,,,https://sexshoplorena.com/wp-content/uploads/2025/07/25338763c.jpg,3,SAM NEO 2 PRO,,,,,,,,,,,,,,
sam-neo-2-pro,,,,,,,,,,,,,,,,,,,,,,,,,https://sexshoplorena.com/wp-content/uploads/2025/07/25338763d.jpg,4,SAM NEO 2 PRO,,,,,,,,,,,,,,
sam-neo-2-pro,,,,,,,,,,,,,,,,,,,,,,,,,https://sexshoplorena.com/wp-content/uploads/2025/07/25338763e.jpg,5,SAM NEO 2 PRO,,,,,,,,,,,,,,
sam-neo-sleeve,SAM NEO SLEEVE,"SAM NEO SLEEVE es una funda de recambio para el masturbador SAM NEO de SVAKOM.Está fabricada con material TPE con tacto súper suave y seguro para el cuerpo. Con texturas que sobresalen en su interior para aumentar las sensaciones durante su uso.Los recambios de los masturbadores son importantes en el momento en el que el original pierde sus propiedades iniciales, dificultando su uso y haciendo que las sensaciones pierdan calidad. Cambiar la funda periódicamente es recomendable.El uso de lubricante a base de agua es fundamental para el uso correcto de este producto. Características principales:Funda de recambio.Apta para el masturbador SAM NEO de SVAKOM. Fabricado con material TPE.Tacto súper suave.Toque realista.Textura interior que sobresale.El uso de lubricante a base de agua es esencial para un uso correcto.,\n<h4><strong>Características:</strong></h4>\n<strong>Batería:</strong> ,\n\n<strong>Material:</strong> TPE,\n\n<strong>Color: </strong>Blanco,\n<h4><strong>Dimensiones producto:</strong></h4>\n163 mm x 76 mm Ø,\n\n<strong>Dimensiones y peso embalaje: </strong>\n\n142 mm x 72 mm x 72 mm,\n\n375 g\n<p style=""text-align: left;""></p>",SVAKOM,,Juguete erótico,"vendor-svakom, novedad, juguetes-eroticos, premium",TRUE,Title,Default Title,,,,,25338735,340,shopify,32,deny,manual,16.50,,TRUE,TRUE,6959633157473,https://sexshoplorena.com/wp-content/uploads/2025/07/25338735.jpg,1,SAM NEO SLEEVE,FALSE,SAM NEO SLEEVE,SAM NEO SLEEVE es una funda de recambio para el masturbador SAM NEO de SVAKOM.Está fabricada con material TPE con tacto ... Paquete discreto en 24 h,,,adult,25338735,new,FALSE,https://sexshoplorena.com/wp-content/uploads/2025/07/25338735.jpg,g,,,active
sam-neo-sleeve,,,,,,,,,,,,,,,,,,,,,,,,,https://sexshoplorena.com/wp-content/uploads/2025/07/25338735b.jpg,2,SAM NEO SLEEVE,,,,,,,,,,,,,,
sam-neo-sleeve,,,,,,,,,,,,,,,,,,,,,,,,,https://sexshoplorena.com/wp-content/uploads/2025/07/25338735c.jpg,3,SAM NEO SLEEVE,,,,,,,,,,,,,,
sleeve,Sleeve,"ALEXS es una funda de recambio para el masturbador ALEX NEO. Con el tiempo y por los usos la funda interior se va desgastando poco a poco? así que para seguir con el placer continuado asegúrese de cambiar periódicamente su funda. Está fabricado con material TPE y ABS con tacto súper suave y seguro para el cuerpo. Te ofrece un toque realista, su textura interior es sencilla y te proporcionará una sensación intensa. Su material interno está especialmente diseñado para brindarte un agarre automático y sin que tengas que preocuparte de nada, sólo de disfrutar. ALEXS se puede usar con o sin ALEX NEO.Características Principales: Fabricado con material TPE/ABS aptos para el cuerpo. Tacto súper suave. Toque realista. Textura interior sencilla para una sensación intensa. Su material interno está especialmente diseñado para un agarre automático. Puede usarse con o sin ALEX NEO.,\n<h4><strong>Características:</strong></h4>\n<strong>Batería:</strong> ,\n\n<strong>Material:</strong> TPE/ABS,\n\n<strong>Color: </strong>Blanco,\n<h4><strong>Dimensiones producto:</strong></h4>\n155,6 mm (Largo) x 63,4 mm (Diámetro),\n\n<strong>Dimensiones y peso embalaje: </strong>\n\n166 mm x 65 mm x 65 mm,\n\n287 g\n<p style=""text-align: left;""></p>",SVAKOM,,Juguete erótico,"vendor-svakom, novedad, juguetes-eroticos, premium",TRUE,Title,Default Title,,,,,25338713,232,shopify,0,deny,manual,16.50,,TRUE,TRUE,6959633165140,https://sexshoplorena.com/wp-content/uploads/2025/07/25338713.jpg,1,Sleeve,FALSE,Sleeve,ALEXS es una funda de recambio para el masturbador ALEX NEO. Con el tiempo y por los usos la funda interior se va ... Paquete discreto en 24 h,,,adult,25338713,new,FALSE,https://sexshoplorena.com/wp-content/uploads/2025/07/25338713.jpg,g,,,active
sleeve,,,,,,,,,,,,,,,,,,,,,,,,,https://sexshoplorena.com/wp-content/uploads/2025/07/25338713b.jpg,2,Sleeve,,,,,,,,,,,,,,
sleeve,,,,,,,,,,,,,,,,,,,,,,,,,https://sexshoplorena.com/wp-content/uploads/2025/07/25338713c.jpg,3,Sleeve,,,,,,,,,,,,,,
tammy-violet,Tammy Violet,"Tammy es una   doble anilla conejo recargable, con ella, el hombre disfrutará de unas   erecciones más potentes.Solamente colocando una de las anillas en la   base del pene y la anilla exterior alrededor de los testículos, se   conseguirá mantener una potente erección y retardar la eyaculación.La   mujer disfrutará de unos orgasmos más placenteros, gracias a la lengua   con estimulación. Es sumergible.Incorpora 5 velocidades y 5 intensidades de vibración.La carga completa estará lista en 30 minutos, para otorgar 1 hora de placer.,\n<h4><strong>Características:</strong></h4>\n<strong>Batería:</strong> Recargable,\n\n<strong>Material:</strong> Silicona,\n\n<strong>Color: </strong>Violeta,\n<h4><strong>Dimensiones producto:</strong></h4>\n80 mm x 42 mm x 51.6 mm\n48mm (Diámetro de la anilla grande)\n28mm (Diámetro de la anilla pequeña),\n\n<strong>Dimensiones y peso embalaje: </strong>\n\n145 mm x 120 mm x 58 mm,\n\n227 g\n<p style=""text-align: left;""></p>",SVAKOM,,Juguete erótico,"vendor-svakom, novedad, juguetes-eroticos, premium",TRUE,Title,Default Title,,,,,25338420,40,shopify,4,deny,manual,65.95,,TRUE,TRUE,6959633133385,https://sexshoplorena.com/wp-content/uploads/2025/07/25338420.jpg,1,Tammy Violet,FALSE,Tammy Violet,"Tammy es una doble anilla conejo recargable, con ella, el hombre disfrutará de unas erecciones más ... Paquete discreto en 24 h",,,adult,25338420,new,FALSE,https://sexshoplorena.com/wp-content/uploads/2025/07/25338420.jpg,g,,,active
tammy-violet,,,,,,,,,,,,,,,,,,,,,,,,,https://sexshoplorena.com/wp-content/uploads/2025/07/25338420b.jpg,2,Tammy Violet,,,,,,,,,,,,,,
tammy-violet,,,,,,,,,,,,,,,,,,,,,,,,,https://sexshoplorena.com/wp-content/uploads/2025/07/25338420c.jpg,3,Tammy Violet,,,,,,,,,,,,,,
tammy-violet,,,,,,,,,,,,,,,,,,,,,,,,,https://sexshoplorena.com/wp-content/uploads/2025/07/25338420d.jpg,4,Tammy Violet,,,,,,,,,,,,,,
trysta-neo-romantic-rose,TRYSTA NEO ROMANTIC ROSE,"TRYSTA NEO es un lujoso vibrador de doble estimulación diseñado para acariciar la zona G y el clítoris de manera simultanea.Con función de movimiento de una bolita en la punta del eje principal que aportará un masaje más preciso y directo en la zona G para aumentar las sensaciones.Es muy ergonómico, con un diseño fino y simple, de eje curvado, con suaves ondulaciones y flexible. Posee motor de vibración en ambos ejes y añade la función de bloqueo de viaje, muy útil para mantenerlo desactivado de manera segura. Está fabricado en su totalidad en suave y agradable silicona de alta calidad. Añade un total de 5 modos de vibración (1 de la bolita) y hasta 5 niveles de intensidad (3 de la bolita). Se trata de un juguete recargable con cable USB-C (incluido), con 2 horas de tiempo de carga, 1.5 hora de uso y totalmente impermeable. Además, el juguete también es controlable a través de una APP que ofrece gran variedad de posibilidades de juego, ampliando así el abanico de funcionalidades del juguete. Añade también la función de realidad inmersiva con videos interactivos 2D que vienen sincronizados con los modos de vibración del juguete, ofreciendo así una experiencia de lo más realista.Resulta muy fácil de limpiar y su uso con lubricante a base de agua mejorará la experiencia exponencialmente. Gracias a sus dos ejes de estimulación, TRYSTA NEO es totalmente apto para penetración anal y masaje prostático. Incluye además un manual de uso y una bolsita de transporte y almacenamiento.Características principales:? Vibrador de doble estimulación.? Para el punto G y clítoris.? Añade una bolita que se mueve para masajear la zona G.? Diseño muy fino, lujoso y sofisticado.? Ergonómico.? Motores independientes.? Fabricado en silicona de alta calidad.? Muy flexible y adaptable.? Función bloqueo para viajes.? 5 modos de vibración y 5 niveles de intensidad.? Recargable con cable USB-C (incluido).? Impermeable.? Tiene una aplicación móvil con la que controlar el juguete y personalizar patrones de vibración.? Función interactiva con realidad totalmente inmersiva.? Apto para penetración anal.? Fácil de limpiar.? Incluye una bolsa de transporte y manual de uso.,\n<h4><strong>Características:</strong></h4>\n<strong>Batería:</strong> Recargable con cable C-USB (incluido),\n\n<strong>Material:</strong> 100% silicona,\n\n<strong>Color: </strong>Lila,\n<h4><strong>Dimensiones producto:</strong></h4>\n185 mm x 60 mm x 35 mm,\n\n<strong>Dimensiones y peso embalaje: </strong>\n\n250 mm x 101 mm x 58 mm,\n\n340 g\n<p style=""text-align: left;""></p>",SVAKOM,,Vibrador,"vendor-svakom, novedad, juguetes-eroticos, premium, publico-ella, tipo-vibrador, punto-g",TRUE,Title,Default Title,,,,,25338761,150,shopify,5,deny,manual,87.95,,TRUE,TRUE,6959633103579,https://sexshoplorena.com/wp-content/uploads/2025/07/25338761.jpg,1,TRYSTA NEO ROMANTIC ROSE,FALSE,TRYSTA NEO ROMANTIC ROSE,TRYSTA NEO es un lujoso vibrador de doble estimulación diseñado para acariciar la zona G y el clítoris de manera ... Paquete discreto en 24 h,,,adult,25338761,new,FALSE,https://sexshoplorena.com/wp-content/uploads/2025/07/25338761.jpg,g,,,active
trysta-neo-romantic-rose,,,,,,,,,,,,,,,,,,,,,,,,,https://sexshoplorena.com/wp-content/uploads/2025/07/25338761b.jpg,2,TRYSTA NEO ROMANTIC ROSE,,,,,,,,,,,,,,
trysta-neo-romantic-rose,,,,,,,,,,,,,,,,,,,,,,,,,https://sexshoplorena.com/wp-content/uploads/2025/07/25338761c.jpg,3,TRYSTA NEO ROMANTIC ROSE,,,,,,,,,,,,,,
trysta-neo-romantic-rose,,,,,,,,,,,,,,,,,,,,,,,,,https://sexshoplorena.com/wp-content/uploads/2025/07/25338761d.jpg,4,TRYSTA NEO ROMANTIC ROSE,,,,,,,,,,,,,,
trysta-neo-romantic-rose,,,,,,,,,,,,,,,,,,,,,,,,,https://sexshoplorena.com/wp-content/uploads/2025/07/25338761e.jpg,5,TRYSTA NEO ROMANTIC ROSE,,,,,,,,,,,,,,
trysta-plum,Trysta Plum,"El   doble estimulador Trysta te sorprenderá con sus   potentes vibraciones en su estimulador de clítoris, pero también por una   bolita rotadora idealmente posicionada para estimular el Punto G.   Dispone de 7 patrones de vibracion y 5 intensidades completamente   diferentes entre si, e incorpora un movimiento de oscilación inusual y   novedoso en la zona superior del conejo, que abrirá camino a un orgasmo   mucho más intenso de lo normal. Para ello incorpora dos motores uno en   la punta y uno en la parte inferior, estos se controlan totalmente   independientes. Está diseñado para estimular el clítoris, el Punto G, y   todas las zonas erógenas que se quiera. (No recomendado para la   estimulación anal). Para completar el diseño, agrega un estimulador   externo para el clítoris. El tiempo de la carga es de 2 horas, para un   uso continuado de 1 hora. Es sumergible.,\n<h4><strong>Características:</strong></h4>\n<strong>Batería:</strong> Recargable,\n\n<strong>Material:</strong> Silicona,\n\n<strong>Color: </strong>Ciruela Roja,\n<h4><strong>Dimensiones producto:</strong></h4>\n185 mm x 60 mm x 35 mm,\n\n<strong>Dimensiones y peso embalaje: </strong>\n\n249 mm x 100 mm x 56 mm,\n\n414 g\n<p style=""text-align: left;""></p>",SVAKOM,,Vibrador,"vendor-svakom, novedad, juguetes-eroticos, premium, publico-ella, tipo-vibrador, punto-g",TRUE,Title,Default Title,,,,,25336241,127,shopify,0,deny,manual,87.95,,TRUE,TRUE,6959633100585,https://sexshoplorena.com/wp-content/uploads/2025/07/25336241.jpg,1,Trysta Plum,FALSE,Trysta Plum,"El doble estimulador Trysta te sorprenderá con sus potentes vibraciones en su estimulador de clítoris, pero también ... Paquete discreto en 24 h",,,adult,25336241,new,FALSE,https://sexshoplorena.com/wp-content/uploads/2025/07/25336241.jpg,g,,,active
trysta-plum,,,,,,,,,,,,,,,,,,,,,,,,,https://sexshoplorena.com/wp-content/uploads/2025/07/25336241b.jpg,2,Trysta Plum,,,,,,,,,,,,,,
trysta-plum,,,,,,,,,,,,,,,,,,,,,,,,,https://sexshoplorena.com/wp-content/uploads/2025/07/25336241c.jpg,3,Trysta Plum,,,,,,,,,,,,,,
tulip-black,TULIP BLACK,"Tulip es una ligera balita vibradora diseñada especialmente para la estimulación externa. Zonas erógenas como pezones, perineo, testículos o el clítoris son ideales para estimular con esta pequeña balita.Fabricada de suave y agradable silicona, con un diseño compacto, discreto y muy ligero, especialmente pensada para utilizarla en cualquier lugar y transportarla cómodamente. Ligeramente más ancha en la punta y con una superficie texturizada de finas líneas en espiral. Posee un potente motor silencioso, con 10 modos de vibración. Es recargable con cable USB (incluido), sumergible y muy fácil de limpiar. Tiene un tiempo de carga aproximado de 60 min y su tiempo de uso es de 60 min.Incluye una bolsita de transporte y un manual de instrucciones de uso. Es un juguete ideal para el uso en el autoplacer en solitario o en buena compañía para aumentar las posibilidades de juego erótico. Usar lubricante a base de agua hará que la experiencia mejore exponencialmente.Características principales:Balita vibradora.Estimula externamente.Estimulación de clítoris, pezones, zona perineal, etc.Fabricada de silicona.Diseño compacto, ligero y discreto.Muy transportable.Textura en la superficie.Motor potente.Silenciosa.10 modos de vibración.Recargable con cable USB (incluido).Sumergible.T. de carga: 60 min.T. de uso: 60 min.Incluye: bolsita de transporte, manual de uso.Opción de juego en solitario o en compañía.El uso de lubricante a base de agua mejora la experiencia.,\n<h4><strong>Características:</strong></h4>\n<strong>Batería:</strong> Recargable cable USB (incluido),\n\n<strong>Material:</strong> Silicona,\n\n<strong>Color: </strong>Negro,\n<h4><strong>Dimensiones producto:</strong></h4>\n106 mm x 26 mm Ø,\n\n<strong>Dimensiones y peso embalaje: </strong>\n\n147 mm x 77 mm x 57 mm,\n\n190 g\n<p style=""text-align: left;""></p>",SVAKOM,,Vibrador,"vendor-svakom, novedad, juguetes-eroticos, premium, publico-ella, tipo-vibrador, punto-g",TRUE,Title,Default Title,,,,,25338730,42,shopify,22,deny,manual,43.95,,TRUE,TRUE,6959633143438,https://sexshoplorena.com/wp-content/uploads/2025/07/25338730.jpg,1,TULIP BLACK,FALSE,TULIP BLACK,"Tulip es una ligera balita vibradora diseñada especialmente para la estimulación externa. Zonas erógenas como pezones, ... Paquete discreto en 24 h",,,adult,25338730,new,FALSE,https://sexshoplorena.com/wp-content/uploads/2025/07/25338730.jpg,g,,,active
tulip-black,,,,,,,,,,,,,,,,,,,,,,,,,https://sexshoplorena.com/wp-content/uploads/2025/07/25338730b.jpg,2,TULIP BLACK,,,,,,,,,,,,,,
tulip-black,,,,,,,,,,,,,,,,,,,,,,,,,https://sexshoplorena.com/wp-content/uploads/2025/07/25338730c.jpg,3,TULIP BLACK,,,,,,,,,,,,,,
tulip-black,,,,,,,,,,,,,,,,,,,,,,,,,https://sexshoplorena.com/wp-content/uploads/2025/07/25338730d.jpg,4,TULIP BLACK,,,,,,,,,,,,,,
tulip-black,,,,,,,,,,,,,,,,,,,,,,,,,https://sexshoplorena.com/wp-content/uploads/2025/07/25338730e.jpg,5,TULIP BLACK,,,,,,,,,,,,,,
tulip-violet,TULIP VIOLET,"Tulip es una balita vibradora ligera, meticulosamente diseñada para ofrecer una estimulación externa precisa y placentera. Su tamaño y forma la hacen ideal para explorar y deleitar zonas erógenas sensibles como el clítoris, los pezones, el perineo o los testículos, abriendo un abanico de sensaciones nuevas.\n\nFabricada en suave y agradable silicona, Tulip destaca por su diseño compacto, discreto y excepcionalmente ligero, lo que la convierte en la compañera perfecta para llevar a cualquier lugar y disfrutar de la estimulación cuando lo desees. Su punta es ligeramente más ancha y presenta una delicada superficie texturizada con finas líneas en espiral, pensada para intensificar el placer en cada toque.\n\nEquipada con un potente motor silencioso que ofrece 10 modos de vibración, Tulip es recargable mediante un práctico cable USB (incluido). Además, su diseño sumergible facilita una limpieza sencilla y permite su uso en el agua. Con un tiempo de carga de aproximadamente 60 minutos, te garantiza 60 minutos de vibración ininterrumpida. Incluye una elegante bolsita de transporte y un manual de instrucciones para guiarte en su uso. Es el juguete ideal tanto para el autoplacer en solitario como para enriquecer los juegos eróticos en pareja. Para una experiencia aún más sublime, se recomienda usar lubricante a base de agua.\n<h4><strong>Características:</strong></h4>\n<strong>Batería:</strong> Recargable cable USB (incluido),\n\n<strong>Material:</strong> Silicona,\n\n<strong>Color: </strong>Violeta,\n<h4><strong>Dimensiones producto:</strong></h4>\n106 mm x 26 mm Ø,\n\n<strong>Dimensiones y peso embalaje: </strong>\n\n147 mm x 77 mm x 57 mm,\n\n190 g\n<p style=""text-align: left;""></p>",SVAKOM,,Vibrador,"vendor-svakom, novedad, juguetes-eroticos, premium, publico-ella, tipo-vibrador, punto-g",TRUE,Title,Default Title,,,,,25338731,42,shopify,8,deny,manual,43.95,,TRUE,TRUE,6959633134245,https://sexshoplorena.com/wp-content/uploads/2025/07/25338731.jpg,1,TULIP VIOLET,FALSE,TULIP VIOLET,El sexshop lorena es una tienda para adultos con una amplia gama de juguetes eróticos. Envío 24 h y garantía de devolución - Paquete discreto,,,adult,25338731,new,FALSE,https://sexshoplorena.com/wp-content/uploads/2025/07/25338731.jpg,g,,,active
tulip-violet,,,,,,,,,,,,,,,,,,,,,,,,,https://sexshoplorena.com/wp-content/uploads/2025/07/25338731b.jpg,2,TULIP VIOLET,,,,,,,,,,,,,,
tulip-violet,,,,,,,,,,,,,,,,,,,,,,,,,https://sexshoplorena.com/wp-content/uploads/2025/07/25338731c.jpg,3,TULIP VIOLET,,,,,,,,,,,,,,
tulip-violet,,,,,,,,,,,,,,,,,,,,,,,,,https://sexshoplorena.com/wp-content/uploads/2025/07/25338731d.jpg,4,TULIP VIOLET,,,,,,,,,,,,,,
tulip-violet,,,,,,,,,,,,,,,,,,,,,,,,,https://sexshoplorena.com/wp-content/uploads/2025/07/25338731e.jpg,5,TULIP VIOLET,,,,,,,,,,,,,,
tyler-black,TYLER BLACK,"Anilla vibradora reutilizable que incorpora lengua con textura de puntos para dar mayor placer a la zona del clítoris. De diseño elegante, confortable, suave y super flexible, el anillo Tyler está diseñado para adaptarse perfectamente a todos los tamaños. Con cada pulsación del único botón, se avanzará a través de las 5 funciones y permitirá ajustar de forma sencilla la potencia a gusto para alcanzar la estimulación erógena deseada. Esta anilla es totalmente sumergible y perfecta para el baño o la ducha. El anillo masajeador Tyler es una ocpción ideal para mejorar los juegos en pareja.,\n<h4><strong>Características:</strong></h4>\n<strong>Batería:</strong> Recargable,\n\n<strong>Material:</strong> Silicona,\n\n<strong>Color: </strong>Negro,\n<h4><strong>Dimensiones producto:</strong></h4>\n80 mm x 424 mm x 42 mm,\n\n<strong>Dimensiones y peso embalaje: </strong>\n\n145 mm x 120 mm x 58 mm,\n\n251 g\n<p style=""text-align: left;""></p>",SVAKOM,,Vibrador,"vendor-svakom, novedad, juguetes-eroticos, premium, publico-ella, tipo-vibrador, punto-g",TRUE,Title,Default Title,,,,,25336130,31,shopify,8,deny,manual,65.95,,TRUE,TRUE,6959633100523,https://sexshoplorena.com/wp-content/uploads/2025/07/25336130.jpg,1,TYLER BLACK,FALSE,TYLER BLACK,Anilla vibradora reutilizable que incorpora lengua con textura de puntos para dar mayor placer a la zona del clítoris. ... Paquete discreto en 24 h,,,adult,25336130,new,FALSE,https://sexshoplorena.com/wp-content/uploads/2025/07/25336130.jpg,g,,,active
tyler-black,,,,,,,,,,,,,,,,,,,,,,,,,https://sexshoplorena.com/wp-content/uploads/2025/07/25336130b.jpg,2,TYLER BLACK,,,,,,,,,,,,,,
tyler-black,,,,,,,,,,,,,,,,,,,,,,,,,https://sexshoplorena.com/wp-content/uploads/2025/07/25336130c.jpg,3,TYLER BLACK,,,,,,,,,,,,,,
vick-black,Vick Black,"Vick es el   vibrador perfecto para los hombres que deseen incrementar su placer.   Incorpora dos potentes  motores situados en la punta y en la base que   permiten una estimulación simultánea de la próstata y el perineo.  Es recargable y tiene un control remoto con la ventaja que se puede utilizar de forma manos libres, es decir , queda perfectamente encajado en su sitio, mientras se tienen las manos liberadas para estimular y tocar.Es ideal tanto para aquellos que nunca han experimentado con los juegos anales, como para los más experimentados. También lo pueden utilizar las mujeres para estimular el punto G y el clítoris. Incorpora 35 frecuencias de vibración diferentes (7 modos de vibración y 5 intensidades). Su tiempo de carga es de 1 hora para otorgar 2 horas de placer. Es sumergible.,\n<h4><strong>Características:</strong></h4>\n<strong>Batería:</strong> Recargable,\n\n<strong>Material:</strong> Silicona/ABS,\n\n<strong>Color: </strong>Negro,\n<h4><strong>Dimensiones producto:</strong></h4>\nPlug: 26 mm x 10 mm \nMando: 56 mm x 34 mm x 16 mm,\n\n<strong>Dimensiones y peso embalaje: </strong>\n\n145 mm x 120 mm x 58 mm,\n\n303 g\n<p style=""text-align: left;""></p>",SVAKOM,,Vibrador,"vendor-svakom, novedad, juguetes-eroticos, premium, publico-ella, tipo-vibrador, punto-g",TRUE,Title,Default Title,,,,,25338130,8216,shopify,27,deny,manual,76.95,,TRUE,TRUE,6959633169681,https://sexshoplorena.com/wp-content/uploads/2025/07/25338130.jpg,1,Vick Black,FALSE,Vick Black,Vick es el vibrador perfecto para los hombres que deseen incrementar su placer. Incorpora dos potentes motores ... Paquete discreto en 24 h,,,adult,25338130,new,FALSE,https://sexshoplorena.com/wp-content/uploads/2025/07/25338130.jpg,g,,,active
vick-black,,,,,,,,,,,,,,,,,,,,,,,,,https://sexshoplorena.com/wp-content/uploads/2025/07/25338130b.jpg,2,Vick Black,,,,,,,,,,,,,,
vick-black,,,,,,,,,,,,,,,,,,,,,,,,,https://sexshoplorena.com/wp-content/uploads/2025/07/25338130c.jpg,3,Vick Black,,,,,,,,,,,,,,
vick-black,,,,,,,,,,,,,,,,,,,,,,,,,https://sexshoplorena.com/wp-content/uploads/2025/07/25338130d.jpg,4,Vick Black,,,,,,,,,,,,,,
vick-neo,Vick Neo,"VICK NEO es un vibrador prostático que está fabricado en silicona médica y ABS. Su diseño ergonómico se adapta perfectamente a su anatomía, con un ángulo ideal que estimulará el Perineo y la Próstata e incluso en la mujer, su Clítoris y su Punto G simultáneamente. Posee 2 potentes motores, uno situado en el eje y otro en la zona de la base. Dispone de 7 modos de vibración y 5 niveles de intensidad, con un total de 35 maneras diferentes y un potente motor dual que te proporcionará un éxtasis de placer. VICK NEO te ayudará a jugar, alcanzar y explorar fases nuevas de satisfacción. Su pantalla tiene luces LED que se sincronizan con las vibraciones para tener una mayor visualización y con sólo apretar un botón, te abrirá una dimensión que no sabías que existía! Su doble estimulación simultánea y su diseño te dará la opción de usarlo en 'manos libres', es decir, que como queda encajado perfectamente en su lugar, tendrás las manos liberadas para tocar y estimular. Posee un control de APP Inteligente con el que podrás disfrutar con quién quieras, estés donde estés. Su control a larga distancia se controla a través de la aplicación, deja el placer y el poder en manos de tu pareja... Te adentrará en un placer inmenso en cualquier momento y desde cualquier lugar. La función interactiva en tiempo real te dejará sincronizar tus vídeos interactivos que más te gusten en 2D y tus contenidos te llevarán a experiencias increíbles. Su cámara Web te permitirá interactuar con tu pareja, amigos y relajarte del viaje placentero del cuál VICK NEO te brindará ¡Y todo ello en directo! Una experiencia que, en cuanto la pruebes, querrás volver a repetir lo antes posible. Es fácil de lavar, recargable con USB (Cable Inlcuido) con sólo una carga completa de 1h te ofrecerá hasta 2-2,5h de intenso placer y es impermeable. ¡Un estupendo vibrador prostático para el baño, jacuzzi, ducha...! La caja incluye: Funda para almacenaje, Cable USB, Manual de instrucciones, Certificado de Calidad y Guía APP. Características Principales: Fabricado en silicona médica y ABS. Diseño ergonómico. Estimulación simultánea. 2 motores potentes, duales y situados en el eje y en la base. 7 modos de vibración y 5 niveles de intensidad, con un total de 35 maneras diferentes. Opción manos libres. Luces LED que se sincronizan con sus vibraciones. Control APP Inteligente. Control a larga distancia. Cámara Web Interactiva. Puede conectarse a vídeos interactivos 2D. Tiempo de carga: 2,5h. Tiempo de uso: 1h. Sumergible. Recargable, cable USB incluido.,\n<h4><strong>Características:</strong></h4>\n<strong>Batería:</strong> ,\n\n<strong>Material:</strong> Silicona/ABS,\n\n<strong>Color: </strong>Negro,\n<h4><strong>Dimensiones producto:</strong></h4>\n92 mm x 90 mm x 27 mm (Diámetro),\n\n<strong>Dimensiones y peso embalaje: </strong>\n\n146 mm x 120 mm x 60 mm,\n\n279 g\n<p style=""text-align: left;""></p>",SVAKOM,,Vibrador,"vendor-svakom, novedad, juguetes-eroticos, premium, publico-ella, tipo-vibrador, punto-g",TRUE,Title,Default Title,,,,,25338715,82,shopify,22,deny,manual,82.45,,TRUE,TRUE,6959633152355,https://sexshoplorena.com/wp-content/uploads/2025/07/25338715.jpg,1,Vick Neo,FALSE,Vick Neo,VICK NEO es un vibrador prostático que está fabricado en silicona médica y ABS. Su diseño ergonómico se adapta ... Paquete discreto en 24 h,,,adult,25338715,new,FALSE,https://sexshoplorena.com/wp-content/uploads/2025/07/25338715.jpg,g,,,active
vick-neo,,,,,,,,,,,,,,,,,,,,,,,,,https://sexshoplorena.com/wp-content/uploads/2025/07/25338715b.jpg,2,Vick Neo,,,,,,,,,,,,,,
vick-neo,,,,,,,,,,,,,,,,,,,,,,,,,https://sexshoplorena.com/wp-content/uploads/2025/07/25338715c.jpg,3,Vick Neo,,,,,,,,,,,,,,
vick-neo,,,,,,,,,,,,,,,,,,,,,,,,,https://sexshoplorena.com/wp-content/uploads/2025/07/25338715d.jpg,4,Vick Neo,,,,,,,,,,,,,,
winni-2,WINNI 2,"Winni 2 es una anilla vibradora para el pene diseñada para presionar la base de este, potenciando así las erecciones y, durante el coito, estimular de manera simultánea el clítoris. El anillo ejerce presión de tal manera que retiene el flujo sanguíneo, endureciendo la erección y prolongando la eyaculación. Con un diseño futurista y muy elegante, que combina el negro con un detalle en dorado. Muy ergonómico, ligero, discreto y de tamaño compacto, con una anilla especialmente elástica para adaptarse a mayor diversidad de cuerpos. Tiene una punta acabada en pinza, ideal para ejercer presión en zonas sensibles. Es muy versátil, ya que no solamente sirve como juguete para estimular dos personas simultáneamente, sino que también puede usarse como vibrador para zonas externas acomodándose a la anatomía de la mano, colocando los dedos en la anilla y direccionando de manera sencilla la vibración. Fabricado en silicona suave y en ABS apto para el cuerpo. Posee un total de 5 patrones de potentes vibraciones y dentro de cada patrón encontramos hasta 5 niveles de intensidad. Además, añade un control remoto con un rango de alcance de 5 metros, que hará más cómodo su control ampliando así también el abanico de posibilidades de juego. Posee un único botón de control en el propio juguete y además se puede controlar desde una aplicación móvil que ofrece gran variedad de posibilidades. La anilla es un juguete recargable con cable USB (incluido), totalmente sumergible y muy fácil de limpiar. El mando requiere de una pila CR2032 que viene incluida. Su tiempo de carga es de 1,5 horas y tiene un tiempo de uso de 1 hora. Añade un manual de uso y una bolsita para su transporte y almacenaje seguro. No se aconseja llevar puesto más de 30 minutos. Se recomienda utilizar lubricante a base de agua para mejorar la colocación y hacer la experiencia mucho más agradable.Características principales:Anilla con vibración.Incluye un control remoto.Presiona la base del pene.Potencia la erección y prolonga la eyaculación.Estimula durante el coito el clítoris.Ergonómico y elegante.Versátil.Se puede usar para estimular cualquier zona erógena adaptándose a los dedos.Añade control remoto.Alcance de hasta 5 metros.Tiene una aplicación móvil con la que controlar el juguete y personalizar patrones de vibración.Fabricado en silicona y ABS.5 patrones de vibración y 5 intensidades.Anilla flexible y suave.Juguete: recargable con cable USB (incluido).Control remoto: 1 pila CR2032.Sumergible.Fácil de limpiar.Un único botón de control en el juguete.T. de carga: 1,5 h.T. de uso: 1 h.Añade manual de uso y bolsita de almacenaje.No se aconseja llevar puesto más de 30 minutos.Se recomienda el uso de lubricante a base de agua para mejorar la experiencia.,\n<h4><strong>Características:</strong></h4>\n<strong>Batería:</strong> Recargable cable USB (incluido),\n\n<strong>Material:</strong> Silicona/ABS,\n\n<strong>Color: </strong>Negro,\n<h4><strong>Dimensiones producto:</strong></h4>\n92 mm x 39 mm x 46 mm,\n\n<strong>Dimensiones y peso embalaje: </strong>\n\n145 mm x 120 mm x 59 mm,\n\n250 g\n<p style=""text-align: left;""></p>",SVAKOM,,Vibrador,"vendor-svakom, novedad, juguetes-eroticos, premium, publico-ella, tipo-vibrador, punto-g",TRUE,Title,Default Title,,,,,25338736,50,shopify,27,deny,manual,87.95,,TRUE,TRUE,6959633174777,https://sexshoplorena.com/wp-content/uploads/2025/07/25338736.jpg,1,WINNI 2,FALSE,WINNI 2,"Winni 2 es una anilla vibradora para el pene diseñada para presionar la base de este, potenciando así las erecciones y, ... Paquete discreto en 24 h",,,adult,25338736,new,FALSE,https://sexshoplorena.com/wp-content/uploads/2025/07/25338736.jpg,g,,,active
winni-2,,,,,,,,,,,,,,,,,,,,,,,,,https://sexshoplorena.com/wp-content/uploads/2025/07/25338736b.jpg,2,WINNI 2,,,,,,,,,,,,,,
winni-2,,,,,,,,,,,,,,,,,,,,,,,,,https://sexshoplorena.com/wp-content/uploads/2025/07/25338736c.jpg,3,WINNI 2,,,,,,,,,,,,,,
winni-2,,,,,,,,,,,,,,,,,,,,,,,,,https://sexshoplorena.com/wp-content/uploads/2025/07/25338736d.jpg,4,WINNI 2,,,,,,,,,,,,,,
winni-2,,,,,,,,,,,,,,,,,,,,,,,,,https://sexshoplorena.com/wp-content/uploads/2025/07/25338736e.jpg,5,WINNI 2,,,,,,,,,,,,,,
