Handle,Title,Body (HTML),Vendor,Product Category,Type,Tags,Published,Option1 Name,Option1 Value,Option2 Name,Option2 Value,Option3 Name,Option3 Value,Variant SKU,Variant Grams,Variant Inventory Tracker,Variant Inventory Qty,Variant Inventory Policy,Variant Fulfillment Service,Variant Price,Variant Compare At Price,Variant Requires Shipping,Variant Taxable,Variant Barcode,Image Src,Image Position,Image Alt Text,Gift Card,SEO Title,SEO Description,Google Shopping / Google Product Category,Google Shopping / Gender,Google Shopping / Age Group,Google Shopping / MPN,Google Shopping / Condition,Google Shopping / Custom Product,Variant Image,Variant Weight Unit,Variant Tax Code,Cost per item,Status
high-voltage-strawberry-15-ml-1418028,HIGH VOLTAGE - STRAWBERRY - 15 ML,"<p>High Voltage  es un potente gel estimulante con sabor a Strawberry diseñado especialmente para aportar sensaciones vibrantes en la zona íntima. Se trata de un vibrador líquido que se aplica en la zona íntima, ya sea en la vulva/clítoris como en el pene/glande, y aporta sensaciones muy intensas. Añade además sabor/aroma de Fresa, totalmente besable. Es apto para penetración, masturbación y gracias a su refrescante sabor hace muy agradable la  práctica del sexo oral, abriendo un gran abanico de posibilidades de juego. Debe aplicarse una pequeña cantidad en la zona íntima y masajear suavemente el producto. Viene en un cómodo y práctico envase con dosificador de 15 ml.Características principales:? Gel estimulante.? Líquido vibrador.? Añade aroma/sabor a deliciosa Fresa.? Aumenta la sensibilidad de la zona íntima.? Besable.? Apto para penetración, masturbación y sexo oral.? Aporta gran opción de juego.? Formato cómodo y práctico.? Con dosificador.? Envase de 15 ml.</p><ul><li><strong>Dimensiones:</strong> 92 mm x 25 Ø</li><li><strong>Ingredientes:</strong> AQUA, GLYCERIN, POLYSORBATE 80, SORBITOL, ALOE BARBADENSIS LEAF JUICE, CARBOMER, AROMA, SODIUM SACCHARIN, SPILANTHES ACMELLA FLOWER EXTRACT, PROPYLENE GLYCOL, SODIUM BENZOATE, NIACINAMIDE, POTASSIUM SORBATE, AMINOMETHYL PROPANOL, BETA-CARYOPHYLLENE, BENZYL ALCOHOL, CITRIC ACID.</li></ul>",ORGIE,,Cosmética íntima,"vendor-orgie, cosmetica-intima",false,Title,Default Title,,,,,1418028,30,shopify,9,deny,manual,24.95,,true,true,5600767388028,https://ilercavonia.info/lovlory/imagenes-para-subir-125-productos/orgie/1418028.jpg,1,HIGH VOLTAGE - STRAWBERRY - 15 ML,false,HIGH VOLTAGE - STRAWBERRY - 15 ML,"High Voltage es un potente gel estimulante con sabor a Strawberry diseñado especialmente para aportar sensaciones vibrantes en la zona íntima. Se trata de un vibrador líquido que se aplica en la zona íntima, ya sea en la vulva/clítoris como en el pene/glande, y aporta sensaciones muy intensas. Añade además sabor/aroma ",,,adult,1418028,new,false,,g,,10.73,draft
high-voltage-strawberry-15-ml-1418028,,,,,,,,,,,,,,,,,,,,,,,,,https://ilercavonia.info/lovlory/imagenes-para-subir-125-productos/orgie/1418028b.jpg,2,HIGH VOLTAGE - STRAWBERRY - 15 ML,,,,,,,,,,,,,,
juicy-oral-15-ml-1418110,JUICY ORAL - 15 ML,"<p>JUICY ORAL ? Saliva Boosting Mouth Spray de ORGIE, es un spray bucal especialmente desarrollado para potenciar la lubricación oral y mejorar la comodidad durante los juegos íntimos. Su fórmula favorece la producción natural de saliva, ayudando a combatir la sequedad bucal y proporcionando una sensación más húmeda y agradable desde los primeros segundos tras su aplicación.Diseñado para enriquecer la experiencia sensorial durante el contacto oral, este práctico spray aporta una hidratación inmediata que facilita una mayor fluidez y confort. Su efecto refrescante ayuda a mantener la boca fresca y preparada para disfrutar de una experiencia más placentera y natural.Gracias a su formato en spray, permite una aplicación rápida, cómoda e higiénica en cualquier momento. Es el complemento perfecto para quienes buscan mejorar la lubricación oral de forma sencilla y discreta.Se presenta en un práctico envase de fácil aplicación, ideal para llevar siempre a mano.Características principales:? Potencia la lubricación oral.? Favorece la producción natural de saliva.? Ayuda a combatir la sequedad bucal.? Efecto hidratante inmediato.? Sensación refrescante y agradable.? Aplicación rápida e higiénica.? Práctico formato en spray.</p><ul><li><strong>Ingredientes:</strong> Aqua, Xylitol, Peg-40 Hydrogenated Castor Oil, Propylene Glycol, Glycerin, Sodium Benzoate, Aroma, Citric Acid, Menthol, Sodium Saccharin, Limonene, Citrus Limon Peel Oil</li></ul>",ORGIE,,Cosmética íntima,"vendor-orgie, cosmetica-intima, novedad",false,Title,Default Title,,,,,1418110,,shopify,50,deny,manual,17.5,,true,true,5600767388110,https://ilercavonia.info/lovlory/imagenes-para-subir-125-productos/orgie/1418110.jpg,1,JUICY ORAL - 15 ML,false,JUICY ORAL - 15 ML,"JUICY ORAL ? Saliva Boosting Mouth Spray de ORGIE, es un spray bucal especialmente desarrollado para potenciar la lubricación oral y mejorar la comodidad durante los juegos íntimos. Su fórmula favorece la producción natural de saliva, ayudando a combatir la sequedad bucal y proporcionando una sensación más húmeda y agr",,,adult,1418110,new,false,,g,,7.28,draft
juicy-oral-15-ml-1418110,,,,,,,,,,,,,,,,,,,,,,,,,https://ilercavonia.info/lovlory/imagenes-para-subir-125-productos/orgie/1418110b.jpg,2,JUICY ORAL - 15 ML,,,,,,,,,,,,,,
juicy-oral-15-ml-1418110,,,,,,,,,,,,,,,,,,,,,,,,,https://ilercavonia.info/lovlory/imagenes-para-subir-125-productos/orgie/1418110c.jpg,3,JUICY ORAL - 15 ML,,,,,,,,,,,,,,
oral-ease-15ml-1417960,ORAL EASE 15ML,"<p>ORAL EASE DEEPTHROAT es un spray diseñado para facilitar la práctica del sexo oral, especialmente en experiencias de garganta profunda.Cuenta con un refrescante sabor a menta y no contiene anestesia, lo que lo hace más seguro y plenamente disfrutable. Ayuda a reducir las molestias y el reflejo nauseoso.Su práctico envase de 15 ml lo hace ideal para transportarlo discretamente a cualquier lugar.Modo de uso: aplicar de 2 a 3 atomizaciones directamente en la boca y la garganta antes de realizar sexo oral.Características principales: ? Formato en spray de fácil aplicación.? Facilita la práctica del sexo oral, especialmente la garganta profunda.? Refrescante sabor a menta.? Ayuda a reducir las náuseas y molestias.? Práctico envase de 15 ml.? Aplicación directa: 2 a 3 atomizaciones en boca y garganta antes del contacto oral.</p><ul><li><strong>Dimensiones:</strong> 87 mm x 25 Ø</li><li><strong>Ingredientes:</strong> Agua, propilenglicol, glicerina, aceite de ricino hidrogenado PEG-40, benzoato de sodio, mentol, extracto de flor de Spilanthes acmella, sacarina sódica, beta-cariofileno.</li></ul>",ORGIE,,Cosmética íntima,"vendor-orgie, cosmetica-intima, novedad",false,Title,Default Title,,,,,1417960,28,shopify,2,deny,manual,15.25,,true,true,5600742917960,https://ilercavonia.info/lovlory/imagenes-para-subir-125-productos/orgie/1417960.jpg,1,ORAL EASE 15ML,false,ORAL EASE 15ML,"ORAL EASE DEEPTHROAT es un spray diseñado para facilitar la práctica del sexo oral, especialmente en experiencias de garganta profunda.Cuenta con un refrescante sabor a menta y no contiene anestesia, lo que lo hace más seguro y plenamente disfrutable. Ayuda a reducir las molestias y el reflejo nauseoso.Su práctico enva",,,adult,1417960,new,false,,g,,6.45,draft
oral-ease-15ml-1417960,,,,,,,,,,,,,,,,,,,,,,,,,https://ilercavonia.info/lovlory/imagenes-para-subir-125-productos/orgie/1417960b.jpg,2,ORAL EASE 15ML,,,,,,,,,,,,,,
oral-ease-15ml-1417960,,,,,,,,,,,,,,,,,,,,,,,,,https://ilercavonia.info/lovlory/imagenes-para-subir-125-productos/orgie/1417960c.jpg,3,ORAL EASE 15ML,,,,,,,,,,,,,,
aceite-masaje-sweet-lotus-5759-1023,ACEITE MASAJE SWEET LOTUS,<p>ACEITE MASAJE SWEET LOTUS</p>,SHUNGA,,Cosmética íntima,"vendor-shunga, cosmetica-intima",false,Title,Default Title,,,,,5759-1023,,shopify,10,deny,manual,,,true,true,697309110235,https://ilercavonia.info/lovlory/imagenes-para-subir-125-productos/shunga/57591023.jpg,1,ACEITE MASAJE SWEET LOTUS,false,ACEITE MASAJE SWEET LOTUS,ACEITE MASAJE SWEET LOTUS,,,adult,5759-1023,new,false,,g,,1.8,draft
kit-de-shunga-lasting-pleasure-57591201,Kit De Shunga Lasting Pleasure,"<p>En nuestro afán de enriquecer las relaciones de pareja desde el punto de vista erótico sexual, os presentamos lo que andabais buscando. Estos dos kits de Shunga, originales, elegantes, sensuales y con la garantía que pone Shunga en todos sus productos, elaborados con las mejores materias primas.Contiene: - Un aceite de masaje de frutos exóticos (10 ml).- Lubricante Toko Fresa: Lubricante de sabor a fresa (10 ml).- Intimate Kisses: Aceite íntimo para besar con aroma a fresa efecto calor (10 ml).- Secret Garden: una crema orgásmica (4 ml).- Dragon Cream: crema para la virilidad masculina e intensificador del placer femenino (4 ml).- Un anillo vibrador para el pene. Ideal para estimular a la vez el clítoris y el pene durante el coito.</p>",SHUNGA,,Cosmética íntima,"vendor-shunga, cosmetica-intima",false,Title,Default Title,,,,,57591201,,shopify,27,deny,manual,38.3,,true,true,697309080408,https://ilercavonia.info/lovlory/imagenes-para-subir-125-productos/shunga/57591201.jpg,1,Kit De Shunga Lasting Pleasure,false,Kit De Shunga Lasting Pleasure,"En nuestro afán de enriquecer las relaciones de pareja desde el punto de vista erótico sexual, os presentamos lo que andabais buscando. Estos dos kits de Shunga, originales, elegantes, sensuales y con la garantía que pone Shunga en todos sus productos, elaborados con las mejores materias primas.Contiene: - Un aceite de",,,adult,57591201,new,false,,g,,15.58,draft
kit-de-shunga-lasting-pleasure-57591201,,,,,,,,,,,,,,,,,,,,,,,,,https://ilercavonia.info/lovlory/imagenes-para-subir-125-productos/shunga/57591201b.jpg,2,Kit De Shunga Lasting Pleasure,,,,,,,,,,,,,,
kit-shunga-tickle-me-57591200,Kit Shunga Tickle Me,"<p>En nuestro afán de enriquecer las relaciones de pareja desde el punto de vista erótico sexual, os presentamos lo que andabais buscando. Estos kits de Shunga son originales, elegantes, sensuales y con la garantía que pone Shunga en todos sus productos, elaborados con las mejores materias primas. Un regalo perfecto para aquellas parejas que deseen experimentar con nuevas sensaciones. Sorprende a esa persona tan especial con esta variedad de productos ideales para una noche de pasión o un fin de semana romántico. Tickle Me, es un set diseñado para ella que contiene:Aceite de besos íntimos con efecto calor (10ml) Aceite de masaje de frutos exóticos (100% origen vegetal) (10 ml)Toko Fresa (lubricante de sabor aroma de fresas c/ champagne) (10ml)Jardín Secreto (crema potenciadora del orgasmo clitoriano) (4 ml)Dragon (crema para la virilidad masculina e intensifica el placer femenino frio-calor) (4 ml) Una bala vibradora (estimulador externo 7 velocidades) pila incluida</p>",SHUNGA,,Cosmética íntima,"vendor-shunga, cosmetica-intima",false,Title,Default Title,,,,,57591200,,shopify,26,deny,manual,40.65,,true,true,697309080507,https://ilercavonia.info/lovlory/imagenes-para-subir-125-productos/shunga/57591200.jpg,1,Kit Shunga Tickle Me,false,Kit Shunga Tickle Me,"En nuestro afán de enriquecer las relaciones de pareja desde el punto de vista erótico sexual, os presentamos lo que andabais buscando. Estos kits de Shunga son originales, elegantes, sensuales y con la garantía que pone Shunga en todos sus productos, elaborados con las mejores materias primas. Un regalo perfecto para ",,,adult,57591200,new,false,,g,,16.62,draft
kit-shunga-tickle-me-57591200,,,,,,,,,,,,,,,,,,,,,,,,,https://ilercavonia.info/lovlory/imagenes-para-subir-125-productos/shunga/57591200b.jpg,2,Kit Shunga Tickle Me,,,,,,,,,,,,,,
miyo-light-pink-57591936,MIYO Light Pink,"<p>MIYO es un vibrador que combina la estimulación externa y la interna, masajeando de manera precisa el punto G y el clítoris.Con un diseño elegante, refinado, delicado y distinguido, siguiendo la línea de la marca con temática y detalles orientales. El toque de glamour queda sellado por las partes en color dorado y por los suaves y sutiles relieves en formas geométricas y lineales que visten el juguete. Tiene una estructura muy ergonómica, con formas que se acomodan a la anatomía de la mano para direccionar mejor el juguete. Su forma está pensada para estimular simultáneamente la vulva y el punto G, además de ser apto también para penetración anal.Posee en su interior dos potentes motores no independientes. Está fabricado en suave y tersa silicona, con detalles en ABS apto para el cuerpo. Añade una función muy útil de bloqueo, que permite bloquear el juguete para que no se encienda inesperadamente durante su transporte.Añade un total de 10 patrones de vibración y, dentro de cada patrón, puede cambiarse la intensidad hasta 5 niveles. Tiene una luz led que indica en un color diferente cada patrón, muy útil para poderlos diferenciar. Es un juguete recargable con cable USB (incluido) y la entrada para conectarlo al juguete es impermeable. Se trata de un juguete totalmente sumergible, fácil de limpiar y necesita 120 min para su carga completa y el tiempo de uso es de entre 1-3 horas. Se recomienda el uso de lubricante a base de agua para mejorar la experiencia con el juguete.Todo ello presentado en un lujoso y fino packaging con cierre magnético y una presentación muy delicada y trabajada. Con un diseño en detalles dorados y una estética que sigue la misma línea de la marca, con toques e imágenes orientales. Incluye el cargador, una bolsita de transporte y una pequeña guía de uso.Características principales:Vibrador doble que estimula punto G y clítoris.Diseño elegante y refinado.Con detalles en dorado.Suaves relieves con formas geométricas.Muy ergonómico.Apto para penetración anal.Fabricado en silicona suave y ABS.Añade función de bloqueo.Posee dos motores no independientes.10 patrones de vibración.5 intensidades de vibración dentro de cada patrón.Diferentes colores en la luz led para indicar el patrón.Recargable con cable USB (incluido).Impermeable.Fácil de limpiar.T. de carga: 120 min.T. de uso: 1-3 horas.Presentado en un bonito packaging.Incluye bolsita de viaje y guía de uso.</p><ul><li><strong>Batería:</strong> Recargable cable USB (incluido)</li><li><strong>Material:</strong> Silicona/ABS</li><li><strong>Color:</strong> Rosa/Dorado</li><li><strong>Dimensiones:</strong> 185 mm x 95 mm x 50 mm</li></ul>",SHUNGA,,Cosmética íntima,"vendor-shunga, cosmetica-intima, novedad",false,Title,Default Title,,,,,57591936,210,shopify,9,deny,manual,79.9,,true,true,697309905022,https://ilercavonia.info/lovlory/imagenes-para-subir-125-productos/shunga/57591936.jpg,1,MIYO Light Pink,false,MIYO Light Pink,"MIYO es un vibrador que combina la estimulación externa y la interna, masajeando de manera precisa el punto G y el clítoris.Con un diseño elegante, refinado, delicado y distinguido, siguiendo la línea de la marca con temática y detalles orientales. El toque de glamour queda sellado por las partes en color dorado y por ",,,adult,57591936,new,false,,g,,28.2,draft
miyo-light-pink-57591936,,,,,,,,,,,,,,,,,,,,,,,,,https://ilercavonia.info/lovlory/imagenes-para-subir-125-productos/shunga/57591936b.jpg,2,MIYO Light Pink,,,,,,,,,,,,,,
miyo-light-pink-57591936,,,,,,,,,,,,,,,,,,,,,,,,,https://ilercavonia.info/lovlory/imagenes-para-subir-125-productos/shunga/57591936c.jpg,3,MIYO Light Pink,,,,,,,,,,,,,,
naughtier-kit-57599210,NAUGHTIER KIT,"<p>Naughtier de Shunga es un exclusivo kit que incluye cremas, lubricante y gloss, diseñado para brindar los productos esenciales que permiten el disfrute de diversas experiencias sexuales.Estos productos potencian la sensibilidad de la piel, ayudando a experimentar orgasmos más intensos, placenteros y frecuentes. Sus 5 componentes incluyen: excitantes de punto G, ideales para realzarlo  y que el placer sea mayor; cremas que sensibilizan e intensifican por fuera de las partes intimas femeninas; un lubricante para que la experiencia sea sedosa y duradera y un gloss que otorgara sensaciones únicas en el placer oral con efecto frio calor. Compatible con látex, hipoalergénicos, aptos para pieles sensibles.   El kit se presenta en un elegante empaque con cierre magnético, que contiene cinco productos en diferentes formatos y dosis, diseñados para ofrecer variedad.Características principales: ? Potenciadores de la sensibilidad de la piel.? Excitante del punto G.? Sensibilizantes de las parte íntimas femeninas.? Lubricación sedosa y duradera.? Efecto calor.? Efecto frio calor.? Compatible con látex.? 5 productos: Toko Aqua, Dragón, Secret Garden, Rain of love y Gloss.? Dosis: Toko Aqua 165 ml., Dragón 60 ml., Secret Garden 30 ml., Rain of love30 ml. y Gloss 10 ml.</p><ul><li><strong>Dimensiones:</strong> Toko Aqua:  150 mm x 57 mm, Dragón: 130 mm x 36 mm, Secret Garden: 98 mm x 47 mm, Rain of Love:  98 mm x 47 mm, Gloss: 180 mm x 60 Ø</li></ul>",SHUNGA,,Cosmética íntima,"vendor-shunga, cosmetica-intima, novedad",false,Title,Default Title,,,,,57599210,413,shopify,5,deny,manual,111.9,,true,true,697309092128,https://ilercavonia.info/lovlory/imagenes-para-subir-125-productos/shunga/57599210.jpg,1,NAUGHTIER KIT,false,NAUGHTIER KIT,"Naughtier de Shunga es un exclusivo kit que incluye cremas, lubricante y gloss, diseñado para brindar los productos esenciales que permiten el disfrute de diversas experiencias sexuales.Estos productos potencian la sensibilidad de la piel, ayudando a experimentar orgasmos más intensos, placenteros y frecuentes. Sus 5 c",,,adult,57599210,new,false,,g,,32.02,draft
naughtier-kit-57599210,,,,,,,,,,,,,,,,,,,,,,,,,https://ilercavonia.info/lovlory/imagenes-para-subir-125-productos/shunga/57599210b.jpg,2,NAUGHTIER KIT,,,,,,,,,,,,,,
sales-ba-o-lotus-flower-57591609,Sales Ba?o Lotus Flower,"<p>Sal de baño espumosa y aromatizada 100 %  Sal del mar muerto, brinda   una espuma untuosa y tiñe el agua de un azul perfumando todo el cuerpo.   También perfumará todo el baño.Tiene propiedades curativas,   ideal para problemas dérmicos . Incluye una concha dosificadora y una   vela flotante decorativa.Fragancia: Aphrodisiaco.Envase de 600 g.</p><ul><li><strong>Ingredientes:</strong> Dead Sea Salts/Sels de la Mer Morte (Sodium chloride), Sodium Lauryl Sulfate, Sodium DodecylBenzenesulfonate, Sodium Sulfate, Fragrance (Parfum), Calcium Silicate, USP Glycerin /Glycérine USP*, Safflower Oil/Huile de carthame (Carthamus tinctorius seed oil), Almond Oil/Huile d?amande (Prunus amygdalus dulcis oil), Amyl Cinnamal, Benzyl Salicylate, Linalool, Benzyl Benzoate, Geraniol, Hexyl Cinnamaldehyde, D-Limonene, Butylphenyl Methylpropional, Water/Eau (Aqua), FD&amp;amp;C Blue/Bleu #1 (CI 42090), FD&amp;amp;C Yellow/Jaune #5 (CI 19140).

*Certified Organic/Certifiés biologiques</li></ul>",SHUNGA,,Cosmética íntima,"vendor-shunga, cosmetica-intima",false,Title,Default Title,,,,,57591609,,shopify,50,deny,manual,31.95,,true,true,697309067027,https://ilercavonia.info/lovlory/imagenes-para-subir-125-productos/shunga/57591609.jpg,1,Sales Ba?o Lotus Flower,false,Sales Ba?o Lotus Flower,"Sal de baño espumosa y aromatizada 100 % Sal del mar muerto, brinda una espuma untuosa y tiñe el agua de un azul perfumando todo el cuerpo. También perfumará todo el baño.Tiene propiedades curativas, ideal para problemas dérmicos . Incluye una concha dosificadora y una vela flotante decorativa.Fragancia: Aphrodisiaco.E",,,adult,57591609,new,false,,g,,9.19,draft
shunga-massage-oil-libido-57591202,Shunga Massage Oil Libido,"<p>El aceite de masaje Libido de Shunga tiene un ligero aroma a fruta exótica, ideal para daros un masaje erótico y sensual, ya que los masajes es la manera física y natural de mostrar afecto hacia otra persona.     También es una manera de comunicarse sin necesidad de usar las palabras. Una caricia en el momento justo y en el sitio adecuado... puede decir mucho de tus intenciones. Los aceites de masaje de Shunga os harán vivir experiencias únicas y despertar el placer y el deseo de vuestro cuerpo., aportándoos una suavidad en vuestra piel efecto seda. Son de muy fácil aplicación, sólo tienes que verter unas gotas en la palma de la mano y frotar para que el aceite coja una leve temperatura, masajear la zona deseada y verás que se desliza suavemente, dejando la piel suave y perfumada. Poco a poco, se irán estimulando los sentidos y sus cualidades energizantes y estimulantes, gracias a la base de almendras, empezarán hacer su función... Una forma diferente de hacer que el sexo sea algo más placentero y encantador con los aceites de masaje Shunga. Contiene Vitamina E (Antioxidante) e Ylang Ylang (Estimulante).     Ahora su formato es de 240 ml y con sistema de cierre antigoteo.</p><ul><li><strong>Dimensiones:</strong> 187 mm x 50 mm x 50 mm</li><li><strong>Ingredientes:</strong> Sweet Almond Oil/Huile d&#39;amande douce (Prunus Amygdalus Dulcis Oil), Grape Seed Oil/Huile de pépin de raisin (Vitis Vinifera Seed Oil), Sesame Oil/Huile de sésame (Sesamum Indicum Seed Oil) Avocado Oil/Huile d&#39;avocat (Persea Gratissimo Oil), Pecan Oil Huile de pacane, (Carya Illioensis Seed Oil), Safflower Oil/huile de carthame (Carthamus Tinctorius Seed Oil, Fragance (Parfum), Butylated, Hydroxytoluene (BHT), Vitamin/Vitamine E (Tocopherol), Benzyl Benzoate,  Benzyl Salicylate, Benzyl Acohol, D-Limonene, Linalool, Amyl Cinnamal, Hexyl Cinnamal, Alpha-Isomethyllonone, Hydroxycitronellal, Geraniol.</li></ul>",SHUNGA,,Cosmética íntima,"vendor-shunga, cosmetica-intima, novedad",false,Title,Default Title,,,,,57591202,260,shopify,0,deny,manual,27.9,,true,true,697309012027,https://ilercavonia.info/lovlory/imagenes-para-subir-125-productos/shunga/57591202.jpg,1,Shunga Massage Oil Libido,false,Shunga Massage Oil Libido,"El aceite de masaje Libido de Shunga tiene un ligero aroma a fruta exótica, ideal para daros un masaje erótico y sensual, ya que los masajes es la manera física y natural de mostrar afecto hacia otra persona. También es una manera de comunicarse sin necesidad de usar las palabras. Una caricia en el momento justo y en e",,,adult,57591202,new,false,,g,,8.01,draft
ava-neo-peach-pink-25338777,AVA NEO PEACH PINK,"<p>Ava Neo es un lujoso vibrador para masajear la zona G con un motor de empuje potente en la punta que aportará golpes controlados en la zona G para aumentar las sensaciones durante la penetración. Meticulosamente estudiado para que no dañe la piel sensible del interior de la vagina. Es ergonómico, con un diseño fino y simple, de eje curvado y con suaves ondulaciones. Acabado en una punta redondeada que recuerda delicadamente al glande del pene. Posee motores de vibración y de empuje en la punta, controlables a través de tres botones muy intuitivos. Está fabricado en suave y agradable silicona de alta calidad con un detalle dorado en ABS en la zona del agarre que le da un toque sofisticado. Posee un total de 5 potentes modos de vibración/empuje con 5 niveles de intensidad en cada uno. Se trata de un juguete recargable con cable USB magnético (incluido), impermeable y con 2 horas de tiempo de carga para disfrutar de 1 h de uso. Además, el juguete también es controlable a través de una APP que ofrece gran variedad de posibilidades de juego, ampliando así el abanico de funcionalidades del juguete. Ava Neo puede sincronizarse con una amplia variedad de plataformas interactivas de video, así como con los sitios de cámaras más populares. Su uso con lubricante a base de agua mejorará la experiencia exponencialmente. Incluye además un manual de uso y una bolsita de transporte y almacenamiento.Características principales:? Vibrador con función de empuje.? Para la zona G.? Diseño muy fino, lujoso y sofisticado.? Ergonómico.? Con ondulaciones en su eje.? Fabricado en silicona de alta calidad y detalle en ABS dorado.? Interfaz de tres botones.? 5 modos de vibración/empuje y 5 niveles de intensidad.? Recargable con cable USB magnético (incluido).? Impermeable.? Tiene una aplicación móvil con la que controlar el juguete y personalizar patrones de vibración.? Añade función interactiva.? Fácil de limpiar.? Incluye una bolsa de transporte y manual de uso.</p><ul><li><strong>Color:</strong> Rosa durazno</li><li><strong>Dimensiones:</strong> 186 mm x 33 mm Ø</li><li><strong>Ingredientes:</strong> Silicona/ABS</li></ul>",SVAKOM,,Juguetes eróticos,"vendor-svakom, juguetes-eroticos, novedad",false,Title,Default Title,,,,,25338777,150,shopify,46,deny,manual,79.95,,true,true,6959633104668,https://ilercavonia.info/lovlory/imagenes-para-subir-125-productos/svakom/25338777.jpg,1,AVA NEO PEACH PINK,false,AVA NEO PEACH PINK,"Ava Neo es un lujoso vibrador para masajear la zona G con un motor de empuje potente en la punta que aportará golpes controlados en la zona G para aumentar las sensaciones durante la penetración. Meticulosamente estudiado para que no dañe la piel sensible del interior de la vagina. Es ergonómico, con un diseño fino y s",,,adult,25338777,new,false,,g,,29.05,draft
ava-neo-peach-pink-25338777,,,,,,,,,,,,,,,,,,,,,,,,,https://ilercavonia.info/lovlory/imagenes-para-subir-125-productos/svakom/25338777b.jpg,2,AVA NEO PEACH PINK,,,,,,,,,,,,,,
ava-neo-peach-pink-25338777,,,,,,,,,,,,,,,,,,,,,,,,,https://ilercavonia.info/lovlory/imagenes-para-subir-125-productos/svakom/25338777c.jpg,3,AVA NEO PEACH PINK,,,,,,,,,,,,,,
duo-glow-pastel-liliac-25338778,Duo Glow Pastel Liliac,"<p>Dual Glow de Svakom ? Estimulador y Vibrador Dos en Uno.        El Dual Glow de Svakom es un innovador juguete dos en uno, que combina un estimulador y un vibrador con funciones de pulsación, vibración y calor, para ofrecer experiencias únicas de placer.        Está fabricado en suave silicona líquida con detalles en ABS, ambos materiales seguros para el cuerpo. El juguete desmontable cuenta con 7 modos de pulsación, mientras que el vibrador penetrador ofrece 3 modos de vibración, 7 modos de empuje y la capacidad de calentarse hasta 38?ºC.        Es recargable mediante cable USB (incluido), totalmente sumergible y muy fácil de limpiar. Se controla a través de una app, que permite manejar el dispositivo desde cualquier lugar del mundo. Además, el estimulador desmontable puede funcionar como control remoto, ampliando las posibilidades de uso en pareja.        El Dual Glow es ideal tanto para el autoplacer en solitario como para disfrutar en pareja, potenciando la creatividad y el juego erótico. Se recomienda utilizar lubricante a base de agua para una experiencia más cómoda y placentera.        Incluye bolsa de transporte y manual de instrucciones.        Características principales:    ?  Juguete dos en uno: estimulador y vibrador.    ?  Fabricado en silicona líquida y ABS, seguros para el cuerpo.    ?  Estimulador desmontable: 7 modos de pulsación.    ?  Vibrador penetrador: 3 modos de vibración, 7 modos de empuje, calor hasta 38?°C.    ?  Recargable vía USB (cable incluido).    ?  Totalmente sumergible.    ?  Controlable mediante app y estimulador como control remoto.    ?  Incluye bolsa de transporte y manual de instrucciones.</p><ul><li><strong>Batería:</strong> Recargable con cable USB (incluido)</li><li><strong>Color:</strong> Lila Pastel</li><li><strong>Dimensiones:</strong> 59 mm x 196 mm ( Vibrador); 44 mm x 95 mm (Estimulador)</li><li><strong>Ingredientes:</strong> Silicona líquida/ ABS</li></ul>",SVAKOM,,Juguetes eróticos,"vendor-svakom, juguetes-eroticos, novedad",false,Title,Default Title,,,,,25338778,248,shopify,0,deny,manual,89.95,,true,true,6959633105856,https://ilercavonia.info/lovlory/imagenes-para-subir-125-productos/svakom/25338778.jpg,1,Duo Glow Pastel Liliac,false,Duo Glow Pastel Liliac,"Dual Glow de Svakom ? Estimulador y Vibrador Dos en Uno. El Dual Glow de Svakom es un innovador juguete dos en uno, que combina un estimulador y un vibrador con funciones de pulsación, vibración y calor, para ofrecer experiencias únicas de placer. Está fabricado en suave silicona líquida con detalles en ABS, ambos mate",,,adult,25338778,new,false,,g,,36.63,draft
duo-glow-pastel-liliac-25338778,,,,,,,,,,,,,,,,,,,,,,,,,https://ilercavonia.info/lovlory/imagenes-para-subir-125-productos/svakom/25338778b.jpg,2,Duo Glow Pastel Liliac,,,,,,,,,,,,,,
duo-glow-pastel-liliac-25338778,,,,,,,,,,,,,,,,,,,,,,,,,https://ilercavonia.info/lovlory/imagenes-para-subir-125-productos/svakom/25338778c.jpg,3,Duo Glow Pastel Liliac,,,,,,,,,,,,,,
duo-glow-pastel-liliac-25338778,,,,,,,,,,,,,,,,,,,,,,,,,https://ilercavonia.info/lovlory/imagenes-para-subir-125-productos/svakom/25338778d.jpg,4,Duo Glow Pastel Liliac,,,,,,,,,,,,,,
echo-2-purple-25338773,Echo 2 Purple,"<p>¡Nuevo packaging!Echo 2 es un vibrador curvo, flexible y elegante que se convierte en una segunda piel al deslizarlo en tu dedo. Su diseño compacto, ligero y ergonómico lo hace ideal para acompañarte en cualquier momento, ya sea durante juegos previos, sexo en pareja o sesiones en solitario. Inspirado en las líneas de nuestro vibrador Echo original, esta nueva versión incorpora mejoras que elevan la experiencia de placer a otro nivel.Fabricado en silicona líquida de primera calidad, segura para el cuerpo, Echo 2 ofrece una textura suave y delicada al tacto, pensada para estimular de forma cómoda y placentera. Su innovadora tecnología combina cinco modos de vibración con cinco intensidades distintas, a los que se suma una función de calor independiente que alcanza hasta 38 °C, aportando una sensación cálida y envolvente en las zonas erógenas externas.Para intensificar las caricias, incluye una funda texturizada y removible para el dedo con tiras elásticas que permiten un ajuste perfecto y añaden relieves diseñados para maximizar el placer en cada movimiento. Además, Echo 2 se conecta en segundos con la aplicación SVAKOM, que permite personalizar los ajustes, crear modos propios, sincronizar el juguete con música o sonidos, e incluso compartir el control con tu pareja a cualquier distancia, complementando la experiencia con chat de texto y videollamadas.Completamente impermeable (waterproof), Echo 2 es perfecto para usar en la ducha o la bañera, ofreciendo libertad y nuevas formas de explorar el placer. Su carga USB-A, los indicadores de batería, la función de memoria que recuerda tu último uso y el bloqueo de viaje lo convierten en un compañero discreto, versátil y siempre listo para acompañarte donde quieras. Echo 2 no solo estimula, sino que redefine la manera de sentir y compartir el placer.Características principales: ? Silicona líquida premium, hipoalergénica y segura para el cuerpo.? 5 modos de vibración.? 5 intensidades.? Función de calor independiente hasta 38 °C.? Funda texturizada y removible para el dedo.? Control mediante la aplicación SVAKOM.? Diseño compacto, flexible y ligero.? Totalmente impermeable (waterproof).? Carga USB-A.? Indicadores de batería.? Función de memoria.? Bloqueo de viaje.</p><ul><li><strong>Batería:</strong> Recargable con USB-A</li><li><strong>Color:</strong> Lila</li><li><strong>Dimensiones:</strong> 42 mm × 92 mm × 41 mm</li><li><strong>Ingredientes:</strong> Silicona líquida</li></ul>",SVAKOM,,Juguetes eróticos,"vendor-svakom, juguetes-eroticos, novedad",false,Title,Default Title,,,,,25338773,56,shopify,6,deny,manual,59.95,,true,true,6959633105245,https://ilercavonia.info/lovlory/imagenes-para-subir-125-productos/svakom/25338773.jpg,1,Echo 2 Purple,false,Echo 2 Purple,"¡Nuevo packaging!Echo 2 es un vibrador curvo, flexible y elegante que se convierte en una segunda piel al deslizarlo en tu dedo. Su diseño compacto, ligero y ergonómico lo hace ideal para acompañarte en cualquier momento, ya sea durante juegos previos, sexo en pareja o sesiones en solitario. Inspirado en las líneas de ",,,adult,25338773,new,false,,g,,21.47,draft
echo-2-purple-25338773,,,,,,,,,,,,,,,,,,,,,,,,,https://ilercavonia.info/lovlory/imagenes-para-subir-125-productos/svakom/25338773b.jpg,2,Echo 2 Purple,,,,,,,,,,,,,,
echo-2-purple-25338773,,,,,,,,,,,,,,,,,,,,,,,,,https://ilercavonia.info/lovlory/imagenes-para-subir-125-productos/svakom/25338773c.jpg,3,Echo 2 Purple,,,,,,,,,,,,,,
echo-2-purple-25338773,,,,,,,,,,,,,,,,,,,,,,,,,https://ilercavonia.info/lovlory/imagenes-para-subir-125-productos/svakom/25338773d.jpg,4,Echo 2 Purple,,,,,,,,,,,,,,
echo-2-sky-blue-25338774,Echo 2 Sky Blue,"<p>¡Nuevo packaging!Echo 2 es un vibrador curvo, flexible y elegante que se convierte en una segunda piel al deslizarlo en tu dedo. Su diseño compacto, ligero y ergonómico lo hace ideal para acompañarte en cualquier momento, ya sea durante juegos previos, sexo en pareja o sesiones en solitario. Inspirado en las líneas de nuestro vibrador Echo original, esta nueva versión incorpora mejoras que elevan la experiencia de placer a otro nivel.Fabricado en silicona líquida de primera calidad, segura para el cuerpo, Echo 2 ofrece una textura suave y delicada al tacto, pensada para estimular de forma cómoda y placentera. Su innovadora tecnología combina cinco modos de vibración con cinco intensidades distintas, a los que se suma una función de calor independiente que alcanza hasta 38 °C, aportando una sensación cálida y envolvente en las zonas erógenas externas.Para intensificar las caricias, incluye una funda texturizada y removible para el dedo con tiras elásticas que permiten un ajuste perfecto y añaden relieves diseñados para maximizar el placer en cada movimiento. Además, Echo 2 se conecta en segundos con la aplicación SVAKOM, que permite personalizar los ajustes, crear modos propios, sincronizar el juguete con música o sonidos, e incluso compartir el control con tu pareja a cualquier distancia, complementando la experiencia con chat de texto y videollamadas.Completamente impermeable (waterproof), Echo 2 es perfecto para usar en la ducha o la bañera, ofreciendo libertad y nuevas formas de explorar el placer. Su carga USB-A, los indicadores de batería, la función de memoria que recuerda tu último uso y el bloqueo de viaje lo convierten en un compañero discreto, versátil y siempre listo para acompañarte donde quieras. Echo 2 no solo estimula, sino que redefine la manera de sentir y compartir el placer.Características principales: ? Silicona líquida premium, hipoalergénica y segura para el cuerpo.? 5 modos de vibración.? 5 intensidades.? Función de calor independiente hasta 38 °C.? Funda texturizada y removible para el dedo.? Control mediante la aplicación SVAKOM.? Diseño compacto, flexible y ligero.? Totalmente impermeable (waterproof).? Carga USB-A.? Indicadores de batería.? Función de memoria.? Bloqueo de viaje.</p><ul><li><strong>Batería:</strong> Recargable con USB-A</li><li><strong>Color:</strong> Azul</li><li><strong>Dimensiones:</strong> 42 mm × 92 mm × 41 mm</li><li><strong>Ingredientes:</strong> Silicona líquida</li></ul>",SVAKOM,,Juguetes eróticos,"vendor-svakom, juguetes-eroticos, novedad",false,Title,Default Title,,,,,25338774,56,shopify,0,deny,manual,59.95,,true,true,6959633105252,https://ilercavonia.info/lovlory/imagenes-para-subir-125-productos/svakom/25338774.jpg,1,Echo 2 Sky Blue,false,Echo 2 Sky Blue,"¡Nuevo packaging!Echo 2 es un vibrador curvo, flexible y elegante que se convierte en una segunda piel al deslizarlo en tu dedo. Su diseño compacto, ligero y ergonómico lo hace ideal para acompañarte en cualquier momento, ya sea durante juegos previos, sexo en pareja o sesiones en solitario. Inspirado en las líneas de ",,,adult,25338774,new,false,,g,,21.47,draft
echo-2-sky-blue-25338774,,,,,,,,,,,,,,,,,,,,,,,,,https://ilercavonia.info/lovlory/imagenes-para-subir-125-productos/svakom/25338774b.jpg,2,Echo 2 Sky Blue,,,,,,,,,,,,,,
echo-2-sky-blue-25338774,,,,,,,,,,,,,,,,,,,,,,,,,https://ilercavonia.info/lovlory/imagenes-para-subir-125-productos/svakom/25338774c.jpg,3,Echo 2 Sky Blue,,,,,,,,,,,,,,
echo-2-sky-blue-25338774,,,,,,,,,,,,,,,,,,,,,,,,,https://ilercavonia.info/lovlory/imagenes-para-subir-125-productos/svakom/25338774d.jpg,4,Echo 2 Sky Blue,,,,,,,,,,,,,,
iker-neo-25338775,Iker Neo,"<p>Iker Neo de SVAKOM es un vibrador/pulsador que masajea simultáneamente la próstata y la zona perineal.    Se trata de un juguete completo con el que puedes estimular dos zonas extremadamente sensibles al mismo tiempo. Ideal para usuarios de nivel intermedio a avanzado, Iker Neo cuenta con curvas bulbosas para una sensación más plena y un cuello flexible para una colocación más sencilla.    Posee dos potentes motores y un indicador LED que se ilumina sincronizadamente con las vibraciones del juguete. Está fabricado en suave silicona con detalles en ABS, ambos materiales aptos para el cuerpo. Ofrece un total de 5 modos e intensidades de vibración, mientras que la cabeza del eje dispone de 5 configuraciones independientes de pulsación.    Además, incluye una app con la que podrás controlar el dispositivo desde cualquier parte del mundo, personalizar los modos de vibración de manera infinita o incluso hacer vibrar el juguete al ritmo de la música.    Cuenta con un bloqueo de viaje para evitar que se encienda accidentalmente. Es recargable mediante cable USB-A (incluido), totalmente sumergible y muy fácil de limpiar. Tiene un tiempo de carga aproximado de 1,5 horas y un tiempo de uso de aproximadamente 1,5 horas.    Incluye una bolsa de transporte y un manual de instrucciones. Es un juguete ideal tanto para el autoplacer en solitario como para disfrutar en pareja, aumentando las posibilidades del juego erótico. Se recomienda usar lubricante a base de agua para mejorar la experiencia.        Características principales:    ?  Vibrador/pulsador para próstata y perineo.    ?  Ideal para usuarios intermedios y avanzados.    ?  Curvas bulbosas y cuello flexible.    ?  Dos potentes motores.    ?  Indicador LED sincronizado con vibraciones.    ?  Fabricado en silicona suave y ABS apto para el cuerpo.    ?  5 modos e intensidades de vibración.    ?  5 configuraciones independientes de pulsación en la cabeza del eje.    ?  Compatible con app.    ?  Control manos libres posible.    ?  Bloqueo de viaje.    ?  Recargable con cable USB-A incluido    ?  Totalmente sumergible.    ?  Tiempo de carga: 1,5 horas.    ?  Tiempo de uso: 1,5 horas.    ?  Incluye bolsa de transporte y manual.    ?  Compatible con lubricante a base de agua.</p><ul><li><strong>Batería:</strong> Recargable con USB-A</li><li><strong>Color:</strong> Azul marino</li><li><strong>Dimensiones:</strong> 101 mm × 135 mm × 33 mm</li><li><strong>Ingredientes:</strong> Silicona líquida/ ABS</li></ul>",SVAKOM,,Juguetes eróticos,"vendor-svakom, juguetes-eroticos, novedad",false,Title,Default Title,,,,,25338775,135,shopify,38,deny,manual,79.95,,true,true,6959633105313,https://ilercavonia.info/lovlory/imagenes-para-subir-125-productos/svakom/25338775.jpg,1,Iker Neo,false,Iker Neo,"Iker Neo de SVAKOM es un vibrador/pulsador que masajea simultáneamente la próstata y la zona perineal. Se trata de un juguete completo con el que puedes estimular dos zonas extremadamente sensibles al mismo tiempo. Ideal para usuarios de nivel intermedio a avanzado, Iker Neo cuenta con curvas bulbosas para una sensació",,,adult,25338775,new,false,,g,,29.05,draft
iker-neo-25338775,,,,,,,,,,,,,,,,,,,,,,,,,https://ilercavonia.info/lovlory/imagenes-para-subir-125-productos/svakom/25338775b.jpg,2,Iker Neo,,,,,,,,,,,,,,
iker-neo-25338775,,,,,,,,,,,,,,,,,,,,,,,,,https://ilercavonia.info/lovlory/imagenes-para-subir-125-productos/svakom/25338775c.jpg,3,Iker Neo,,,,,,,,,,,,,,
klitty-25338785,Klitty,"<p>Klitty de SVAKOM es un juguete que combina a la perfección  lamido y succión, ofreciendo una experiencia única de placer y comodidad. Su  diseño discreto y elegante se integra fácilmente en cualquier entorno.La boca está fabricada en silicona de alta calidad, segura  para el cuerpo, que se adapta de forma natural. Incorpora una lengua suave que  se mueve con ritmo sobre el clítoris, junto con una succión lenta y progresiva  que no apresura la experiencia.Cuenta con 10 modos de lamido y vibración y 3 niveles de  intensidad de succión, cuya combinación ofrece una estimulación versátil y  personalizada. Además, su funcionamiento es silencioso, con un nivel de ruido  discreto para mantener el enfoque en la sensación.Puedes usar el lamido y la succión de forma independiente o  combinarlos según  preferencia.    También es compatible con la app SVAKOM, que permite explorar patrones  personalizados, sensaciones combinadas y juego a distancia, ya sea individual o  compartido.  Es recargable mediante cable USB-C (incluido), resistente al agua y fácil de  limpiar. Se recomienda el uso de lubricante a base de agua para una experiencia  más cómoda y placentera.Incluye cargador y manual de instrucciones.Características principales:   ? Combina lamido y succión.? Diseño discreto y elegante.? Silicona de alta calidad segura para el cuerpo.? Lengua suave con movimiento rítmico.? Succión lenta y progresiva.? 10 modos de lamido y vibración.? 3 niveles de intensidad de succión.? Uso combinado o independiente de funciones.? Funcionamiento silencioso.? Compatible con app SVAKOM.? Control y patrones personalizados desde app.? Juego a distancia.? Recargable por USB-C (incluido).? Resistente al agua.? Fácil de limpiar.? Uso recomendado con lubricante a base de agua.? Incluye cargador y manual de instrucciones.</p><ul><li><strong>Batería:</strong> Recargable cable USB-C (incluido)</li><li><strong>Color:</strong> Rosa</li><li><strong>Dimensiones:</strong> 70 mm x 128 mm x 61mm</li><li><strong>Ingredientes:</strong> Liquid Silicone, ABS, POM</li></ul>",SVAKOM,,Juguetes eróticos,"vendor-svakom, juguetes-eroticos, novedad",false,Title,Default Title,,,,,25338785,280,shopify,0,deny,manual,69.95,,true,true,6959633106266,https://ilercavonia.info/lovlory/imagenes-para-subir-125-productos/svakom/25338785.jpg,1,Klitty,false,Klitty,"Klitty de SVAKOM es un juguete que combina a la perfección lamido y succión, ofreciendo una experiencia única de placer y comodidad. Su diseño discreto y elegante se integra fácilmente en cualquier entorno.La boca está fabricada en silicona de alta calidad, segura para el cuerpo, que se adapta de forma natural. Incorpo",,,adult,25338785,new,false,,g,,29.95,draft
klitty-25338785,,,,,,,,,,,,,,,,,,,,,,,,,https://ilercavonia.info/lovlory/imagenes-para-subir-125-productos/svakom/25338785b.jpg,2,Klitty,,,,,,,,,,,,,,
klitty-25338785,,,,,,,,,,,,,,,,,,,,,,,,,https://ilercavonia.info/lovlory/imagenes-para-subir-125-productos/svakom/25338785c.jpg,3,Klitty,,,,,,,,,,,,,,
klitty-25338785,,,,,,,,,,,,,,,,,,,,,,,,,https://ilercavonia.info/lovlory/imagenes-para-subir-125-productos/svakom/25338785d.jpg,4,Klitty,,,,,,,,,,,,,,
klitty-25338785,,,,,,,,,,,,,,,,,,,,,,,,,https://ilercavonia.info/lovlory/imagenes-para-subir-125-productos/svakom/25338785e.jpg,5,Klitty,,,,,,,,,,,,,,
margot-liliac-swirl-25338779,Margot Liliac Swirl,"<p>Margot de Svakom es un estimulador de punto G fabricado en silicona líquida, ultra suave y cómoda al tacto.  Cuenta con dos motores, uno en la cabeza y otro en el cuello, diseñados para estimular toda la zona con una intensidad precisa, potenciada por su forma completamente contorneada. Además, incorpora función de calor que alcanza los 38 ºC, incrementando el placer y la sensación de confort.  Dispone de 5 modos y 10 niveles de intensidad, para adaptar la experiencia a cada preferencia.  Es recargable mediante cable USB (incluido), totalmente sumergible y muy fácil de limpiar.  Se puede controlar desde una app, lo que permite manejar el dispositivo desde cualquier lugar del mundo.   Margot es ideal tanto para el autoplacer como para disfrutar en pareja, potenciando la creatividad y la conexión erótica.   Se recomienda utilizarlo con lubricante a base de agua para una experiencia más suave y placentera.  Incluye bolsa de transporte y manual de instrucciones.    Características principales:    ? Estimulador de punto G.  ? Fabricado en silicona líquida suave y cómoda al tacto.  ? Dos motores para estimulación precisa.  ? Función de calor de 38 ºC.  ? 5 modos y 10 niveles de intensidad.  ? Recargable mediante cable USB incluido.  ? Totalmente sumergible y fácil de limpiar.  ? Controlable desde app y como control remoto.  ? Apto para uso en solitario o en pareja.  ? Incluye bolsa de transporte y manual de instrucciones.</p><ul><li><strong>Batería:</strong> Recargable con cable USB (incluido)</li><li><strong>Color:</strong> Lila marmolado</li><li><strong>Dimensiones:</strong> 210 mm x 36 mm x 67 mm</li><li><strong>Ingredientes:</strong> Silicona líquida</li></ul>",SVAKOM,,Juguetes eróticos,"vendor-svakom, juguetes-eroticos, novedad",false,Title,Default Title,,,,,25338779,95,shopify,50,deny,manual,79.95,,true,true,6959633105702,https://ilercavonia.info/lovlory/imagenes-para-subir-125-productos/svakom/25338779.jpg,1,Margot Liliac Swirl,false,Margot Liliac Swirl,"Margot de Svakom es un estimulador de punto G fabricado en silicona líquida, ultra suave y cómoda al tacto. Cuenta con dos motores, uno en la cabeza y otro en el cuello, diseñados para estimular toda la zona con una intensidad precisa, potenciada por su forma completamente contorneada. Además, incorpora función de calo",,,adult,25338779,new,false,,g,,29.05,draft
margot-liliac-swirl-25338779,,,,,,,,,,,,,,,,,,,,,,,,,https://ilercavonia.info/lovlory/imagenes-para-subir-125-productos/svakom/25338779b.jpg,2,Margot Liliac Swirl,,,,,,,,,,,,,,
margot-liliac-swirl-25338779,,,,,,,,,,,,,,,,,,,,,,,,,https://ilercavonia.info/lovlory/imagenes-para-subir-125-productos/svakom/25338779c.jpg,3,Margot Liliac Swirl,,,,,,,,,,,,,,
margot-liliac-swirl-25338779,,,,,,,,,,,,,,,,,,,,,,,,,https://ilercavonia.info/lovlory/imagenes-para-subir-125-productos/svakom/25338779d.jpg,4,Margot Liliac Swirl,,,,,,,,,,,,,,
vick-neo-2-25338776,Vick Neo 2,"<p>VICK NEO 2 de SVAKOM es un vibrador prostático interactivo con función de calefacción.    Su diseño ergonómico se adapta perfectamente a la anatomía, y además cuenta con un cuello giratorio de 180° que permite estimular la próstata con o sin masaje perineal.    Está fabricado en suave silicona con detalles en ABS, ambos materiales aptos para el cuerpo. Dispone de 5+1 modos y 5 intensidades de vibración, además de una función de calor de 38 °C para una comodidad y excitación máximas.    VICK NEO 2 incluye una app que permite controlar el dispositivo desde cualquier lugar del mundo, personalizar los modos de vibración de forma infinita o incluso hacer que el juguete vibre al ritmo de la música. Gracias al control remoto, puede utilizarse de manera manos libres, facilitando su uso. La base del dispositivo cuenta con luces de colores que cambian según el modo de vibración.    Además, dispone de un bloqueo de viaje para evitar encendidos accidentales. Es recargable mediante cable USB-A (incluido), totalmente sumergible y muy fácil de limpiar. Tiene un tiempo de carga aproximado de 2,5 horas y un tiempo de uso de alrededor de 2 horas.    Incluye una bolsa de transporte y un manual de instrucciones. Es un juguete ideal tanto para el autoplacer en solitario como para disfrutar en pareja, aumentando las posibilidades del juego erótico. Se recomienda usar lubricante a base de agua para mejorar la experiencia.    Características principales:    ? Vibrador prostático con calefacción.    ? Cuello giratorio 180° para masaje perineal opcional.    ? Fabricado en silicona suave y ABS apto para el cuerpo.    ? 5+1 modos y 5 intensidades de vibración.    ? Función de calor a 38?°C.    ? Compatible con app para control remoto y personalización.    ? Control manos libres mediante mando.    ? Luces de colores en la base según modo de vibración.    ? Bloqueo de viaje.    ? Recargable por USB-A, totalmente sumergible.    ? Tiempo de carga: 2,5 horas.    ? Tiempo de uso: 2 horas.    ? Incluye bolsa de transporte y manual.    ? Compatible con lubricante a base de agua.</p><ul><li><strong>Batería:</strong> Recargable con USB-A</li><li><strong>Color:</strong> Azul marino</li><li><strong>Dimensiones:</strong> 91 mm × 102 mm × 38 mm</li><li><strong>Ingredientes:</strong> Silicona líquida/ ABS</li></ul>",SVAKOM,,Juguetes eróticos,"vendor-svakom, juguetes-eroticos, novedad",false,Title,Default Title,,,,,25338776,93,shopify,22,deny,manual,74.95,,true,true,6959633105320,https://ilercavonia.info/lovlory/imagenes-para-subir-125-productos/svakom/25338776.jpg,1,Vick Neo 2,false,Vick Neo 2,"VICK NEO 2 de SVAKOM es un vibrador prostático interactivo con función de calefacción. Su diseño ergonómico se adapta perfectamente a la anatomía, y además cuenta con un cuello giratorio de 180° que permite estimular la próstata con o sin masaje perineal. Está fabricado en suave silicona con detalles en ABS, ambos mate",,,adult,25338776,new,false,,g,,27.79,draft
vick-neo-2-25338776,,,,,,,,,,,,,,,,,,,,,,,,,https://ilercavonia.info/lovlory/imagenes-para-subir-125-productos/svakom/25338776b.jpg,2,Vick Neo 2,,,,,,,,,,,,,,
vick-neo-2-25338776,,,,,,,,,,,,,,,,,,,,,,,,,https://ilercavonia.info/lovlory/imagenes-para-subir-125-productos/svakom/25338776c.jpg,3,Vick Neo 2,,,,,,,,,,,,,,
3d-pile-130315,3D Pile,"<p>Hasta el momento la única finalidad de los detalles interiores de los masturbadores era la estimulación que brindaban, pero ahora con TENGA 3D los detalles interiores se hacen visibles y se convierten en el diseño exterior, los masturbadores de la nueva línea TENGA 3D se dan vuelta, se lavan y se secan para volver a usar.TENGA 3D - PILE tiene una superficie formada por protuberancias triangulares apiladas, lleva triángulos muy juntos que aportan una sensación suave en la base y un estímulo más fuerte a medida que se van espaciando en la zona del glande, combina tanto sensaciones suaves como intensas a la vez. MODO DE USO: quitar del envase, dar vuelta para que la textura quede en el interior, añadir lubricante con base de agua (muestra incluida), después de cada uso lavar ambos lados con agua y jabón.Con un mantenimiento adecuado el TENGA 3D se puede utilizar hasta 50 veces.</p><ul><li><strong>Material:</strong> Elastómero</li><li><strong>Dimensiones:</strong> 157 mm x 70 mm x 72 mm</li></ul>",TENGA,,Masturbador masculino,"vendor-tenga, juguetes-eroticos, tipo-masturbador",false,Title,Default Title,,,,,130315,,shopify,9,deny,manual,30,,true,true,4560220551417,https://ilercavonia.info/lovlory/imagenes-para-subir-125-productos/tenga/130315.jpg,1,3D Pile,false,3D Pile,"Hasta el momento la única finalidad de los detalles interiores de los masturbadores era la estimulación que brindaban, pero ahora con TENGA 3D los detalles interiores se hacen visibles y se convierten en el diseño exterior, los masturbadores de la nueva línea TENGA 3D se dan vuelta, se lavan y se secan para volver a us",,,adult,130315,new,false,,g,,15,draft
3d-pile-130315,,,,,,,,,,,,,,,,,,,,,,,,,https://ilercavonia.info/lovlory/imagenes-para-subir-125-productos/tenga/130315b.jpg,2,3D Pile,,,,,,,,,,,,,,
3dx-flow-130744,3DX FLOW,"<p>TENGA 3DX Flow es un masturbador reutilizable diseñado para ofrecer una estimulación dinámica y envolvente. Su exclusivo diseño interior utiliza suaves ondas que generan un ritmo constante de presión firme y flexible, alternando compresión y liberación para proporcionar una experiencia intensa y progresiva.Está fabricado con elastómero de alta calidad, un material flexible y seguro para el cuerpo que ofrece una textura agradable y se adapta a la mayoría de tamaños. Su innovador diseño reversible permite invertir el manguito para modificar la textura interior y obtener una sensación de mayor ajuste y una estimulación diferente.La intensidad de la estimulación puede regularse variando la presión ejercida sobre el manguito, permitiendo adaptar la experiencia a las preferencias de cada usuario.El diseño reversible facilita la limpieza y el secado. Tras cada uso, se recomienda invertir el manguito para dejar los relieves hacia el exterior, lavarlo con agua fría o tibia y un jabón suave, secarlo con una toalla y colocarlo en el soporte incluido para completar el secado al aire.Para un rendimiento óptimo, se recomienda utilizar lubricante a base de agua. El producto incluye una muestra de TENGA Lotion Regular (15 ml).Características principales:? Masturbador masculino reutilizable. ? Diseño interior con patrón de ondas. ? Estimulación dinámica, progresiva y envolvente. ? Elastómero de alta calidad, flexible y seguro para el cuerpo. ? Se adapta a la mayoría de tamaños. ? Presión ajustable mediante el agarre. ? Fácil de limpiar y secar. ? Compatible con lubricantes a base de agua. ? Incluye muestra de TENGA Lotion Regular (15 ml).</p><ul><li><strong>Dimensiones:</strong> 144 mm × 61 mm × 61 mm</li><li><strong>Ingredientes:</strong> Elastomer, ABS, PC.</li></ul>",TENGA,,Masturbador masculino,"vendor-tenga, juguetes-eroticos, tipo-masturbador, novedad",false,Title,Default Title,,,,,130744,225,shopify,42,deny,manual,35,,true,true,4582655749214,https://ilercavonia.info/lovlory/imagenes-para-subir-125-productos/tenga/130744.jpg,1,3DX FLOW,false,3DX FLOW,"TENGA 3DX Flow es un masturbador reutilizable diseñado para ofrecer una estimulación dinámica y envolvente. Su exclusivo diseño interior utiliza suaves ondas que generan un ritmo constante de presión firme y flexible, alternando compresión y liberación para proporcionar una experiencia intensa y progresiva.Está fabrica",,,adult,130744,new,false,,g,,17.5,draft
3dx-flow-130744,,,,,,,,,,,,,,,,,,,,,,,,,https://ilercavonia.info/lovlory/imagenes-para-subir-125-productos/tenga/130744b.jpg,2,3DX FLOW,,,,,,,,,,,,,,
3dx-flow-130744,,,,,,,,,,,,,,,,,,,,,,,,,https://ilercavonia.info/lovlory/imagenes-para-subir-125-productos/tenga/130744c.jpg,3,3DX FLOW,,,,,,,,,,,,,,
3dx-flow-130744,,,,,,,,,,,,,,,,,,,,,,,,,https://ilercavonia.info/lovlory/imagenes-para-subir-125-productos/tenga/130744d.jpg,4,3DX FLOW,,,,,,,,,,,,,,
3dx-flow-130744,,,,,,,,,,,,,,,,,,,,,,,,,https://ilercavonia.info/lovlory/imagenes-para-subir-125-productos/tenga/130744e.jpg,5,3DX FLOW,,,,,,,,,,,,,,
3dx-zen-130742,3DX ZEN,"<p>TENGA 3Dx Zen es un masturbador reutilizable diseñado para ofrecer una experiencia suave y delicada. Su exclusivo diseño interior, con finas nervaduras y relieves cuidadosamente elaborados, proporciona una estimulación sutil y progresiva, ideal para quienes buscan sensaciones más relajadas sin renunciar a un placer intenso.Está fabricado con elastómero de alta calidad, un material flexible y seguro para el cuerpo que ofrece una textura agradable y se adapta a la mayoría de tamaños. Su innovador diseño reversible permite invertir el manguito para modificar la textura interior y obtener una sensación de mayor ajuste y una estimulación diferente.La intensidad de la estimulación puede regularse variando la presión ejercida sobre el manguito, permitiendo adaptar la experiencia a las preferencias de cada usuario.El diseño reversible facilita la limpieza y el secado. Tras cada uso, se recomienda invertir el manguito para dejar los relieves hacia el exterior, lavarlo con agua fría o tibia y un jabón suave, secarlo con una toalla y colocarlo en el soporte incluido para completar el secado al aire.Para un rendimiento óptimo, se recomienda utilizar lubricante a base de agua. El producto incluye una muestra de TENGA Lotion Regular (15 ml).Características principales:? Masturbador masculino reutilizable. ? Diseño interior con finas nervaduras y relieves. ? Estimulación suave, progresiva y envolvente. ? Diseño reversible con dos sensaciones de uso. ? Elastómero de alta calidad, flexible y seguro para el cuerpo. ? Se adapta a la mayoría de tamaños. ? Presión ajustable mediante el agarre. ? Fácil de limpiar y secar. ? Compatible con lubricantes a base de agua. ? Incluye muestra de TENGA Lotion Regular (15 ml).</p><ul><li><strong>Dimensiones:</strong> 144 mm × 61 mm × 61 mm</li><li><strong>Ingredientes:</strong> Elastomer, ABS, PC.</li></ul>",TENGA,,Masturbador masculino,"vendor-tenga, juguetes-eroticos, tipo-masturbador, novedad",false,Title,Default Title,,,,,130742,225,shopify,45,deny,manual,35,,true,true,4582655749191,https://ilercavonia.info/lovlory/imagenes-para-subir-125-productos/tenga/130742.jpg,1,3DX ZEN,false,3DX ZEN,"TENGA 3Dx Zen es un masturbador reutilizable diseñado para ofrecer una experiencia suave y delicada. Su exclusivo diseño interior, con finas nervaduras y relieves cuidadosamente elaborados, proporciona una estimulación sutil y progresiva, ideal para quienes buscan sensaciones más relajadas sin renunciar a un placer int",,,adult,130742,new,false,,g,,17.5,draft
3dx-zen-130742,,,,,,,,,,,,,,,,,,,,,,,,,https://ilercavonia.info/lovlory/imagenes-para-subir-125-productos/tenga/130742b.jpg,2,3DX ZEN,,,,,,,,,,,,,,
3dx-zen-130742,,,,,,,,,,,,,,,,,,,,,,,,,https://ilercavonia.info/lovlory/imagenes-para-subir-125-productos/tenga/130742c.jpg,3,3DX ZEN,,,,,,,,,,,,,,
3dx-zen-130742,,,,,,,,,,,,,,,,,,,,,,,,,https://ilercavonia.info/lovlory/imagenes-para-subir-125-productos/tenga/130742d.jpg,4,3DX ZEN,,,,,,,,,,,,,,
3dx-zen-130742,,,,,,,,,,,,,,,,,,,,,,,,,https://ilercavonia.info/lovlory/imagenes-para-subir-125-productos/tenga/130742e.jpg,5,3DX ZEN,,,,,,,,,,,,,,
air-flow-cup-130566,Air Flow Cup,"<p>Air Flow Cup es un masturbador con forma de reloj de arena proporciona un ajuste excelente. Un juguete especificamente creado para una masturbación profunda que dispone de 3 diferentes materiales en forma de espiral para una sensación de estrechamiento. El placer de la felación masculina junto con un diseño ergonómico. Su anillo lubricante sujeta y aporta lubricación, su textura granulada se adhiere y se suelta brindándote una estimulación muy placentera.Tienee un mecanismo de inserción llamado &#39;Smooth Pad&#39; que es una almohadilla suave y lisa que aplica el lubricante desde el comienzo de la inserción. Ofreciéndote al mismo tiempo adherencia adicional, una menor pérdida de lubricante y una mayor hermeticidad. La válvula unidireccional controla el flujo del aire, el orificio del aire controla la succión y su entrada es suave pero muy prieta. Tiene unas medidas de: 15 cm (Inserción) x 4,5 cm (Ancho). Air Flow Cup es de un sólo uso. Recuerde retirar la pegatina situada en la parte superior antes de usarlo.¡Controla el efecto de succión tapando el agujero con tu dedo! Una experiencia de felación completamente real. Lubricante Incluido.Características Principales: Masturbador con forma de reloj de arena. Anillo lubricante que sujeta y aporta lubricación. Textura granulada que se adhiere y se suelta. Dispone de 3 diferentes materiales en forma de espiral para una sensación de estrechamiento.  Mecanismo &#39;Smooth Pad&#39;, es una almohadilla suave y lisa que aplica el lubricante desde el comienzo de la inserción.  Adherencia adicional, menor pérdida de lubricante y mayor hermeticidad. Válvula unidireccional que controla el flujo del aire. Entrada muy prieta y suave. Orificio de aire para controlar la succión.  Medidas: 15 cm (Inserción) x 4,5 cm (Ancho). Es de un sólo uso. Lubricante Incluido.En este enlace puedes visualizar el vídeo del producto. https://youtu.be/a1gCjjiHDVw</p><ul><li><strong>Características:</strong> De un sólo uso.</li><li><strong>Material:</strong> TPE/PE</li><li><strong>Color:</strong> Rojo</li><li><strong>Dimensiones:</strong> 15 cm (Inserción) x 4,5 cm (Ancho).</li><li><strong>Ingredientes:</strong> Ingredientes Lubricante: Water, Glycerin, Hydroxyethylcellulose, Sodium Polyacrylate, Phenoxyethanol, Methylparaben, Hydroxypropyl Cyclodextrin, Iodopropynyl Butylcarbamate.</li></ul>",TENGA,,Masturbador masculino,"vendor-tenga, juguetes-eroticos, tipo-masturbador, novedad",false,Title,Default Title,,,,,130566,207,shopify,34,deny,manual,11,,true,true,4570030972487,https://ilercavonia.info/lovlory/imagenes-para-subir-125-productos/tenga/130566.jpg,1,Air Flow Cup,false,Air Flow Cup,Air Flow Cup es un masturbador con forma de reloj de arena proporciona un ajuste excelente. Un juguete especificamente creado para una masturbación profunda que dispone de 3 diferentes materiales en forma de espiral para una sensación de estrechamiento. El placer de la felación masculina junto con un diseño ergonómico.,,,adult,130566,new,false,,g,,5.5,draft
air-flow-cup-130566,,,,,,,,,,,,,,,,,,,,,,,,,https://ilercavonia.info/lovlory/imagenes-para-subir-125-productos/tenga/130566b.jpg,2,Air Flow Cup,,,,,,,,,,,,,,
air-tech-regular-130502,Air Tech Regular,"<p>Tecnología de masturbador de aire único de TENGA, este producto no utiliza espuma interna por lo que es higiénico y reutilizable. Nueva estructura de flujo de aire que permite una sensación de succión intensa, incluso más fuerte que la serie original CUP! Con el Aire-Tech, se obtiene sensaciones impresionantes, una y otra vez!!! Succión media.</p><ul><li><strong>Material:</strong> Elastómero</li><li><strong>Dimensiones:</strong> 156 mm x 69 mm</li></ul>",TENGA,,Masturbador masculino,"vendor-tenga, juguetes-eroticos, tipo-masturbador",false,Title,Default Title,,,,,130502,,shopify,0,deny,manual,20,,true,true,4560220554548,https://ilercavonia.info/lovlory/imagenes-para-subir-125-productos/tenga/130502.jpg,1,Air Tech Regular,false,Air Tech Regular,"Tecnología de masturbador de aire único de TENGA, este producto no utiliza espuma interna por lo que es higiénico y reutilizable. Nueva estructura de flujo de aire que permite una sensación de succión intensa, incluso más fuerte que la serie original CUP! Con el Aire-Tech, se obtiene sensaciones impresionantes, una y o",,,adult,130502,new,false,,g,,10,draft
air-tech-regular-130502,,,,,,,,,,,,,,,,,,,,,,,,,https://ilercavonia.info/lovlory/imagenes-para-subir-125-productos/tenga/130502b.jpg,2,Air Tech Regular,,,,,,,,,,,,,,
air-tech-squeeze-strong-130517,Air Tech Squeeze Strong,"<p>Combinando las cámaras de aire de colchón de aire suave y el flujo de aire estructura de la serie Air-Tech.Nuevo estuche maleable.Hemos creado un placer reutilizable que puedes controlar con tu agarre! La nueva caja hace que el artículo sea más fácil de sostener, mientras proporciona picos y valles de estimulación. Nuevo punto de inserción más grueso, la sensación se siente hasta la inserción completa. ¡El elastómero firme y las formas en bloque crean sensaciones fuertes y audaces! El placer está a tu alcance! Disfrute de las sensaciones de compresión flexibles que la tecnología de aire comprimido le brinda!Reutilizable.Cámaras de colchón de aire suave.Cubre el orificio de aire para sensaciones de succión excelentes.Estuche flexible para control directo de la estimulación.Punto de inserción más grueso. (Estimula la inserción completa).La manga se asienta firmemente en su lugar. (Mejora la sensación al final de la inserción).Diferentes fuerzas de estimulación entre los tres tipos.El estuche significa un diseño más espacioso.</p><ul><li><strong>Material:</strong> Elastómero termoplástico (TPE), PP, PS, PE

Lubricante: HOLE LOTION [REAL] (Rojo) Ingredientes: Agua, glicerina, poliacrilato de sodio, etanol, hidroxietilcelulosa, fenoxietanol, metilparabeno, EDTA-2Na, polisorbato 80, cocoato de sorbitán, fragancia.</li><li><strong>Dimensiones:</strong> 80 mm x 80 mm x 170 mm</li></ul>",TENGA,,Masturbador masculino,"vendor-tenga, juguetes-eroticos, tipo-masturbador, novedad",false,Title,Default Title,,,,,130517,,shopify,0,deny,manual,20,,true,true,4560220558171,https://ilercavonia.info/lovlory/imagenes-para-subir-125-productos/tenga/130517.jpg,1,Air Tech Squeeze Strong,false,Air Tech Squeeze Strong,"Combinando las cámaras de aire de colchón de aire suave y el flujo de aire estructura de la serie Air-Tech.Nuevo estuche maleable.Hemos creado un placer reutilizable que puedes controlar con tu agarre! La nueva caja hace que el artículo sea más fácil de sostener, mientras proporciona picos y valles de estimulación. Nue",,,adult,130517,new,false,,g,,10,draft
air-tech-squeeze-strong-130517,,,,,,,,,,,,,,,,,,,,,,,,,https://ilercavonia.info/lovlory/imagenes-para-subir-125-productos/tenga/130517b.jpg,2,Air Tech Squeeze Strong,,,,,,,,,,,,,,
deep-throat-cool-1301016,Deep Throat Cool,"<p>Este Deep Throat es la nueva edición limitada COOL, con sensación fría y refrescante. En su interior se esconden una serie de pliegues y estrecheces que imitan una cavidad bucal. Tenga Deep Throat (felación profunda), es un juguete especificamente creado para el placer de la felación masculina, tiene un diseño estético y forma ergonómica para una masturbación profunda. Su forma de reloj de arena proporciona un ajuste sublime, una válvula de vacio y una salida de aire en su extremo para regular el nivel de succión, proporcionan un masaje con una sensación dulcemente pegajosa. Una experiencia de felación completamente real, además de su realista sonido.Este producto está indicado para aquellos que deseen hacer ejercicios de control de la eyaculación. Prolongando esta clase de ejercicios conseguirás, con esfuerzo, controlar el momento justo en el que tú quieras eyacular. Este producto viene con lubricante incluido, muy parecido a la saliva para crear una sensación mucho más real.</p><ul><li><strong>Material:</strong> Elastómero</li><li><strong>Dimensiones:</strong> 156 mm x 69 mm</li></ul>",TENGA,,Masturbador masculino,"vendor-tenga, juguetes-eroticos, tipo-masturbador",false,Title,Default Title,,,,,1301016,,shopify,0,deny,manual,9,,true,true,4570030975006,https://ilercavonia.info/lovlory/imagenes-para-subir-125-productos/tenga/1301016.jpg,1,Deep Throat Cool,false,Deep Throat Cool,"Este Deep Throat es la nueva edición limitada COOL, con sensación fría y refrescante. En su interior se esconden una serie de pliegues y estrecheces que imitan una cavidad bucal. Tenga Deep Throat (felación profunda), es un juguete especificamente creado para el placer de la felación masculina, tiene un diseño estético",,,adult,1301016,new,false,,g,,4.5,draft
dual-feel-cup-130565,Dual Feel Cup,"<p>Dual Feel Cup es un masturbador con forma de reloj de arena que dispone de cavidades totalmente separadas para una higiene máxima. Su lado Bitter Side &#39;Lado amargo&#39; (Rojo) te ofrece un estechamiento fuerte mientras que su lado Sweet Side &#39;Lado dulce&#39; (Plateado) envolverá tu pene con suavidad y las protuberancias invertidas permitirán una entrada suave a la vez que estimularán en la salida. Su &#39;Bumpy zone&#39; te coge con vigor mientras que su zona de paso &#39;Step zone&#39; incrementa la intensidad gradualmente. La pared central cosquillea la parte posterior del pene y posee un mecanismo de inserción llamado &#39;Smooth Pad&#39;. Es una almohadilla suave y lisa que aplica el lubricante desde el comienzo de la inserción, ofreciéndote al mismo tiempo adherencia adicional, una menor pérdida de lubricante y una mayor hermeticidad. Dual Feel Cup es capaz de simular la penetración vaginal y la anal, no tiene orificio de aire para succión y además cada lado te ofrece una sensación diferente.Un sólo uso en cada cavidad. Dual Feel Cup: 2 orificios, 2 tipos de penetración y 2 zonas estimulantes. Lubricante incluido. Tiene unas medidas de: 15 cm (Inserción) x 4,5 cm (Ancho).Características Principales: Masturbador con forma de reloj de arena. Dispone de cavidades totalmente separadas para una higiene máxima. Lado amargo: ofrece un estrechamiento fuerte. Lado dulce: envuelve el pene con suavidad. Protuberancias invertidas para una entrada suave y una salida estimulante. Te coge con vigor e incrementa la intensidad gradualmente. Mecanismo &#39;Smooth Pad&#39;, adherencia adicional, una menor pérdida de lubricante y una mayor hermeticidad. Simula la penetración vaginal y la anal. No tiene orificio de aire para succión. Cada lado te ofrece una sensación diferente. Un sólo uso en cada cavidad. Lubricante incluido.En este enlace puedes visualizar el vídeo del producto. https://youtu.be/a1gCjjiHDVw</p><ul><li><strong>Características:</strong> De un sólo uso.</li><li><strong>Material:</strong> TPE/PE</li><li><strong>Color:</strong> Rojo/Plata</li><li><strong>Dimensiones:</strong> 18 cm (Inserción) x 6 cm (Ancho).</li><li><strong>Ingredientes:</strong> Ingredientes Lubricante: Water, Glycerin, Hydroxyethylcellulose, Sodium Polyacrylate, Phenoxyethanol, Methylparaben, Hydroxypropyl Cyclodextrin, Iodopropynyl Butylcarbamate.</li></ul>",TENGA,,Masturbador masculino,"vendor-tenga, juguetes-eroticos, tipo-masturbador, novedad",false,Title,Default Title,,,,,130565,,shopify,0,deny,manual,12,,true,true,4570030972470,https://ilercavonia.info/lovlory/imagenes-para-subir-125-productos/tenga/130565.jpg,1,Dual Feel Cup,false,Dual Feel Cup,Dual Feel Cup es un masturbador con forma de reloj de arena que dispone de cavidades totalmente separadas para una higiene máxima. Su lado Bitter Side 'Lado amargo' (Rojo) te ofrece un estechamiento fuerte mientras que su lado Sweet Side 'Lado dulce' (Plateado) envolverá tu pene con suavidad y las protuberancias invert,,,adult,130565,new,false,,g,,6,draft
dual-feel-cup-130565,,,,,,,,,,,,,,,,,,,,,,,,,https://ilercavonia.info/lovlory/imagenes-para-subir-125-productos/tenga/130565b.jpg,2,Dual Feel Cup,,,,,,,,,,,,,,
flex-black-130531,Flex Black,"<p>El masturbador para hombres Flex de Tenga, crea una sensación totalmente novedosa!!!La carcasa con surcos en espiral de Flex provoca una estimulación en espiral. Cubre el orificio de aire en la parte superior del producto durante su uso y Flex girará a un lado y al otro, creando un movimiento en espiral.Este orificio te permite generar un vacío interno al cubrirlo durante el uso.Al tapar el orificio de aire con el miembro totalmente insertado y tirar del producto se crea una potente sensación de succión.El material permite apretar, girar y agarrar con fuerza para variar de estimulación y adaptarla a tus necesidades.Este masturbador es reutilizable y se puede lavar sin problema bajo el grifo del agua fría (el material se degrada por encima de los 50 grados).Se recomienda usar jabón neutro.</p><ul><li><strong>Material:</strong> Elastómero</li><li><strong>Dimensiones:</strong> 201 mm x 106 mm x 75 mm</li></ul>",TENGA,,Masturbador masculino,"vendor-tenga, juguetes-eroticos, tipo-masturbador",false,Title,Default Title,,,,,130531,,shopify,0,deny,manual,30,,true,true,4560220555873,https://ilercavonia.info/lovlory/imagenes-para-subir-125-productos/tenga/130531.jpg,1,Flex Black,false,Flex Black,"El masturbador para hombres Flex de Tenga, crea una sensación totalmente novedosa!!!La carcasa con surcos en espiral de Flex provoca una estimulación en espiral. Cubre el orificio de aire en la parte superior del producto durante su uso y Flex girará a un lado y al otro, creando un movimiento en espiral.Este orificio t",,,adult,130531,new,false,,g,,15,draft
flex-black-130531,,,,,,,,,,,,,,,,,,,,,,,,,https://ilercavonia.info/lovlory/imagenes-para-subir-125-productos/tenga/130531b.jpg,2,Flex Black,,,,,,,,,,,,,,
flip-zero-black-130321,Flip Zero Black,"<p>Flip Zero presenta un nuevo eje integrado, eso quiere decir, que   incorpora una bisagra dentro del propio producto. De esta forma, el   punto de inserción carece de juntas, lo que reduce enormemente las   posibilidades de escapes de lubricante e incrementa la intensidad del   vacío, especialmente con la incorporación de la nueva válvula   unidireccional. Además está fabricado en material Premium, que hasta   ahora sólo estaba dispnible en Japón y a esto hay que sumarle unas   mejoras en la tecnología de moldeado y la ingeniería, que hacen que sus   detalles sean mucho más estimulantes.Con su nuevo diseño, FLIP 0, no   sólo es más fácil de manipular, si no que sus brazos deslizantes,   además, permiten ensambrarlo de forma mucho más sencilla. Contiene dos   muestras de lubricante HOLE LOTION (real) 10 ml.</p><ul><li><strong>Material:</strong> ABS/Elastomed Premium (masturbador)/ Lubricante: water, glycerin, sodium polycrylate, alcohol, hydroxyelcelulose, phenoxyethanol, methylparaben, disoudium EDTA, Polysorbate 8, Peg-20 Sorbitan Cocoate Fragance.</li><li><strong>Color:</strong> Negro</li></ul>",TENGA,,Masturbador masculino,"vendor-tenga, juguetes-eroticos, tipo-masturbador, novedad",false,Title,Default Title,,,,,130321,,shopify,11,deny,manual,120,,true,true,4560220556108,https://ilercavonia.info/lovlory/imagenes-para-subir-125-productos/tenga/130321.jpg,1,Flip Zero Black,false,Flip Zero Black,"Flip Zero presenta un nuevo eje integrado, eso quiere decir, que incorpora una bisagra dentro del propio producto. De esta forma, el punto de inserción carece de juntas, lo que reduce enormemente las posibilidades de escapes de lubricante e incrementa la intensidad del vacío, especialmente con la incorporación de la nu",,,adult,130321,new,false,,g,,66.67,draft
flip-zero-black-130321,,,,,,,,,,,,,,,,,,,,,,,,,https://ilercavonia.info/lovlory/imagenes-para-subir-125-productos/tenga/130321b.jpg,2,Flip Zero Black,,,,,,,,,,,,,,
flip-zero-black-130321,,,,,,,,,,,,,,,,,,,,,,,,,https://ilercavonia.info/lovlory/imagenes-para-subir-125-productos/tenga/130321c.jpg,3,Flip Zero Black,,,,,,,,,,,,,,
flip-zero-gravity-black-130463,FLIP ZERO GRAVITY BLACK,"<p>Flip Zero Gravity Black es un increíble masturbador manual para el pene con un sofisticado y modernizado diseño. Con una estética futurista, se trata de un masturbador con un agarre firme, con textura suave en diagonal y en color negro acabado mate. Tiene una textura interna suave y realmente agradable al tacto. Fabricado internamente en TPE, un material que se adapta perfectamente a todo tipo de tamaños y envuelto de texturas que sobresalen de maneras muy irregulares que ayudan a intensificar las sensaciones, envolviendo y abrazando el pene. En la zona del agarre se puede ejercer y regular la compresión deseada, ya que es totalmente presionable para ejercer una penetración más estrecha. Muy fácil de abrir para facilitar la limpieza y su accesorio extraíble se encaja en el masturbador abierto para favorecer su secado. Un juguete ideal para la autoexploración en solitario o para el uso en pareja. Viene en un práctico estuche para guardarlo, protegiéndolo así del polvo exterior y dejarlo en posición vertical como elemento discreto de decoración. Incluye dos monodosis de lubricante a base de agua y un manual de uso.Características principales: Masturbador manual.Con diseño moderno y futurista.Con agarre firme. Agarre con textura suave en color negro acabado mate.Textura interna en TPE.Muy flexible y adaptable a todo tipo de cuerpos.Agarre presionable para ejercer penetraciones estrechas.Fácil de abrir.Se encaja en un accesorio que favorece su secado post lavado.Incluye dos monodosis de lubricante a base de agua.Incluye manual de uso.Contiene un estuche de protección para almacenarlo.</p><ul><li><strong>Material:</strong> PC/TPE/Silicona

Lubricante: Agua, glicerina, poliacrilato de sodio, etanol, hidroxietilcelulosa, fenoxietanol, metilparabeno, EDTA-2Na, polisorbato 80, cocoato de sorbitán, fragancia.</li><li><strong>Color:</strong> Negro</li><li><strong>Dimensiones:</strong> 205 mm x 80 mm x 65 mm</li></ul>",TENGA,,Masturbador masculino,"vendor-tenga, juguetes-eroticos, tipo-masturbador, novedad",false,Title,Default Title,,,,,130463,,shopify,9,deny,manual,120,,true,true,4570030976997,https://ilercavonia.info/lovlory/imagenes-para-subir-125-productos/tenga/130463.jpg,1,FLIP ZERO GRAVITY BLACK,false,FLIP ZERO GRAVITY BLACK,"Flip Zero Gravity Black es un increíble masturbador manual para el pene con un sofisticado y modernizado diseño. Con una estética futurista, se trata de un masturbador con un agarre firme, con textura suave en diagonal y en color negro acabado mate. Tiene una textura interna suave y realmente agradable al tacto. Fabric",,,adult,130463,new,false,,g,,66.67,draft
flip-zero-gravity-black-130463,,,,,,,,,,,,,,,,,,,,,,,,,https://ilercavonia.info/lovlory/imagenes-para-subir-125-productos/tenga/130463b.jpg,2,FLIP ZERO GRAVITY BLACK,,,,,,,,,,,,,,
flip-zero-gravity-black-130463,,,,,,,,,,,,,,,,,,,,,,,,,https://ilercavonia.info/lovlory/imagenes-para-subir-125-productos/tenga/130463c.jpg,3,FLIP ZERO GRAVITY BLACK,,,,,,,,,,,,,,
flip-zero-gravity-ev-electronic-vibration-black-130592,FLIP ZERO GRAVITY EV (Electronic Vibration) BLACK,"<p>Flip Zero Gravity EV (Electronic Vibration) es un impresionante masturbador para pene, equipado con dos motores internos que generan vibraciones electrónicas. Su diseño sofisticado y modernizado incluye un espacio reducido de &#39;vacío&#39; en el interior, desde donde se emiten pulsaciones hacia el centro del dispositivo, distribuyendo estimulantes vibraciones por todo su interior. Con una estética futurista, de color negro, se trata de un masturbador con un agarre firme y complejos detalles de los bordes que producen sensaciones intensas y profundas. Tiene una textura interna suave y realmente agradable al tacto. Fabricado internamente en TPE, un material que se adapta perfectamente a todo tipo de tamaños y envuelto de texturas que sobresalen de maneras muy irregulares y geométricas que ayudan a intensificar las sensaciones, envolviendo y abrazando el pene.  Las intensas vibraciones de la punta proporcionan sensaciones en cada movimiento.Muy fácil de abrir, posee un diseño desplegable para facilitar el secado. Un juguete ideal para la autoexploración en solitario o para el uso en pareja. Incluye dos lubricantes de muestra y un estuche transparente.Modos de vibración: 5 Modos - Bajo / Alto / Impulso / Alternante / AleatorioCaracterísticas principales: ? Masturbador con vibraciones electrónicas.? Doble motor interno.? Color: Negro? Con diseño moderno y futurista.? Con agarre firme. ? Sensaciones intensas y profundas.? Textura interna en TPE.? Muy flexible y adaptable a todo tipo de cuerpos.? Textura interna: irregular y geométrica.? Fácil de abrir.? Diseño plegable para su secado.? Incluye dos lubricantes de muestra y un estuche transparente.? 5 modos de vibración.</p><ul><li><strong>Batería:</strong> Recargable cable USB (incluido)</li><li><strong>Color:</strong> Negro</li><li><strong>Dimensiones:</strong> 70 mm × 80 mm × 180 mm</li><li><strong>Ingredientes:</strong> PP, PC, TPE, silicona, ABS, batería de polímero de ion-litio (Li-poli)</li></ul>",TENGA,,Masturbador masculino,"vendor-tenga, juguetes-eroticos, tipo-masturbador, novedad",false,Title,Default Title,,,,,130592,545,shopify,9,deny,manual,220,,true,true,4570030978953,https://ilercavonia.info/lovlory/imagenes-para-subir-125-productos/tenga/130592.jpg,1,FLIP ZERO GRAVITY EV (Electronic Vibration) BLACK,false,FLIP ZERO GRAVITY EV (Electronic Vibration) BLACK,"Flip Zero Gravity EV (Electronic Vibration) es un impresionante masturbador para pene, equipado con dos motores internos que generan vibraciones electrónicas. Su diseño sofisticado y modernizado incluye un espacio reducido de 'vacío' en el interior, desde donde se emiten pulsaciones hacia el centro del dispositivo, dis",,,adult,130592,new,false,,g,,137.5,draft
flip-zero-gravity-ev-electronic-vibration-black-130592,,,,,,,,,,,,,,,,,,,,,,,,,https://ilercavonia.info/lovlory/imagenes-para-subir-125-productos/tenga/130592b.jpg,2,FLIP ZERO GRAVITY EV (Electronic Vibration) BLACK,,,,,,,,,,,,,,
flip-zero-gravity-ev-electronic-vibration-black-130592,,,,,,,,,,,,,,,,,,,,,,,,,https://ilercavonia.info/lovlory/imagenes-para-subir-125-productos/tenga/130592c.jpg,3,FLIP ZERO GRAVITY EV (Electronic Vibration) BLACK,,,,,,,,,,,,,,
flip-zero-gravity-ev-electronic-vibration-black-130592,,,,,,,,,,,,,,,,,,,,,,,,,https://ilercavonia.info/lovlory/imagenes-para-subir-125-productos/tenga/130592d.jpg,4,FLIP ZERO GRAVITY EV (Electronic Vibration) BLACK,,,,,,,,,,,,,,
flip-zero-gravity-ev-electronic-vibration-black-130592,,,,,,,,,,,,,,,,,,,,,,,,,https://ilercavonia.info/lovlory/imagenes-para-subir-125-productos/tenga/130592e.jpg,5,FLIP ZERO GRAVITY EV (Electronic Vibration) BLACK,,,,,,,,,,,,,,
flip-zero-gravity-ev-electronic-vibration-white-130591,FLIP ZERO GRAVITY EV (Electronic Vibration) WHITE,"<p>Flip Zero Gravity EV (Electronic Vibration) es un impresionante masturbador para pene, equipado con dos motores internos que generan vibraciones electrónicas. Su diseño sofisticado y modernizado incluye un espacio reducido de &#39;vacío&#39; en el interior, desde donde se emiten pulsaciones hacia el centro del dispositivo, distribuyendo estimulantes vibraciones por todo su interior. Con una estética futurista, de color blanco, se trata de un masturbador con un agarre firme y complejos detalles de los bordes que producen sensaciones intensas y profundas. Tiene una textura interna suave y realmente agradable al tacto. Fabricado internamente en TPE, un material que se adapta perfectamente a todo tipo de tamaños y envuelto de texturas que sobresalen de maneras muy irregulares y geométricas que ayudan a intensificar las sensaciones, envolviendo y abrazando el pene.  Las intensas vibraciones de la punta proporcionan sensaciones en cada movimiento.Muy fácil de abrir, posee un diseño desplegable para facilitar el secado. Un juguete ideal para la autoexploración en solitario o para el uso en pareja. Incluye dos lubricantes de muestra y un estuche transparente.Modos de vibración: 5 Modos - Bajo / Alto / Impulso / Alternante / AleatorioCaracterísticas principales: ? Masturbador con vibraciones electrónicas.? Doble motor interno.? Color: Blanco.? Con diseño moderno y futurista.? Con agarre firme. ? Sensaciones intensas y profundas.? Textura interna en TPE.? Muy flexible y adaptable a todo tipo de cuerpos.? Textura interna: irregular y geométrica.? Fácil de abrir.? Diseño plegable para su secado.? Incluye dos lubricantes de muestra y un estuche transparente.? 5 modos de vibración.</p><ul><li><strong>Batería:</strong> Recargable cable USB (incluido)</li><li><strong>Color:</strong> Blanco</li><li><strong>Dimensiones:</strong> 70 mm × 80 mm × 180 mm</li><li><strong>Ingredientes:</strong> PP, PC, TPE, silicona, ABS, batería de polímero de ion-litio (Li-poli)</li></ul>",TENGA,,Masturbador masculino,"vendor-tenga, juguetes-eroticos, tipo-masturbador, novedad",false,Title,Default Title,,,,,130591,545,shopify,10,deny,manual,220,,true,true,4570030978946,https://ilercavonia.info/lovlory/imagenes-para-subir-125-productos/tenga/130591.jpg,1,FLIP ZERO GRAVITY EV (Electronic Vibration) WHITE,false,FLIP ZERO GRAVITY EV (Electronic Vibration) WHITE,"Flip Zero Gravity EV (Electronic Vibration) es un impresionante masturbador para pene, equipado con dos motores internos que generan vibraciones electrónicas. Su diseño sofisticado y modernizado incluye un espacio reducido de 'vacío' en el interior, desde donde se emiten pulsaciones hacia el centro del dispositivo, dis",,,adult,130591,new,false,,g,,137.5,draft
flip-zero-gravity-ev-electronic-vibration-white-130591,,,,,,,,,,,,,,,,,,,,,,,,,https://ilercavonia.info/lovlory/imagenes-para-subir-125-productos/tenga/130591b.jpg,2,FLIP ZERO GRAVITY EV (Electronic Vibration) WHITE,,,,,,,,,,,,,,
flip-zero-gravity-ev-electronic-vibration-white-130591,,,,,,,,,,,,,,,,,,,,,,,,,https://ilercavonia.info/lovlory/imagenes-para-subir-125-productos/tenga/130591c.jpg,3,FLIP ZERO GRAVITY EV (Electronic Vibration) WHITE,,,,,,,,,,,,,,
flip-zero-gravity-ev-electronic-vibration-white-130591,,,,,,,,,,,,,,,,,,,,,,,,,https://ilercavonia.info/lovlory/imagenes-para-subir-125-productos/tenga/130591d.jpg,4,FLIP ZERO GRAVITY EV (Electronic Vibration) WHITE,,,,,,,,,,,,,,
flip-zero-gravity-white-130462,FLIP ZERO GRAVITY WHITE,"<p>Flip Zero Gravity White es un increíble masturbador manual para el pene con un sofisticado y modernizado diseño. Con una estética futurista, se trata de un masturbador con un agarre firme, con textura suave en diagonal y en color blanco acabado mate. Tiene una textura interna suave y realmente agradable al tacto. Fabricado internamente en TPE, un material que se adapta perfectamente a todo tipo de tamaños y envuelto de texturas que sobresalen de maneras muy irregulares que ayudan a intensificar las sensaciones, envolviendo y abrazando el pene. En la zona del agarre se puede ejercer y regular la compresión deseada, ya que es totalmente presionable para ejercer una penetración más estrecha. Muy fácil de abrir para facilitar la limpieza y su accesorio extraíble se encaja en el masturbador abierto para favorecer su secado. Un juguete ideal para la autoexploración en solitario o para el uso en pareja. Viene en un práctico estuche para guardarlo, protegiéndolo así del polvo exterior y dejarlo en posición vertical como elemento discreto de decoración. Incluye dos monodosis de lubricante a base de agua y un manual de uso.Características principales: Masturbador manual.Con diseño moderno y futurista.Con agarre firme. Agarre con textura suave en color blanco acabado mate. Textura interna en TPE.Muy flexible y adaptable a todo tipo de cuerpos.Agarre presionable para ejercer penetraciones estrechas.Fácil de abrir.Se encaja en un accesorio que favorece su secado post lavado.Incluye dos monodosis de lubricante a base de agua.Incluye manual de uso.Contiene un estuche de protección para almacenarlo.</p><ul><li><strong>Material:</strong> PC/TPE/Silicona

Lubricante: Agua, glicerina, poliacrilato de sodio, etanol, hidroxietilcelulosa, fenoxietanol, metilparabeno, EDTA-2Na, polisorbato 80, cocoato de sorbitán, fragancia.</li><li><strong>Color:</strong> Blanco</li><li><strong>Dimensiones:</strong> 205 mm x 80 mm x 65 mm</li></ul>",TENGA,,Masturbador masculino,"vendor-tenga, juguetes-eroticos, tipo-masturbador, novedad",false,Title,Default Title,,,,,130462,,shopify,7,deny,manual,120,,true,true,4570030976980,https://ilercavonia.info/lovlory/imagenes-para-subir-125-productos/tenga/130462.jpg,1,FLIP ZERO GRAVITY WHITE,false,FLIP ZERO GRAVITY WHITE,"Flip Zero Gravity White es un increíble masturbador manual para el pene con un sofisticado y modernizado diseño. Con una estética futurista, se trata de un masturbador con un agarre firme, con textura suave en diagonal y en color blanco acabado mate. Tiene una textura interna suave y realmente agradable al tacto. Fabri",,,adult,130462,new,false,,g,,66.67,draft
flip-zero-gravity-white-130462,,,,,,,,,,,,,,,,,,,,,,,,,https://ilercavonia.info/lovlory/imagenes-para-subir-125-productos/tenga/130462b.jpg,2,FLIP ZERO GRAVITY WHITE,,,,,,,,,,,,,,
flip-zero-gravity-white-130462,,,,,,,,,,,,,,,,,,,,,,,,,https://ilercavonia.info/lovlory/imagenes-para-subir-125-productos/tenga/130462c.jpg,3,FLIP ZERO GRAVITY WHITE,,,,,,,,,,,,,,
original-us-double-hole-cup-130004,Original US Double Hole Cup,"<p>Dos Tengas en uno, y que además se puede usar simultáneamente. Diseñado en Japón con la última tecnología de vanguardia. Cada entrada tiene una sensación diferente, una más estrecha y otra muy suave. Este juguete es ideal para usarlo en compañía. Tenga Double Hole (DOS PENETRACIONES DIFERENTES) Un juguete especialmente creado para el placer de la masturbación masculina, modelo de dos penetraciones diferentes, anal y vaginal por canales totalmente separados que se pueden usar simultaneamente. El lado amargo aprieta firmemente, mientras que el lado dulce se adhiere con cuidado a tu pene. Es ideal alternar el masaje por cada lado. Ahora en la versión U.S,  más grande.</p><ul><li><strong>Material:</strong> Elastómero</li><li><strong>Dimensiones:</strong> 150 mm x 79 mm</li></ul>",TENGA,,Masturbador masculino,"vendor-tenga, juguetes-eroticos, tipo-masturbador",false,Title,Default Title,,,,,130004,,shopify,13,deny,manual,15,,true,true,4560220554401,https://ilercavonia.info/lovlory/imagenes-para-subir-125-productos/tenga/130004.jpg,1,Original US Double Hole Cup,false,Original US Double Hole Cup,"Dos Tengas en uno, y que además se puede usar simultáneamente. Diseñado en Japón con la última tecnología de vanguardia. Cada entrada tiene una sensación diferente, una más estrecha y otra muy suave. Este juguete es ideal para usarlo en compañía. Tenga Double Hole (DOS PENETRACIONES DIFERENTES) Un juguete especialmente",,,adult,130004,new,false,,g,,7.5,draft
original-vacuum-cup-130557,Original Vacuum Cup,"<p>La NUEVA versión del SKU TENGA DEEP THROAT ROJO.  Original Vacuum Cup es un masturbador con forma de reloj de arena proporciona un ajuste sublime. Un juguete especificamente creado para el placer de la felación masculina junto con un diseño estético y con forma ergonómica, para una masturbación profunda.   Dispone de un anillo lubricante que sujeta y aporta lubricación, su textura granulada se adhiere y se suelta brindándote una estimulación muy placentera.Posee un mecanismo de inserción llamado &#39;Smooth Pad&#39;, es una almohadilla suave y lisa que aplica el lubricante desde el comienzo de la inserción. Ofreciéndote al mismo tiempo adherencia adicional, una menor pérdida de lubricante y una mayor hermeticidad. La válvula unidireccional controla el flujo del aire, el orificio del aire controla la succión y su entrada es suave pero prieta.   Tiene unas medidas de: 15 cm (Inserción) x 4,5 cm (Ancho). Original Vacuum Cup es de un sólo uso. Recuerde retirar la pegatina situada en la parte superior antes de usarlo.   ¡Controla el efecto de succión tapando el agujero con tu dedo! Una experiencia de felación completamente real. Lubricante Incluido.  Características Principales:       Masturbador con forma de reloj de arena.   Anillo lubricante que sujeta y aporta lubricación.   Textura granulada que se adhiere y se suelta.   Mecanismo &#39;Smooth Pad&#39;, es una almohadilla suave y lisa que aplica el lubricante desde el comienzo de la inserción.    Adherencia adicional, menor pérdida de lubricante y mayor hermeticidad.   Válvula unidireccional que controla el flujo del aire.   Entrada prieta y suave.   Orificio de aire para controlar la succión.    Medidas: 15 cm (Inserción) x 4,5 cm (Ancho).   Es de un sólo uso.   Lubricante Incluido.    En este enlace puedes visualizar el vídeo del producto. https://youtu.be/a1gCjjiHDVw</p><ul><li><strong>Características:</strong> De un sólo uso.</li><li><strong>Material:</strong> TPE/PE</li><li><strong>Color:</strong> Rojo</li><li><strong>Dimensiones:</strong> 15 cm (Inserción) x 4,5 cm (Ancho)</li><li><strong>Ingredientes:</strong> Ingredientes Lubricante: Water, Glycerin, Hydroxyethylcellulose, Sodium Polyacrylate, Phenoxyethanol, Methylparaben, Hydroxypropyl Cyclodextrin, Iodopropynyl Butycarbamate.</li></ul>",TENGA,,Masturbador masculino,"vendor-tenga, juguetes-eroticos, tipo-masturbador, novedad",false,Title,Default Title,,,,,130557,130,shopify,0,deny,manual,9,,true,true,4570030972449,https://ilercavonia.info/lovlory/imagenes-para-subir-125-productos/tenga/130557.jpg,1,Original Vacuum Cup,false,Original Vacuum Cup,"La NUEVA versión del SKU TENGA DEEP THROAT ROJO. Original Vacuum Cup es un masturbador con forma de reloj de arena proporciona un ajuste sublime. Un juguete especificamente creado para el placer de la felación masculina junto con un diseño estético y con forma ergonómica, para una masturbación profunda. Dispone de un a",,,adult,130557,new,false,,g,,4.5,draft
original-vacuum-cup-130557,,,,,,,,,,,,,,,,,,,,,,,,,https://ilercavonia.info/lovlory/imagenes-para-subir-125-productos/tenga/130557b.jpg,2,Original Vacuum Cup,,,,,,,,,,,,,,
original-vacuum-cup-gentle-130556,Original Vacuum Cup Gentle,"<p>La NUEVA versión mejorada del SKU 1301015 TENGA DEEP THROAT SOFT BLANCO.    Original Vacuum Cup Gentle es un masturbador con forma de reloj de arena con detalles internos que provocan una gran estimulación dura y potente.    Dispone de un anillo lubricante que sujeta y aporta lubricación, su textura ondulada se adhiere y se suelta brindándote una estimulación muy placentera. Posee un mecanismo de inserción llamado &#39;Smooth Pad&#39;, es una almohadilla suave y lisa que aplica el lubricante desde el comienzo de la inserción. Ofreciéndote al mismo tiempo adherencia adicional, una menor pérdida de lubricante y una mayor hermeticidad. La válvula unidireccional controla el flujo del aire, el orificio del aire controla la succión y su entrada es suave pero prieta.     Tiene unas medidas de: 15 cm (Inserción) x 4,5 cm (Ancho). Original Vacuum Cup Gentle es de un sólo uso. Recuerde retirar la pegatina situada en la parte superior antes de usarlo.     Una experiencia de felación completamente real. ¡Controla el efecto de succión tapando el agujero con tu dedo! Lubricante Incluido. Fabricado con material suave y delicado.    Características Principales:             Masturbador con forma de reloj de arena.     Anillo lubricante que sujeta y aporta lubricación.     Textura ondulada que se adhiere y se suelta.     Mecanismo &#39;Smooth Pad&#39;, es una almohadilla suave y lisa que aplica el lubricante desde el comienzo de la inserción.      Adherencia adicional, menor pérdida de lubricante y mayor hermeticidad.     Válvula unidireccional que controla el flujo del aire.     Entrada prieta y suave.     Orificio de aire para controlar la succión.     Medidas: 15 cm (Inserción) x 4,5 cm (Ancho).     Es de un sólo uso.     Lubricante incluido.     Fabricado con material suave y delicado.        En este enlace puedes visualizar el vídeo del producto. https://youtu.be/a1gCjjiHDVw</p><ul><li><strong>Características:</strong> De un sólo uso.</li><li><strong>Material:</strong> TPE/PE</li><li><strong>Color:</strong> Blanco</li><li><strong>Dimensiones:</strong> 15 cm (Insertables) x 4,5 cm (Ancho)</li><li><strong>Ingredientes:</strong> Ingredientes del lubricante: Water, Glycerin, Hydroxyethylcellulose, Sodium Polyacrylate, Phenoxyethanol, Methylparaben, Hydroxypropyl Cyclodextrin, Iodopropynyl Butycarbamate.</li></ul>",TENGA,,Masturbador masculino,"vendor-tenga, juguetes-eroticos, tipo-masturbador, novedad",false,Title,Default Title,,,,,130556,130,shopify,13,deny,manual,10,,true,true,4570030972494,https://ilercavonia.info/lovlory/imagenes-para-subir-125-productos/tenga/130556.jpg,1,Original Vacuum Cup Gentle,false,Original Vacuum Cup Gentle,"La NUEVA versión mejorada del SKU 1301015 TENGA DEEP THROAT SOFT BLANCO. Original Vacuum Cup Gentle es un masturbador con forma de reloj de arena con detalles internos que provocan una gran estimulación dura y potente. Dispone de un anillo lubricante que sujeta y aporta lubricación, su textura ondulada se adhiere y se ",,,adult,130556,new,false,,g,,5,draft
original-vacuum-cup-gentle-130556,,,,,,,,,,,,,,,,,,,,,,,,,https://ilercavonia.info/lovlory/imagenes-para-subir-125-productos/tenga/130556b.jpg,2,Original Vacuum Cup Gentle,,,,,,,,,,,,,,
original-vacuum-cup-strong-130558,Original Vacuum Cup Strong,"<p>La NUEVA versión mejorada del SKU 1301011 TENGA DEEP THROAT HARD NEGRO.  Original Vacuum Cup Strong es un masturbador con forma de reloj de arena proporciona un ajuste sublime. Un juguete especificamente creado para el placer de la felación masculina junto con un diseño estético y con forma ergonómica, para una masturbación profunda.   Dispone de un anillo lubricante que sujeta y aporta lubricación, su textura en espirales se adhiere y se suelta brindándote una estimulación muy placentera. Posee un mecanismo de inserción llamado &#39;Smooth Pad&#39;, es una almohadilla suave y lisa que aplica el lubricante desde el comienzo de la inserción. Ofreciéndote al mismo tiempo adherencia adicional, una menor pérdida de lubricante y una mayor hermeticidad. La válvula unidireccional controla el flujo del aire, el orificio del aire controla la succión y su entrada es suave pero prieta.   Tiene unas medidas de: 15 cm (Inserción) x 4,5 cm (Ancho). Original Vacuum Cup es de un sólo uso. Recuerde retirar la pegatina situada en la parte superior antes de usarlo.   ¡Controla el efecto de succión tapando el agujero con tu dedo! Una experiencia de felación completamente real. Lubricante Incluido. Fabricado con un material más resistente.  Características Principales:       Masturbador con forma de reloj de arena.   Anillo lubricante que sujeta y aporta lubricación.   Textura espirales que se adhiere y se suelta.   Mecanismo &#39;Smooth Pad&#39;, es una almohadilla suave y lisa que aplica el lubricante desde el comienzo de la inserción.   Adherencia adicional, menor pérdida de lubricante y mayor hermeticidad.   Válvula unidireccional que controla el flujo del aire.   Entrada prieta y suave.   Orificio de aire para controlar la succión.    Medidas: 15 cm (Inserción) x 4,5 cm (Ancho).   Es de un sólo uso.   Lubricante Incluido.   Fabricado con un material más resistente.    En este enlace puedes visualizar el vídeo del producto. https://youtu.be/a1gCjjiHDVw</p><ul><li><strong>Características:</strong> De un sólo uso.</li><li><strong>Material:</strong> TPE/PE</li><li><strong>Color:</strong> Negro</li><li><strong>Dimensiones:</strong> 15 cm (Inserción) x 4,5 cm (Ancho)</li><li><strong>Ingredientes:</strong> Ingredientes Lubricante: Water, Glycerin, Hydroxyethylcellulose, Sodium Polyacrylate, Phenoxyethanol, Methylparaben, Hydroxypropyl Cyclodextrin, Iodopropynyl Butycarbamate.</li></ul>",TENGA,,Masturbador masculino,"vendor-tenga, juguetes-eroticos, tipo-masturbador, novedad",false,Title,Default Title,,,,,130558,130,shopify,15,deny,manual,10,,true,true,4570030972548,https://ilercavonia.info/lovlory/imagenes-para-subir-125-productos/tenga/130558.jpg,1,Original Vacuum Cup Strong,false,Original Vacuum Cup Strong,"La NUEVA versión mejorada del SKU 1301011 TENGA DEEP THROAT HARD NEGRO. Original Vacuum Cup Strong es un masturbador con forma de reloj de arena proporciona un ajuste sublime. Un juguete especificamente creado para el placer de la felación masculina junto con un diseño estético y con forma ergonómica, para una masturba",,,adult,130558,new,false,,g,,5,draft
original-vacuum-cup-strong-130558,,,,,,,,,,,,,,,,,,,,,,,,,https://ilercavonia.info/lovlory/imagenes-para-subir-125-productos/tenga/130558b.jpg,2,Original Vacuum Cup Strong,,,,,,,,,,,,,,
pocket-tenga-block-edge-130449,POCKET TENGA BLOCK EDGE,"<p>Pocket Tenga es un masturbador manual diseñado para la estimulación del pene. Fabricado en elastómero termoplástico (TPE) con un acabado muy suave y agradable, muy flexible y se adapta muy bien a todo tipo de penes. En su interior encontramos texturas que sobresalen para aportar diferentes y excitantes sensaciones, sobretodo si se juega en zonas más sensibles como el glande. Block Edge está formado de texturas cúbicas en su interior formando un interior irregular, aportando una explosión de sensaciones. Es un juguete muy discreto, de tamaño pequeño, divertido y realmente práctico. Es muy ligero y perfecto para llevarlo a cualquier lugar dentro del bolsillo. En su interior incluye una monodosis de lubricante a base de agua, indispensable para su uso. Están pensados para ser usados una única vez.Características principales: Masturbador a modo de manopla.Diseñado para la estimulación del pene.Fabricado en TPE.Flexible.Acabado suave y agradable.Texturas y detalles que sobresalen en el interior.Textura interna: formas cúbicas irregulares.Discreto, práctico y ligero.Cabe en el bolsillo.Incluye monodosis de lubricante para usarlo correctamente.Pensados para usarlo una sola vez.</p><ul><li><strong>Material:</strong> TPE</li><li><strong>Dimensiones:</strong> 80 mm x 50 mm Ø</li></ul>",TENGA,,Masturbador masculino,"vendor-tenga, juguetes-eroticos, tipo-masturbador, novedad",false,Title,Default Title,,,,,130449,,shopify,0,deny,manual,3,,true,true,4560220554166,https://ilercavonia.info/lovlory/imagenes-para-subir-125-productos/tenga/130449.jpg,1,POCKET TENGA BLOCK EDGE,false,POCKET TENGA BLOCK EDGE,"Pocket Tenga es un masturbador manual diseñado para la estimulación del pene. Fabricado en elastómero termoplástico (TPE) con un acabado muy suave y agradable, muy flexible y se adapta muy bien a todo tipo de penes. En su interior encontramos texturas que sobresalen para aportar diferentes y excitantes sensaciones, sob",,,adult,130449,new,false,,g,,1.5,draft
pocket-tenga-block-edge-130449,,,,,,,,,,,,,,,,,,,,,,,,,https://ilercavonia.info/lovlory/imagenes-para-subir-125-productos/tenga/130449b.jpg,2,POCKET TENGA BLOCK EDGE,,,,,,,,,,,,,,
pocket-tenga-block-edge-130449,,,,,,,,,,,,,,,,,,,,,,,,,https://ilercavonia.info/lovlory/imagenes-para-subir-125-productos/tenga/130449c.jpg,3,POCKET TENGA BLOCK EDGE,,,,,,,,,,,,,,
pocket-tenga-cold-spark-130484,POCKET TENGA COLD SPARK,"<p>Pocket Tenga Cold Spark es un masturbador manual diseñado para la estimulación del pene. La última edición de la serie TENGA COOL, se trata del modelo Spark con un nuevo y fresco diseño de packaging. Fabricado en elastómero termoplástico (TPE) con un acabado muy suave y agradable, muy flexible y se adapta muy bien a todo tipo de penes. En su interior encontramos texturas que sobresalen para aportar diferentes y excitantes sensaciones, sobretodo si se juega en zonas más sensibles como el glande.Cold Spark está formado de texturas que sobresalen en su interior formando a modo de estimulantes perlas, aportando una explosión de sensaciones. Es un juguete muy discreto, de tamaño pequeño, divertido y realmente práctico. Es muy ligero y perfecto para llevarlo a cualquier lugar dentro del bolsillo. La edición COOL añade en su interior una monodosis de lubricante a base de agua con efecto refrescante, indispensable para su uso. Están pensados para ser usados una única vez.Características principales: Masturbador a modo de manopla.Edición COOL, con lubricante efecto frío.Diseñado para la estimulación del pene.Fabricado en TPE.Flexible.Acabado suave y agradable.Texturas y detalles que sobresalen en el interior.Textura interna: perlas que sobresalen.Discreto, práctico y ligero.Cabe en el bolsillo.Incluye monodosis de lubricante para usarlo correctamente.Pensados para usarlo una sola vez.</p><ul><li><strong>Material:</strong> TPE</li><li><strong>Dimensiones:</strong> 80 mm x 50 mm Ø</li></ul>",TENGA,,Masturbador masculino,"vendor-tenga, juguetes-eroticos, tipo-masturbador, novedad",false,Title,Default Title,,,,,130484,30,shopify,50,deny,manual,3,,true,true,4570030977864,https://ilercavonia.info/lovlory/imagenes-para-subir-125-productos/tenga/130484.jpg,1,POCKET TENGA COLD SPARK,false,POCKET TENGA COLD SPARK,"Pocket Tenga Cold Spark es un masturbador manual diseñado para la estimulación del pene. La última edición de la serie TENGA COOL, se trata del modelo Spark con un nuevo y fresco diseño de packaging. Fabricado en elastómero termoplástico (TPE) con un acabado muy suave y agradable, muy flexible y se adapta muy bien a to",,,adult,130484,new,false,,g,,1.5,draft
pocket-tenga-cold-spark-130484,,,,,,,,,,,,,,,,,,,,,,,,,https://ilercavonia.info/lovlory/imagenes-para-subir-125-productos/tenga/130484b.jpg,2,POCKET TENGA COLD SPARK,,,,,,,,,,,,,,
pocket-tenga-cold-spark-130484,,,,,,,,,,,,,,,,,,,,,,,,,https://ilercavonia.info/lovlory/imagenes-para-subir-125-productos/tenga/130484c.jpg,3,POCKET TENGA COLD SPARK,,,,,,,,,,,,,,
pocket-tenga-hexa-brick-130450,POCKET TENGA HEXA-BRICK,"<p>Pocket Tenga es un masturbador manual diseñado para la estimulación del pene. Fabricado en elastómero termoplástico (TPE) con un acabado muy suave y agradable, muy flexible y se adapta muy bien a todo tipo de penes. En su interior encontramos texturas que sobresalen para aportar diferentes y excitantes sensaciones, sobretodo si se juega en zonas más sensibles como el glande. Hexa Brick está formado de texturas muy suaves en forma de hexágonos, aportando una explosión de sensaciones. Es un juguete muy discreto, de tamaño pequeño, divertido y realmente práctico. Es muy ligero y perfecto para llevarlo a cualquier lugar dentro del bolsillo. En su interior incluye una monodosis de lubricante a base de agua, indispensable para su uso. Están pensados para ser usados una única vez.Características principales: Masturbador a modo de manopla.Diseñado para la estimulación del pene.Fabricado en TPE.Flexible.Acabado suave y agradable.Texturas y detalles que sobresalen en el interior.Textura interna: potentes hexágonos.Discreto, práctico y ligero.Cabe en el bolsillo.Incluye monodosis de lubricante para usarlo correctamente.Pensados para usarlo una sola vez.</p><ul><li><strong>Material:</strong> TPE</li><li><strong>Dimensiones:</strong> 80 mm x 50 mm Ø</li></ul>",TENGA,,Masturbador masculino,"vendor-tenga, juguetes-eroticos, tipo-masturbador, novedad",false,Title,Default Title,,,,,130450,,shopify,50,deny,manual,3,,true,true,4570030974900,https://ilercavonia.info/lovlory/imagenes-para-subir-125-productos/tenga/130450.jpg,1,POCKET TENGA HEXA-BRICK,false,POCKET TENGA HEXA-BRICK,"Pocket Tenga es un masturbador manual diseñado para la estimulación del pene. Fabricado en elastómero termoplástico (TPE) con un acabado muy suave y agradable, muy flexible y se adapta muy bien a todo tipo de penes. En su interior encontramos texturas que sobresalen para aportar diferentes y excitantes sensaciones, sob",,,adult,130450,new,false,,g,,1.5,draft
pocket-tenga-hexa-brick-130450,,,,,,,,,,,,,,,,,,,,,,,,,https://ilercavonia.info/lovlory/imagenes-para-subir-125-productos/tenga/130450b.jpg,2,POCKET TENGA HEXA-BRICK,,,,,,,,,,,,,,
pocket-tenga-hexa-brick-130450,,,,,,,,,,,,,,,,,,,,,,,,,https://ilercavonia.info/lovlory/imagenes-para-subir-125-productos/tenga/130450c.jpg,3,POCKET TENGA HEXA-BRICK,,,,,,,,,,,,,,
pocket-tenga-wave-line-130447,POCKET TENGA WAVE LINE,"<p>Pocket Tenga es un masturbador manual diseñado para la estimulación del pene. Fabricado en elastómero termoplástico (TPE) con un acabado muy suave y agradable, muy flexible y se adapta muy bien a todo tipo de penes. En su interior encontramos texturas que sobresalen para aportar diferentes y excitantes sensaciones, sobretodo si se juega en zonas más sensibles como el glande. Wave Line está formado de texturas muy suaves que sobresalen en su interior formando ondas horizontales, aportando una explosión de sensaciones. Es un juguete muy discreto, de tamaño pequeño, divertido y realmente práctico. Es muy ligero y perfecto para llevarlo a cualquier lugar dentro del bolsillo. En su interior incluye una monodosis de lubricante a base de agua, indispensable para su uso. Están pensados para ser usados una única vez.Características principales:Masturbador a modo de manopla.Diseñado para la estimulación del pene.Fabricado en TPE.Flexible.Acabado suave y agradable.Texturas y detalles que sobresalen en el interior.Textura interna: ondas suaves en horizontal.Discreto, práctico y ligero.Cabe en el bolsillo.Incluye monodosis de lubricante para usarlo correctamente.Pensados para usarlo una sola vez.</p><ul><li><strong>Material:</strong> TPE</li><li><strong>Dimensiones:</strong> 80 mm x 50 mm Ø</li></ul>",TENGA,,Masturbador masculino,"vendor-tenga, juguetes-eroticos, tipo-masturbador, novedad",false,Title,Default Title,,,,,130447,,shopify,13,deny,manual,3,,true,true,4560220554142,https://ilercavonia.info/lovlory/imagenes-para-subir-125-productos/tenga/130447.jpg,1,POCKET TENGA WAVE LINE,false,POCKET TENGA WAVE LINE,"Pocket Tenga es un masturbador manual diseñado para la estimulación del pene. Fabricado en elastómero termoplástico (TPE) con un acabado muy suave y agradable, muy flexible y se adapta muy bien a todo tipo de penes. En su interior encontramos texturas que sobresalen para aportar diferentes y excitantes sensaciones, sob",,,adult,130447,new,false,,g,,1.5,draft
pocket-tenga-wave-line-130447,,,,,,,,,,,,,,,,,,,,,,,,,https://ilercavonia.info/lovlory/imagenes-para-subir-125-productos/tenga/130447b.jpg,2,POCKET TENGA WAVE LINE,,,,,,,,,,,,,,
pocket-tenga-wave-line-130447,,,,,,,,,,,,,,,,,,,,,,,,,https://ilercavonia.info/lovlory/imagenes-para-subir-125-productos/tenga/130447d.jpg,3,POCKET TENGA WAVE LINE,,,,,,,,,,,,,,
premium-tenga-air-flow-cup-130577,Premium Tenga Air Flow Cup,"<p>Premium Tenga Air Flow Cup es un masturbador manual con el tubo interno de elastómero 1,5 veces más grueso que los Standard. Este masturbador proporciona una suave presión y estimulación ya que la manga interior tiene forma de espiral y crea bolsas de aire durante su uso. Está fabricado de TPE/PE y su manga interior tiene un tacto muy agradable. Es un masturbador desechable, sumergible y viene lubricado. Incorpora un sistema llamado Air Hole, un agujero que sirve para regular el aire proporcionando una sensación de succión. En la entrada del masturbador está incluido el Smooth Pad que tiene como función principal lubricar automáticamente desde el primer momento, aportar mayor adherencia y hermeticidad y reducir la pérdida de lubricante. Tiene aproximadamente 150 mm de largo (insertables) y 45 mm de ancho (insertables). Utilizar únicamente lubricante de base acuosa ya que los de base de silicona podrían dañar el producto.Características principales:Masturbador manual.Tubo interno de elastómero.Manga interior en forma de espiral.Fabricado de TPE/PE.Desechable.Sumergible.Viene lubricado.Air Hole, para succión.Smooth Pad, lubrica automáticamente.Mayor adherencia y hermeticidad.Reduce la pérdida de lubricante.150 mm largo (insertables). 45 mm ancho (insertables).</p><ul><li><strong>Material:</strong> TPE/PE</li><li><strong>Dimensiones:</strong> 157 mm x 70 mm x 70 mm</li><li><strong>Ingredientes:</strong> Lubricante: Water, Glycerin, Propylene glycol, Peg-40 hydrogenated castor oil, Sodium polyacrylate, Phenoxyethanol, Cyclopentasiloxane, Hydroxyethylcellulose, Methylparaben, Hydroxypropyl cyclodextrin, Iodopropynyl butylcarbamate, Cyclotetrasiloxane</li></ul>",TENGA,,Masturbador masculino,"vendor-tenga, juguetes-eroticos, tipo-masturbador, novedad",false,Title,Default Title,,,,,130577,204,shopify,0,deny,manual,13,,true,true,4570030973323,https://ilercavonia.info/lovlory/imagenes-para-subir-125-productos/tenga/130577.jpg,1,Premium Tenga Air Flow Cup,false,Premium Tenga Air Flow Cup,"Premium Tenga Air Flow Cup es un masturbador manual con el tubo interno de elastómero 1,5 veces más grueso que los Standard. Este masturbador proporciona una suave presión y estimulación ya que la manga interior tiene forma de espiral y crea bolsas de aire durante su uso. Está fabricado de TPE/PE y su manga interior ti",,,adult,130577,new,false,,g,,6.5,draft
premium-tenga-air-flow-cup-130577,,,,,,,,,,,,,,,,,,,,,,,,,https://ilercavonia.info/lovlory/imagenes-para-subir-125-productos/tenga/130577b.jpg,2,Premium Tenga Air Flow Cup,,,,,,,,,,,,,,
premium-tenga-dual-sensation-cup-130576,Premium Tenga Dual Sensation Cup,"<p>Premium Tenga Dual Sensation Cup es un masturbador manual con el tubo interno de elastómero 1,5 veces más grueso que los Standard. Tiene 2 entradas diferentes y 2 canales internos que se entrecruzan para proporcionar mayor estimulación. El Tough Side aprieta firmemente y el Tender Side envuelve con suavidad. Está fabricado de TPE/PE y su doble manga interior tiene un tacto muy agradable. Es un masturbador desechable, sumergible y viene lubricado. Incorpora un sistema llamado Air Hole, un agujero que sirve para regular el aire proporcionando una sensación de succión. En la entrada del masturbador está incluido el Smooth Pad que tiene como función principal lubricar automáticamente desde el primer momento, aportar mayor adherencia y hermeticidad y reducir la pérdida de lubricante. Tiene aproximadamente 150 mm de largo (insertables) y 45 mm de ancho (insertables). Utilizar únicamente lubricante de base acuosa ya que los de base de silicona podrían dañar el producto.Características principales: Masturbador manual.Tubo interno de elastómero.2 entradas diferentes.2 canales internos que se entrecruzan.Fabricado de TPE/PE.Desechable.Sumergible.Viene lubricado.Air Hole, para succión.Smooth Pad, lubrica automáticamente.Mayor adherencia y hermeticidad.Reduce la pérdida de lubricante. 150 mm largo (insertables).45 mm ancho (insertables).</p><ul><li><strong>Material:</strong> TPE/PE</li><li><strong>Dimensiones:</strong> 157 mm x 70 mm x 70 mm</li><li><strong>Ingredientes:</strong> Lubricante: Water, Glycerin, Propylene glycol, Peg-40 hydrogenated castor oil, Sodium polyacrylate, Phenoxyethanol, Cyclopentasiloxane, Hydroxyethylcellulose, Methylparaben, Hydroxypropyl cyclodextrin, Iodopropynyl butylcarbamate, Cyclotetrasiloxane</li></ul>",TENGA,,Masturbador masculino,"vendor-tenga, juguetes-eroticos, tipo-masturbador, novedad",false,Title,Default Title,,,,,130576,193,shopify,18,deny,manual,14,,true,true,4570030973316,https://ilercavonia.info/lovlory/imagenes-para-subir-125-productos/tenga/130576.jpg,1,Premium Tenga Dual Sensation Cup,false,Premium Tenga Dual Sensation Cup,"Premium Tenga Dual Sensation Cup es un masturbador manual con el tubo interno de elastómero 1,5 veces más grueso que los Standard. Tiene 2 entradas diferentes y 2 canales internos que se entrecruzan para proporcionar mayor estimulación. El Tough Side aprieta firmemente y el Tender Side envuelve con suavidad. Está fabri",,,adult,130576,new,false,,g,,7,draft
premium-tenga-dual-sensation-cup-130576,,,,,,,,,,,,,,,,,,,,,,,,,https://ilercavonia.info/lovlory/imagenes-para-subir-125-productos/tenga/130576b.jpg,2,Premium Tenga Dual Sensation Cup,,,,,,,,,,,,,,
premium-tenga-original-vacuum-cup-130573,Premium Tenga Original Vacuum Cup,"<p>Premium Tenga Original Vacuum Cup es un masturbador manual con un tubo interno de elastómero 1,5 veces más grueso que los Standard. Está fabricado de TPE/PE y su manga interior tiene un tacto muy agradable. Es un masturbador desechable, sumergible y viene lubricado. Incorpora un sistema llamado Air Hole, un agujero que sirve para regular el aire proporcionando una sensación de succión. En la entrada del masturbador está incluido el Smooth Pad que tiene como función principal lubricar automáticamente desde el primer momento, aportar mayor adherencia y hermeticidad y reducir la pérdida de lubricante. Tiene aproximadamente 150 mm de largo (insertables) y 45 mm de ancho (insertables). Utilizar únicamente lubricante de base acuosa ya que los de base de silicona podrían dañar el producto.Características principales: Masturbador manual.Tubo interno de elastómero.Fabricado de TPE/PE.Desechable.Sumergible.Viene lubricado.Air Hole, para succión.Smooth Pad, lubrica automáticamente.Mayor adherencia y hermeticidad.Reduce la pérdida de lubricante. 150 mm largo (insertables).45 mm ancho (insertables).</p><ul><li><strong>Material:</strong> TPE/PE</li><li><strong>Dimensiones:</strong> 157 mm x 70 mm x 70 mm</li><li><strong>Ingredientes:</strong> Lubricante: Water, Glycerin, Propylene glycol, Peg-40 hydrogenated castor oil, Sodium polyacrylate, Phenoxyethanol, Cyclopentasiloxane, Hydroxyethylcellulose, Methylparaben, Hydroxypropyl cyclodextrin, Iodopropynyl butylcarbamate, Cyclotetrasiloxane</li></ul>",TENGA,,Masturbador masculino,"vendor-tenga, juguetes-eroticos, tipo-masturbador, novedad",false,Title,Default Title,,,,,130573,156,shopify,41,deny,manual,11,,true,true,4570030973286,https://ilercavonia.info/lovlory/imagenes-para-subir-125-productos/tenga/130573.jpg,1,Premium Tenga Original Vacuum Cup,false,Premium Tenga Original Vacuum Cup,"Premium Tenga Original Vacuum Cup es un masturbador manual con un tubo interno de elastómero 1,5 veces más grueso que los Standard. Está fabricado de TPE/PE y su manga interior tiene un tacto muy agradable. Es un masturbador desechable, sumergible y viene lubricado. Incorpora un sistema llamado Air Hole, un agujero que",,,adult,130573,new,false,,g,,5.5,draft
premium-tenga-original-vacuum-cup-130573,,,,,,,,,,,,,,,,,,,,,,,,,https://ilercavonia.info/lovlory/imagenes-para-subir-125-productos/tenga/130573b.jpg,2,Premium Tenga Original Vacuum Cup,,,,,,,,,,,,,,
premium-tenga-original-vacuum-cup-gentle-130578,Premium Tenga Original Vacuum Cup Gentle,"<p>Premium Tenga Original Vacuum Cup Gentle es un masturbador manual con un tubo interno de elastómero 1,5 veces más grueso que los Standard. Está fabricado de TPE/PE más suave que los demás para sensaciones más sensibles y su manga interior tiene un tacto muy agradable. Es un masturbador desechable, sumergible y viene lubricado. Incorpora un sistema llamado Air Hole, un agujero que sirve para regular el aire proporcionando una sensación de succión. En la entrada del masturbador está incluido el Smooth Pad que tiene como función principal lubricar automáticamente desde el primer momento, aportar mayor adherencia y hermeticidad y reducir la pérdida de lubricante.Tiene aproximadamente 150 mm de largo (insertables) y 45 mm de ancho (insertables). Utilizar únicamente lubricante de base acuosa ya que los de base de silicona podrían dañar el producto.Características principales: Masturbador manual.Tubo interno de elastómero.Fabricado de TPE/PE.- Desechable.Sumergible.Viene lubricado.Air Hole, para succión.Smooth Pad, lubrica automáticamente.Mayor adherencia y hermeticidad.Reduce la pérdida de lubricante. 150 mm largo (insertables).45 mm ancho (insertables).</p><ul><li><strong>Material:</strong> TPE/PE</li><li><strong>Dimensiones:</strong> 157 mm x 70 mm x 70 mm</li><li><strong>Ingredientes:</strong> Lubricante: Water, Glycerin, Propylene glycol, Peg-40 hydrogenated castor oil, Sodium polyacrylate, Phenoxyethanol, Cyclopentasiloxane, Hydroxyethylcellulose, Methylparaben, Hydroxypropyl cyclodextrin, Iodopropynyl butylcarbamate, Cyclotetrasiloxane</li></ul>",TENGA,,Masturbador masculino,"vendor-tenga, juguetes-eroticos, tipo-masturbador, novedad",false,Title,Default Title,,,,,130578,153,shopify,0,deny,manual,12,,true,true,4570030974979,https://ilercavonia.info/lovlory/imagenes-para-subir-125-productos/tenga/130578.jpg,1,Premium Tenga Original Vacuum Cup Gentle,false,Premium Tenga Original Vacuum Cup Gentle,"Premium Tenga Original Vacuum Cup Gentle es un masturbador manual con un tubo interno de elastómero 1,5 veces más grueso que los Standard. Está fabricado de TPE/PE más suave que los demás para sensaciones más sensibles y su manga interior tiene un tacto muy agradable. Es un masturbador desechable, sumergible y viene lu",,,adult,130578,new,false,,g,,6,draft
premium-tenga-original-vacuum-cup-gentle-130578,,,,,,,,,,,,,,,,,,,,,,,,,https://ilercavonia.info/lovlory/imagenes-para-subir-125-productos/tenga/130578b.jpg,2,Premium Tenga Original Vacuum Cup Gentle,,,,,,,,,,,,,,
premium-tenga-original-vacuum-cup-strong-130579,Premium Tenga Original Vacuum Cup Strong,"<p>Premium Tenga Original Vacuum Cup Strong es un masturbador manual con un tubo interno de elastómero 1,5 veces más grueso que los Standard. Está fabricado de TPE/PE más duro que los demás para sensaciones más intensas y su manga interior tiene un tacto muy agradable. Es un masturbador desechable, sumergible y viene lubricado. Incorpora un sistema llamado Air Hole, un agujero que sirve para regular el aire proporcionando una sensación de succión. En la entrada del masturbador está incluido el Smooth Pad que tiene como función principal lubricar automáticamente desde el primer momento, aportar mayor adherencia y hermeticidad y reducir la pérdida de lubricante. Tiene aproximadamente 150 mm de largo (insertables) y 45 mm de ancho (insertables). Utilizar únicamente lubricante de base acuosa ya que los de base de silicona podrían dañar el producto.Características principales:Masturbador manual.Tubo interno de elastómero.Fabricado de TPE/PE.Desechable.Sumergible.Viene lubricado.Air Hole, para succión.Smooth Pad, lubrica automáticamente.Mayor adherencia y hermeticidad.Reduce la pérdida de lubricante.150 mm largo (insertables).45 mm ancho (insertables).</p><ul><li><strong>Material:</strong> TPE/PE</li><li><strong>Dimensiones:</strong> 157 mm x 70 mm x 70 mm</li><li><strong>Ingredientes:</strong> Lubricante: Water, Glycerin, Propylene glycol, Peg-40 hydrogenated castor oil, Sodium polyacrylate, Phenoxyethanol, Cyclopentasiloxane, Hydroxyethylcellulose, Methylparaben, Hydroxypropyl cyclodextrin, Iodopropynyl butylcarbamate, Cyclotetrasiloxane</li></ul>",TENGA,,Masturbador masculino,"vendor-tenga, juguetes-eroticos, tipo-masturbador, novedad",false,Title,Default Title,,,,,130579,162,shopify,18,deny,manual,12,,true,true,4570030974986,https://ilercavonia.info/lovlory/imagenes-para-subir-125-productos/tenga/130579.jpg,1,Premium Tenga Original Vacuum Cup Strong,false,Premium Tenga Original Vacuum Cup Strong,"Premium Tenga Original Vacuum Cup Strong es un masturbador manual con un tubo interno de elastómero 1,5 veces más grueso que los Standard. Está fabricado de TPE/PE más duro que los demás para sensaciones más intensas y su manga interior tiene un tacto muy agradable. Es un masturbador desechable, sumergible y viene lubr",,,adult,130579,new,false,,g,,6,draft
premium-tenga-original-vacuum-cup-strong-130579,,,,,,,,,,,,,,,,,,,,,,,,,https://ilercavonia.info/lovlory/imagenes-para-subir-125-productos/tenga/130579b.jpg,2,Premium Tenga Original Vacuum Cup Strong,,,,,,,,,,,,,,
premium-tenga-rolling-head-cup-130575,PREMIUM TENGA ROLLING HEAD CUP,"<p>Masturbador manual para el pene de la serie Premium de Tenga. La serie Premium de Tenga se caracteriza por estar fabricada con elastómero de mejor calidad que los anteriores modelos CUP, aportando así una sensación más agradable y blanda. Su espuma de uretano interna es de gama alta y proporciona una sensación de empuje en el momento de la inserción. En el interior encontramos texturas que aumentan las sensaciones en el momento de la fricción. El modelo Rolling se caracteriza por tener un cuerpo en forma de muelle, que facilita la rotación en todas direcciones aportando así libre movimiento en la masturbación, imitando los movimientos pélvicos durante la penetración. En la punta posee un orificio que, al presionar y dejarlo tapado, durante la penetración, se crea el vacío, creando así una sensación muy agradable de succión. Viene lubricado con un lubricante suave y neutro que ayuda a que la penetración sea fluida. Este modelo está pensado para un solo uso, ya que la funda interna no es extraíble y no se puede limpiar adecuadamente. Características principales: Masturbador manual de la serie Premium. Elastómero de mejor calidad que los anteriores CUPs.Sensación agradable y blanda. Texturas internas que incrementan las sensaciones.Este modelo tiene un muelle en su cuerpo. Libre movimiento para rotar en todas direcciones. Imita a los movimientos pélvicos durante la penetración.Posee un orificio que al taparlo crea succión.Viene lubricado. La funda no es extraíble.Diseñado para un solo uso.</p><ul><li><strong>Material:</strong> TPE</li><li><strong>Dimensiones:</strong> 155 mm x 65 mm Ø</li></ul>",TENGA,,Masturbador masculino,"vendor-tenga, juguetes-eroticos, tipo-masturbador, novedad",false,Title,Default Title,,,,,130575,153,shopify,15,deny,manual,11,,true,true,4570030973309,https://ilercavonia.info/lovlory/imagenes-para-subir-125-productos/tenga/130575.jpg,1,PREMIUM TENGA ROLLING HEAD CUP,false,PREMIUM TENGA ROLLING HEAD CUP,"Masturbador manual para el pene de la serie Premium de Tenga. La serie Premium de Tenga se caracteriza por estar fabricada con elastómero de mejor calidad que los anteriores modelos CUP, aportando así una sensación más agradable y blanda. Su espuma de uretano interna es de gama alta y proporciona una sensación de empuj",,,adult,130575,new,false,,g,,5.5,draft
premium-tenga-rolling-head-cup-130575,,,,,,,,,,,,,,,,,,,,,,,,,https://ilercavonia.info/lovlory/imagenes-para-subir-125-productos/tenga/130575b.jpg,2,PREMIUM TENGA ROLLING HEAD CUP,,,,,,,,,,,,,,
premium-tenga-squeeze-tube-cup-130574,PREMIUM TENGA SQUEEZE TUBE CUP,"<p>Masturbador manual para el pene de la serie Premium de Tenga. La serie Premium de Tenga se caracteriza por estar fabricada con elastómero de mejor calidad que los anteriores modelos CUP, aportando así una sensación más agradable y blanda. Su espuma de uretano interna es de gama alta y proporciona una sensación de empuje en el momento de la inserción. En el interior encontramos texturas que aumentan las sensaciones en el momento de la fricción. Este modelo se caracteriza por tener un cuerpo blando, ideal para presionar durante la penetración y hacerla más estrecha para sensaciones más apretadas. En la punta posee un orificio que, al presionar y dejarlo tapado, durante la penetración, se crea el vacío, creando así una sensación muy agradable de succión. Viene lubricado con un lubricante suave y neutro que ayuda a que la penetración sea fluida. Este modelo está pensado para un solo uso, ya que la funda interna no es extraíble y no se puede limpiar adecuadamente. Características principales: Masturbador manual de la serie Premium. Elastómero de mejor calidad que los anteriores CUPs.Sensación agradable y blanda. Texturas internas que incrementan las sensaciones. Modelo que se puede presionar.Crea penetraciones más estrechas.Posee un orificio que al taparlo crea succión.Viene lubricado.La funda no es extraíble.Diseñado para un solo uso.</p><ul><li><strong>Material:</strong> TPE</li><li><strong>Dimensiones:</strong> 155 mm x 80 mm x 65 mm</li></ul>",TENGA,,Masturbador masculino,"vendor-tenga, juguetes-eroticos, tipo-masturbador, novedad",false,Title,Default Title,,,,,130574,153,shopify,30,deny,manual,11,,true,true,4570030973293,https://ilercavonia.info/lovlory/imagenes-para-subir-125-productos/tenga/130574.jpg,1,PREMIUM TENGA SQUEEZE TUBE CUP,false,PREMIUM TENGA SQUEEZE TUBE CUP,"Masturbador manual para el pene de la serie Premium de Tenga. La serie Premium de Tenga se caracteriza por estar fabricada con elastómero de mejor calidad que los anteriores modelos CUP, aportando así una sensación más agradable y blanda. Su espuma de uretano interna es de gama alta y proporciona una sensación de empuj",,,adult,130574,new,false,,g,,5.5,draft
rolling-head-130563,Rolling Head,"<p>La NUEVA versión mejorada del SKU 130103 TENGA ROLLING HEAD ROJO.Rolling Head es un masturbador con forma de acordeón, flexible y con un extremo esférico para un contacto total. Su zona flexible te permite el movimietno arriba-abajo y rotación en la punta para sensaciones muy placenteras. Posee una combianción de protuberancias de masaje y posee una válvula unidireccional que controla el flujo del aire. Posee un mecanismo de inserción llamado &#39;Smooth Pad&#39;, es una almohadilla suave y lisa que aplica el lubricante desde el comienzo de la inserción. Ofreciéndote al mismo tiempo adherencia adicional, una menor pérdida de lubricante y una mayor hermeticidad. Tiene unas medidas de: 15 cm (Inserción) x 4,5 cm (Ancho). Rolling Head es de un sólo uso. Recuerde retirar la pegatina situada en la parte superior antes de usarlo. ¡Controla el efecto de succión tapando el agujero con tu dedo! Una experiencia de felación completamente real. Lubricante Incluido.Características Principales: Masturbador con forma de acordeón. Flexible y con extremo esférico para un contacto total. Permite el movimiento arriba-abajo y la rotación en su punta. Protuberancias de masaje. Válvula unidireccional que controla el flujo de aire. Mecanismo &#39;Smooth Pad&#39;, es una almohadilla suave y lisa que aplica el lubricante desde el comienzo de la inserción.  Adherencia adicional, menor pérdida de lubricante y mayor hermeticidad. Medidas: 15 cm (Inserción) x 4,5 cm (Ancho). Es de un sólo uso. Lubricante Incluido.En este enlace puedes visualizar el vídeo del producto. https://youtu.be/a1gCjjiHDVw</p><ul><li><strong>Características:</strong> De un sólo uso.</li><li><strong>Material:</strong> TPE/PE</li><li><strong>Color:</strong> Rojo</li><li><strong>Dimensiones:</strong> 15 cm (Inserción) x 4,5 cm (Ancho).</li><li><strong>Ingredientes:</strong> Ingredientes Lubricante: Water, Glycerin, Hydroxyethylcellulose, Sodium Polyacrylate, Phenoxyethanol, Methylparaben, Hydroxypropyl Cyclodextrin, Iodopropynyl Butylcarbamate.</li></ul>",TENGA,,Masturbador masculino,"vendor-tenga, juguetes-eroticos, tipo-masturbador, novedad",false,Title,Default Title,,,,,130563,127,shopify,0,deny,manual,9,,true,true,4570030972463,https://ilercavonia.info/lovlory/imagenes-para-subir-125-productos/tenga/130563.jpg,1,Rolling Head,false,Rolling Head,"La NUEVA versión mejorada del SKU 130103 TENGA ROLLING HEAD ROJO.Rolling Head es un masturbador con forma de acordeón, flexible y con un extremo esférico para un contacto total. Su zona flexible te permite el movimietno arriba-abajo y rotación en la punta para sensaciones muy placenteras. Posee una combianción de protu",,,adult,130563,new,false,,g,,4.5,draft
rolling-head-130563,,,,,,,,,,,,,,,,,,,,,,,,,https://ilercavonia.info/lovlory/imagenes-para-subir-125-productos/tenga/130563b.jpg,2,Rolling Head,,,,,,,,,,,,,,
rolling-head-gentle-130562,Rolling Head Gentle,"<p>La NUEVA versión mejorada del SKU 1301035 TENGA ROLLING HEAD SOFT BLANCO.Rolling Head Gentle es un masturbador con forma de acordeón, flexible y con un extremo esférico para un contacto total. Su zona flexible te permite el movimietno arriba-abajo y rotación en la punta para sensaciones muy placenteras. Posee una combianción de protuberancias de masaje y está fabricado con un material suave y delicado. Posee una válvula unidireccional que controla el flujo del aire. Posee un mecanismo de inserción llamado &#39;Smooth Pad&#39;, es una almohadilla suave y lisa que aplica el lubricante desde el comienzo de la inserción. Ofreciéndote al mismo tiempo adherencia adicional, una menor pérdida de lubricante y una mayor hermeticidad. Tiene unas medidas de: 15 cm (Inserción) x 4,5 cm (Ancho). Rolling Head Gentle es de un sólo uso. Recuerde retirar la pegatina situada en la parte superior antes de usarlo. ¡Controla el efecto de succión tapando el agujero con tu dedo! Una experiencia de felación completamente real. Lubricante Incluido.Características Principales: Masturbador con forma de acordeón. Flexible y con extremo esférico para un contacto total. Permite el movimiento arriba-abajo y la rotación en su punta. Protuberancias de masaje. Fabricado con material suave y delicado. Válvula unidireccional que controla el flujo de aire. Mecanismo &#39;Smooth Pad&#39;, es una almohadilla suave y lisa que aplica el lubricante desde el comienzo de la inserción.  Adherencia adicional, menor pérdida de lubricante y mayor hermeticidad. Medidas: 15 cm (Inserción) x 4,5 cm (Ancho). Es de un sólo uso. Lubricante Incluido.En este enlace puedes visualizar el vídeo del producto. https://youtu.be/a1gCjjiHDVw</p><ul><li><strong>Características:</strong> De un sólo uso.</li><li><strong>Material:</strong> TPE/PE</li><li><strong>Color:</strong> Blanco</li><li><strong>Dimensiones:</strong> 15 cm (Inserción) x 4,5 cm (Ancho).</li><li><strong>Ingredientes:</strong> Ingredientes Lubricante: Water, Glycerin, Hydroxyethylcellulose, Sodium Polyacrylate, Phenoxyethanol, Methylparaben, Hydroxypropyl Cyclodextrin, Iodopropynyl Butylcarbamate.</li></ul>",TENGA,,Masturbador masculino,"vendor-tenga, juguetes-eroticos, tipo-masturbador, novedad",false,Title,Default Title,,,,,130562,127,shopify,8,deny,manual,10,,true,true,4570030972517,https://ilercavonia.info/lovlory/imagenes-para-subir-125-productos/tenga/130562.jpg,1,Rolling Head Gentle,false,Rolling Head Gentle,"La NUEVA versión mejorada del SKU 1301035 TENGA ROLLING HEAD SOFT BLANCO.Rolling Head Gentle es un masturbador con forma de acordeón, flexible y con un extremo esférico para un contacto total. Su zona flexible te permite el movimietno arriba-abajo y rotación en la punta para sensaciones muy placenteras. Posee una combi",,,adult,130562,new,false,,g,,5,draft
rolling-head-gentle-130562,,,,,,,,,,,,,,,,,,,,,,,,,https://ilercavonia.info/lovlory/imagenes-para-subir-125-productos/tenga/130562b.jpg,2,Rolling Head Gentle,,,,,,,,,,,,,,
rolling-head-strong-130564,Rolling Head Strong,"<p>La NUEVA versión mejorada del SKU 1301031 TENGA ROLLING HEAD HARD NEGRO.Rolling Head Strong es un masturbador con forma de acordeón, flexible y con un extremo esférico para un contacto total. Su zona flexible te permite el movimietno arriba-abajo y rotación en la punta para sensaciones muy placenteras. Posee una combianción de protuberancias de masaje y está fabricado con un material más resistente. Posee una válvula unidireccional que controla el flujo del aire. Posee un mecanismo de inserción llamado &#39;Smooth Pad&#39;, es una almohadilla suave y lisa que aplica el lubricante desde el comienzo de la inserción. Ofreciéndote al mismo tiempo adherencia adicional, una menor pérdida de lubricante y una mayor hermeticidad. Tiene unas medidas de: 15 cm (Inserción) x 4,5 cm (Ancho). Rolling Head Strong es de un sólo uso. Recuerde retirar la pegatina situada en la parte superior antes de usarlo. ¡Controla el efecto de succión tapando el agujero con tu dedo! Una experiencia de felación completamente real. Lubricante Incluido.Características Principales: Masturbador con forma de acordeón. Flexible y con extremo esférico para un contacto total. Permite el movimiento arriba-abajo y la rotación en su punta. Protuberancias de masaje. Fabricado con material más resistente. Válvula unidireccional que controla el flujo de aire. Mecanismo &#39;Smooth Pad&#39;, es una almohadilla suave y lisa que aplica el lubricante desde el comienzo de la inserción.  Adherencia adicional, menor pérdida de lubricante y mayor hermeticidad. Medidas: 15 cm (Inserción) x 4,5 cm (Ancho). Es de un sólo uso. Lubricante Incluido.En este enlace puedes visualizar el vídeo del producto. https://youtu.be/a1gCjjiHDVw</p><ul><li><strong>Características:</strong> De un sólo uso.</li><li><strong>Material:</strong> TPE/PE</li><li><strong>Color:</strong> Negro</li><li><strong>Dimensiones:</strong> 15 cm (Inserción) x 4,5 cm (Ancho).</li><li><strong>Ingredientes:</strong> Ingredientes Lubricante: Water, Glycerin, Hydroxyethylcellulose, Sodium Polyacrylate, Phenoxyethanol, Methylparaben, Hydroxypropyl Cyclodextrin, Iodopropynyl Butylcarbamate.</li></ul>",TENGA,,Masturbador masculino,"vendor-tenga, juguetes-eroticos, tipo-masturbador, novedad",false,Title,Default Title,,,,,130564,127,shopify,50,deny,manual,10,,true,true,4570030972562,https://ilercavonia.info/lovlory/imagenes-para-subir-125-productos/tenga/130564.jpg,1,Rolling Head Strong,false,Rolling Head Strong,"La NUEVA versión mejorada del SKU 1301031 TENGA ROLLING HEAD HARD NEGRO.Rolling Head Strong es un masturbador con forma de acordeón, flexible y con un extremo esférico para un contacto total. Su zona flexible te permite el movimietno arriba-abajo y rotación en la punta para sensaciones muy placenteras. Posee una combia",,,adult,130564,new,false,,g,,5,draft
rolling-head-strong-130564,,,,,,,,,,,,,,,,,,,,,,,,,https://ilercavonia.info/lovlory/imagenes-para-subir-125-productos/tenga/130564b.jpg,2,Rolling Head Strong,,,,,,,,,,,,,,
rolling-tenga-gyro-roller-cup-130476,ROLLING TENGA GYRO ROLLER CUP,"<p>Rolling Tenga es un masturbador manual para el pene muy ergonómico y con un diseño interno especialmente sensorial. Su función puede ser la de un masturbador manual o complementarse con el Vacuum Gyro Roller, un accesorio que hace del masturbador un juguete automático aportando sensaciones de succión y rotación. Este masturbador proporciona suavidad y comodidad durante su uso, incorporando texturas de relieve. El orificio de entrada está compuesto por una almohadilla suave y lisa que aplica el lubricante desde el comienzo de la inserción, ofreciendo al mismo tiempo adherencia adicional, una menor pérdida de lubricante y una mayor hermeticidad. Se trata de un producto discreto, muy ligero y fácilmente transportable a cualquier lugar. Se adapta a la perfección a la anatomía de la mano para asegurar un agarre firme. Su interior está fabricado de TPE, muy suave y resbaladizo gracias al lubricante que tiene, envolviendo el pene con texturas. Incorpora un sistema llamado Air Hole, un agujero que sirve para regular el aire proporcionando una sensación de succión. El Rolling Gyro se caracteriza por ser el complemento ideal para el Vacuum Gyro Roller, un accesorio  aportando movimiento, succión y rotación al masturbador, para un uso más cómodo y estimulante. Viene lubricado con lubricante suave a base de agua y está pensado para usarlo en una sola ocasión.Características principales:Masturbador para el pene.Manual o se puede complementar con Vacuum Gyro Roller.Interior en forma de espiral y con texturas.Ergonómico.Con agujero que regula la succión del movimiento.Entrada compuesta por una almohadilla suave y lubricada.Discreto, ligero y transportable.Agarre firme.Interior fabricado de TPE.Pensado para ser desechado.</p><ul><li><strong>Material:</strong> TPE/PE/PU</li><li><strong>Color:</strong> Rojo</li><li><strong>Dimensiones:</strong> 155 mm x 71 mm Ø</li></ul>",TENGA,,Masturbador masculino,"vendor-tenga, juguetes-eroticos, tipo-masturbador, novedad",false,Title,Default Title,,,,,130476,145,shopify,9,deny,manual,11,,true,true,4560220557648,https://ilercavonia.info/lovlory/imagenes-para-subir-125-productos/tenga/130476.jpg,1,ROLLING TENGA GYRO ROLLER CUP,false,ROLLING TENGA GYRO ROLLER CUP,"Rolling Tenga es un masturbador manual para el pene muy ergonómico y con un diseño interno especialmente sensorial. Su función puede ser la de un masturbador manual o complementarse con el Vacuum Gyro Roller, un accesorio que hace del masturbador un juguete automático aportando sensaciones de succión y rotación. Este m",,,adult,130476,new,false,,g,,5.5,draft
rolling-tenga-gyro-roller-cup-gentle-130477,ROLLING TENGA GYRO ROLLER CUP GENTLE,"<p>Rolling Tenga Gentle es un masturbador manual para el pene muy ergonómico y con un diseño interno especialmente más suave y delicado que los estándar. Su función puede ser la de un masturbador manual o complementarse con el Vacuum Gyro Roller, un accesorio que hace del masturbador un juguete automático aportando sensaciones de succión y rotación. Este masturbador proporciona suavidad y comodidad durante su uso, incorporando texturas de ligero relieve, suaves y poco pronunciadas. El orificio de entrada está compuesto por una almohadilla suave y lisa que aplica el lubricante desde el comienzo de la inserción, ofreciendo al mismo tiempo adherencia adicional, una menor pérdida de lubricante y una mayor hermeticidad. Se trata de un producto discreto, muy ligero y fácilmente transportable a cualquier lugar. Se adapta a la perfección a la anatomía de la mano para asegurar un agarre firme. Su interior está fabricado de TPE, muy suave y resbaladizo gracias al lubricante que tiene, envolviendo el pene con texturas. Incorpora un sistema llamado Air Hole, un agujero que sirve para regular el aire proporcionando una sensación de succión. El Rolling Gyro se caracteriza por ser el complemento ideal para el Vacuum Gyro Roller, un accesorio  aportando movimiento, succión y rotación al masturbador, para un uso más cómodo y estimulante. Viene lubricado con lubricante suave a base de agua y está pensado para usarlo en una sola ocasión.Características principales:Masturbador para el pene.Manual o se puede complementar con Vacuum Gyro Roller.Su interior es más suave que los estándar.Interior delicado, con texturas muy suaves.Ergonómico.Con agujero que regula la succión del movimiento.Entrada compuesta por una almohadilla suave y lubricada.Discreto, ligero y transportable.Agarre firme.Interior fabricado de TPE.Pensado para ser desechado.</p><ul><li><strong>Material:</strong> TPE/PE/PU</li><li><strong>Color:</strong> Blanco</li><li><strong>Dimensiones:</strong> 155 mm x 71 mm Ø</li></ul>",TENGA,,Masturbador masculino,"vendor-tenga, juguetes-eroticos, tipo-masturbador, novedad",false,Title,Default Title,,,,,130477,145,shopify,16,deny,manual,11,,true,true,4560220557655,https://ilercavonia.info/lovlory/imagenes-para-subir-125-productos/tenga/130477.jpg,1,ROLLING TENGA GYRO ROLLER CUP GENTLE,false,ROLLING TENGA GYRO ROLLER CUP GENTLE,"Rolling Tenga Gentle es un masturbador manual para el pene muy ergonómico y con un diseño interno especialmente más suave y delicado que los estándar. Su función puede ser la de un masturbador manual o complementarse con el Vacuum Gyro Roller, un accesorio que hace del masturbador un juguete automático aportando sensac",,,adult,130477,new,false,,g,,5.5,draft
rolling-tenga-gyro-roller-cup-strong-130478,ROLLING TENGA GYRO ROLLER CUP STRONG,"<p>Rolling Tenga Strong es un masturbador manual para el pene muy ergonómico y con un diseño interno especialmente más ajustado y grueso que los estándar. Su función puede ser la de un masturbador manual o complementarse con el Vacuum Gyro Roller, un accesorio que hace del masturbador un jugueteautomático aportando sensaciones de succión y rotación. Este masturbador proporciona suavidad y comodidad durante su uso, incorporando texturas de relieve más estridentes y espiral apretada, consiguiendo un ajuste súper fuerte. El orificio de entrada está compuesto por una almohadilla suave y lisa que aplica el lubricante desde el comienzo de la inserción, ofreciendo al mismo tiempo adherencia adicional, una menor pérdida de lubricante y una mayor hermeticidad. Se trata de un producto discreto, muy ligero y fácilmente transportable a cualquier lugar. Se adapta a la perfección a la anatomía de la mano para asegurar un agarre firme. Su interior está fabricado de TPE, muy suave y resbaladizo gracias al lubricante que tiene, envolviendo el pene con texturas. Incorpora un sistema llamado Air Hole, un agujero que sirve para regular el aire proporcionando una sensación de succión. El Rolling Gyro se caracteriza por ser el complemento ideal para el Vacuum Gyro Roller, un accesorio  aportando movimiento, succión y rotación al masturbador, para un uso más cómodo y estimulante. Viene lubricado con lubricante suave a base de agua y está pensado para usarlo en una sola ocasión.Características principales:Masturbador para el pene.Manual o se puede complementar con Vacuum Gyro Roller.Interior en forma de espiral muy apretada, con texturas estridentes y fuertes.Interior delicado, con texturas muy suaves.Ergonómico.Con agujero que regula la succión del movimiento.Entrada compuesta por una almohadilla suave y lubricada.Discreto, ligero y transportable.Agarre firme.Interior fabricado de TPE.Pensado para ser desechado.</p><ul><li><strong>Material:</strong> TPE/PE/PU</li><li><strong>Color:</strong> Negro</li><li><strong>Dimensiones:</strong> 155 mm x 71 mm Ø</li></ul>",TENGA,,Masturbador masculino,"vendor-tenga, juguetes-eroticos, tipo-masturbador, novedad",false,Title,Default Title,,,,,130478,145,shopify,22,deny,manual,11,,true,true,4560220557662,https://ilercavonia.info/lovlory/imagenes-para-subir-125-productos/tenga/130478.jpg,1,ROLLING TENGA GYRO ROLLER CUP STRONG,false,ROLLING TENGA GYRO ROLLER CUP STRONG,"Rolling Tenga Strong es un masturbador manual para el pene muy ergonómico y con un diseño interno especialmente más ajustado y grueso que los estándar. Su función puede ser la de un masturbador manual o complementarse con el Vacuum Gyro Roller, un accesorio que hace del masturbador un jugueteautomático aportando sensac",,,adult,130478,new,false,,g,,5.5,draft
sd-tenga-original-vacuum-cup-130459,SD TENGA ORIGINAL VACUUM CUP,"<p>SD Tenga Original es un masturbador manual para el pene con un diseño muy ergonómico y de tamaño especialmente más pequeño que el Tenga Original estándar. Ideal para aquellos penes de tamaño más reducido de la estándar o para aquellos usuarios que deseen la estimulación de glande y una parte del tronco del pene. Se trata de un producto discreto, muy ligero y fácilmente transportable a cualquier lugar. Se adapta a la perfección a la anatomía de la mano para asegurar un agarre firme. Su interior está fabricado de TPE, muy suave y resbaladizo gracias al lubricante que tiene, envolviendo el pene con texturas. Posee un orificio en la parte superior que, al mantenerla tapada con el dedo, crea el vacío haciendo que la masturbación cree un efecto succión realmente agradable y placentero. Viene lubricado con lubricante suave a base de agua y está pensado para usarlo en una sola ocasión. Características principales: Masturbador manual.Diseño ergonómico y ligero.De tamaño reducido.Ideal para penes más cortos que la medida estándar.Ideal también para estimular la zona superior del pene. Muy fácil de transportar.Agarre firme. Fabricado internamente en TPE.Con texturas que envuelven el pene. Orificio superior para regular la intensidad de succión durante el movimiento.Viene lubricado.Diseñado para usarse una vez.</p><ul><li><strong>Material:</strong> PE/PU/TPE

Lubricante: Agua, glicerina, poliacrilato de sodio, fenoxietanol, hidroxietilcelulosa, metilparabeno, hidroxipropil ciclodextrina, EDTA-2Na, IPBC.</li><li><strong>Dimensiones:</strong> 120 mm x 65 mm x 65 mm</li></ul>",TENGA,,Masturbador masculino,"vendor-tenga, juguetes-eroticos, tipo-masturbador, novedad",false,Title,Default Title,,,,,130459,,shopify,1,deny,manual,8,,true,true,4570030976409,https://ilercavonia.info/lovlory/imagenes-para-subir-125-productos/tenga/130459.jpg,1,SD TENGA ORIGINAL VACUUM CUP,false,SD TENGA ORIGINAL VACUUM CUP,SD Tenga Original es un masturbador manual para el pene con un diseño muy ergonómico y de tamaño especialmente más pequeño que el Tenga Original estándar. Ideal para aquellos penes de tamaño más reducido de la estándar o para aquellos usuarios que deseen la estimulación de glande y una parte del tronco del pene. Se tra,,,adult,130459,new,false,,g,,4,draft
sd-tenga-original-vacuum-cup-130459,,,,,,,,,,,,,,,,,,,,,,,,,https://ilercavonia.info/lovlory/imagenes-para-subir-125-productos/tenga/130459b.jpg,2,SD TENGA ORIGINAL VACUUM CUP,,,,,,,,,,,,,,
sd-tenga-original-vacuum-cup-130459,,,,,,,,,,,,,,,,,,,,,,,,,https://ilercavonia.info/lovlory/imagenes-para-subir-125-productos/tenga/130459c.jpg,3,SD TENGA ORIGINAL VACUUM CUP,,,,,,,,,,,,,,
sd-tenga-original-vacuum-cup-gentle-130460,SD TENGA ORIGINAL VACUUM CUP GENTLE,"<p>SD Tenga Original Gentle es un masturbador manual para el pene con un diseño muy ergonómico y de tamaño especialmente más pequeño que el Tenga Original estándar. Ideal para aquellos penes de tamaño más reducido de la estándar o para aquellos usuarios que deseen la estimulación de glande y una parte del tronco del pene. Se trata de un producto discreto, muy ligero y fácilmente transportable a cualquier lugar. Se adapta a la perfección a la anatomía de la mano para asegurar un agarre firme. Su interior está fabricado de TPE, muy blando y resbaladizo gracias al lubricante que tiene, envolviendo el pene con texturas especialmente suaves. Posee un orificio en la parte superior que, al mantenerla tapada con el dedo, crea el vacío haciendo que la masturbación cree un efecto succión realmente agradable y placentero. Viene lubricado con lubricante suave a base de agua y está pensado para usarlo en una sola ocasión. Características principales: Masturbador manual.Diseño ergonómico y ligero.De tamaño reducido.Ideal para penes más cortos que la medida estándar.Ideal también para estimular la zona superior del pene.Muy fácil de transportar.Agarre firme. Fabricado internamente en TPE.Con texturas muy suaves que envuelven el pene. Orificio superior para regular la intensidad de succión durante el movimiento.Viene lubricado.Diseñado para usarse una vez.</p><ul><li><strong>Material:</strong> PE/PU/TPE

Lubricante: Agua, glicerina, poliacrilato de sodio, fenoxietanol, hidroxietilcelulosa, metilparabeno, hidroxipropil ciclodextrina, EDTA-2Na, IPBC.</li><li><strong>Dimensiones:</strong> 120 mm x 65 mm x 65 mm</li></ul>",TENGA,,Masturbador masculino,"vendor-tenga, juguetes-eroticos, tipo-masturbador, novedad",false,Title,Default Title,,,,,130460,,shopify,31,deny,manual,9,,true,true,4570030976416,https://ilercavonia.info/lovlory/imagenes-para-subir-125-productos/tenga/130460.jpg,1,SD TENGA ORIGINAL VACUUM CUP GENTLE,false,SD TENGA ORIGINAL VACUUM CUP GENTLE,SD Tenga Original Gentle es un masturbador manual para el pene con un diseño muy ergonómico y de tamaño especialmente más pequeño que el Tenga Original estándar. Ideal para aquellos penes de tamaño más reducido de la estándar o para aquellos usuarios que deseen la estimulación de glande y una parte del tronco del pene.,,,adult,130460,new,false,,g,,4.5,draft
sd-tenga-original-vacuum-cup-gentle-130460,,,,,,,,,,,,,,,,,,,,,,,,,https://ilercavonia.info/lovlory/imagenes-para-subir-125-productos/tenga/130460b.jpg,2,SD TENGA ORIGINAL VACUUM CUP GENTLE,,,,,,,,,,,,,,
sd-tenga-original-vacuum-cup-gentle-130460,,,,,,,,,,,,,,,,,,,,,,,,,https://ilercavonia.info/lovlory/imagenes-para-subir-125-productos/tenga/130460c.jpg,3,SD TENGA ORIGINAL VACUUM CUP GENTLE,,,,,,,,,,,,,,
sd-tenga-original-vacuum-cup-strong-130461,SD TENGA ORIGINAL VACUUM CUP STRONG,"<p>SD Tenga Original Strong es un masturbador manual para el pene con un diseño muy ergonómico y de tamaño especialmente más pequeño que el Tenga Original estándar. Ideal para aquellos penes de tamaño más reducido de la estándar o para aquellos usuarios que deseen la estimulación de glande y una parte del tronco del pene. Se trata de un producto discreto, muy ligero y fácilmente transportable a cualquier lugar. Se adapta a la perfección a la anatomía de la mano para asegurar un agarre firme. Su interior está fabricado de TPE, muy suave y resbaladizo gracias al lubricante que tiene, envolviendo el pene con texturas intensas. Posee un orificio en la parte superior que, al mantenerla tapada con el dedo, crea el vacío haciendo que la masturbación cree un efecto succión realmente agradable y placentero. Viene lubricado con lubricante suave a base de agua y está pensado para usarlo en una sola ocasión. Características principales:Masturbador manual.Diseño ergonómico y ligero.De tamaño reducido.Ideal para penes más cortos que la medida estándar.Ideal también para estimular la zona superior del pene.Muy fácil de transportar.Agarre firme. Fabricado internamente en TPE.Con texturas intensas que envuelven el pene. Orificio superior para regular la intensidad de succión durante el movimiento.Viene lubricado.Diseñado para usarse una vez.</p><ul><li><strong>Material:</strong> PE/PU/TPE

Lubricante: Agua, glicerina, poliacrilato de sodio, fenoxietanol, hidroxietilcelulosa, metilparabeno, hidroxipropil ciclodextrina, EDTA-2Na, IPBC.</li><li><strong>Dimensiones:</strong> 120 mm x 65 mm x 65 mm</li></ul>",TENGA,,Masturbador masculino,"vendor-tenga, juguetes-eroticos, tipo-masturbador, novedad",false,Title,Default Title,,,,,130461,,shopify,12,deny,manual,9,,true,true,4570030976423,https://ilercavonia.info/lovlory/imagenes-para-subir-125-productos/tenga/130461.jpg,1,SD TENGA ORIGINAL VACUUM CUP STRONG,false,SD TENGA ORIGINAL VACUUM CUP STRONG,SD Tenga Original Strong es un masturbador manual para el pene con un diseño muy ergonómico y de tamaño especialmente más pequeño que el Tenga Original estándar. Ideal para aquellos penes de tamaño más reducido de la estándar o para aquellos usuarios que deseen la estimulación de glande y una parte del tronco del pene.,,,adult,130461,new,false,,g,,4.5,draft
sd-tenga-original-vacuum-cup-strong-130461,,,,,,,,,,,,,,,,,,,,,,,,,https://ilercavonia.info/lovlory/imagenes-para-subir-125-productos/tenga/130461b.jpg,2,SD TENGA ORIGINAL VACUUM CUP STRONG,,,,,,,,,,,,,,
sd-tenga-original-vacuum-cup-strong-130461,,,,,,,,,,,,,,,,,,,,,,,,,https://ilercavonia.info/lovlory/imagenes-para-subir-125-productos/tenga/130461c.jpg,3,SD TENGA ORIGINAL VACUUM CUP STRONG,,,,,,,,,,,,,,
soft-tube-130560,Soft Tube,"<p>La NUEVA versión mejorada del SKU 130102 TENGA SOFT TUBE ROJO.Soft Tube es un mastrubador con estuche suave que permite ajustar la presión con las manos, tiene un agujero de aire en la parte superior que controla la succión y su entrada es suave pero prieta. Posee una válvula unidireccional que controla el flujo del aire y dispone de una cabeza con 40 protuberancias reversas que te brindará una inserción suave y una estimulación intensa al salir. Posee un mecanismo de inserción llamado &#39;Smooth Pad&#39;, es una almohadilla suave y lisa que aplica el lubricante desde el comienzo de la inserción. Ofreciéndote al mismo tiempo adherencia adicional, una menor pérdida de lubricante y una mayor hermeticidad. Tiene unas medidas de: 15 cm (Inserción) x 4,5 cm (Ancho). Soft Tube es de un sólo uso. Recuerde retirar la pegatina situada en la parte superior antes de usarlo. ¡Controla el efecto de succión tapando el agujero con tu dedo! Una experiencia de felación completamente real. Lubricante Incluido.Características Principales: Masturbador masculino. Anillo lubricante que sujeta y aporta lubricación. Textura con 40 protuberancias reversas. Mecanismo &#39;Smooth Pad&#39;, es una almohadilla suave y lisa que aplica el lubricante desde el comienzo de la inserción.  Adherencia adicional, menor pérdida de lubricante y mayor hermeticidad. Válvula unidireccional que controla el flujo del aire. Entrada prieta y suave. Orificio de aire para controlar la succión.  Medidas: 15 cm (Inserción) x 4,5 cm (Ancho). Es de un sólo uso. Lubricante Incluido.En este enlace puedes visualizar el vídeo del producto. https://youtu.be/a1gCjjiHDVw</p><ul><li><strong>Características:</strong> De un sólo uso.</li><li><strong>Material:</strong> TPE/PE</li><li><strong>Color:</strong> Rojo</li><li><strong>Dimensiones:</strong> 15 cm (Inserción) x 4,5 cm (Ancho).</li><li><strong>Ingredientes:</strong> Ingredientes Lubricante: Water, Glycerin, Hydroxyethylcellulose, Sodium Polyacrylate, Phenoxyethanol, Methylparaben, Hydroxypropyl Cyclodextrin, Iodopropynyl Butylcarbamate.</li></ul>",TENGA,,Masturbador masculino,"vendor-tenga, juguetes-eroticos, tipo-masturbador, novedad",false,Title,Default Title,,,,,130560,121,shopify,0,deny,manual,9,,true,true,4570030972456,https://ilercavonia.info/lovlory/imagenes-para-subir-125-productos/tenga/130560.jpg,1,Soft Tube,false,Soft Tube,"La NUEVA versión mejorada del SKU 130102 TENGA SOFT TUBE ROJO.Soft Tube es un mastrubador con estuche suave que permite ajustar la presión con las manos, tiene un agujero de aire en la parte superior que controla la succión y su entrada es suave pero prieta. Posee una válvula unidireccional que controla el flujo del ai",,,adult,130560,new,false,,g,,4.5,draft
soft-tube-130560,,,,,,,,,,,,,,,,,,,,,,,,,https://ilercavonia.info/lovlory/imagenes-para-subir-125-productos/tenga/130560b.jpg,2,Soft Tube,,,,,,,,,,,,,,
soft-tube-gentle-130559,Soft Tube Gentle,"<p>La NUEVA versión mejorada del SKU 1301025 TENGA SOFT TUBE BLANCO.Soft Tube Gentle es un mastrubador con estuche suave que permite ajustar la presión con las manos, tiene un agujero de aire en la parte superior que controla la succión y su entrada es suave pero prieta. Posee una válvula unidireccional que controla el flujo del aire y dispone de una cabeza con 29 nodos reversos que te brindará una inserción suave y una estimulación intensa al salir. Posee un mecanismo de inserción llamado &#39;Smooth Pad&#39;, es una almohadilla suave y lisa que aplica el lubricante desde el comienzo de la inserción. Ofreciéndote al mismo tiempo adherencia adicional, una menor pérdida de lubricante y una mayor hermeticidad. Tiene unas medidas de: 15 cm (Inserción) x 4,5 cm (Ancho). Soft Tube Gentle es de un sólo uso. Recuerde retirar la pegatina situada en la parte superior antes de usarlo. ¡Controla el efecto de succión tapando el agujero con tu dedo! Una experiencia de felación completamente real. Lubricante Incluido. Fabricado con material suave y delicado.Características Principales: Masturbador masculino. Anillo lubricante que sujeta y aporta lubricación. Textura con 29 nodos reversos. Mecanismo &#39;Smooth Pad&#39;, es una almohadilla suave y lisa que aplica el lubricante desde el comienzo de la inserción.  Adherencia adicional, menor pérdida de lubricante y mayor hermeticidad. Válvula unidireccional que controla el flujo del aire. Entrada prieta y suave. Orificio de aire para controlar la succión.  Medidas: 15 cm (Inserción) x 4,5 cm (Ancho). Es de un sólo uso. Lubricante Incluido. Fabricado con material suave y delicado.En este enlace puedes visualizar el vídeo del producto. https://youtu.be/a1gCjjiHDVw</p><ul><li><strong>Características:</strong> De un sólo uso.</li><li><strong>Material:</strong> TPE/PE</li><li><strong>Color:</strong> Blanco</li><li><strong>Dimensiones:</strong> 15 cm (Inserción) x 4,5 cm (Ancho)</li><li><strong>Ingredientes:</strong> Ingredientes Lubricante: Water, Glycerin, Hydroxyethylcellulose, Sodium Polyacrylate, Phenoxyethanol, Methylparaben, Hydroxypropyl Cyclodextrin, Iodopropynyl Butylcarbamate.</li></ul>",TENGA,,Masturbador masculino,"vendor-tenga, juguetes-eroticos, tipo-masturbador, novedad",false,Title,Default Title,,,,,130559,121,shopify,49,deny,manual,10,,true,true,4570030972500,https://ilercavonia.info/lovlory/imagenes-para-subir-125-productos/tenga/130559.jpg,1,Soft Tube Gentle,false,Soft Tube Gentle,"La NUEVA versión mejorada del SKU 1301025 TENGA SOFT TUBE BLANCO.Soft Tube Gentle es un mastrubador con estuche suave que permite ajustar la presión con las manos, tiene un agujero de aire en la parte superior que controla la succión y su entrada es suave pero prieta. Posee una válvula unidireccional que controla el fl",,,adult,130559,new,false,,g,,5,draft
soft-tube-gentle-130559,,,,,,,,,,,,,,,,,,,,,,,,,https://ilercavonia.info/lovlory/imagenes-para-subir-125-productos/tenga/130559b.jpg,2,Soft Tube Gentle,,,,,,,,,,,,,,
soft-tube-k-h-1301024,Soft Tube K-H,"<p>Tenga Soft Tube, edición limitada del modelo de masturbador SOFT TUBE CUP, ahora con diseño del artista Keith Haring. Un juguete especialmente creado para el placer de la masturbación masculina, este modelo es más flexible que otros, aplicando presión sobre la cubierta exterior se controla la penetración y produce distintos niveles de sensibilidad, ajustada o suave (penetración holgada y estrecha) .Este producto está indicado para aquellos que deseen hacer ejercicios de control de la eyaculación.Prolongando esta clase de ejercicios conseguirás, con esfuerzo, controlar el momento justo en el que tú quieras eyacular.Este producto viene con lubricante incluido, muy parecido a la saliva para crear una sensación mucho más real.</p><ul><li><strong>Material:</strong> Elastómero</li><li><strong>Dimensiones:</strong> 156 mm x 79 mm</li></ul>",TENGA,,Masturbador masculino,"vendor-tenga, juguetes-eroticos, tipo-masturbador",false,Title,Default Title,,,,,1301024,130,shopify,0,deny,manual,9,,true,true,4570030973378,https://ilercavonia.info/lovlory/imagenes-para-subir-125-productos/tenga/1301024.jpg,1,Soft Tube K-H,false,Soft Tube K-H,"Tenga Soft Tube, edición limitada del modelo de masturbador SOFT TUBE CUP, ahora con diseño del artista Keith Haring. Un juguete especialmente creado para el placer de la masturbación masculina, este modelo es más flexible que otros, aplicando presión sobre la cubierta exterior se controla la penetración y produce dist",,,adult,1301024,new,false,,g,,4.5,draft
soft-tube-strong-130561,Soft Tube Strong,"<p>La NUEVA versión mejorada del SKU 1301021 TENGA SOFT TUBE HARD NEGRO.  Soft Tube Strong es un mastrubador con estuche suave que permite ajustar la presión con las manos, tiene un agujero de aire en la parte superior que controla la succión y su entrada es suave pero prieta.   Posee una válvula unidireccional que controla el flujo del aire y dispone de una cabeza con 40 protuberancias reversas que te brindará una inserción suave y una estimulación intensa al salir. Posee un mecanismo de inserción llamado &#39;Smooth Pad&#39;, es una almohadilla suave y lisa que aplica el lubricante desde el comienzo de la inserción. Ofreciéndote al mismo tiempo adherencia adicional, una menor pérdida de lubricante y una mayor hermeticidad.   Tiene unas medidas de: 15 cm (Inserción) x 4,5 cm (Ancho). Soft Tube Strong es de un sólo uso. Recuerde retirar la pegatina situada en la parte superior antes de usarlo.   ¡Controla el efecto de succión tapando el agujero con tu dedo! Una experiencia de felación completamente real. Lubricante Incluido. Fabricado con material más resistente.  Características Principales:       Masturbador masculino.   Anillo lubricante que sujeta y aporta lubricación.   Textura con 40 protuberancias reversas.   Mecanismo &#39;Smooth Pad&#39;, es una almohadilla suave y lisa que aplica el lubricante desde el comienzo de la inserción.    Adherencia adicional, menor pérdida de lubricante y mayor hermeticidad.   Válvula unidireccional que controla el flujo del aire.   Entrada prieta y suave.   Orificio de aire para controlar la succión.    Medidas: 15 cm (Inserción) x 4,5 cm (Ancho).   Es de un sólo uso.   Lubricante Incluido.   Fabricado con material más resistente.    En este enlace puedes visualizar el vídeo del producto. https://youtu.be/a1gCjjiHDVw</p><ul><li><strong>Características:</strong> De un sólo uso.</li><li><strong>Material:</strong> TPE/PE</li><li><strong>Color:</strong> Negro</li><li><strong>Dimensiones:</strong> 15 cm (Inserción) x 4,5 cm (Ancho).</li><li><strong>Ingredientes:</strong> Ingredientes Lubricante: Water, Glycerin, Hydroxyethylcellulose, Sodium Polyacrylate, Phenoxyethanol, Methylparaben, Hydroxypropyl Cyclodextrin, Iodopropynyl Butylcarbamate.</li></ul>",TENGA,,Masturbador masculino,"vendor-tenga, juguetes-eroticos, tipo-masturbador, novedad",false,Title,Default Title,,,,,130561,120,shopify,48,deny,manual,10,,true,true,4570030972555,https://ilercavonia.info/lovlory/imagenes-para-subir-125-productos/tenga/130561.jpg,1,Soft Tube Strong,false,Soft Tube Strong,"La NUEVA versión mejorada del SKU 1301021 TENGA SOFT TUBE HARD NEGRO. Soft Tube Strong es un mastrubador con estuche suave que permite ajustar la presión con las manos, tiene un agujero de aire en la parte superior que controla la succión y su entrada es suave pero prieta. Posee una válvula unidireccional que controla ",,,adult,130561,new,false,,g,,5,draft
soft-tube-strong-130561,,,,,,,,,,,,,,,,,,,,,,,,,https://ilercavonia.info/lovlory/imagenes-para-subir-125-productos/tenga/130561b.jpg,2,Soft Tube Strong,,,,,,,,,,,,,,
super-tenga-meteor-smash-130741,SUPER TENGA METEOR SMASH,"<p>SUPER TENGA METEOR SMASH es un masturbador con detalles internos potentes y dinámicos, diseñado para ofrecer una estimulación intensa y variada.Está fabricado con materiales más gruesos que proporcionan una sensación elástica mejorada y relieves internos más marcados, aumentando el contacto y la estimulación durante el uso.Su interior ha sido ampliado para ofrecer una mayor sensación de profundidad y una experiencia más envolvente.Además, incluye una generosa cantidad de SUPER LOTION, que aporta mayor suavidad y facilita una experiencia más fluida y placentera.La entrada también ha sido rediseñada, incorporando una curvatura que facilita la inserción. Su estructura integra además una válvula especial que permite generar una potente succión al cubrir el orificio, intensificando las sensaciones.Características principales: ? Detalles internos potentes y dinámicos.? Materiales más gruesos y elásticos.? Interior ampliado para mayor profundidad.? Incluye SUPER LOTION.? Entrada rediseñada con curvatura.? Válvula de succión potente.? Experiencia envolvente.? Estimulación intensa y variada.</p><ul><li><strong>Dimensiones:</strong> 155 mm x 50 mm</li><li><strong>Ingredientes:</strong> Elastómero, PC. / Ingrédients : Eau, Propylène Glycol, Polyacrylate de Sodium, Huile de Ricin Hydrogénée PEG 40, Phénoxyéthanol, Cyclopentasiloxane, Méthylparabène, Hydroxypropyl Cyclodextrine, Butylcarbamate d&#39;iodopropynyle, Cyclotétrasiloxane / Ingrédients : Eau, Glycérine, Polyacrylate de sodium, Hydroxyéthylcellulose, Phénoxyéthanol, Méthylparabène, Hydroxypropyl-Cyclodextrine, Butylcarbamate d&#39;iodopropynyle</li></ul>",TENGA,,Masturbador masculino,"vendor-tenga, juguetes-eroticos, tipo-masturbador, novedad",false,Title,Default Title,,,,,130741,,shopify,24,deny,manual,12,,true,true,4573633993491,https://ilercavonia.info/lovlory/imagenes-para-subir-125-productos/tenga/130741.jpg,1,SUPER TENGA METEOR SMASH,false,SUPER TENGA METEOR SMASH,"SUPER TENGA METEOR SMASH es un masturbador con detalles internos potentes y dinámicos, diseñado para ofrecer una estimulación intensa y variada.Está fabricado con materiales más gruesos que proporcionan una sensación elástica mejorada y relieves internos más marcados, aumentando el contacto y la estimulación durante el",,,adult,130741,new,false,,g,,6,draft
super-tenga-meteor-smash-130741,,,,,,,,,,,,,,,,,,,,,,,,,https://ilercavonia.info/lovlory/imagenes-para-subir-125-productos/tenga/130741b.jpg,2,SUPER TENGA METEOR SMASH,,,,,,,,,,,,,,
super-tenga-meteor-smash-130741,,,,,,,,,,,,,,,,,,,,,,,,,https://ilercavonia.info/lovlory/imagenes-para-subir-125-productos/tenga/130741c.jpg,3,SUPER TENGA METEOR SMASH,,,,,,,,,,,,,,
super-tenga-storm-crash-130739,SUPER TENGA STORM CRASH,"<p>SUPER TENGA TORNADO CRASH es un masturbador diseñado para ofrecer una experiencia intensa y altamente estimulante. Cuenta con un sofisticado sistema interno de nervaduras onduladas y texturas marcadas que maximizan cada sensación.Su estructura ha sido ampliada para adaptarse cómodamente a mayor tamaño y densidad, proporcionando un ajuste más envolvente y sensaciones más profundas.Incluye una generosa cantidad de SUPER LOTION, que aporta una suavidad superior y permite un deslizamiento más fluido, elevando la comodidad y la calidad de la experiencia.La entrada ha sido rediseñada con una curvatura ergonómica que facilita la inserción y mejora la adaptación al usuario.Además, incorpora una válvula especial que permite generar un potente efecto de succión al cubrir el orificio, intensificando el control y las sensaciones durante el uso.Características principales: ?  Diseño interno con texturas onduladas.?  Estructura ampliada para mayor comodidad.?  Incluye lubricante SUPER LOTION.?  Entrada ergonómica para fácil uso.?  Sistema de válvula para efecto de succión.?  Sensaciones intensas y mejor control durante el uso.</p><ul><li><strong>Ingredientes:</strong> Elastómero, PC. / Ingredientes: Agua, glicerina, poliacrilato de sodio, hidroxietilcelulosa, fenoxietanol, metilparabeno, hidroxipropilciclodextrina, yodopropinil butilcarbamato / Ingredientes: Agua, propilenglicol, poliacrilato de sodio, aceite de ricino hidrogenado PEG-40, fenoxietanol, ciclopentasiloxano, metilparabeno, hidroxipropilciclodextrina, butilcarbamato de yodopropinilo, ciclotetrasiloxano.</li></ul>",TENGA,,Masturbador masculino,"vendor-tenga, juguetes-eroticos, tipo-masturbador, novedad",false,Title,Default Title,,,,,130739,,shopify,10,deny,manual,12,,true,true,4573633993477,https://ilercavonia.info/lovlory/imagenes-para-subir-125-productos/tenga/130739.jpg,1,SUPER TENGA STORM CRASH,false,SUPER TENGA STORM CRASH,"SUPER TENGA TORNADO CRASH es un masturbador diseñado para ofrecer una experiencia intensa y altamente estimulante. Cuenta con un sofisticado sistema interno de nervaduras onduladas y texturas marcadas que maximizan cada sensación.Su estructura ha sido ampliada para adaptarse cómodamente a mayor tamaño y densidad, propo",,,adult,130739,new,false,,g,,6,draft
super-tenga-storm-crash-130739,,,,,,,,,,,,,,,,,,,,,,,,,https://ilercavonia.info/lovlory/imagenes-para-subir-125-productos/tenga/130739b.jpg,2,SUPER TENGA STORM CRASH,,,,,,,,,,,,,,
super-tenga-storm-crash-130739,,,,,,,,,,,,,,,,,,,,,,,,,https://ilercavonia.info/lovlory/imagenes-para-subir-125-productos/tenga/130739c.jpg,3,SUPER TENGA STORM CRASH,,,,,,,,,,,,,,
super-tenga-tornado-blast-130740,SUPER TENGA TORNADO BLAST,"<p>SUPER TENGA TORNADO BLAST es un masturbador diseñado con espirales intrincadamente entrelazadas, que crean un recorrido interno sofisticado con relieves definidos y complejos. Esta estructura está pensada para ofrecer una estimulación más profunda, intensa y envolvente.Fabricado con materiales más gruesos, proporciona una sensación elástica mejorada y una mayor resistencia, lo que potencia el contacto y maximiza la estimulación en cada uso. Sus relieves internos más marcados elevan la experiencia, haciéndola más dinámica y placentera.Incluye una generosa cantidad de SUPER LOTION, que aporta suavidad adicional y permite un deslizamiento más fluido, mejorando la comodidad y la calidad de la experiencia.La entrada ha sido rediseñada con una curvatura ergonómica que facilita la inserción, adaptándose mejor al usuario.Además, incorpora una válvula especial que permite generar un potente efecto de succión al cubrir el orificio, intensificando las sensaciones y el control durante el uso.Características principales: ? Espirales internas intrincadamente entrelazadas.? Relieves internos marcados y complejos.? Estimulación profunda e intensa.? Material más grueso y elástico.? Mayor contacto y sensación envolvente.? Incluye SUPER LOTION.? Entrada con diseño curvado ergonómico.? Válvula para efecto de succión intensa.</p><ul><li><strong>Ingredientes:</strong> Elastómero, PC. /  Ingredientes: Agua, Propilenglicol, Poliacrilato de sodio, Aceite de ricino hidrogenado Peg-40, Fenoxietanol, Ciclopentasiloxano, Metilparabeno, Hidroxipropil ciclodextrina, Butilcarbamato de yodopropinilo, Ciclotetrasiloxano / Ingredientes: Agua, Glicerina, Poliacrilato de sodio, Fenoxietanol, Hidroxietilcelulosa, Metilparabeno, Hidroxipropil ciclodextrina, Butilcarbamato de yodopropinilo</li></ul>",TENGA,,Masturbador masculino,"vendor-tenga, juguetes-eroticos, tipo-masturbador, novedad",false,Title,Default Title,,,,,130740,,shopify,24,deny,manual,12,,true,true,4573633993484,https://ilercavonia.info/lovlory/imagenes-para-subir-125-productos/tenga/130740.jpg,1,SUPER TENGA TORNADO BLAST,false,SUPER TENGA TORNADO BLAST,"SUPER TENGA TORNADO BLAST es un masturbador diseñado con espirales intrincadamente entrelazadas, que crean un recorrido interno sofisticado con relieves definidos y complejos. Esta estructura está pensada para ofrecer una estimulación más profunda, intensa y envolvente.Fabricado con materiales más gruesos, proporciona ",,,adult,130740,new,false,,g,,6,draft
super-tenga-tornado-blast-130740,,,,,,,,,,,,,,,,,,,,,,,,,https://ilercavonia.info/lovlory/imagenes-para-subir-125-productos/tenga/130740b.jpg,2,SUPER TENGA TORNADO BLAST,,,,,,,,,,,,,,
super-tenga-tornado-blast-130740,,,,,,,,,,,,,,,,,,,,,,,,,https://ilercavonia.info/lovlory/imagenes-para-subir-125-productos/tenga/130740c.jpg,3,SUPER TENGA TORNADO BLAST,,,,,,,,,,,,,,
tenga-air-flow-cup-gentle-130471,TENGA AIR FLOW CUP GENTLE,"<p>Air Flow Gentle es un masturbador manual para el pene muy ergonómico y con un diseño interno más grueso que los estándar. Este masturbador proporciona una suave presión y estimulación ya que la manga interior tiene forma de espiral y crea bolsas de aire durante su uso. El orificio de entrada está compuesto por una almohadilla suave y lisa que aplica el lubricante desde el comienzo de la inserción, ofreciendo al mismo tiempo adherencia adicional, una menor pérdida de lubricante y una mayor hermeticidad. Se trata de un producto discreto, muy ligero y fácilmente transportable a cualquier lugar. Se adapta a la perfección a la anatomía de la mano para asegurar un agarre firme. Su interior está fabricado de TPE, muy suave y resbaladizo gracias al lubricante que tiene, envolviendo el pene con texturas. Incorpora un sistema llamado Air Hole, un agujero que sirve para regular el aire proporcionando una sensación de succión. Viene lubricado con lubricante suave a base de agua y está pensado para usarlo en una sola ocasión.Características principales: Masturbador para el pene.Manual.Su interior es más grueso que los estándar.Interior en forma de espiral, con texturas y muy suave.Ergonómico.Crea bolsas de aire durante su uso, haciendo la sensación más envolvente.Con agujero que regula la succión del movimiento.Entrada compuesta por una almohadilla suave y lubricada. Discreto, ligero y transportable.Agarre firme.Interior fabricado de TPE.Pensado para ser desechado.</p><ul><li><strong>Material:</strong> TPE/PE/PU</li><li><strong>Color:</strong> Blanco</li><li><strong>Dimensiones:</strong> 155 mm x 65 mm Ø</li></ul>",TENGA,,Masturbador masculino,"vendor-tenga, juguetes-eroticos, tipo-masturbador, novedad",false,Title,Default Title,,,,,130471,205,shopify,39,deny,manual,12,,true,true,4570030972531,https://ilercavonia.info/lovlory/imagenes-para-subir-125-productos/tenga/130471.jpg,1,TENGA AIR FLOW CUP GENTLE,false,TENGA AIR FLOW CUP GENTLE,Air Flow Gentle es un masturbador manual para el pene muy ergonómico y con un diseño interno más grueso que los estándar. Este masturbador proporciona una suave presión y estimulación ya que la manga interior tiene forma de espiral y crea bolsas de aire durante su uso. El orificio de entrada está compuesto por una almo,,,adult,130471,new,false,,g,,6,draft
tenga-air-flow-cup-strong-130467,TENGA AIR FLOW CUP STRONG,"<p>Air Flow Strong es un masturbador manual para el pene muy ergonómico y con un diseño interno más grueso que los estándar. Este masturbador proporciona una suave presión y estimulación ya que la manga interior tiene forma de espiral y crea bolsas de aire durante su uso. El orificio de entrada está compuesto por una almohadilla suave y lisa que aplica el lubricante desde el comienzo de la inserción, ofreciendo al mismo tiempo adherencia adicional, una menor pérdida de lubricante y una mayor hermeticidad. Se trata de un producto discreto, muy ligero y fácilmente transportable a cualquier lugar. Se adapta a la perfección a la anatomía de la mano para asegurar un agarre firme. Su interior está fabricado de TPE, con textura sobresaliente y resbaladizo gracias al lubricante que tiene, envolviendo el pene con texturas. Incorpora un sistema llamado Air Hole, un agujero que sirve para regular el aire proporcionando una sensación de succión. Viene lubricado con lubricante suave a base de agua y está pensado para usarlo en una sola ocasión.Características principales: Masturbador para el pene.Manual.Su interior es más grueso que los estándar.Interior en forma de espiral, con texturas sobresalientes.Ergonómico.Crea bolsas de aire durante su uso, haciendo la sensación más envolvente.Con agujero que regula la succión del movimiento.Entrada compuesta por una almohadilla suave y lubricada.Discreto, ligero y transportable.Agarre firme.Interior fabricado de TPE.Pensado para ser desechado.</p><ul><li><strong>Material:</strong> TPE/PE/PU</li><li><strong>Color:</strong> Negro</li><li><strong>Dimensiones:</strong> 155 mm x 65 mm Ø</li></ul>",TENGA,,Masturbador masculino,"vendor-tenga, juguetes-eroticos, tipo-masturbador, novedad",false,Title,Default Title,,,,,130467,215,shopify,2,deny,manual,12,,true,true,4570030972586,https://ilercavonia.info/lovlory/imagenes-para-subir-125-productos/tenga/130467.jpg,1,TENGA AIR FLOW CUP STRONG,false,TENGA AIR FLOW CUP STRONG,Air Flow Strong es un masturbador manual para el pene muy ergonómico y con un diseño interno más grueso que los estándar. Este masturbador proporciona una suave presión y estimulación ya que la manga interior tiene forma de espiral y crea bolsas de aire durante su uso. El orificio de entrada está compuesto por una almo,,,adult,130467,new,false,,g,,6,draft
tenga-arte-drape-130598,TENGA ARTE DRAPE,"<p>TENGA ARTE WEAVE es un masturbador suave y sofisticado, diseñado para brindar una experiencia equilibrada entre suavidad y firmeza.Su innovador diseño incorpora capas superpuestas de elastómero que crean una textura de delicados pliegues y grietas, ofreciendo sensaciones versátiles y altamente estimulantes.La base, ajustada, genera una prensión única que intensifica la experiencia.Flexible pero con la firmeza justa, proporciona una agradable sensación esponjosa al contacto, estimulando con cada movimiento. Además, es reutilizable y muy fácil de limpiar. Para una mayor higiene, se recomienda secarlo usando la funda interior (para secado) y almacenarlo en la funda exterior incluida.Para una experiencia óptima, se aconseja usarlo con lubricante a base de agua. El producto incluye una muestra de TENGA Lotion Regular (7 ml) para que puedas empezar a disfrutarlo desde el primer momento.Características principales:? Masturbador suave y sofisticado.? Diseño innovador con capas superpuestas de elastómero.? Textura con delicados pliegues y grietas.? Sensación esponjosa al contacto.? Flexible pero con la firmeza ideal para una mejor estimulación.? Reutilizable y fácil de limpiar.? Incluye funda interior para secado y funda exterior para guardado.? Compatible con lubricantes a base de agua.? Incluye muestra de TENGA Lotion Regular (7 ml).</p><ul><li><strong>Color:</strong> Púrpura</li><li><strong>Dimensiones:</strong> 134,8 mm × 55 mm × 55 mm</li><li><strong>Ingredientes:</strong> Elastómero, PP, PC</li></ul>",TENGA,,Masturbador masculino,"vendor-tenga, juguetes-eroticos, tipo-masturbador, novedad",false,Title,Default Title,,,,,130598,155,shopify,4,deny,manual,26,,true,true,4582655746060,https://ilercavonia.info/lovlory/imagenes-para-subir-125-productos/tenga/130598.jpg,1,TENGA ARTE DRAPE,false,TENGA ARTE DRAPE,"TENGA ARTE WEAVE es un masturbador suave y sofisticado, diseñado para brindar una experiencia equilibrada entre suavidad y firmeza.Su innovador diseño incorpora capas superpuestas de elastómero que crean una textura de delicados pliegues y grietas, ofreciendo sensaciones versátiles y altamente estimulantes.La base, aju",,,adult,130598,new,false,,g,,13,draft
tenga-arte-drape-130598,,,,,,,,,,,,,,,,,,,,,,,,,https://ilercavonia.info/lovlory/imagenes-para-subir-125-productos/tenga/130598b.jpg,2,TENGA ARTE DRAPE,,,,,,,,,,,,,,
tenga-arte-drape-130598,,,,,,,,,,,,,,,,,,,,,,,,,https://ilercavonia.info/lovlory/imagenes-para-subir-125-productos/tenga/130598c.jpg,3,TENGA ARTE DRAPE,,,,,,,,,,,,,,
tenga-arte-drape-130598,,,,,,,,,,,,,,,,,,,,,,,,,https://ilercavonia.info/lovlory/imagenes-para-subir-125-productos/tenga/130598d.jpg,4,TENGA ARTE DRAPE,,,,,,,,,,,,,,
tenga-arte-weave-130597,TENGA ARTE WEAVE,"<p>TENGA ARTE WEAVE es un masturbador suave y sofisticado, diseñado para brindar una experiencia relajante y profundamente placentera.Su innovador diseño cuenta con capas superpuestas de elastómero que crean una textura densa y envolvente, ofreciendo sensaciones versátiles y estimulantes.Flexible pero con la firmeza justa, genera una agradable sensación esponjosa al contacto, estimulando con cada movimiento.Además, es reutilizable y muy fácil de limpiar. Para una mayor higiene, se recomienda secarlo usando la funda interior y almacenarlo en la funda exterior incluida.Para una experiencia óptima, se aconseja usarlo con lubricante a base de agua. El producto incluye una muestra de TENGA Lotion Regular (7 ml) para que puedas empezar a disfrutarlo desde el primer momento.Características principales: ? Masturbador suave y sofisticado.? Diseño innovador con capas superpuestas de elastómero.? Textura densa, envolvente y versátil.? Sensación esponjosa al contacto.? Flexible pero con la firmeza ideal para una mejor estimulación.? Reutilizable y fácil de limpiar.? Incluye funda interior para secado y funda exterior para guardado.? Compatible con lubricantes a base de agua.? Incluye muestra de TENGA Lotion Regular (7 ml).</p><ul><li><strong>Color:</strong> Amarillo</li><li><strong>Dimensiones:</strong> 134,8 mm × 55 mm × 55 mm</li><li><strong>Ingredientes:</strong> Elastómero, PP, PC</li></ul>",TENGA,,Masturbador masculino,"vendor-tenga, juguetes-eroticos, tipo-masturbador, novedad",false,Title,Default Title,,,,,130597,155,shopify,0,deny,manual,26,,true,true,4582655746053,https://ilercavonia.info/lovlory/imagenes-para-subir-125-productos/tenga/130597.jpg,1,TENGA ARTE WEAVE,false,TENGA ARTE WEAVE,"TENGA ARTE WEAVE es un masturbador suave y sofisticado, diseñado para brindar una experiencia relajante y profundamente placentera.Su innovador diseño cuenta con capas superpuestas de elastómero que crean una textura densa y envolvente, ofreciendo sensaciones versátiles y estimulantes.Flexible pero con la firmeza justa",,,adult,130597,new,false,,g,,13,draft
tenga-arte-weave-130597,,,,,,,,,,,,,,,,,,,,,,,,,https://ilercavonia.info/lovlory/imagenes-para-subir-125-productos/tenga/130597b.jpg,2,TENGA ARTE WEAVE,,,,,,,,,,,,,,
tenga-arte-weave-130597,,,,,,,,,,,,,,,,,,,,,,,,,https://ilercavonia.info/lovlory/imagenes-para-subir-125-productos/tenga/130597c.jpg,3,TENGA ARTE WEAVE,,,,,,,,,,,,,,
tenga-arte-weave-130597,,,,,,,,,,,,,,,,,,,,,,,,,https://ilercavonia.info/lovlory/imagenes-para-subir-125-productos/tenga/130597d.jpg,4,TENGA ARTE WEAVE,,,,,,,,,,,,,,
tenga-bobble-crazy-cubes-130474,TENGA BOBBLE CRAZY CUBES,"<p>Tenga Bobble Crazy Cubes es un ocurrente masturbador manual para el pene con un diseño juvenil y divertido. Con una estética futurista, se trata de un masturbador fabricado en elastómero especialmente flexible y blando, creando una sensación muy agradable durante de penetración. En su interior encontramos bloques en forma de cubo con texturas y estrías que forman una estructura interna muy dinámica y sensorial. Estos, envuelven el pene durante la penetración abrazándolo para una sensación más intensa. El material se adapta perfectamente a todo tipo de tamaños y con la mano se puede ejercer la presión deseada. Viene en un práctico estuche para guardarlo, protegiéndolo así del polvo exterior y dejarlo en posición vertical como elemento discreto de decoración. El masturbador es reutilizable y el mantenimiento del producto resulta muy fácil y el estuche también sirve para favorecer el secado del juguete. Tiene una profundidad de inserción de aproximadamente 165 mm y resulta ideal para la autoexploración en solitario o para el uso en compañía. Es muy importante combinar su uso con un lubricante a base de agua.Características principales:Masturbador manual.Diseño juvenil, divertido y ocurrente.Estética futurista.Fabricado en flexible elastómero.Interior con texturas cúbicas.Presión deseada manual.Viene en un práctico estuche.Reutilizable.Fácil de limpiar y secar.Profundidad de inserción 165 mm.Importante combinarlo con un lubricante a base de agua.</p><ul><li><strong>Material:</strong> Carcasa: PP. Producto: Elastómero.</li><li><strong>Color:</strong> Azul/Rosa</li><li><strong>Dimensiones:</strong> 140 mm x 55 mm Ø</li></ul>",TENGA,,Masturbador masculino,"vendor-tenga, juguetes-eroticos, tipo-masturbador, novedad",false,Title,Default Title,,,,,130474,230,shopify,13,deny,manual,24,,true,true,4570030977802,https://ilercavonia.info/lovlory/imagenes-para-subir-125-productos/tenga/130474.jpg,1,TENGA BOBBLE CRAZY CUBES,false,TENGA BOBBLE CRAZY CUBES,"Tenga Bobble Crazy Cubes es un ocurrente masturbador manual para el pene con un diseño juvenil y divertido. Con una estética futurista, se trata de un masturbador fabricado en elastómero especialmente flexible y blando, creando una sensación muy agradable durante de penetración. En su interior encontramos bloques en fo",,,adult,130474,new,false,,g,,12,draft
tenga-bobble-crazy-cubes-130474,,,,,,,,,,,,,,,,,,,,,,,,,https://ilercavonia.info/lovlory/imagenes-para-subir-125-productos/tenga/130474b.jpg,2,TENGA BOBBLE CRAZY CUBES,,,,,,,,,,,,,,
tenga-bobble-crazy-cubes-130474,,,,,,,,,,,,,,,,,,,,,,,,,https://ilercavonia.info/lovlory/imagenes-para-subir-125-productos/tenga/130474c.jpg,3,TENGA BOBBLE CRAZY CUBES,,,,,,,,,,,,,,
tenga-bobble-magic-marbles-130475,TENGA BOBBLE MAGIC MARBLES,"<p>Tenga Bobble Crazy Cubes es un ocurrente masturbador manual para el pene con un diseño juvenil y divertido. Con una estética futurista, se trata de un masturbador fabricado en elastómero especialmente flexible y blando, creando una sensación muy agradable durante de penetración. En su interior encontramos bloques en forma de esfera con texturas y estrías que forman una estructura interna muy dinámica y sensorial. Estos, envuelven el pene durante la penetración abrazándolo para una sensación más intensa. El material se adapta perfectamente a todo tipo de tamaños y con la mano se puede ejercer la presión deseada. Viene en un práctico estuche para guardarlo, protegiéndolo así del polvo exterior y dejarlo en posición vertical como elemento discreto de decoración. El masturbador es reutilizable y el mantenimiento del producto resulta muy fácil y el estuche también sirve para favorecer el secado del juguete. Tiene una profundidad de inserción de aproximadamente 165 mm y resulta ideal para la autoexploración en solitario o para el uso en compañía. Es muy importante combinar su uso con un lubricante a base de agua.Características principales:Masturbador manual.Diseño juvenil, divertido y ocurrente.Estética futurista.Fabricado en flexible elastómero.Interior con texturas esféricas.Presión deseada manual.Viene en un práctico estuche.Reutilizable.Fácil de limpiar y secar.Profundidad de inserción 165 mm.Importante combinarlo con un lubricante a base de agua.</p><ul><li><strong>Material:</strong> Carcasa: PP. Producto: Elastómero.</li><li><strong>Color:</strong> Lila/Amarillo</li><li><strong>Dimensiones:</strong> 140 mm x 55 mm Ø</li></ul>",TENGA,,Masturbador masculino,"vendor-tenga, juguetes-eroticos, tipo-masturbador, novedad",false,Title,Default Title,,,,,130475,230,shopify,0,deny,manual,24,,true,true,4570030977819,https://ilercavonia.info/lovlory/imagenes-para-subir-125-productos/tenga/130475.jpg,1,TENGA BOBBLE MAGIC MARBLES,false,TENGA BOBBLE MAGIC MARBLES,"Tenga Bobble Crazy Cubes es un ocurrente masturbador manual para el pene con un diseño juvenil y divertido. Con una estética futurista, se trata de un masturbador fabricado en elastómero especialmente flexible y blando, creando una sensación muy agradable durante de penetración. En su interior encontramos bloques en fo",,,adult,130475,new,false,,g,,12,draft
tenga-bobble-magic-marbles-130475,,,,,,,,,,,,,,,,,,,,,,,,,https://ilercavonia.info/lovlory/imagenes-para-subir-125-productos/tenga/130475b.jpg,2,TENGA BOBBLE MAGIC MARBLES,,,,,,,,,,,,,,
tenga-bobble-magic-marbles-130475,,,,,,,,,,,,,,,,,,,,,,,,,https://ilercavonia.info/lovlory/imagenes-para-subir-125-productos/tenga/130475c.jpg,3,TENGA BOBBLE MAGIC MARBLES,,,,,,,,,,,,,,
tenga-dual-sensation-cup-extremes-130468,TENGA DUAL SENSATION CUP EXTREMES,"<p>Dual Sensation Extremes es un masturbador manual para el pene muy ergonómico y con un diseño de doble estimulación. Compuesto de dos cavidades separadas que aportan diferentes sensaciones durante la penetración. Una de ellas es más suave y la otra más apretada para una penetración más estrecha, simulando así una penetración vaginal y otra anal. Los orificios de entrada están compuestos por una almohadilla suave y lisa que aplica el lubricante desde el comienzo de la inserción, ofreciendo al mismo tiempo adherencia adicional, una menor pérdida de lubricante y una mayor hermeticidad. Se trata de un producto discreto, muy ligero y fácilmente transportable a cualquier lugar. Se adapta a la perfección a la anatomía de la mano para asegurar un agarre firme. Su interior está fabricado de TPE, muy suave y resbaladizo gracias al lubricante que tiene, envolviendo el pene con texturas. Viene lubricado con lubricante suave a base de agua y está pensado para usarlo en una sola ocasión.Características principales: Masturbador para el pene.Manual.Diseñado con dos cavidades separadas.Ergonómico.Una cavidad es muy suave y la otra es más estrecha.Simula una entrada vaginal y otra anal.Entradas por almohadillas suaves y lubricadas. Discreto, ligero y transportable.Agarre firme.Interior fabricado de TPE.Pensado para ser desechado.</p><ul><li><strong>Material:</strong> TPE/PE/PU</li><li><strong>Color:</strong> Blanco/Negro</li><li><strong>Dimensiones:</strong> 155 mm x 65 mm Ø</li></ul>",TENGA,,Masturbador masculino,"vendor-tenga, juguetes-eroticos, tipo-masturbador, novedad",false,Title,Default Title,,,,,130468,200,shopify,11,deny,manual,13,,true,true,4570030972524,https://ilercavonia.info/lovlory/imagenes-para-subir-125-productos/tenga/130468.jpg,1,TENGA DUAL SENSATION CUP EXTREMES,false,TENGA DUAL SENSATION CUP EXTREMES,"Dual Sensation Extremes es un masturbador manual para el pene muy ergonómico y con un diseño de doble estimulación. Compuesto de dos cavidades separadas que aportan diferentes sensaciones durante la penetración. Una de ellas es más suave y la otra más apretada para una penetración más estrecha, simulando así una penetr",,,adult,130468,new,false,,g,,6.5,draft
tenga-egg-bouncy-unitario-130731-1,TENGA EGG BOUNCY UNITARIO,"<p>Huevito masturbador manual diseñado para la estimulación del pene.Fabricado en elastómero termoplástico (TPE), cuenta con un acabado muy suave y agradable. Es flexible y se adapta perfectamente a todo tipo de penes. En su interior incorpora texturas en relieve que proporcionan diferentes y excitantes sensaciones, especialmente al estimular zonas más sensibles como el glande.BOUNCY de TENGA está formado por esferas con pequeñas protuberancias y nervaduras sutilmente estratificadas que cubren el interior, creando sensaciones rugosas, elásticas y ondulantes. Es un juguete muy discreto, de tamaño compacto, divertido y realmente práctico.Es muy ligero y perfecto para llevar a cualquier lugar, gracias también a su envoltorio en forma de huevito que lo protege del exterior.Incluye en su interior una monodosis de lubricante a base de agua, indispensable para su uso. Está diseñado para un solo uso.Características principales:? Huevito masturbador.? Diseñado para la estimulación del pene.? Fabricado en TPE.? Flexible.? Acabado suave y agradable.? Texturas y detalles que sobresalen en el interior.? Textura interna: esferas.? Discreto, práctico y ligero.? Envoltorio que lo protege del exterior y lo almacena.? Incluye monodosis de lubricante para usarlo correctamente.? Pensado para usarlo una sola vez.</p><ul><li><strong>Dimensiones:</strong> 61 mm × 49 mm × 49 mm</li><li><strong>Ingredientes:</strong> PP, elastómero termoplástico (TPE). /Ingredientes: Agua, Glicerina, Hidroxietilcelulosa, Poliacrilato de sodio, Fenoxietanol, Metilparabeno</li></ul>",TENGA,,Masturbador masculino,"vendor-tenga, juguetes-eroticos, tipo-masturbador, novedad",false,Title,Default Title,,,,,130731-1,36,shopify,49,deny,manual,6,,true,true,4582655748378,https://ilercavonia.info/lovlory/imagenes-para-subir-125-productos/tenga/130731-1.jpg,1,TENGA EGG BOUNCY UNITARIO,false,TENGA EGG BOUNCY UNITARIO,"Huevito masturbador manual diseñado para la estimulación del pene.Fabricado en elastómero termoplástico (TPE), cuenta con un acabado muy suave y agradable. Es flexible y se adapta perfectamente a todo tipo de penes. En su interior incorpora texturas en relieve que proporcionan diferentes y excitantes sensaciones, espec",,,adult,130731-1,new,false,,g,,2.95,draft
tenga-egg-bouncy-unitario-130731-1,,,,,,,,,,,,,,,,,,,,,,,,,https://ilercavonia.info/lovlory/imagenes-para-subir-125-productos/tenga/130731-1b.jpg,2,TENGA EGG BOUNCY UNITARIO,,,,,,,,,,,,,,
tenga-egg-bouncy-unitario-130731-1,,,,,,,,,,,,,,,,,,,,,,,,,https://ilercavonia.info/lovlory/imagenes-para-subir-125-productos/tenga/130731-1c.jpg,3,TENGA EGG BOUNCY UNITARIO,,,,,,,,,,,,,,
tenga-egg-cubic-unitario-130729-1,TENGA EGG CUBIC UNITARIO,"<p>Huevito masturbador manual diseñado para la estimulación del pene.Fabricado en elastómero termoplástico (TPE), cuenta con un acabado muy suave y agradable. Es flexible y se adapta perfectamente a todo tipo de penes. En su interior incorpora texturas en relieve que proporcionan diferentes y excitantes sensaciones, especialmente al estimular zonas más sensibles como el glande.CUBIC  de TENGA está formado por innumerables cubos superpuestos se elevan en espiral con profundidades contrastantes, brindando una estimulación profunda e intensa desde los bordes gruesos y audaces. Es un juguete muy discreto, de tamaño compacto, divertido y realmente práctico.Es muy ligero y perfecto para llevar a cualquier lugar, gracias también a su envoltorio en forma de huevito que lo protege del exterior.Incluye en su interior una monodosis de lubricante a base de agua, indispensable para su uso. Está diseñado para un solo uso.Características principales:? Huevito masturbador.? Diseñado para la estimulación del pene.? Fabricado en TPE.? Flexible.? Acabado suave y agradable.? Texturas y detalles que sobresalen en el interior.? Textura interna: cubos.? Discreto, práctico y ligero.? Envoltorio que lo protege del exterior y lo almacena.? Incluye monodosis de lubricante para usarlo correctamente.? Pensado para usarlo una sola vez.</p><ul><li><strong>Dimensiones:</strong> 61 mm × 49 mm × 49 mm</li><li><strong>Ingredientes:</strong> PP, elastómero termoplástico (TPE). Ingredientes: Agua, Glicerina, Hidroxietilcelulosa, Poliacrilato de sodio, Fenoxietanol, Metilparabeno.</li></ul>",TENGA,,Masturbador masculino,"vendor-tenga, juguetes-eroticos, tipo-masturbador, novedad",false,Title,Default Title,,,,,130729-1,36,shopify,50,deny,manual,6,,true,true,4582655748354,https://ilercavonia.info/lovlory/imagenes-para-subir-125-productos/tenga/130729-1.jpg,1,TENGA EGG CUBIC UNITARIO,false,TENGA EGG CUBIC UNITARIO,"Huevito masturbador manual diseñado para la estimulación del pene.Fabricado en elastómero termoplástico (TPE), cuenta con un acabado muy suave y agradable. Es flexible y se adapta perfectamente a todo tipo de penes. En su interior incorpora texturas en relieve que proporcionan diferentes y excitantes sensaciones, espec",,,adult,130729-1,new,false,,g,,2.95,draft
tenga-egg-cubic-unitario-130729-1,,,,,,,,,,,,,,,,,,,,,,,,,https://ilercavonia.info/lovlory/imagenes-para-subir-125-productos/tenga/130729-1b.jpg,2,TENGA EGG CUBIC UNITARIO,,,,,,,,,,,,,,
tenga-egg-cubic-unitario-130729-1,,,,,,,,,,,,,,,,,,,,,,,,,https://ilercavonia.info/lovlory/imagenes-para-subir-125-productos/tenga/130729-1c.jpg,3,TENGA EGG CUBIC UNITARIO,,,,,,,,,,,,,,
tenga-egg-lovers-pride-edition-unitario-130735-1,TENGA EGG LOVERS PRIDE EDITION UNITARIO,"<p>LOVERS PRIDE de TENGA es un masturbador manual en forma de huevito diseñado para la estimulación del pene.Fabricado en elastómero termoplástico (TPE), cuenta con un acabado muy suave y agradable. Es flexible y se adapta perfectamente a todo tipo de penes. En su interior incorpora texturas en relieve que proporcionan diferentes y excitantes sensaciones, especialmente al estimular zonas más sensibles como el glande.Es un juguete muy discreto, de tamaño compacto, divertido y realmente práctico.Es muy ligero y perfecto para llevar a cualquier lugar, gracias también a su envoltorio en forma de huevito que lo protege del exterior.Incluye en su interior una monodosis de lubricante a base de agua, indispensable para su uso. Está diseñado para un solo uso.Características principales:? Huevito masturbador.? Diseñado para la estimulación del pene.? Fabricado en TPE.? Flexible.? Acabado suave y agradable.? Texturas y detalles en relieve en el interior.? Discreto, práctico y ligero.? Envoltorio que lo protege del exterior y lo almacena.? Incluye monodosis de lubricante para usarlo correctamente.? Pensado para usarlo una sola vez.</p><ul><li><strong>Dimensiones:</strong> 61 mm × 49 mm × 49 mm</li><li><strong>Ingredientes:</strong> PP, elastómero termoplástico (TPE). /Ingredientes: Agua, Glicerina, Hidroxietilcelulosa, Poliacrilato de sodio, Fenoxietanol, Metilparabeno</li></ul>",TENGA,,Masturbador masculino,"vendor-tenga, juguetes-eroticos, tipo-masturbador, novedad",false,Title,Default Title,,,,,130735-1,36,shopify,50,deny,manual,6,,true,true,4582655749320,https://ilercavonia.info/lovlory/imagenes-para-subir-125-productos/tenga/130735-1.jpg,1,TENGA EGG LOVERS PRIDE EDITION UNITARIO,false,TENGA EGG LOVERS PRIDE EDITION UNITARIO,"LOVERS PRIDE de TENGA es un masturbador manual en forma de huevito diseñado para la estimulación del pene.Fabricado en elastómero termoplástico (TPE), cuenta con un acabado muy suave y agradable. Es flexible y se adapta perfectamente a todo tipo de penes. En su interior incorpora texturas en relieve que proporcionan di",,,adult,130735-1,new,false,,g,,2.95,draft
tenga-egg-lovers-pride-edition-unitario-130735-1,,,,,,,,,,,,,,,,,,,,,,,,,https://ilercavonia.info/lovlory/imagenes-para-subir-125-productos/tenga/130735-1b.jpg,2,TENGA EGG LOVERS PRIDE EDITION UNITARIO,,,,,,,,,,,,,,
tenga-egg-lovers-pride-edition-unitario-130735-1,,,,,,,,,,,,,,,,,,,,,,,,,https://ilercavonia.info/lovlory/imagenes-para-subir-125-productos/tenga/130735-1c.jpg,3,TENGA EGG LOVERS PRIDE EDITION UNITARIO,,,,,,,,,,,,,,
tenga-egg-silky-unitario-130732-1,TENGA EGG SILKY UNITARIO,"<p>Huevito masturbador manual diseñado para la estimulación del pene.Fabricado en elastómero termoplástico (TPE), cuenta con un acabado muy suave y agradable. Es flexible y se adapta perfectamente a todo tipo de penes. En su interior incorpora texturas en relieve que proporcionan diferentes y excitantes sensaciones, especialmente al estimular zonas más sensibles como el glande.SILKY de TENGA está formado por capas de bordes finos y sutiles que adornan el material suave, proporcionando un placer elástico que envuelve y estimula suavemente con cada toque. Es un juguete muy discreto, de tamaño compacto, divertido y realmente práctico.Es muy ligero y perfecto para llevar a cualquier lugar, gracias también a su envoltorio en forma de huevito que lo protege del exterior.Incluye en su interior una monodosis de lubricante a base de agua, indispensable para su uso. Está diseñado para un solo uso.Características principales:? Huevito masturbador.? Diseñado para la estimulación del pene.? Fabricado en TPE.? Flexible.? Acabado suave y agradable.? Texturas y detalles que sobresalen en el interior.? Textura interna: capas con bordes.? Discreto, práctico y ligero.? Envoltorio que lo protege del exterior y lo almacena.? Incluye monodosis de lubricante para usarlo correctamente.? Pensado para usarlo una sola vez.</p><ul><li><strong>Dimensiones:</strong> 61 mm × 49 mm × 49 mm</li><li><strong>Ingredientes:</strong> PP, elastómero termoplástico (TPE). /Ingredientes: Agua, Glicerina, Hidroxietilcelulosa, Poliacrilato de sodio, Fenoxietanol, Metilparabeno</li></ul>",TENGA,,Masturbador masculino,"vendor-tenga, juguetes-eroticos, tipo-masturbador, novedad",false,Title,Default Title,,,,,130732-1,36,shopify,13,deny,manual,6,,true,true,4582655748385,https://ilercavonia.info/lovlory/imagenes-para-subir-125-productos/tenga/130732-1.jpg,1,TENGA EGG SILKY UNITARIO,false,TENGA EGG SILKY UNITARIO,"Huevito masturbador manual diseñado para la estimulación del pene.Fabricado en elastómero termoplástico (TPE), cuenta con un acabado muy suave y agradable. Es flexible y se adapta perfectamente a todo tipo de penes. En su interior incorpora texturas en relieve que proporcionan diferentes y excitantes sensaciones, espec",,,adult,130732-1,new,false,,g,,2.95,draft
tenga-egg-silky-unitario-130732-1,,,,,,,,,,,,,,,,,,,,,,,,,https://ilercavonia.info/lovlory/imagenes-para-subir-125-productos/tenga/130732-1b.jpg,2,TENGA EGG SILKY UNITARIO,,,,,,,,,,,,,,
tenga-egg-silky-unitario-130732-1,,,,,,,,,,,,,,,,,,,,,,,,,https://ilercavonia.info/lovlory/imagenes-para-subir-125-productos/tenga/130732-1c.jpg,3,TENGA EGG SILKY UNITARIO,,,,,,,,,,,,,,
tenga-egg-snow-crystal-unitario-130483-1,TENGA EGG SNOW CRYSTAL UNITARIO,"<p>Huevito masturbador manual diseñado para la estimulación del pene que añade un toque refrescante. La última edición de la serie TENGA COOL, con un nuevo y fresco diseño de packaging. Fabricado en elastómero termoplástico (TPE) con un acabado muy suave y agradable, flexible y se adapta muy bien a todo tipo de penes. En su interior encontramos texturas que sobresalen para aportar diferentes y excitantes sensaciones, sobretodo si se juega en zonas más sensibles como el glande. Snow Crystal posee en su interior texturas geometricas que recuerdan a copos de nieve que sobresalen, aportando una explosión de sensaciones. Es un juguete muy discreto, de tamaño pequeño, divertido y realmente práctico. Es muy ligero y perfecto para llevarlo a cualquier lugar gracias también a su envoltorio en forma de huevito que lo protege del exterior. La edición COOL añade en su interior una monodosis de lubricante a base de agua con efecto refrescante, indispensable para su uso. Están pensados para ser usados una única vez.Características principales: Huevito masturbador.Edición COOL, con lubricante efecto frío.Diseñado para la estimulación del pene.Fabricado en TPE.Flexible.Acabado suave y agradable.Texturas y detalles que sobresalen en el interior.Textura interna: copos de nieve geométricos.Discreto, práctico y ligero.Envoltorio que lo protege del exterior y lo almacena.Incluye monodosis de lubricante con efecto refrescante.Pensados para usarlo una sola vez.</p><ul><li><strong>Material:</strong> TPE</li><li><strong>Dimensiones:</strong> 60 mm x 50 mm x 50 mm</li></ul>",TENGA,,Masturbador masculino,"vendor-tenga, juguetes-eroticos, tipo-masturbador, novedad",false,Title,Default Title,,,,,130483-1,,shopify,50,deny,manual,6,,true,true,4570030977857,https://ilercavonia.info/lovlory/imagenes-para-subir-125-productos/tenga/1304831.jpg,1,TENGA EGG SNOW CRYSTAL UNITARIO,false,TENGA EGG SNOW CRYSTAL UNITARIO,"Huevito masturbador manual diseñado para la estimulación del pene que añade un toque refrescante. La última edición de la serie TENGA COOL, con un nuevo y fresco diseño de packaging. Fabricado en elastómero termoplástico (TPE) con un acabado muy suave y agradable, flexible y se adapta muy bien a todo tipo de penes. En ",,,adult,130483-1,new,false,,g,,2.95,draft
tenga-egg-snow-crystal-unitario-130483-1,,,,,,,,,,,,,,,,,,,,,,,,,https://ilercavonia.info/lovlory/imagenes-para-subir-125-productos/tenga/1304831b.jpg,2,TENGA EGG SNOW CRYSTAL UNITARIO,,,,,,,,,,,,,,
tenga-egg-snow-crystal-unitario-130483-1,,,,,,,,,,,,,,,,,,,,,,,,,https://ilercavonia.info/lovlory/imagenes-para-subir-125-productos/tenga/1304831c.jpg,3,TENGA EGG SNOW CRYSTAL UNITARIO,,,,,,,,,,,,,,
tenga-egg-snow-crystal-unitario-130483-1,,,,,,,,,,,,,,,,,,,,,,,,,https://ilercavonia.info/lovlory/imagenes-para-subir-125-productos/tenga/1304831d.jpg,4,TENGA EGG SNOW CRYSTAL UNITARIO,,,,,,,,,,,,,,
tenga-egg-sphere-unitario-130437-1,TENGA EGG SPHERE Unitario,"<p>Huevito masturbador manual diseñado para la estimulación del pene. Fabricado en elastómero termoplástico (TPE) con un acabado muy suave y agradable, flexible y se adapta muy bien a todo tipo de penes. En su interior encontramos texturas que sobresalen para aportar diferentes y excitantes sensaciones, sobretodo si se juega en zonas más sensibles como el glande. Sphere está formado de texturas bulbosas en espiral y estriadas que sobresalen en su interior, aportando una explosión de sensaciones. Es un juguete muy discreto, de tamaño pequeño, divertido y realmente práctico. Es muy ligero y perfecto para llevarlo a cualquier lugar gracias también a su envoltorio en forma de huevito que lo protege del exterior. En su interior incluye una monodosis de lubricante a base de agua, indispensable para su uso. Están pensados para ser usados una única vez.Características principales: Huevito masturbador.Diseñado para la estimulación del pene.Fabricado en TPE.Flexible.Acabado suave y agradable.Texturas y detalles que sobresalen en el interior.Textura interna: bulbosas en espiral y estriadas.Discreto, práctico y ligero.Envoltorio que lo protege del exterior y lo almacena.Incluye monodosis de lubricante para usarlo correctamente.Pensados para usarlo una sola vez.</p><ul><li><strong>Material:</strong> TPE</li><li><strong>Dimensiones:</strong> 60 mm x 50 mm x 50 mm</li></ul>",TENGA,,Masturbador masculino,"vendor-tenga, juguetes-eroticos, tipo-masturbador, novedad",false,Title,Default Title,,,,,130437-1,,shopify,0,deny,manual,6,,true,true,4560220556528,https://ilercavonia.info/lovlory/imagenes-para-subir-125-productos/tenga/1304371.jpg,1,TENGA EGG SPHERE Unitario,false,TENGA EGG SPHERE Unitario,"Huevito masturbador manual diseñado para la estimulación del pene. Fabricado en elastómero termoplástico (TPE) con un acabado muy suave y agradable, flexible y se adapta muy bien a todo tipo de penes. En su interior encontramos texturas que sobresalen para aportar diferentes y excitantes sensaciones, sobretodo si se ju",,,adult,130437-1,new,false,,g,,2.95,draft
tenga-egg-sphere-unitario-130437-1,,,,,,,,,,,,,,,,,,,,,,,,,https://ilercavonia.info/lovlory/imagenes-para-subir-125-productos/tenga/1304371b.jpg,2,TENGA EGG SPHERE Unitario,,,,,,,,,,,,,,
tenga-egg-sphere-unitario-130437-1,,,,,,,,,,,,,,,,,,,,,,,,,https://ilercavonia.info/lovlory/imagenes-para-subir-125-productos/tenga/1304371c.jpg,3,TENGA EGG SPHERE Unitario,,,,,,,,,,,,,,
tenga-egg-standard-3-pack-i-130733,TENGA EGG STANDARD 3 PACK I,"<p>Pack de 3 huevos masturbadores de Tenga.Fabricados en elastómero termoplástico (TPE), cuentan con un acabado muy suave y agradable. Son flexibles y se adaptan perfectamente a todo tipo de penes. En su interior incorporan distintas texturas en relieve, que proporcionan sensaciones variadas y estimulantes, especialmente en zonas más sensibles como el glande.Son juguetes muy discretos, de tamaño compacto, divertidos y realmente prácticos. Cada huevo es muy ligero y perfecto para llevar a cualquier lugar, gracias también a su envoltorio en forma de huevo que los protege del exterior.En su interior incluye una monodosis de lubricante a base de agua, indispensable para su uso. Están diseñados para un solo uso.Características principales:? Pack de 3 unidades de huevos masturbadores Tenga. ? Fabricados en elastómero termoplástico (TPE), material suave y flexible. ? Texturas internas en relieve que ofrecen sensaciones variadas y estimulantes. ? Se adaptan a todo tipo de penes para una experiencia cómoda. ? Diseño compacto, discreto y fácil de transportar. ? Incluyen envoltorio en forma de huevo que los protege. ? Cada unidad contiene una monodosis de lubricante a base de agua. ? Producto de un solo uso.</p><ul><li><strong>Material:</strong> Carcasa exterior: PP ; Funda: elastómero termoplástico (TPE) / Ingredientes: Agua, glicerina, hidroxietilcelulosa, poliacrilato de sodio, fenoxietanol, metilparabeno</li><li><strong>Dimensiones:</strong> 61 mm × 49 mm × 49 mm</li></ul>",TENGA,,Masturbador masculino,"vendor-tenga, juguetes-eroticos, tipo-masturbador, novedad",false,Title,Default Title,,,,,130733,36,shopify,50,deny,manual,18,,true,true,4582655748408,https://ilercavonia.info/lovlory/imagenes-para-subir-125-productos/tenga/130733.jpg,1,TENGA EGG STANDARD 3 PACK I,false,TENGA EGG STANDARD 3 PACK I,"Pack de 3 huevos masturbadores de Tenga.Fabricados en elastómero termoplástico (TPE), cuentan con un acabado muy suave y agradable. Son flexibles y se adaptan perfectamente a todo tipo de penes. En su interior incorporan distintas texturas en relieve, que proporcionan sensaciones variadas y estimulantes, especialmente ",,,adult,130733,new,false,,g,,8.99,draft
tenga-egg-standard-3-pack-i-130733,,,,,,,,,,,,,,,,,,,,,,,,,https://ilercavonia.info/lovlory/imagenes-para-subir-125-productos/tenga/130733b.jpg,2,TENGA EGG STANDARD 3 PACK I,,,,,,,,,,,,,,
tenga-egg-standard-3-pack-ii-130734,TENGA EGG STANDARD 3 PACK II,"<p>Pack de 3 huevos masturbadores de Tenga.Fabricados en elastómero termoplástico (TPE), cuentan con un acabado muy suave y agradable. Son flexibles y se adaptan perfectamente a todo tipo de penes. En su interior incorporan distintas texturas en relieve, que proporcionan sensaciones variadas y estimulantes, especialmente en zonas más sensibles como el glande.Son juguetes muy discretos, de tamaño compacto, divertidos y realmente prácticos. Cada huevo es muy ligero y perfecto para llevar a cualquier lugar, gracias también a su envoltorio en forma de huevo que los protege del exterior.En su interior incluye una monodosis de lubricante a base de agua, indispensable para su uso. Están diseñados para un solo uso.Características principales:? Pack de 3 unidades de huevos masturbadores Tenga. ? Fabricados en elastómero termoplástico (TPE), material suave y flexible. ? Texturas internas en relieve que ofrecen sensaciones variadas y estimulantes. ? Se adaptan a todo tipo de penes para una experiencia cómoda. ? Diseño compacto, discreto y fácil de transportar. ? Incluyen envoltorio en forma de huevo que los protege. ? Cada unidad contiene una monodosis de lubricante a base de agua. ? Producto de un solo uso.</p><ul><li><strong>Material:</strong> Carcasa exterior: PP ; Funda: elastómero termoplástico (TPE) / Ingredientes: Agua, glicerina, hidroxietilcelulosa, poliacrilato de sodio, fenoxietanol, metilparabeno</li><li><strong>Dimensiones:</strong> 61 mm × 49 mm × 49 mm</li></ul>",TENGA,,Masturbador masculino,"vendor-tenga, juguetes-eroticos, tipo-masturbador, novedad",false,Title,Default Title,,,,,130734,36,shopify,50,deny,manual,18,,true,true,4582655748415,https://ilercavonia.info/lovlory/imagenes-para-subir-125-productos/tenga/130734.jpg,1,TENGA EGG STANDARD 3 PACK II,false,TENGA EGG STANDARD 3 PACK II,"Pack de 3 huevos masturbadores de Tenga.Fabricados en elastómero termoplástico (TPE), cuentan con un acabado muy suave y agradable. Son flexibles y se adaptan perfectamente a todo tipo de penes. En su interior incorporan distintas texturas en relieve, que proporcionan sensaciones variadas y estimulantes, especialmente ",,,adult,130734,new,false,,g,,8.99,draft
tenga-egg-standard-3-pack-ii-130734,,,,,,,,,,,,,,,,,,,,,,,,,https://ilercavonia.info/lovlory/imagenes-para-subir-125-productos/tenga/130734b.jpg,2,TENGA EGG STANDARD 3 PACK II,,,,,,,,,,,,,,
tenga-egg-standard-package-130439,TENGA EGG STANDARD PACKAGE,"<p>Pack de huevera de 6 huevitos masturbadores Tenga. Cada uno de ellos es diferente, con variadas texturas para una increíble explosión de sensaciones. Los huevos están fabricado en elastómero termoplástico (TPE) con un acabado muy suave y agradable, flexible y se adapta muy bien a todo tipo de penes. Es un juguete muy discreto, de tamaño pequeño, divertido y realmente práctico. Es muy ligero y perfecto para llevarlo a cualquier lugar gracias también a su envoltorio en forma de huevito que lo protege del exterior. Están pensados para ser usados una única vez.La huevera incluye: Wavy II, Boxy, Brush, Tornado, Sphere y Silky II.Características principales:Pack de 6 huevos Tenga.Packaging en forma de huevera.Cada uno es un modelo diferente. Incluye: Wavy II, Boxy, Brush, Tornado, Sphere y Silky II.</p><ul><li><strong>Material:</strong> TPE</li><li><strong>Dimensiones:</strong> 60 mm x 50 mm x 50 mm</li></ul>",TENGA,,Masturbador masculino,"vendor-tenga, juguetes-eroticos, tipo-masturbador, novedad",false,Title,Default Title,,,,,130439,,shopify,0,deny,manual,36,,true,true,4560220556542,https://ilercavonia.info/lovlory/imagenes-para-subir-125-productos/tenga/130439.jpg,1,TENGA EGG STANDARD PACKAGE,false,TENGA EGG STANDARD PACKAGE,"Pack de huevera de 6 huevitos masturbadores Tenga. Cada uno de ellos es diferente, con variadas texturas para una increíble explosión de sensaciones. Los huevos están fabricado en elastómero termoplástico (TPE) con un acabado muy suave y agradable, flexible y se adapta muy bien a todo tipo de penes. Es un juguete muy d",,,adult,130439,new,false,,g,,17.99,draft
tenga-egg-standard-package-130439,,,,,,,,,,,,,,,,,,,,,,,,,https://ilercavonia.info/lovlory/imagenes-para-subir-125-productos/tenga/130439b.jpg,2,TENGA EGG STANDARD PACKAGE,,,,,,,,,,,,,,
tenga-egg-standard-package-130439,,,,,,,,,,,,,,,,,,,,,,,,,https://ilercavonia.info/lovlory/imagenes-para-subir-125-productos/tenga/130439c.jpg,3,TENGA EGG STANDARD PACKAGE,,,,,,,,,,,,,,
tenga-egg-standard-package-130439,,,,,,,,,,,,,,,,,,,,,,,,,https://ilercavonia.info/lovlory/imagenes-para-subir-125-productos/tenga/130439d.jpg,4,TENGA EGG STANDARD PACKAGE,,,,,,,,,,,,,,
tenga-egg-starry-unitario-130728-1,TENGA EGG STARRY UNITARIO,"<p>Huevito masturbador manual diseñado para la estimulación del pene.Fabricado en elastómero termoplástico (TPE), cuenta con un acabado muy suave y agradable. Es flexible y se adapta perfectamente a todo tipo de penes. En su interior incorpora texturas en relieve que proporcionan diferentes y excitantes sensaciones, especialmente al estimular zonas más sensibles como el glande.STARRY de TENGA está formado por púas en forma de estrella, densamente agrupadas en una estructura escalonada, que ofrecen sensaciones firmes y definidas en un abrazo intenso. Es un juguete muy discreto, de tamaño compacto, divertido y realmente práctico.Es muy ligero y perfecto para llevar a cualquier lugar, gracias también a su envoltorio en forma de huevito que lo protege del exterior.Incluye en su interior una monodosis de lubricante a base de agua, indispensable para su uso. Está diseñado para un solo uso.Características principales:? Huevito masturbador.? Diseñado para la estimulación del pene.? Fabricado en TPE.? Flexible.? Acabado suave y agradable.? Texturas y detalles que sobresalen en el interior.? Textura interna: púas.? Discreto, práctico y ligero.? Envoltorio que lo protege del exterior y lo almacena.? Incluye monodosis de lubricante para usarlo correctamente.? Pensado para usarlo una sola vez.</p><ul><li><strong>Dimensiones:</strong> 61 mm × 49 mm × 49 mm</li><li><strong>Ingredientes:</strong> Funda: elastómero termoplástico (TPE) / Ingredientes: Agua, glicerina, hidroxietilcelulosa, poliacrilato de sodio, fenoxietanol, metilparabeno</li></ul>",TENGA,,Masturbador masculino,"vendor-tenga, juguetes-eroticos, tipo-masturbador, novedad",false,Title,Default Title,,,,,130728-1,36,shopify,48,deny,manual,6,,true,true,4582655748347,https://ilercavonia.info/lovlory/imagenes-para-subir-125-productos/tenga/130728-1.jpg,1,TENGA EGG STARRY UNITARIO,false,TENGA EGG STARRY UNITARIO,"Huevito masturbador manual diseñado para la estimulación del pene.Fabricado en elastómero termoplástico (TPE), cuenta con un acabado muy suave y agradable. Es flexible y se adapta perfectamente a todo tipo de penes. En su interior incorpora texturas en relieve que proporcionan diferentes y excitantes sensaciones, espec",,,adult,130728-1,new,false,,g,,2.95,draft
tenga-egg-starry-unitario-130728-1,,,,,,,,,,,,,,,,,,,,,,,,,https://ilercavonia.info/lovlory/imagenes-para-subir-125-productos/tenga/130728-1b.jpg,2,TENGA EGG STARRY UNITARIO,,,,,,,,,,,,,,
tenga-egg-starry-unitario-130728-1,,,,,,,,,,,,,,,,,,,,,,,,,https://ilercavonia.info/lovlory/imagenes-para-subir-125-productos/tenga/130728-1c.jpg,3,TENGA EGG STARRY UNITARIO,,,,,,,,,,,,,,
tenga-egg-twister-unitario-130730-1,TENGA EGG TWISTER UNITARIO,"<p>Huevito masturbador manual diseñado para la estimulación del pene.Fabricado en elastómero termoplástico (TPE), cuenta con un acabado muy suave y agradable. Es flexible y se adapta perfectamente a todo tipo de penes. En su interior incorpora texturas en relieve que proporcionan diferentes y excitantes sensaciones, especialmente al estimular zonas más sensibles como el glande.TWISTER  de TENGA está formado por nervaduras complejas y finamente detalladas se unen en una impactante espiral de 180°, ofreciendo estimulación densa y envolvente con cada giro. Es un juguete muy discreto, de tamaño compacto, divertido y realmente práctico.Es muy ligero y perfecto para llevar a cualquier lugar, gracias también a su envoltorio en forma de huevito que lo protege del exterior.Incluye en su interior una monodosis de lubricante a base de agua, indispensable para su uso. Está diseñado para un solo uso.Características principales:? Huevito masturbador.? Diseñado para la estimulación del pene.? Fabricado en TPE.? Flexible.? Acabado suave y agradable.? Texturas y detalles que sobresalen en el interior.? Textura interna: espiral.? Discreto, práctico y ligero.? Envoltorio que lo protege del exterior y lo almacena.? Incluye monodosis de lubricante para usarlo correctamente.? Pensado para usarlo una sola vez.</p><ul><li><strong>Dimensiones:</strong> 61 mm × 49 mm × 49 mm</li><li><strong>Ingredientes:</strong> PP, elastómero termoplástico (TPE). /Ingredientes: Agua, Glicerina, Hidroxietilcelulosa, Poliacrilato de sodio, Fenoxietanol, Metilparabeno</li></ul>",TENGA,,Masturbador masculino,"vendor-tenga, juguetes-eroticos, tipo-masturbador, novedad",false,Title,Default Title,,,,,130730-1,36,shopify,48,deny,manual,6,,true,true,4582655748361,https://ilercavonia.info/lovlory/imagenes-para-subir-125-productos/tenga/130730-1.jpg,1,TENGA EGG TWISTER UNITARIO,false,TENGA EGG TWISTER UNITARIO,"Huevito masturbador manual diseñado para la estimulación del pene.Fabricado en elastómero termoplástico (TPE), cuenta con un acabado muy suave y agradable. Es flexible y se adapta perfectamente a todo tipo de penes. En su interior incorpora texturas en relieve que proporcionan diferentes y excitantes sensaciones, espec",,,adult,130730-1,new,false,,g,,2.95,draft
tenga-egg-twister-unitario-130730-1,,,,,,,,,,,,,,,,,,,,,,,,,https://ilercavonia.info/lovlory/imagenes-para-subir-125-productos/tenga/130730-1b.jpg,2,TENGA EGG TWISTER UNITARIO,,,,,,,,,,,,,,
tenga-egg-twister-unitario-130730-1,,,,,,,,,,,,,,,,,,,,,,,,,https://ilercavonia.info/lovlory/imagenes-para-subir-125-productos/tenga/130730-1c.jpg,3,TENGA EGG TWISTER UNITARIO,,,,,,,,,,,,,,
tenga-egg-wavy-ii-unitario-130433-1,TENGA EGG WAVY II Unitario,"<p>Huevito masturbador manual diseñado para la estimulación del pene. Fabricado en elastómero termoplástico (TPE) con un acabado muy suave y agradable, flexible y se adapta muy bien a todo tipo de penes. En su interior encontramos texturas que sobresalen para aportar diferentes y excitantes sensaciones, sobretodo si se juega en zonas más sensibles como el glande. Wavy II es la siguiente versión del Wavy, con texturas onduladas que sobresalen en su interior, aportando una explosión de sensaciones. Es un juguete muy discreto, de tamaño pequeño, divertido y realmente práctico. Es muy ligero y perfecto para llevarlo a cualquier lugar gracias también a su envoltorio en forma de huevito que lo protege del exterior. En su interior incluye una monodosis de lubricante a base de agua, indispensable para su uso. Están pensados para ser usados una única vez.Características principales: Huevito masturbador.Diseñado para la estimulación del pene.Fabricado en TPE.Flexible.Acabado suave y agradable.Texturas y detalles que sobresalen en el interior.Textura interna: ondulante y sobresaliente.Discreto, práctico y ligero.Envoltorio que lo protege del exterior y lo almacena.Incluye monodosis de lubricante para usarlo correctamente.Pensados para usarlo una sola vez.</p><ul><li><strong>Material:</strong> TPE</li><li><strong>Dimensiones:</strong> 60 mm x 50 mm x 50 mm</li></ul>",TENGA,,Masturbador masculino,"vendor-tenga, juguetes-eroticos, tipo-masturbador, novedad",false,Title,Default Title,,,,,130433-1,,shopify,0,deny,manual,6,,true,true,4560220556481,https://ilercavonia.info/lovlory/imagenes-para-subir-125-productos/tenga/1304331.jpg,1,TENGA EGG WAVY II Unitario,false,TENGA EGG WAVY II Unitario,"Huevito masturbador manual diseñado para la estimulación del pene. Fabricado en elastómero termoplástico (TPE) con un acabado muy suave y agradable, flexible y se adapta muy bien a todo tipo de penes. En su interior encontramos texturas que sobresalen para aportar diferentes y excitantes sensaciones, sobretodo si se ju",,,adult,130433-1,new,false,,g,,2.95,draft
tenga-egg-wavy-ii-unitario-130433-1,,,,,,,,,,,,,,,,,,,,,,,,,https://ilercavonia.info/lovlory/imagenes-para-subir-125-productos/tenga/1304331b.jpg,2,TENGA EGG WAVY II Unitario,,,,,,,,,,,,,,
tenga-egg-wavy-ii-unitario-130433-1,,,,,,,,,,,,,,,,,,,,,,,,,https://ilercavonia.info/lovlory/imagenes-para-subir-125-productos/tenga/1304331c.jpg,3,TENGA EGG WAVY II Unitario,,,,,,,,,,,,,,
tenga-egg-wavy-unitario-130727-1,TENGA EGG WAVY UNITARIO,"<p>Huevito masturbador manual diseñado para la estimulación del pene.Fabricado en elastómero termoplástico (TPE), cuenta con un acabado muy suave y agradable. Es flexible y se adapta perfectamente a todo tipo de penes. En su interior incorpora texturas en relieve que proporcionan sensaciones variadas y estimulantes, especialmente al utilizarlo en zonas más sensibles como el glande.WAVY de TENGA está formado por nervaduras audaces y onduladas que, junto a bordes finos y detallados, crean una potente combinación de ondas dinámicas y estimulación sutil. Es un juguete muy discreto, de tamaño compacto, divertido y realmente práctico.Es muy ligero y perfecto para llevarlo a cualquier lugar, gracias también a su envoltorio en forma de huevo que lo protege del exterior.En su interior incluye una monodosis de lubricante a base de agua, indispensable para su uso. Está diseñado para un solo uso.Características principales:? Huevito masturbador.? Diseñado para la estimulación del pene.? Fabricado en TPE.? Flexible.? Acabado suave y agradable.? Texturas internas en relieve.? Textura interna: nervaduras.? Discreto, práctico y ligero.? Envoltorio protector y de almacenamiento.? Incluye monodosis de lubricante.? Diseñado para un solo uso.</p><ul><li><strong>Dimensiones:</strong> 61 mm × 49 mm × 49 mm</li><li><strong>Ingredientes:</strong> Carcasa exterior: PP

; Funda: elastómero termoplástico (TPE) / Ingredientes: Agua, glicerina, hidroxietilcelulosa, poliacrilato de sodio, fenoxietanol, metilparabeno</li></ul>",TENGA,,Masturbador masculino,"vendor-tenga, juguetes-eroticos, tipo-masturbador, novedad",false,Title,Default Title,,,,,130727-1,36,shopify,50,deny,manual,6,,true,true,4582655748330,https://ilercavonia.info/lovlory/imagenes-para-subir-125-productos/tenga/130727-1.jpg,1,TENGA EGG WAVY UNITARIO,false,TENGA EGG WAVY UNITARIO,"Huevito masturbador manual diseñado para la estimulación del pene.Fabricado en elastómero termoplástico (TPE), cuenta con un acabado muy suave y agradable. Es flexible y se adapta perfectamente a todo tipo de penes. En su interior incorpora texturas en relieve que proporcionan sensaciones variadas y estimulantes, espec",,,adult,130727-1,new,false,,g,,2.95,draft
tenga-egg-wavy-unitario-130727-1,,,,,,,,,,,,,,,,,,,,,,,,,https://ilercavonia.info/lovlory/imagenes-para-subir-125-productos/tenga/130727-1b.jpg,2,TENGA EGG WAVY UNITARIO,,,,,,,,,,,,,,
tenga-egg-wavy-unitario-130727-1,,,,,,,,,,,,,,,,,,,,,,,,,https://ilercavonia.info/lovlory/imagenes-para-subir-125-productos/tenga/130727-1c.jpg,3,TENGA EGG WAVY UNITARIO,,,,,,,,,,,,,,
tenga-egg-wonder-mesh-unitario-130442-1,TENGA EGG WONDER MESH Unitario,"<p>Huevito masturbador manual diseñado para la estimulación del pene.Fabricado en elastómero termoplástico (TPE) con un acabado muy suave y agradable, flexible y se adapta muy bien a todo tipo de penes. En su interior encontramos texturas que sobresalen para aportar diferentes y excitantes sensaciones, sobretodo si se juega en zonas más sensibles como el glande.Mesh está formado de texturas entrelazadas muy suaves que sobresalen en su interior, aportando una explosión de sensaciones. Es un juguete muy discreto, de tamaño pequeño, divertido y realmente práctico. Es muy ligero y perfecto para llevarlo a cualquier lugar gracias también a su envoltorio en forma de huevito que lo protege del exterior. En su interior incluye una monodosis de lubricante a base de agua, indispensable para su uso. Están pensados para ser usados una única vez.Características principales:Huevito masturbador.Diseñado para la estimulación del pene.Fabricado en TPE.Flexible.Acabado suave y agradable.Texturas y detalles que sobresalen en el interior.Textura interna: entrelazadas muy suaves.Discreto, práctico y ligero.Envoltorio que lo protege del exterior y lo almacena.Incluye monodosis de lubricante para usarlo correctamente.Pensados para usarlo una sola vez.</p><ul><li><strong>Material:</strong> TPE</li></ul>",TENGA,,Masturbador masculino,"vendor-tenga, juguetes-eroticos, tipo-masturbador, novedad",false,Title,Default Title,,,,,130442-1,,shopify,0,deny,manual,6,,true,true,4570030970872,https://ilercavonia.info/lovlory/imagenes-para-subir-125-productos/tenga/1304421.jpg,1,TENGA EGG WONDER MESH Unitario,false,TENGA EGG WONDER MESH Unitario,"Huevito masturbador manual diseñado para la estimulación del pene.Fabricado en elastómero termoplástico (TPE) con un acabado muy suave y agradable, flexible y se adapta muy bien a todo tipo de penes. En su interior encontramos texturas que sobresalen para aportar diferentes y excitantes sensaciones, sobretodo si se jue",,,adult,130442-1,new,false,,g,,2.95,draft
tenga-egg-wonder-mesh-unitario-130442-1,,,,,,,,,,,,,,,,,,,,,,,,,https://ilercavonia.info/lovlory/imagenes-para-subir-125-productos/tenga/1304421b.jpg,2,TENGA EGG WONDER MESH Unitario,,,,,,,,,,,,,,
tenga-egg-wonder-mesh-unitario-130442-1,,,,,,,,,,,,,,,,,,,,,,,,,https://ilercavonia.info/lovlory/imagenes-para-subir-125-productos/tenga/1304421c.jpg,3,TENGA EGG WONDER MESH Unitario,,,,,,,,,,,,,,
tenga-egg-wonder-ring-unitario-130445-1,TENGA EGG WONDER RING Unitario,"<p>Huevito masturbador manual diseñado para la estimulación del pene.Fabricado en elastómero termoplástico (TPE) con un acabado muy suave y agradable, flexible y se adapta muy bien a todo tipo de penes. En su interior encontramos texturas que sobresalen para aportar diferentes y excitantes sensaciones, sobretodo si se juega en zonas más sensibles como el glande.Ring está formado de texturas horizontales y circulares que sobresalen en su interior, aportando una explosión de sensaciones. Es un juguete muy discreto, de tamaño pequeño, divertido y realmente práctico. Es muy ligero y perfecto para llevarlo a cualquier lugar gracias también a su envoltorio en forma de huevito que lo protege del exterior. En su interior incluye una monodosis de lubricante a base de agua, indispensable para su uso. Están pensados para ser usados una única vez.Características principales:Huevito masturbador.Diseñado para la estimulación del pene.Fabricado en TPE.Flexible.Acabado suave y agradable.Texturas y detalles que sobresalen en el interior.Textura interna: horizontales y circulares.Discreto, práctico y ligero.Envoltorio que lo protege del exterior y lo almacena.Incluye monodosis de lubricante para usarlo correctamente.Pensados para usarlo una sola vez.</p><ul><li><strong>Material:</strong> TPE</li><li><strong>Dimensiones:</strong> 61 mm × 49 mm × 49 mm</li><li><strong>Ingredientes:</strong> PP, elastómero termoplástico (TPE). /Ingredientes: Agua, Glicerina, Hidroxietilcelulosa, Poliacrilato de sodio, Fenoxietanol, Metilparabeno</li></ul>",TENGA,,Masturbador masculino,"vendor-tenga, juguetes-eroticos, tipo-masturbador, novedad",false,Title,Default Title,,,,,130445-1,36,shopify,50,deny,manual,6,,true,true,4570030970902,https://ilercavonia.info/lovlory/imagenes-para-subir-125-productos/tenga/1304451.jpg,1,TENGA EGG WONDER RING Unitario,false,TENGA EGG WONDER RING Unitario,"Huevito masturbador manual diseñado para la estimulación del pene.Fabricado en elastómero termoplástico (TPE) con un acabado muy suave y agradable, flexible y se adapta muy bien a todo tipo de penes. En su interior encontramos texturas que sobresalen para aportar diferentes y excitantes sensaciones, sobretodo si se jue",,,adult,130445-1,new,false,,g,,2.95,draft
tenga-egg-wonder-ring-unitario-130445-1,,,,,,,,,,,,,,,,,,,,,,,,,https://ilercavonia.info/lovlory/imagenes-para-subir-125-productos/tenga/130445-1b.jpg,2,TENGA EGG WONDER RING Unitario,,,,,,,,,,,,,,
tenga-egg-wonder-ring-unitario-130445-1,,,,,,,,,,,,,,,,,,,,,,,,,https://ilercavonia.info/lovlory/imagenes-para-subir-125-productos/tenga/130445-1c.jpg,3,TENGA EGG WONDER RING Unitario,,,,,,,,,,,,,,
tenga-egg-wonder-stud-unitario-130441-1,TENGA EGG WONDER STUD Unitario,"<p>Huevito masturbador manual diseñado para la estimulación del pene.Fabricado en elastómero termoplástico (TPE) con un acabado muy suave y agradable, flexible y se adapta muy bien a todo tipo de penes. En su interior encontramos texturas que sobresalen para aportar diferentes y excitantes sensaciones, sobretodo si se juega en zonas más sensibles como el glande.Stud está formado de pequeñas texturas piramidales que sobresalen en su interior, aportando una explosión de sensaciones. Es un juguete muy discreto, de tamaño pequeño, divertido y realmente práctico. Es muy ligero y perfecto para llevarlo a cualquier lugar gracias también a su envoltorio en forma de huevito que lo protege del exterior. En su interior incluye una monodosis de lubricante a base de agua, indispensable para su uso. Están pensados para ser usados una única vez.Características principales:Huevito masturbador.Diseñado para la estimulación del pene.Fabricado en TPE.Flexible.Acabado suave y agradable.Texturas y detalles que sobresalen en el interior.Textura interna: pequeñas texturas piramidales.Discreto, práctico y ligero.Envoltorio que lo protege del exterior y lo almacena.Incluye monodosis de lubricante para usarlo correctamente.Pensados para usarlo una sola vez.</p><ul><li><strong>Material:</strong> TPE</li></ul>",TENGA,,Masturbador masculino,"vendor-tenga, juguetes-eroticos, tipo-masturbador, novedad",false,Title,Default Title,,,,,130441-1,,shopify,0,deny,manual,6,,true,true,4570030970865,https://ilercavonia.info/lovlory/imagenes-para-subir-125-productos/tenga/1304411.jpg,1,TENGA EGG WONDER STUD Unitario,false,TENGA EGG WONDER STUD Unitario,"Huevito masturbador manual diseñado para la estimulación del pene.Fabricado en elastómero termoplástico (TPE) con un acabado muy suave y agradable, flexible y se adapta muy bien a todo tipo de penes. En su interior encontramos texturas que sobresalen para aportar diferentes y excitantes sensaciones, sobretodo si se jue",,,adult,130441-1,new,false,,g,,2.95,draft
tenga-egg-wonder-stud-unitario-130441-1,,,,,,,,,,,,,,,,,,,,,,,,,https://ilercavonia.info/lovlory/imagenes-para-subir-125-productos/tenga/1304411b.jpg,2,TENGA EGG WONDER STUD Unitario,,,,,,,,,,,,,,
tenga-egg-wonder-stud-unitario-130441-1,,,,,,,,,,,,,,,,,,,,,,,,,https://ilercavonia.info/lovlory/imagenes-para-subir-125-productos/tenga/1304411c.jpg,3,TENGA EGG WONDER STUD Unitario,,,,,,,,,,,,,,
tenga-egg-wonder-wind-unitario-130440-1,TENGA EGG WONDER WIND Unitario,"<p>Huevito masturbador manual diseñado para la estimulación del pene.Fabricado en elastómero termoplástico (TPE) con un acabado muy suave y agradable, flexible y se adapta muy bien a todo tipo de penes. En su interior encontramos texturas que sobresalen para aportar diferentes y excitantes sensaciones, sobretodo si se juega en zonas más sensibles como el glande.Wind está formado de texturas verticales ondulantes muy suaves que sobresalen en su interior, aportando una explosión de sensaciones. Es un juguete muy discreto, de tamaño pequeño, divertido y realmente práctico. Es muy ligero y perfecto para llevarlo a cualquier lugar gracias también a su envoltorio en forma de huevito que lo protege del exterior. En su interior incluye una monodosis de lubricante a base de agua, indispensable para su uso. Están pensados para ser usados una única vez.Características principales:Huevito masturbador.Diseñado para la estimulación del pene.Fabricado en TPE.Flexible.Acabado suave y agradable.Texturas y detalles que sobresalen en el interior.Textura interna: verticales ondulantes muy suaves.Discreto, práctico y ligero.Envoltorio que lo protege del exterior y lo almacena.Incluye monodosis de lubricante para usarlo correctamente.Pensados para usarlo una sola vez.</p><ul><li><strong>Material:</strong> TPE</li></ul>",TENGA,,Masturbador masculino,"vendor-tenga, juguetes-eroticos, tipo-masturbador, novedad",false,Title,Default Title,,,,,130440-1,,shopify,0,deny,manual,6,,true,true,4570030970858,https://ilercavonia.info/lovlory/imagenes-para-subir-125-productos/tenga/1304401.jpg,1,TENGA EGG WONDER WIND Unitario,false,TENGA EGG WONDER WIND Unitario,"Huevito masturbador manual diseñado para la estimulación del pene.Fabricado en elastómero termoplástico (TPE) con un acabado muy suave y agradable, flexible y se adapta muy bien a todo tipo de penes. En su interior encontramos texturas que sobresalen para aportar diferentes y excitantes sensaciones, sobretodo si se jue",,,adult,130440-1,new,false,,g,,2.95,draft
tenga-egg-wonder-wind-unitario-130440-1,,,,,,,,,,,,,,,,,,,,,,,,,https://ilercavonia.info/lovlory/imagenes-para-subir-125-productos/tenga/1304401b.jpg,2,TENGA EGG WONDER WIND Unitario,,,,,,,,,,,,,,
tenga-egg-wonder-wind-unitario-130440-1,,,,,,,,,,,,,,,,,,,,,,,,,https://ilercavonia.info/lovlory/imagenes-para-subir-125-productos/tenga/1304401c.jpg,3,TENGA EGG WONDER WIND Unitario,,,,,,,,,,,,,,
tenga-flex-bubbly-blue-130472,TENGA FLEX BUBBLY BLUE,"<p>Tenga Flex Bubbly Blue es un ocurrente masturbador manual para el pene con un diseño elegante y sofisticado. Con una estética futurista, se trata de un masturbador fabricado en su interior de elastómero especialmente flexible, muy suave y blando, creando una sensación agradable durante de penetración. La carcasa con surcos en espiral de Flex provoca una estimulación muy sensorial y diferente. Cubriendo el orificio de aire en la parte superior del producto durante su uso Flex girará a un lado y al otro, creando un movimiento en espiral y generando el vacío para una potente sensación de succión. El material permite apretar, girar y agarrar con fuerza para variar la presión de la penetración a gusto del consumidor. En su interior encontramos texturas y estrías que forman una estructura interna muy dinámica y sensorial. Estos, envuelven el pene durante la penetración abrazándolo para una sensación más intensa. Es reutilizable y fácil de extraer la funda interna para una limpieza cómoda. La tapa posee un sistema de secado para combinarlo con la manga después de la limpieza. Tiene una profundidad de inserción de aproximadamente 165 mm y una anchura de 45 mm. Un juguete realmente útil para el autoplacer o para jugar en compañía. Es muy importante combinar su uso con un lubricante a base de agua.Características principales:Masturbador manual.Diseño sofisticado, elegante y futurista.Flexible y suave.Fabricado en elastómero.Interior texturizado.Carcasa en forma de espiral.Durante el movimiento crea estimulación en espiral.Apto para crear el vacío, efecto succión potente.Se puede apretar y girar.Ejercer la presión deseada.Fácil de limpiar.Posee sistema de secado fácil y cómodo.Profundidad de inserción 165 mm/Anchura: 45 mm.Importante combinarlo con un lubricante a base de agua.</p><ul><li><strong>Material:</strong> Elastómero/PP</li><li><strong>Color:</strong> Azul pálido</li><li><strong>Dimensiones:</strong> 70 mm x 160 mm x 70 mm</li></ul>",TENGA,,Masturbador masculino,"vendor-tenga, juguetes-eroticos, tipo-masturbador, novedad",false,Title,Default Title,,,,,130472,300,shopify,0,deny,manual,30,,true,true,4570030977345,https://ilercavonia.info/lovlory/imagenes-para-subir-125-productos/tenga/130472.jpg,1,TENGA FLEX BUBBLY BLUE,false,TENGA FLEX BUBBLY BLUE,"Tenga Flex Bubbly Blue es un ocurrente masturbador manual para el pene con un diseño elegante y sofisticado. Con una estética futurista, se trata de un masturbador fabricado en su interior de elastómero especialmente flexible, muy suave y blando, creando una sensación agradable durante de penetración. La carcasa con su",,,adult,130472,new,false,,g,,15,draft
tenga-flex-bubbly-blue-130472,,,,,,,,,,,,,,,,,,,,,,,,,https://ilercavonia.info/lovlory/imagenes-para-subir-125-productos/tenga/130472b.jpg,2,TENGA FLEX BUBBLY BLUE,,,,,,,,,,,,,,
tenga-flex-bubbly-blue-130472,,,,,,,,,,,,,,,,,,,,,,,,,https://ilercavonia.info/lovlory/imagenes-para-subir-125-productos/tenga/130472c.jpg,3,TENGA FLEX BUBBLY BLUE,,,,,,,,,,,,,,
tenga-flip-360-aurora-green-130738,TENGA FLIP 360 AURORA GREEN,"<p>TENGA FLIP 360 AURORA es un masturbador diseñado para ofrecer una estimulación intensa, precisa y completamente envolvente.Su innovador interior con diseño helicoidal rediseñado proporciona una experiencia única, con texturas premium que se adaptan a todo el contorno, generando placer en 360° desde cualquier ángulo.Incorpora almohadillas de presión ajustables en 360°, que permiten modificar fácilmente el agarre y personalizar la intensidad de las sensaciones según tus preferencias.El icónico diseño abatible de TENGA ha sido optimizado para facilitar aún más su limpieza y secado al aire, garantizando una experiencia más higiénica y práctica. Además, es reutilizable y muy fácil de mantener. Para una mejor conservación, serecomienda el uso de un soporte de secado.Se aconseja utilizarlo con lubricante a base de agua. Incluye una muestra de TENGA Lotion Regular (10 ml) para que puedas disfrutarlo desde el primer momento.Características principales: ? Estimulación 360° .? Interior helicoidal rediseñado .? Texturas premium adaptativas .? Almohadillas de presión ajustables .? Intensidad personalizable .? Diseño abatible (Flip) .? Fácil limpieza y secado .? Reutilizable .? Compatible con lubricante a base de agua .? Incluye muestra de TENGA Lotion Regular (10 ml).</p><ul><li><strong>Color:</strong> Verde</li><li><strong>Dimensiones:</strong> 202.5 mm × 81.5 mm × 81.5 mm</li><li><strong>Ingredientes:</strong> PC / ABS / PVC /Ingredientes: Agua, Glicerina, Poliacrilato de sodio, Hidroxietilcelulosa, Alcohol, Polisorbato 80, Laurato de sorbitán, EDTA disódico, fenoxietanol, Metilparabeno, Fragancia</li></ul>",TENGA,,Masturbador masculino,"vendor-tenga, juguetes-eroticos, tipo-masturbador, novedad",false,Title,Default Title,,,,,130738,660,shopify,0,deny,manual,160,,true,true,4582655747166,https://ilercavonia.info/lovlory/imagenes-para-subir-125-productos/tenga/130738.jpg,1,TENGA FLIP 360 AURORA GREEN,false,TENGA FLIP 360 AURORA GREEN,"TENGA FLIP 360 AURORA es un masturbador diseñado para ofrecer una estimulación intensa, precisa y completamente envolvente.Su innovador interior con diseño helicoidal rediseñado proporciona una experiencia única, con texturas premium que se adaptan a todo el contorno, generando placer en 360° desde cualquier ángulo.Inc",,,adult,130738,new,false,,g,,80,draft
tenga-flip-360-aurora-green-130738,,,,,,,,,,,,,,,,,,,,,,,,,https://ilercavonia.info/lovlory/imagenes-para-subir-125-productos/tenga/130738b.jpg,2,TENGA FLIP 360 AURORA GREEN,,,,,,,,,,,,,,
tenga-flip-360-aurora-green-130738,,,,,,,,,,,,,,,,,,,,,,,,,https://ilercavonia.info/lovlory/imagenes-para-subir-125-productos/tenga/130738c.jpg,3,TENGA FLIP 360 AURORA GREEN,,,,,,,,,,,,,,
tenga-flip-360-aurora-green-130738,,,,,,,,,,,,,,,,,,,,,,,,,https://ilercavonia.info/lovlory/imagenes-para-subir-125-productos/tenga/130738d.jpg,4,TENGA FLIP 360 AURORA GREEN,,,,,,,,,,,,,,
tenga-flip-360-midnight-purple-130737,TENGA FLIP 360 MIDNIGHT PURPLE,"<p>TENGA FLIP 360 Midnight es un masturbador diseñado para ofrecer una estimulación intensa, precisa y completamente envolvente.Su innovador interior con diseño helicoidal rediseñado proporciona una experiencia única, con texturas premium que se adaptan a todo el contorno, generando placer en 360° desde cualquier ángulo.Incorpora almohadillas de presión ajustables en 360°, que permiten modificar fácilmente el agarre y personalizar la intensidad de las sensaciones según tus preferencias.El icónico diseño abatible de TENGA ha sido optimizado para facilitar aún más su limpieza y secado al aire, garantizando una experiencia más higiénica y práctica. Además, es reutilizable y muy fácil de mantener. Para una mejor conservación, se recomienda el uso de un soporte de secado.Se aconseja utilizarlo con lubricante a base de agua. Incluye una muestra de TENGA Lotion Regular (10 ml) para que puedas disfrutarlo desde el primer momento.Características principales: ? Estimulación 360° .? Interior helicoidal rediseñado .? Texturas premium adaptativas .? Almohadillas de presión ajustables .? Intensidad personalizable .? Diseño abatible (Flip) .? Fácil limpieza y secado .? Reutilizable .? Compatible con lubricante a base de agua .? Incluye muestra de TENGA Lotion Regular (10 ml).</p><ul><li><strong>Color:</strong> Púrpura</li><li><strong>Dimensiones:</strong> 202.5 mm × 81.5 mm × 81.5 mm</li><li><strong>Ingredientes:</strong> PC / ABS / PVC /Ingredientes: Agua, Glicerina, Poliacrilato de sodio, Hidroxietilcelulosa, Alcohol, Polisorbato 80, Laurato de sorbitán, EDTA disódico, fenoxietanol, Metilparabeno, Fragancia</li></ul>",TENGA,,Masturbador masculino,"vendor-tenga, juguetes-eroticos, tipo-masturbador, novedad",false,Title,Default Title,,,,,130737,660,shopify,0,deny,manual,160,,true,true,4582655747159,https://ilercavonia.info/lovlory/imagenes-para-subir-125-productos/tenga/130737.jpg,1,TENGA FLIP 360 MIDNIGHT PURPLE,false,TENGA FLIP 360 MIDNIGHT PURPLE,"TENGA FLIP 360 Midnight es un masturbador diseñado para ofrecer una estimulación intensa, precisa y completamente envolvente.Su innovador interior con diseño helicoidal rediseñado proporciona una experiencia única, con texturas premium que se adaptan a todo el contorno, generando placer en 360° desde cualquier ángulo.I",,,adult,130737,new,false,,g,,80,draft
tenga-flip-360-midnight-purple-130737,,,,,,,,,,,,,,,,,,,,,,,,,https://ilercavonia.info/lovlory/imagenes-para-subir-125-productos/tenga/130737b.jpg,2,TENGA FLIP 360 MIDNIGHT PURPLE,,,,,,,,,,,,,,
tenga-flip-360-midnight-purple-130737,,,,,,,,,,,,,,,,,,,,,,,,,https://ilercavonia.info/lovlory/imagenes-para-subir-125-productos/tenga/130737c.jpg,3,TENGA FLIP 360 MIDNIGHT PURPLE,,,,,,,,,,,,,,
tenga-flip-360-midnight-purple-130737,,,,,,,,,,,,,,,,,,,,,,,,,https://ilercavonia.info/lovlory/imagenes-para-subir-125-productos/tenga/130737d.jpg,4,TENGA FLIP 360 MIDNIGHT PURPLE,,,,,,,,,,,,,,
tenga-flip-flexy-130736,TENGA FLIP FLEXY,"<p>TENGA Flip Flexy es un masturbador totalmente flexible. Está fabricado con materiales gruesos y detalles internos diseñados para proporcionar el máximo placer.      En su interior posee un anillo que aporta presión intensa, mientras que la esfera voluminosa crea una sensación profunda y una estimulación envolvente en la zona de la punta.      Su diseño permite agarrarlo y apretarlo desde cualquier ángulo, incluyendo la bisagra, lo que facilita el control durante el uso.      Además, cuenta con un sistema de bloqueo con un solo botón para un cierre fácil y rápido.      Es reutilizable y muy fácil de limpiar. Para una mayor higiene, se recomienda utilizar el soporte de secado.      Para disfrutar de una experiencia óptima, se aconseja usarlo con lubricante a base de agua. El producto incluye una muestra de TENGA Regular (15 ml) para empezar a disfrutarlo desde el primer momento.       Características principales:       ? Totalmente flexible.      ? Materiales gruesos y resistentes.      ? Detalles internos estimulantes.      ? Anillo interno de presión intensa.      ? Esfera interna voluminosa.      ? Estimulación profunda en la punta.      ? Diseño para agarre desde cualquier ángulo.      ? Bisagra flexible.      ? Sistema de bloqueo con un solo botón.      ? Cierre rápido y seguro.      ? Reutilizable.      ? Fácil de limpiar.      ? Compatible con lubricante a base de agua.      ? Incluye muestra de lubricante TENGA Regular (15 ml).</p><ul><li><strong>Dimensiones:</strong> 84 mm × 83 mm × 193 mm</li><li><strong>Ingredientes:</strong> Elastómero / PC / ABS / POM / Ingredientes: Agua, Glicerina, Poliacrilato de sodio, Hidroxietilcelulosa, Alcohol, Polisorbato 80, Laurato de sorbitán, EDTA disódico, fenoxietanol, Metilparabeno, Fragancia</li></ul>",TENGA,,Masturbador masculino,"vendor-tenga, juguetes-eroticos, tipo-masturbador, novedad",false,Title,Default Title,,,,,130736,650,shopify,0,deny,manual,120,,true,true,4582655746381,https://ilercavonia.info/lovlory/imagenes-para-subir-125-productos/tenga/130736.jpg,1,TENGA FLIP FLEXY,false,TENGA FLIP FLEXY,"TENGA Flip Flexy es un masturbador totalmente flexible. Está fabricado con materiales gruesos y detalles internos diseñados para proporcionar el máximo placer. En su interior posee un anillo que aporta presión intensa, mientras que la esfera voluminosa crea una sensación profunda y una estimulación envolvente en la zon",,,adult,130736,new,false,,g,,60,draft
tenga-flip-flexy-130736,,,,,,,,,,,,,,,,,,,,,,,,,https://ilercavonia.info/lovlory/imagenes-para-subir-125-productos/tenga/130736b.jpg,2,TENGA FLIP FLEXY,,,,,,,,,,,,,,
tenga-flip-flexy-130736,,,,,,,,,,,,,,,,,,,,,,,,,https://ilercavonia.info/lovlory/imagenes-para-subir-125-productos/tenga/130736c.jpg,3,TENGA FLIP FLEXY,,,,,,,,,,,,,,
tenga-flip-flexy-130736,,,,,,,,,,,,,,,,,,,,,,,,,https://ilercavonia.info/lovlory/imagenes-para-subir-125-productos/tenga/130736d.jpg,4,TENGA FLIP FLEXY,,,,,,,,,,,,,,
tenga-flip-orb-ocean-blue-130725,TENGA FLIP ORB OCEAN BLUE,"<p>TENGA FLIP ORB OCEAN BLUE es un potente succionador diseñado con precisión para maximizar el placer.Su interior cuenta con texturas onduladas y detalles únicos que generan contrastes estimulantes, intensificando cada movimiento. El exterior presenta una estructura firme al tacto pero flexible, permitiendo aplicar presión sin deformarse, lo que potencia la sensación de succión.Gracias a su diseño desplegable, es muy fácil de abrir y secar, lo que garantiza una limpieza práctica y durabilidad.Ideal tanto para la autoexploración como para el juego en pareja.Para una experiencia óptima, se recomienda el uso de lubricante a base de agua. El producto incluye una loción lubricante para mayor confort y disfrute desde el primer uso.Características principales:? Succionador.? Diseño ergonómico con apertura desplegable.? Texturas internas onduladas con detalles de estimulación localizada.? Succión potente con control de presión manual.? Exterior firme pero flexible para intensificar la experiencia.? Fácil de limpiar y reutilizable.? Ideal para uso individual o en pareja.? Incluye loción lubricante a base de agua.</p><ul><li><strong>Color:</strong> Azul</li><li><strong>Dimensiones:</strong> 178 mm × 71 mm ×   86 mm</li><li><strong>Ingredientes:</strong> ABS / PC / elastómero</li></ul>",TENGA,,Masturbador masculino,"vendor-tenga, juguetes-eroticos, tipo-masturbador, novedad",false,Title,Default Title,,,,,130725,439,shopify,5,deny,manual,65,,true,true,4582655741836,https://ilercavonia.info/lovlory/imagenes-para-subir-125-productos/tenga/130725.jpg,1,TENGA FLIP ORB OCEAN BLUE,false,TENGA FLIP ORB OCEAN BLUE,"TENGA FLIP ORB OCEAN BLUE es un potente succionador diseñado con precisión para maximizar el placer.Su interior cuenta con texturas onduladas y detalles únicos que generan contrastes estimulantes, intensificando cada movimiento. El exterior presenta una estructura firme al tacto pero flexible, permitiendo aplicar presi",,,adult,130725,new,false,,g,,32.5,draft
tenga-flip-orb-ocean-blue-130725,,,,,,,,,,,,,,,,,,,,,,,,,https://ilercavonia.info/lovlory/imagenes-para-subir-125-productos/tenga/130725b.jpg,2,TENGA FLIP ORB OCEAN BLUE,,,,,,,,,,,,,,
tenga-flip-orb-ocean-blue-130725,,,,,,,,,,,,,,,,,,,,,,,,,https://ilercavonia.info/lovlory/imagenes-para-subir-125-productos/tenga/130725c.jpg,3,TENGA FLIP ORB OCEAN BLUE,,,,,,,,,,,,,,
tenga-flip-orb-ocean-blue-130725,,,,,,,,,,,,,,,,,,,,,,,,,https://ilercavonia.info/lovlory/imagenes-para-subir-125-productos/tenga/130725d.jpg,4,TENGA FLIP ORB OCEAN BLUE,,,,,,,,,,,,,,
tenga-flip-orb-sunset-orange-130726,TENGA FLIP ORB SUNSET ORANGE,"<p>TENGA FLIP ORB SUNSET ORANGE es un potente succionador diseñado con precisión para maximizar el placer.Su interior cuenta con texturas onduladas y detalles únicos que generan contrastes estimulantes, intensificando cada movimiento.El exterior presenta una estructura firme al tacto pero flexible, permitiendo aplicar presión sin deformarse, lo que potencia la sensación de succión.Gracias a su diseño desplegable, es muy fácil de abrir y secar, lo que garantiza una limpieza práctica y durabilidad.Ideal tanto para la autoexploración como para el juego en pareja.Para una experiencia óptima, se recomienda el uso de lubricante a base de agua. El producto incluye una loción lubricante para mayor confort y disfrute desde el primer uso.Características principales:? Succionador.? Diseño ergonómico con apertura desplegable.? Texturas internas onduladas con detalles de estimulación localizada.? Succión potente con control de presión manual.? Exterior firme pero flexible para intensificar la experiencia.? Fácil de limpiar y reutilizable.? Ideal para uso individual o en pareja.? Incluye loción lubricante a base de agua.</p><ul><li><strong>Color:</strong> Naranja</li><li><strong>Dimensiones:</strong> 178 mm × 71 mm ×   86 mm</li><li><strong>Ingredientes:</strong> ABS / PC / elastómero</li></ul>",TENGA,,Masturbador masculino,"vendor-tenga, juguetes-eroticos, tipo-masturbador, novedad",false,Title,Default Title,,,,,130726,439,shopify,9,deny,manual,65,,true,true,4582655741843,https://ilercavonia.info/lovlory/imagenes-para-subir-125-productos/tenga/130726.jpg,1,TENGA FLIP ORB SUNSET ORANGE,false,TENGA FLIP ORB SUNSET ORANGE,"TENGA FLIP ORB SUNSET ORANGE es un potente succionador diseñado con precisión para maximizar el placer.Su interior cuenta con texturas onduladas y detalles únicos que generan contrastes estimulantes, intensificando cada movimiento.El exterior presenta una estructura firme al tacto pero flexible, permitiendo aplicar pre",,,adult,130726,new,false,,g,,32.5,draft
tenga-flip-orb-sunset-orange-130726,,,,,,,,,,,,,,,,,,,,,,,,,https://ilercavonia.info/lovlory/imagenes-para-subir-125-productos/tenga/130726b.jpg,2,TENGA FLIP ORB SUNSET ORANGE,,,,,,,,,,,,,,
tenga-flip-orb-sunset-orange-130726,,,,,,,,,,,,,,,,,,,,,,,,,https://ilercavonia.info/lovlory/imagenes-para-subir-125-productos/tenga/130726c.jpg,3,TENGA FLIP ORB SUNSET ORANGE,,,,,,,,,,,,,,
tenga-flip-orb-sunset-orange-130726,,,,,,,,,,,,,,,,,,,,,,,,,https://ilercavonia.info/lovlory/imagenes-para-subir-125-productos/tenga/130726d.jpg,4,TENGA FLIP ORB SUNSET ORANGE,,,,,,,,,,,,,,
tenga-huevo-combo-unitario-130492-1,TENGA HUEVO COMBO UNITARIO,"<p>Huevito masturbador manual diseñado para la estimulación del pene.Fabricado en elastómero termoplástico (TPE), con un acabado muy suave y agradable. Es flexible y se adapta muy bien a todo tipo de penes. En su interior, encontramos texturas que sobresalen para aportar diferentes y excitantes sensaciones, sobre todo si se estimulan zonas más sensibles como el glande.COMBO está formado por delicadas estrías y finas protuberancias dispuestas en un complejo patrón en espiral. Es un juguete muy discreto, de tamaño pequeño, divertido y realmente práctico. Es muy ligero y perfecto para llevar a cualquier lugar, gracias a su envoltorio en forma de huevito que lo protege del exterior.En su interior incluye una monodosis de lubricante a base de agua. Está pensado para ser usado una única vez.Características principales:? Huevito masturbador.? Diseñado para la estimulación del pene.? Fabricado en TPE.? Flexible.? Acabado suave y agradable.? Texturas y detalles que sobresalen en el interior.? Textura interna: delicadas estrías y finas protuberancias.? Discreto, práctico y ligero.? Envoltorio que lo protege del exterior y lo almacena.? Incluye monodosis de lubricante para usarlo correctamente.? Pensado para un solo uso.</p><ul><li><strong>Dimensiones:</strong> 61 mm × 49 mm × 49 mm</li><li><strong>Ingredientes:</strong> TPE</li></ul>",TENGA,,Masturbador masculino,"vendor-tenga, juguetes-eroticos, tipo-masturbador, novedad",false,Title,Default Title,,,,,130492-1,36,shopify,0,deny,manual,6,,true,true,4582655740587,https://ilercavonia.info/lovlory/imagenes-para-subir-125-productos/tenga/130492-1.JPG,1,TENGA HUEVO COMBO UNITARIO,false,TENGA HUEVO COMBO UNITARIO,"Huevito masturbador manual diseñado para la estimulación del pene.Fabricado en elastómero termoplástico (TPE), con un acabado muy suave y agradable. Es flexible y se adapta muy bien a todo tipo de penes. En su interior, encontramos texturas que sobresalen para aportar diferentes y excitantes sensaciones, sobre todo si ",,,adult,130492-1,new,false,,g,,2.95,draft
tenga-huevo-combo-unitario-130492-1,,,,,,,,,,,,,,,,,,,,,,,,,https://ilercavonia.info/lovlory/imagenes-para-subir-125-productos/tenga/130492-1b.JPG,2,TENGA HUEVO COMBO UNITARIO,,,,,,,,,,,,,,
tenga-huevo-combo-unitario-130492-1,,,,,,,,,,,,,,,,,,,,,,,,,https://ilercavonia.info/lovlory/imagenes-para-subir-125-productos/tenga/130492-1c.JPG,3,TENGA HUEVO COMBO UNITARIO,,,,,,,,,,,,,,
tenga-huevo-cone-unitario-130493-1,TENGA HUEVO CONE UNITARIO,"<p>Huevito masturbador manual diseñado para la estimulación del pene. Fabricado en elastómero termoplástico (TPE) con un acabado muy suave y agradable, flexible y se adapta muy bien a todo tipo de penes. En su interior encontramos texturas que sobresalen para aportar diferentes y excitantes sensaciones, sobretodo si se juega en zonas más sensibles como el glande. CONE está formado de estimulantes bordes retorcidos, aportando una explosión de sensaciones. Es un juguete muy discreto, de tamaño pequeño, divertido y realmente práctico. Es muy ligero y perfecto para llevarlo a cualquier lugar gracias también a su envoltorio en forma de huevito que lo protege del exterior. En su interior incluye una monodosis de lubricante a base de agua, indispensable para su uso. Están pensados para ser usados una única vez.Características principales: ? Huevito masturbador.? Diseñado para la estimulación del pene.? Fabricado en TPE.? Flexible.? Acabado suave y agradable.? Texturas y detalles que sobresalen en el interior.? Textura interna: estimulantes bordes retorcidos.? Discreto, práctico y ligero.? Envoltorio que lo protege del exterior y lo almacena.? Incluye monodosis de lubricante para usarlo correctamente.? Pensados para usarlo una sola vez.</p><ul><li><strong>Material:</strong> TPE</li><li><strong>Dimensiones:</strong> 60 mm x 50 mm x 50 mm</li></ul>",TENGA,,Masturbador masculino,"vendor-tenga, juguetes-eroticos, tipo-masturbador, novedad",false,Title,Default Title,,,,,130493-1,,shopify,,deny,manual,6,,true,true,4582655740594,https://ilercavonia.info/lovlory/imagenes-para-subir-125-productos/tenga/1304931.jpg,1,TENGA HUEVO CONE UNITARIO,false,TENGA HUEVO CONE UNITARIO,"Huevito masturbador manual diseñado para la estimulación del pene. Fabricado en elastómero termoplástico (TPE) con un acabado muy suave y agradable, flexible y se adapta muy bien a todo tipo de penes. En su interior encontramos texturas que sobresalen para aportar diferentes y excitantes sensaciones, sobretodo si se ju",,,adult,130493-1,new,false,,g,,2.99,draft
tenga-huevo-cone-unitario-130493-1,,,,,,,,,,,,,,,,,,,,,,,,,https://ilercavonia.info/lovlory/imagenes-para-subir-125-productos/tenga/1304931b.jpg,2,TENGA HUEVO CONE UNITARIO,,,,,,,,,,,,,,
tenga-huevo-cone-unitario-130493-1,,,,,,,,,,,,,,,,,,,,,,,,,https://ilercavonia.info/lovlory/imagenes-para-subir-125-productos/tenga/1304931c.jpg,3,TENGA HUEVO CONE UNITARIO,,,,,,,,,,,,,,
tenga-huevo-hard-boiled-ii-6-130496,TENGA HUEVO HARD BOILED II 6,"<p>Pack de huevera de 6 huevitos surtidos masturbadores Tenga.Cada uno de ellos es diferente, con variadas texturas para una increíble explosión de sensaciones. Los huevos están fabricado en elastómero termoplástico (TPE) con un acabado muy suave y agradable, flexible y se adapta muy bien a todo tipo de penes. Es un juguete muy discreto, de tamaño pequeño, divertido y realmente práctico. Es muy ligero y perfecto para llevarlo a cualquier lugar gracias también a su envoltorio en forma de huevito que lo protege del exterior. Están pensados para ser usados una única vez. La huevera incluye: Spiral, Shiny II, Cone, Misty II, Gear y Combo.Características principales:? Pack de 6 huevos Tenga.? Packaging en forma de huevera.? Cada uno es un modelo diferente.? Incluye: Spiral, Shiny II, Cone, Misty II, Gear y Combo.</p><ul><li><strong>Material:</strong> TPE</li><li><strong>Dimensiones:</strong> 60 mm x 50 mm x 50 mm</li></ul>",TENGA,,Masturbador masculino,"vendor-tenga, juguetes-eroticos, tipo-masturbador, novedad",false,Title,Default Title,,,,,130496,,shopify,0,deny,manual,36,,true,true,4582655740624,https://ilercavonia.info/lovlory/imagenes-para-subir-125-productos/tenga/130496.jpg,1,TENGA HUEVO HARD BOILED II 6,false,TENGA HUEVO HARD BOILED II 6,"Pack de huevera de 6 huevitos surtidos masturbadores Tenga.Cada uno de ellos es diferente, con variadas texturas para una increíble explosión de sensaciones. Los huevos están fabricado en elastómero termoplástico (TPE) con un acabado muy suave y agradable, flexible y se adapta muy bien a todo tipo de penes. Es un jugue",,,adult,130496,new,false,,g,,17.99,draft
tenga-huevo-hard-boiled-ii-6-130496,,,,,,,,,,,,,,,,,,,,,,,,,https://ilercavonia.info/lovlory/imagenes-para-subir-125-productos/tenga/130496b.jpg,2,TENGA HUEVO HARD BOILED II 6,,,,,,,,,,,,,,
tenga-huevo-hard-boiled-ii-6-130496,,,,,,,,,,,,,,,,,,,,,,,,,https://ilercavonia.info/lovlory/imagenes-para-subir-125-productos/tenga/130496c.jpg,3,TENGA HUEVO HARD BOILED II 6,,,,,,,,,,,,,,
tenga-huevo-hard-boiled-ii-6-130496,,,,,,,,,,,,,,,,,,,,,,,,,https://ilercavonia.info/lovlory/imagenes-para-subir-125-productos/tenga/130496d.jpg,4,TENGA HUEVO HARD BOILED II 6,,,,,,,,,,,,,,
tenga-huevo-spiral-unitario-130490-1,TENGA HUEVO SPIRAL UNITARIO,"<p>Huevito masturbador manual diseñado para la estimulación del pene. Fabricado en elastómero termoplástico (TPE) con un acabado muy suave y agradable, flexible y se adapta muy bien a todo tipo de penes. En su interior encontramos texturas que sobresalen para aportar diferentes y excitantes sensaciones, sobretodo si se juega en zonas más sensibles como el glande. SPIRAL está formado de estimulantes escalones en forma de caracol que sobresalen en su interior, aportando una explosión de sensaciones. Es un juguete muy discreto, de tamaño pequeño, divertido y realmente práctico. Es muy ligero y perfecto para llevarlo a cualquier lugar gracias también a su envoltorio en forma de huevito que lo protege del exterior. En su interior incluye una monodosis de lubricante a base de agua, indispensable para su uso. Están pensados para ser usados una única vez.Características principales: ? Huevito masturbador.? Diseñado para la estimulación del pene.? Fabricado en TPE.? Flexible.? Acabado suave y agradable.? Texturas y detalles que sobresalen en el interior.? Textura interna: escalones en forma de caracol.? Discreto, práctico y ligero.? Envoltorio que lo protege del exterior y lo almacena.? Incluye monodosis de lubricante para usarlo correctamente.? Pensados para usarlo una sola vez.</p><ul><li><strong>Material:</strong> TPE</li><li><strong>Dimensiones:</strong> 60 mm x 50 mm x 50 mm</li></ul>",TENGA,,Masturbador masculino,"vendor-tenga, juguetes-eroticos, tipo-masturbador, novedad",false,Title,Default Title,,,,,130490-1,,shopify,0,deny,manual,6,,true,true,4582655740563,https://ilercavonia.info/lovlory/imagenes-para-subir-125-productos/tenga/1304901.jpg,1,TENGA HUEVO SPIRAL UNITARIO,false,TENGA HUEVO SPIRAL UNITARIO,"Huevito masturbador manual diseñado para la estimulación del pene. Fabricado en elastómero termoplástico (TPE) con un acabado muy suave y agradable, flexible y se adapta muy bien a todo tipo de penes. En su interior encontramos texturas que sobresalen para aportar diferentes y excitantes sensaciones, sobretodo si se ju",,,adult,130490-1,new,false,,g,,2.99,draft
tenga-huevo-spiral-unitario-130490-1,,,,,,,,,,,,,,,,,,,,,,,,,https://ilercavonia.info/lovlory/imagenes-para-subir-125-productos/tenga/1304901b.jpg,2,TENGA HUEVO SPIRAL UNITARIO,,,,,,,,,,,,,,
tenga-huevo-spiral-unitario-130490-1,,,,,,,,,,,,,,,,,,,,,,,,,https://ilercavonia.info/lovlory/imagenes-para-subir-125-productos/tenga/1304901c.jpg,3,TENGA HUEVO SPIRAL UNITARIO,,,,,,,,,,,,,,
tenga-lotion-refill-light-130724,TENGA Lotion Refill Light,"<p>TENGA Lotion Refill Light es una recarga del TENGA LOTION [Light], que contiene una loción de textura ligera y suave, ideal para brindar una sensación limpia, natural y fluida.Su fórmula a base de agua ofrece una lubricación suave y prolongada. Es totalmente compatible con todo tipo de juguetes sexuales y materiales.El envase se utiliza con la tapa del TENGA LOTION [Light], que incorpora una válvula unidireccional en la punta del aplicador, permitiendo una aplicación limpia, precisa y sin desperdicios.Características principales:? Recarga del TENGA LOTION [Light].? Loción de textura ligera y suave.? Fórmula a base de agua.? Lubricación suave.? Compatible con todo tipo de juguetes sexuales y materiales.? Se utiliza con la tapa del TENGA LOTION [Light].? Ideal para uso corporal.? Fácil de limpiar.</p><ul><li><strong>Dimensiones:</strong> 146 mm × 45 mm Ø</li><li><strong>Ingredientes:</strong> Water, Glycerin, Hydroxyethylcellulose, Sodium Polyacrylate, Disodium EDTA, Phenoxyethanol, Methylparaben.</li></ul>",TENGA,,Cosmética íntima,"vendor-tenga, cosmetica-intima, lubricante, novedad",false,Title,Default Title,,,,,130724,,shopify,6,deny,manual,10,,true,true,4582655743267,https://ilercavonia.info/lovlory/imagenes-para-subir-125-productos/tenga/130724.jpg,1,TENGA Lotion Refill Light,false,TENGA Lotion Refill Light,"TENGA Lotion Refill Light es una recarga del TENGA LOTION [Light], que contiene una loción de textura ligera y suave, ideal para brindar una sensación limpia, natural y fluida.Su fórmula a base de agua ofrece una lubricación suave y prolongada. Es totalmente compatible con todo tipo de juguetes sexuales y materiales.El",,,adult,130724,new,false,,g,,4.8,draft
tenga-lotion-refill-mild-130722,TENGA Lotion Refill Mild,"<p>TENGA Lotion Refill Mild es una recarga del TENGA LOTION [Mild], contiene una loción de textura espesa y larga duración, ideal para el uso corporal.Su fórmula a base de agua ofrece una lubricación suave y prolongada. Es totalmente compatible con todo tipo de juguetes sexuales y materiales.El envase se utiliza con la tapa del TENGA LOTION [Mild], que incorpora una válvula unidireccional en la punta del aplicador, permitiendo una aplicación limpia, precisa y sin desperdicios.Características principales:? Recarga del TENGA LOTION [Mild].? Textura espesa y de larga duración.? Fórmula a base de agua.? Lubricación suave.? Compatible con todo tipo de juguetes sexuales y materiales.? Se utiliza con la tapa del TENGA LOTION [Mild].? Ideal para uso corporal.? Fácil de limpiar.</p><ul><li><strong>Dimensiones:</strong> 146 mm × 45 mm Ø</li><li><strong>Ingredientes:</strong> Agua, Glicerina, Hidroxietilcelulosa, Poliacrilato de sodio, EDTA disódico, fenoxietanol, Metilparabeno</li></ul>",TENGA,,Cosmética íntima,"vendor-tenga, cosmetica-intima, lubricante, novedad",false,Title,Default Title,,,,,130722,,shopify,2,deny,manual,10,,true,true,4582655743243,https://ilercavonia.info/lovlory/imagenes-para-subir-125-productos/tenga/130722.jpg,1,TENGA Lotion Refill Mild,false,TENGA Lotion Refill Mild,"TENGA Lotion Refill Mild es una recarga del TENGA LOTION [Mild], contiene una loción de textura espesa y larga duración, ideal para el uso corporal.Su fórmula a base de agua ofrece una lubricación suave y prolongada. Es totalmente compatible con todo tipo de juguetes sexuales y materiales.El envase se utiliza con la ta",,,adult,130722,new,false,,g,,4.8,draft
tenga-lotion-refill-regular-130723,TENGA Lotion Refill Regular,"<p>TENGA Lotion Refill Regular es una recarga del TENGA LOTION [Regular] contiene una loción de textura equilibrada, ideal para cualquier producto y ocasión.Su fórmula a base de agua ofrece una lubricación suave y prolongada. Es totalmente compatible con todo tipo de juguetes sexuales y materiales.El envase se utiliza con la tapa del TENGA LOTION [Regular] que incorpora una válvula unidireccional en la punta del aplicador, permitiendo una aplicación limpia, precisa y sin desperdicios.Características principales:? Recarga del TENGA LOTION [Regular].? Loción de textura equilibrada.? Fórmula a base de agua.? Lubricación suave.? Compatible con todo tipo de juguetes sexuales y materiales.? Se utiliza con la tapa del TENGA LOTION [Regular].? Ideal para uso corporal.? Fácil de limpiar.</p><ul><li><strong>Dimensiones:</strong> 146 mm × 45 mm Ø</li><li><strong>Ingredientes:</strong> Agua, glicerina, poliacrilato de sodio, hidroxietilcelulosa, alcohol, polisorbato 80, laurato de sorbitán, EDTA disódico, fenoxietanol, metilparabeno, fragancia.</li></ul>",TENGA,,Cosmética íntima,"vendor-tenga, cosmetica-intima, lubricante, novedad",false,Title,Default Title,,,,,130723,,shopify,2,deny,manual,10,,true,true,4582655743250,https://ilercavonia.info/lovlory/imagenes-para-subir-125-productos/tenga/130723.jpg,1,TENGA Lotion Refill Regular,false,TENGA Lotion Refill Regular,"TENGA Lotion Refill Regular es una recarga del TENGA LOTION [Regular] contiene una loción de textura equilibrada, ideal para cualquier producto y ocasión.Su fórmula a base de agua ofrece una lubricación suave y prolongada. Es totalmente compatible con todo tipo de juguetes sexuales y materiales.El envase se utiliza con",,,adult,130723,new,false,,g,,4.8,draft
tenga-lotion-cool-130721,TENGA LOTION [Cool],"<p>TENGA LOTION [Cool]es una loción de textura ligera que ofrece una sensación refrescante durante y después de su uso. Está infusionada con mentol, lo que potencia esa frescura, haciéndola ideal para combinar con cualquier producto y en cualquier momento.Su fórmula a base de agua ofrece una lubricación suave y prolongada. Es totalmente compatible con todo tipo de juguetes sexuales y materiales.El envase cuenta con una válvula unidireccional en la punta del aplicador, que permite un uso limpio, preciso y sin desperdicios.Características principales:? Loción de textura ligera y refrescante.? Infusionada con mentol.? Fórmula a base de agua.? Lubricación suave.? Compatible con todo tipo de juguetes sexuales y materiales.? Válvula unidireccional para aplicación precisa y limpia.? Ideal para uso corporal.? Fácil de limpiar.</p><ul><li><strong>Dimensiones:</strong> 178 mm × 45 mm Ø</li><li><strong>Ingredientes:</strong> Agua, Glicerina, Alcohol, Aceite de Ricino Hidrogenado PEG-40, Poliacrilato de Sodio, Hidroxietilcelulosa, Mentol, EDTA de Disodio, Fenoxietanol, Metilparabeno</li></ul>",TENGA,,Cosmética íntima,"vendor-tenga, cosmetica-intima, lubricante, novedad",false,Title,Default Title,,,,,130721,,shopify,24,deny,manual,15,,true,true,4582655743175,https://ilercavonia.info/lovlory/imagenes-para-subir-125-productos/tenga/130721.jpg,1,TENGA LOTION [Cool],false,TENGA LOTION [Cool],"TENGA LOTION [Cool]es una loción de textura ligera que ofrece una sensación refrescante durante y después de su uso. Está infusionada con mentol, lo que potencia esa frescura, haciéndola ideal para combinar con cualquier producto y en cualquier momento.Su fórmula a base de agua ofrece una lubricación suave y prolongada",,,adult,130721,new,false,,g,,7.5,draft
tenga-lotion-cool-130721,,,,,,,,,,,,,,,,,,,,,,,,,https://ilercavonia.info/lovlory/imagenes-para-subir-125-productos/tenga/130721b.jpg,2,TENGA LOTION [Cool],,,,,,,,,,,,,,
tenga-lotion-cool-130721,,,,,,,,,,,,,,,,,,,,,,,,,https://ilercavonia.info/lovlory/imagenes-para-subir-125-productos/tenga/130721c.jpg,3,TENGA LOTION [Cool],,,,,,,,,,,,,,
tenga-lotion-mild-130718,TENGA LOTION [Mild],"<p>TENGA LOTION [Mild] es una loción de textura espesa y larga duración, ideal para el uso corporal.Su fórmula a base de agua ofrece una lubricación suave y prolongada. Es totalmente compatible con todo tipo de juguetes sexuales y materiales.El envase cuenta con una válvula unidireccional en la punta del aplicador, que permite un uso limpio, preciso y sin desperdicios.Características principales:? Textura espesa y de larga duración.? Fórmula a base de agua.? Lubricación suave.? Compatible con todo tipo de juguetes sexuales y materiales.? Válvula unidireccional para aplicación precisa y limpia.? Ideal para uso corporal.? Fácil de limpiar.</p><ul><li><strong>Dimensiones:</strong> 178 mm × 45 mm Ø</li><li><strong>Ingredientes:</strong> Agua, Glicerina, Hidroxietilcelulosa, Poliacrilato de sodio, EDTA disódico, fenoxietanol, Metilparabeno</li></ul>",TENGA,,Cosmética íntima,"vendor-tenga, cosmetica-intima, lubricante, novedad",false,Title,Default Title,,,,,130718,,shopify,0,deny,manual,15,,true,true,4582655740723,https://ilercavonia.info/lovlory/imagenes-para-subir-125-productos/tenga/130718.jpg,1,TENGA LOTION [Mild],false,TENGA LOTION [Mild],"TENGA LOTION [Mild] es una loción de textura espesa y larga duración, ideal para el uso corporal.Su fórmula a base de agua ofrece una lubricación suave y prolongada. Es totalmente compatible con todo tipo de juguetes sexuales y materiales.El envase cuenta con una válvula unidireccional en la punta del aplicador, que pe",,,adult,130718,new,false,,g,,7.5,draft
tenga-lotion-mild-130718,,,,,,,,,,,,,,,,,,,,,,,,,https://ilercavonia.info/lovlory/imagenes-para-subir-125-productos/tenga/130718b.jpg,2,TENGA LOTION [Mild],,,,,,,,,,,,,,
tenga-lotion-mild-130718,,,,,,,,,,,,,,,,,,,,,,,,,https://ilercavonia.info/lovlory/imagenes-para-subir-125-productos/tenga/130718c.jpg,3,TENGA LOTION [Mild],,,,,,,,,,,,,,
tenga-lotion-regular-130719,TENGA LOTION [Regular],"<p>TENGA LOTION [Regular] es una loción de textura equilibrada, ideal para cualquier producto y ocasión.Su fórmula a base de agua ofrece una lubricación suave y prolongada. Es totalmente compatible con todo tipo de juguetes sexuales y materiales.El envase cuenta con una válvula unidireccional en la punta del aplicador, que permite un uso limpio, preciso y sin desperdicios.Características principales:? Loción de textura equilibrada.? Fórmula a base de agua.? Lubricación suave.? Compatible con todo tipo de juguetes sexuales y materiales.? Válvula unidireccional para aplicación precisa y limpia.? Ideal para uso corporal.? Fácil de limpiar.</p><ul><li><strong>Dimensiones:</strong> 178 mm × 45 mm Ø</li><li><strong>Ingredientes:</strong> Agua, Glicerina, Poliacrilato de sodio, Hidroxietilcelulosa, Alcohol, Polisorbato 80, Laurato de sorbitán, EDTA disódico, fenoxietanol, Metilparabeno, Fragancia</li></ul>",TENGA,,Cosmética íntima,"vendor-tenga, cosmetica-intima, lubricante, novedad",false,Title,Default Title,,,,,130719,,shopify,0,deny,manual,15,,true,true,4582655740730,https://ilercavonia.info/lovlory/imagenes-para-subir-125-productos/tenga/130719.jpg,1,TENGA LOTION [Regular],false,TENGA LOTION [Regular],"TENGA LOTION [Regular] es una loción de textura equilibrada, ideal para cualquier producto y ocasión.Su fórmula a base de agua ofrece una lubricación suave y prolongada. Es totalmente compatible con todo tipo de juguetes sexuales y materiales.El envase cuenta con una válvula unidireccional en la punta del aplicador, qu",,,adult,130719,new,false,,g,,7.5,draft
tenga-lotion-regular-130719,,,,,,,,,,,,,,,,,,,,,,,,,https://ilercavonia.info/lovlory/imagenes-para-subir-125-productos/tenga/130719b.jpg,2,TENGA LOTION [Regular],,,,,,,,,,,,,,
tenga-lotion-regular-130719,,,,,,,,,,,,,,,,,,,,,,,,,https://ilercavonia.info/lovlory/imagenes-para-subir-125-productos/tenga/130719c.jpg,3,TENGA LOTION [Regular],,,,,,,,,,,,,,
tenga-original-vacuum-cup-extra-cool-130570,Tenga Original Vacuum Cup Extra Cool,"<p>Premium Tenga Original Vacuum Cup Extra Cool es un masturbador manual con un tubo interno de elastómero 1,5 veces más grueso que los Standard. Está fabricado de TPE/PE y su manga interior está compuesta por nódulos y anillos que proporcionan una potente estimulación. Es un masturbador desechable, sumergible y viene con lubricante mentolado para una gran sensación de frescor. Incorpora un sistema llamado Air Hole, un agujero que sirve para regular el aire proporcionando una sensación de succión. En la entrada del masturbador está incluido el Smooth Pad que tiene como función principal lubricar automáticamente desde el primer momento, aportar mayor adherencia y hermeticidad y reducir la pérdida de lubricante. Tiene aproximadamente 150 mm de largo (insertables) y 45 mm de ancho (insertables). Utilizar únicamente lubricante de base acuosa ya que los de base de silicona podrían dañar el producto. NO recomendado para principiantes, probar previamente la serie Cool. Características principales: Masturbador manual.Tubo interno de elastómero.Fabricado de TPE/PE.Manga interior con nódulos y anillos.Desechable.Sumergible.Lubricante mentolado.Sensación de frescor.Air Hole, para succión.Smooth Pad, lubrica automáticamente.Mayor adherencia y hermeticidad.Reduce la pérdida de lubricante. 150 mm largo (insertables).45 mm ancho (insertables).</p><ul><li><strong>Material:</strong> TPE/PE</li><li><strong>Dimensiones:</strong> 157 mm x 70 mm x 70 mm</li><li><strong>Ingredientes:</strong> Lubricante: Water, Propylene Glycol, Alcohol, PEG-40 Hydrogenated Castor Oil, Hydroxyethylcellulose, Phenoxyethanol, Menthol, Sodium Polyacrylate, Mentha Arvensis Leaf Oil, Methylparaben, Hydroxypropyl Cyclodextrin, Iodopropynyl Butylcarbamate</li></ul>",TENGA,,Masturbador masculino,"vendor-tenga, juguetes-eroticos, tipo-masturbador, novedad",false,Title,Default Title,,,,,130570,126,shopify,8,deny,manual,10,,true,true,4570030974993,https://ilercavonia.info/lovlory/imagenes-para-subir-125-productos/tenga/130570.jpg,1,Tenga Original Vacuum Cup Extra Cool,false,Tenga Original Vacuum Cup Extra Cool,"Premium Tenga Original Vacuum Cup Extra Cool es un masturbador manual con un tubo interno de elastómero 1,5 veces más grueso que los Standard. Está fabricado de TPE/PE y su manga interior está compuesta por nódulos y anillos que proporcionan una potente estimulación. Es un masturbador desechable, sumergible y viene con",,,adult,130570,new,false,,g,,5,draft
tenga-original-vacuum-cup-extra-cool-130570,,,,,,,,,,,,,,,,,,,,,,,,,https://ilercavonia.info/lovlory/imagenes-para-subir-125-productos/tenga/130570b.jpg,2,Tenga Original Vacuum Cup Extra Cool,,,,,,,,,,,,,,
tenga-original-vacuum-cup-extra-gentle-130469,TENGA ORIGINAL VACUUM CUP EXTRA GENTLE,"<p>Xtra Gentle es un masturbador manual para el pene muy ergonómico y con un diseño interno especialmente más suave y delicado que los estándar. Este masturbador proporciona suavidad y comodidad durante su uso, incorporando texturas de ligero relieve, suaves y poco pronunciadas. El orificio de entrada está compuesto por una almohadilla suave y lisa que aplica el lubricante desde el comienzo de la inserción, ofreciendo al mismo tiempo adherencia adicional, una menor pérdida de lubricante y una mayor hermeticidad. Se trata de un producto discreto, muy ligero y fácilmente transportable a cualquier lugar. Se adapta a la perfección a la anatomía de la mano para asegurar un agarre firme. Su interior está fabricado de TPE, muy suave y resbaladizo gracias al lubricante que tiene, envolviendo el pene con texturas. Incorpora un sistema llamado Air Hole, un agujero que sirve para regular el aire proporcionando una sensación de succión. Viene lubricado con lubricante suave a base de agua y está pensado para usarlo en una sola ocasión.Características principales: Masturbador para el pene.Manual.Su interior es más suave que los estándar.Interior delicado, con texturas muy suaves.Ergonómico.Con agujero que regula la succión del movimiento.Entrada compuesta por una almohadilla suave y lubricada. Discreto, ligero y transportable.Agarre firme.Interior fabricado de TPE.Pensado para ser desechado.</p>",TENGA,,Masturbador masculino,"vendor-tenga, juguetes-eroticos, tipo-masturbador, novedad",false,Title,Default Title,,,,,130469,,shopify,21,deny,manual,11,,true,true,4570030977871,https://ilercavonia.info/lovlory/imagenes-para-subir-125-productos/tenga/130469.jpg,1,TENGA ORIGINAL VACUUM CUP EXTRA GENTLE,false,TENGA ORIGINAL VACUUM CUP EXTRA GENTLE,"Xtra Gentle es un masturbador manual para el pene muy ergonómico y con un diseño interno especialmente más suave y delicado que los estándar. Este masturbador proporciona suavidad y comodidad durante su uso, incorporando texturas de ligero relieve, suaves y poco pronunciadas. El orificio de entrada está compuesto por u",,,adult,130469,new,false,,g,,5.5,draft
tenga-original-vacuum-cup-extra-strong-130470,TENGA ORIGINAL VACUUM CUP EXTRA STRONG,"<p>Xtra Strong es un masturbador manual para el pene muy ergonómico y con un diseño interno especialmente más ajustado y grueso que los estándar. Este masturbador proporciona estimulación a través de la presión durante su uso, incorporando texturas de relieve más estridentes y espiral apretada, consiguiendo un ajuste súper fuerte. El orificio de entrada está compuesto por una almohadilla suave y lisa que aplica el lubricante desde el comienzo de la inserción, ofreciendo al mismo tiempo adherencia adicional, una menor pérdida de lubricante y una mayor hermeticidad. Se trata de un producto discreto, muy ligero y fácilmente transportable a cualquier lugar. Se adapta a la perfección a la anatomía de la mano para asegurar un agarre firme. Su interior está fabricado de TPE, muy suave y resbaladizo gracias al lubricante que tiene, envolviendo el pene con texturas. Incorpora un sistema llamado Air Hole, un agujero que sirve para regular el aire proporcionando una sensación de succión. Viene lubricado con lubricante suave a base de agua y está pensado para usarlo en una sola ocasión.Características principales: Masturbador para el pene.Manual.Su interior es más estrecho que los estándar.Interior en forma de espiral muy apretada, con texturas estridentes y fuertes.Ergonómico.Con agujero que regula la succión del movimiento.Entrada compuesta por una almohadilla suave y lubricada.Discreto, ligero y transportable.Agarre firme.Interior fabricado de TPE.Pensado para ser desechado.</p><ul><li><strong>Material:</strong> TPE/PE/PU</li><li><strong>Color:</strong> Negro</li><li><strong>Dimensiones:</strong> 155 mm x 65 mm Ø</li></ul>",TENGA,,Masturbador masculino,"vendor-tenga, juguetes-eroticos, tipo-masturbador, novedad",false,Title,Default Title,,,,,130470,160,shopify,42,deny,manual,11,,true,true,4570030977888,https://ilercavonia.info/lovlory/imagenes-para-subir-125-productos/tenga/130470.jpg,1,TENGA ORIGINAL VACUUM CUP EXTRA STRONG,false,TENGA ORIGINAL VACUUM CUP EXTRA STRONG,"Xtra Strong es un masturbador manual para el pene muy ergonómico y con un diseño interno especialmente más ajustado y grueso que los estándar. Este masturbador proporciona estimulación a través de la presión durante su uso, incorporando texturas de relieve más estridentes y espiral apretada, consiguiendo un ajuste súpe",,,adult,130470,new,false,,g,,5.5,draft
tenga-puffy-custard-yellow-130595,TENGA PUFFY CUSTARD YELLOW,"<p>Tenga Puffy es un ocurrente masturbador manual para el pene con un diseño elegante, sofisticado y especialmente blando.Con una estética futurista, de color Amarillo, se trata de un masturbador fabricado en su interior de elastómero especialmente flexible, muy suave y blando, creando una sensación agradable durante de penetración. La carcasa lo hace realmente especial y diferente del resto, ya que es irresistiblemente esponjosa y ultrasuave, pudiendo apretar y regulando manualmente la presión durante la penetración.El material permite apretar, girar y agarrar con fuerza para variar la presión de la penetración a gusto del consumidor. En su interior encontramos texturas geométricas con diseño en espiral,   que forman una estructura interna muy dinámica y sensorial. Estos, envuelven el pene durante la penetración abrazándolo para una sensación más intensa. Formado por dos tapas que pueden retirarse para un cuidado más higiénico y preciso. Es reutilizable y fácil de limpiar. La tapa secundaria puede utilizarse como sistema de secado para  después de la limpieza. Un juguete realmente útil para el autoplacer o para jugar en compañía. Es muy importante combinar su uso con un lubricante a base de agua.Características principales:?Masturbador manual.?Color: Amarillo.? Textura interna: geométrica con diseño en espiral.  ?Diseño sofisticado, elegante y futurista.?Flexible y suave.?Especialmente blando y esponjoso.?Interior texturizado, punteado con protuberrancias estriadas.?Carcasa ultrasuave y estrujable.?Se puede ejercer la presión deseada.?Fácil de limpiar.?Posee sistema de secado fácil y cómodo.?Importante combinarlo con un lubricante a base de agua.</p><ul><li><strong>Color:</strong> Amarillo</li><li><strong>Dimensiones:</strong> 160 mm x 80 mm Ø</li><li><strong>Ingredientes:</strong> PC/ABS/POM/Elastomer/Silicona/Uretano</li></ul>",TENGA,,Masturbador masculino,"vendor-tenga, juguetes-eroticos, tipo-masturbador, novedad",false,Title,Default Title,,,,,130595,400,shopify,4,deny,manual,70,,true,true,4582655742932,https://ilercavonia.info/lovlory/imagenes-para-subir-125-productos/tenga/130595.jpg,1,TENGA PUFFY CUSTARD YELLOW,false,TENGA PUFFY CUSTARD YELLOW,"Tenga Puffy es un ocurrente masturbador manual para el pene con un diseño elegante, sofisticado y especialmente blando.Con una estética futurista, de color Amarillo, se trata de un masturbador fabricado en su interior de elastómero especialmente flexible, muy suave y blando, creando una sensación agradable durante de p",,,adult,130595,new,false,,g,,35,draft
tenga-puffy-custard-yellow-130595,,,,,,,,,,,,,,,,,,,,,,,,,https://ilercavonia.info/lovlory/imagenes-para-subir-125-productos/tenga/130595b.jpg,2,TENGA PUFFY CUSTARD YELLOW,,,,,,,,,,,,,,
tenga-puffy-custard-yellow-130595,,,,,,,,,,,,,,,,,,,,,,,,,https://ilercavonia.info/lovlory/imagenes-para-subir-125-productos/tenga/130595c.jpg,3,TENGA PUFFY CUSTARD YELLOW,,,,,,,,,,,,,,
tenga-puffy-custard-yellow-130595,,,,,,,,,,,,,,,,,,,,,,,,,https://ilercavonia.info/lovlory/imagenes-para-subir-125-productos/tenga/130595d.jpg,4,TENGA PUFFY CUSTARD YELLOW,,,,,,,,,,,,,,
tenga-puffy-custard-yellow-130595,,,,,,,,,,,,,,,,,,,,,,,,,https://ilercavonia.info/lovlory/imagenes-para-subir-125-productos/tenga/130595e.jpg,5,TENGA PUFFY CUSTARD YELLOW,,,,,,,,,,,,,,
tenga-puffy-latte-brown-130485,TENGA PUFFY LATTE BROWN,"<p>Tenga Puffy es un ocurrente masturbador manual para el pene con un diseño elegante, sofisticado y especialmente blando.Con una estética futurista, se trata de un masturbador fabricado en su interior de elastómero especialmente flexible, muy suave y blando, creando una sensación agradable durante de penetración. La carcasa lo hace realmente especial y diferente del resto, ya que es irresistiblemente esponjosa y ultrasuave, pudiendo apretar y regulando manualmente la presión durante la penetración.El material permite apretar, girar y agarrar con fuerza para variar la presión de la penetración a gusto del consumidor. En su interior encontramos texturas y estrías que forman una estructura interna muy dinámica y sensorial. Estos, envuelven el pene durante la penetración abrazándolo para una sensación más intensa. Formado por dos tapas que pueden retirarse para un cuidado más higiénico y preciso. Es reutilizable y fácil de limpiar. La tapa secundaria puede utilizarse como sistema de secado para  después de la limpieza. Un juguete realmente útil para el autoplacer o para jugar en compañía. Es muy importante combinar su uso con un lubricante a base de agua.Características principales:Masturbador manual.Diseño sofisticado, elegante y futurista.Flexible y suave.Especialmente blando y esponjoso.Interior texturizado.Carcasa ultrasuave y estrujable.Se puede ejercer la presión deseada.Fácil de limpiar.Posee sistema de secado fácil y cómodo.Importante combinarlo con un lubricante a base de agua.</p><ul><li><strong>Material:</strong> PC/ABS/POM/Elastomer/Silicona/Uretano</li><li><strong>Dimensiones:</strong> 160 mm x 80 mm Ø</li></ul>",TENGA,,Masturbador masculino,"vendor-tenga, juguetes-eroticos, tipo-masturbador, novedad",false,Title,Default Title,,,,,130485,400,shopify,17,deny,manual,70,,true,true,4570030977895,https://ilercavonia.info/lovlory/imagenes-para-subir-125-productos/tenga/130485.jpg,1,TENGA PUFFY LATTE BROWN,false,TENGA PUFFY LATTE BROWN,"Tenga Puffy es un ocurrente masturbador manual para el pene con un diseño elegante, sofisticado y especialmente blando.Con una estética futurista, se trata de un masturbador fabricado en su interior de elastómero especialmente flexible, muy suave y blando, creando una sensación agradable durante de penetración. La carc",,,adult,130485,new,false,,g,,35,draft
tenga-puffy-latte-brown-130485,,,,,,,,,,,,,,,,,,,,,,,,,https://ilercavonia.info/lovlory/imagenes-para-subir-125-productos/tenga/130485b.jpg,2,TENGA PUFFY LATTE BROWN,,,,,,,,,,,,,,
tenga-puffy-latte-brown-130485,,,,,,,,,,,,,,,,,,,,,,,,,https://ilercavonia.info/lovlory/imagenes-para-subir-125-productos/tenga/130485c.jpg,3,TENGA PUFFY LATTE BROWN,,,,,,,,,,,,,,
tenga-puffy-latte-brown-130485,,,,,,,,,,,,,,,,,,,,,,,,,https://ilercavonia.info/lovlory/imagenes-para-subir-125-productos/tenga/130485d.jpg,4,TENGA PUFFY LATTE BROWN,,,,,,,,,,,,,,
tenga-puffy-mint-green-130486,TENGA PUFFY MINT GREEN,"<p>Tenga Puffy es un ocurrente masturbador manual para el pene con un diseño elegante, sofisticado y especialmente blando.Con una estética futurista, se trata de un masturbador fabricado en su interior de elastómero especialmente flexible, muy suave y blando, creando una sensación agradable durante de penetración. La carcasa lo hace realmente especial y diferente del resto, ya que es irresistiblemente esponjosa y ultrasuave, pudiendo apretar y regulando manualmente la presión durante la penetración.El material permite apretar, girar y agarrar con fuerza para variar la presión de la penetración a gusto del consumidor. En su interior encontramos texturas y estrías que forman una estructura interna muy dinámica y sensorial. Estos, envuelven el pene durante la penetración abrazándolo para una sensación más intensa. Formado por dos tapas que pueden retirarse para un cuidado más higiénico y preciso. Es reutilizable y fácil de limpiar. La tapa secundaria puede utilizarse como sistema de secado para después de la limpieza.Un juguete realmente útil para el autoplacer o para jugar en compañía. Es muy importante combinar su uso con un lubricante a base de agua.Características principales:Masturbador manual.Diseño sofisticado, elegante y futurista.Flexible y suave.Especialmente blando y esponjoso.Interior texturizado.Carcasa ultrasuave y estrujable.Se puede ejercer la presión deseada.Fácil de limpiar.Posee sistema de secado fácil y cómodo.Importante combinarlo con un lubricante a base de agua.</p><ul><li><strong>Material:</strong> PC/ABS/POM/Elastomer/Silicona/Uretano</li><li><strong>Color:</strong> Turquesa</li><li><strong>Dimensiones:</strong> 160 mm x 80 mm Ø</li></ul>",TENGA,,Masturbador masculino,"vendor-tenga, juguetes-eroticos, tipo-masturbador, novedad",false,Title,Default Title,,,,,130486,400,shopify,15,deny,manual,70,,true,true,4570030977901,https://ilercavonia.info/lovlory/imagenes-para-subir-125-productos/tenga/130486.jpg,1,TENGA PUFFY MINT GREEN,false,TENGA PUFFY MINT GREEN,"Tenga Puffy es un ocurrente masturbador manual para el pene con un diseño elegante, sofisticado y especialmente blando.Con una estética futurista, se trata de un masturbador fabricado en su interior de elastómero especialmente flexible, muy suave y blando, creando una sensación agradable durante de penetración. La carc",,,adult,130486,new,false,,g,,35,draft
tenga-puffy-mint-green-130486,,,,,,,,,,,,,,,,,,,,,,,,,https://ilercavonia.info/lovlory/imagenes-para-subir-125-productos/tenga/130486b.jpg,2,TENGA PUFFY MINT GREEN,,,,,,,,,,,,,,
tenga-puffy-mint-green-130486,,,,,,,,,,,,,,,,,,,,,,,,,https://ilercavonia.info/lovlory/imagenes-para-subir-125-productos/tenga/130486c.jpg,3,TENGA PUFFY MINT GREEN,,,,,,,,,,,,,,
tenga-puffy-mint-green-130486,,,,,,,,,,,,,,,,,,,,,,,,,https://ilercavonia.info/lovlory/imagenes-para-subir-125-productos/tenga/130486d.jpg,4,TENGA PUFFY MINT GREEN,,,,,,,,,,,,,,
tenga-puffy-strawberry-pink-130596,TENGA PUFFY STRAWBERRY PINK,"<p>Tenga Puffy es un ocurrente masturbador manual para el pene con un diseño elegante, sofisticado y especialmente blando.Con una estética futurista, de color Rosa Fresa, se trata de un masturbador fabricado en su interior de elastómero especialmente flexible, muy suave y blando, creando una sensación agradable durante de penetración. La carcasa lo hace realmente especial y diferente del resto, ya que es irresistiblemente esponjosa y ultra suave, pudiendo apretar y regulando manualmente la presión durante la penetración.El material permite apretar, girar y agarrar con fuerza para variar la presión de la penetración a gusto del consumidor. En su interior encontramos texturas punteadas con protuberancias estriadas que forman una estructura interna muy dinámica y sensorial. Estos, envuelven el pene durante la penetración abrazándolo para una sensación más intensa. Formado por dos tapas que pueden retirarse para un cuidado más higiénico y preciso. Es reutilizable y fácil de limpiar. La tapa secundaria puede utilizarse como sistema de secado para  después de la limpieza. Un juguete realmente útil para el autoplacer o para jugar en compañía. Es muy importante combinar su uso con un lubricante a base de agua.Características principales:?Masturbador manual.?Color: Rosa Fresa.?Diseño sofisticado, elegante y futurista.?Flexible y suave.?Especialmente blando y esponjoso.?Interior texturizado, punteado con protuberrancias estriadas.?Carcasa ultrasuave y estrujable.?Se puede ejercer la presión deseada.?Fácil de limpiar.?Posee sistema de secado fácil y cómodo.?Importante combinarlo con un lubricante a base de agua.</p><ul><li><strong>Color:</strong> Rosa Fresa</li><li><strong>Dimensiones:</strong> 160 mm x 80 mm Ø</li><li><strong>Ingredientes:</strong> PC/ABS/POM/Elastomer/Silicona/Uretano</li></ul>",TENGA,,Masturbador masculino,"vendor-tenga, juguetes-eroticos, tipo-masturbador, novedad",false,Title,Default Title,,,,,130596,400,shopify,15,deny,manual,70,,true,true,4582655742949,https://ilercavonia.info/lovlory/imagenes-para-subir-125-productos/tenga/130596.jpg,1,TENGA PUFFY STRAWBERRY PINK,false,TENGA PUFFY STRAWBERRY PINK,"Tenga Puffy es un ocurrente masturbador manual para el pene con un diseño elegante, sofisticado y especialmente blando.Con una estética futurista, de color Rosa Fresa, se trata de un masturbador fabricado en su interior de elastómero especialmente flexible, muy suave y blando, creando una sensación agradable durante de",,,adult,130596,new,false,,g,,35,draft
tenga-puffy-strawberry-pink-130596,,,,,,,,,,,,,,,,,,,,,,,,,https://ilercavonia.info/lovlory/imagenes-para-subir-125-productos/tenga/130596b.jpg,2,TENGA PUFFY STRAWBERRY PINK,,,,,,,,,,,,,,
tenga-puffy-strawberry-pink-130596,,,,,,,,,,,,,,,,,,,,,,,,,https://ilercavonia.info/lovlory/imagenes-para-subir-125-productos/tenga/130596c.jpg,3,TENGA PUFFY STRAWBERRY PINK,,,,,,,,,,,,,,
tenga-puffy-strawberry-pink-130596,,,,,,,,,,,,,,,,,,,,,,,,,https://ilercavonia.info/lovlory/imagenes-para-subir-125-productos/tenga/130596d.jpg,4,TENGA PUFFY STRAWBERRY PINK,,,,,,,,,,,,,,
tenga-puffy-strawberry-pink-130596,,,,,,,,,,,,,,,,,,,,,,,,,https://ilercavonia.info/lovlory/imagenes-para-subir-125-productos/tenga/130596e.jpg,5,TENGA PUFFY STRAWBERRY PINK,,,,,,,,,,,,,,
tenga-puffy-sugar-white-130487,TENGA PUFFY SUGAR WHITE,"<p>Tenga Puffy es un ocurrente masturbador manual para el pene con un diseño elegante, sofisticado y especialmente blando.Con una estética futurista, se trata de un masturbador fabricado en su interior de elastómero especialmente flexible, muy suave y blando, creando una sensación agradable durante de penetración. La carcasa lo hace realmente especial y diferente del resto, ya que es irresistiblemente esponjosa y ultrasuave, pudiendo apretar y regulando manualmente la presión durante la penetración.El material permite apretar, girar y agarrar con fuerza para variar la presión de la penetración a gusto del consumidor. En su interior encontramos texturas y estrías que forman una estructura interna muy dinámica y sensorial. Estos, envuelven el pene durante la penetración abrazándolo para una sensación más intensa. Formado por dos tapas que pueden retirarse para un cuidado más higiénico y preciso. Es reutilizable y fácil de limpiar. La tapa secundaria puede utilizarse como sistema de secado para después de la limpieza.Un juguete realmente útil para el autoplacer o para jugar en compañía. Es muy importante combinar su uso con un lubricante a base de agua.Características principales:Masturbador manual.Diseño sofisticado, elegante y futurista.Flexible y suave.Especialmente blando y esponjoso.Interior texturizado.Carcasa ultrasuave y estrujable.Se puede ejercer la presión deseada.Fácil de limpiar.Posee sistema de secado fácil y cómodo.Importante combinarlo con un lubricante a base de agua.</p><ul><li><strong>Material:</strong> PC/ABS/POM/Elastomer/Silicona/Uretano</li><li><strong>Color:</strong> Blanco</li><li><strong>Dimensiones:</strong> 160 mm x 80 mm Ø</li></ul>",TENGA,,Masturbador masculino,"vendor-tenga, juguetes-eroticos, tipo-masturbador, novedad",false,Title,Default Title,,,,,130487,400,shopify,11,deny,manual,70,,true,true,4570030977918,https://ilercavonia.info/lovlory/imagenes-para-subir-125-productos/tenga/130487.jpg,1,TENGA PUFFY SUGAR WHITE,false,TENGA PUFFY SUGAR WHITE,"Tenga Puffy es un ocurrente masturbador manual para el pene con un diseño elegante, sofisticado y especialmente blando.Con una estética futurista, se trata de un masturbador fabricado en su interior de elastómero especialmente flexible, muy suave y blando, creando una sensación agradable durante de penetración. La carc",,,adult,130487,new,false,,g,,35,draft
tenga-puffy-sugar-white-130487,,,,,,,,,,,,,,,,,,,,,,,,,https://ilercavonia.info/lovlory/imagenes-para-subir-125-productos/tenga/130487b.jpg,2,TENGA PUFFY SUGAR WHITE,,,,,,,,,,,,,,
tenga-puffy-sugar-white-130487,,,,,,,,,,,,,,,,,,,,,,,,,https://ilercavonia.info/lovlory/imagenes-para-subir-125-productos/tenga/130487c.jpg,3,TENGA PUFFY SUGAR WHITE,,,,,,,,,,,,,,
tenga-puffy-sugar-white-130487,,,,,,,,,,,,,,,,,,,,,,,,,https://ilercavonia.info/lovlory/imagenes-para-subir-125-productos/tenga/130487d.jpg,4,TENGA PUFFY SUGAR WHITE,,,,,,,,,,,,,,
tenga-spinner-beads-130554,Tenga Spinner Beads,"<p>Spinner 05 Beads es un masturbador fabricado en elastómero y carcasa de Polipropileno.    Tiene una bobina interna completamente novedosa, hace que el Spinner gire mientras lo insertas, enviando una sensación única e increíble con cada golpe. Su diseño interior es una esferas variadas y alternas, en forma de cuentas continuas grandes y pequeñas que generan una estimulación rítmica. Beads te proporcionará sensaciones inigualables con cada movimiento que realices, es muy flexible y se adapta a cualquier tipo de pene (Longitud de inserción 17 cm y anchura de inserción 5,5 cm).    Dispone de una forma ergonómica que te asegurará un agarre perfecto para disfrutar del Spinner cada vez que te apetezca. Es un masturbador reutilizable y muy fácil de limpiar. Un poco de agua tibia y jabón con PH neutro, además su estuche si retiras la tapa inferior, encontrarás una estructura práctica que funciona para dejar secar el masturbador y una vez secado, taparlo y guardarlo en un lugar seco y lejos de la luz solar.    Cada modelo de Tenga Spinner tiene una estructura interior completamente diferente para brindarte sensaciones realmente exclusivas, con distintos materiales de dureza dependiendo de la experiencia brindada.    Características Principales:        Fabricado en elastómero y carcasa de Polipropileno.    Bobina interna novedosa.    Mientras que el Spinner gira, envía una sensación única e increíble en cada golpe.    Diseño interior con esferas variadas y alternas.    Forma de cuentas continuas grandes y pequeñas que generan una estimulación rítmica.    Se adapta a cualquier tipo de pene.    Longitud de inserción 17 cm y anchura de inserción 5,5 cm.    Forma ergonómica para un agarre perfecto.    Reutilizable y fácil de limpiar.    Tapa inferior diseñada para dejar secar el masturbador después de cada uso.</p><ul><li><strong>Material:</strong> Carcasa: PP, PS, PE.

Producto: Elastómero.</li><li><strong>Color:</strong> Rojo</li><li><strong>Dimensiones:</strong> 45 mm (Ancho) x 45 mm (Largo) x 130 mm (Alto)</li></ul>",TENGA,,Masturbador masculino,"vendor-tenga, juguetes-eroticos, tipo-masturbador, novedad",false,Title,Default Title,,,,,130554,131,shopify,8,deny,manual,24,,true,true,4570030970971,https://ilercavonia.info/lovlory/imagenes-para-subir-125-productos/tenga/130554.jpg,1,Tenga Spinner Beads,false,Tenga Spinner Beads,"Spinner 05 Beads es un masturbador fabricado en elastómero y carcasa de Polipropileno. Tiene una bobina interna completamente novedosa, hace que el Spinner gire mientras lo insertas, enviando una sensación única e increíble con cada golpe. Su diseño interior es una esferas variadas y alternas, en forma de cuentas conti",,,adult,130554,new,false,,g,,12,draft
tenga-spinner-beads-130554,,,,,,,,,,,,,,,,,,,,,,,,,https://ilercavonia.info/lovlory/imagenes-para-subir-125-productos/tenga/130554b.jpg,2,Tenga Spinner Beads,,,,,,,,,,,,,,
tenga-spinner-beads-130554,,,,,,,,,,,,,,,,,,,,,,,,,https://ilercavonia.info/lovlory/imagenes-para-subir-125-productos/tenga/130554c.jpg,3,Tenga Spinner Beads,,,,,,,,,,,,,,
tenga-spinner-brick-130555,Tenga Spinner Brick,"<p>Spinner 06 Brick es un masturbador fabricado en elastómero y carcasa de Polipropileno.       Tiene una bobina interna completamente novedosa, hace que el Spinner gire mientras lo insertas, enviando una sensación única e increíble con cada golpe. Su diseño interior es un espiral de azulejos audaces e impactantes, con forma de rugoso bloques con bordes de impacto fuertes y firmes. Brick te proporcionará sensaciones inigualables con cada movimiento que realices, es muy flexible y se adapta a cualquier tipo de pene (Longitud de inserción 17 cm y anchura de inserción 5,5 cm).       Dispone de una forma ergonómica que te asegurará un agarre perfecto para disfrutar del Spinner cada vez que te apetezca. Es un masturbador reutilizable y muy fácil de limpiar. Un poco de agua tibia y jabón con PH neutro, además su estuche si retiras la tapa inferior, encontrarás una estructura práctica que funciona para dejar secar el masturbador y una vez secado, taparlo y guardarlo en un lugar seco y lejos de la luz solar.       Cada modelo de Tenga Spinner tiene una estructura interior completamente diferente para brindarte sensaciones realmente exclusivas, con distintos materiales de dureza dependiendo de la experiencia brindada.      Características Principales:                   Fabricado en elastómero y carcasa de Polipropileno.       Bobina interna novedosa.       Mientras que el Spinner gira, envía una sensación única e increíble en cada golpe.       Diseño en espiral de azulejos audaces e impactantes.       Forma de rugoso bloques con bordes de impacto fuertes y firmes.       Se adapta a cualquier tipo de pene.       Longitud de inserción 17 cm y anchura de inserción 5,5 cm.       Forma ergonómica para un agarre perfecto.       Reutilizable y fácil de limpiar.       Tapa inferior diseñada para dejar secar el masturbador después de cada uso.</p><ul><li><strong>Material:</strong> Carcasa: PP, PS, PE.

Producto: Elastómero.</li><li><strong>Color:</strong> Negro</li><li><strong>Dimensiones:</strong> 45 mm (Ancho) x 45 mm (Largo) x 130 mm (Alto)</li></ul>",TENGA,,Masturbador masculino,"vendor-tenga, juguetes-eroticos, tipo-masturbador, novedad",false,Title,Default Title,,,,,130555,131,shopify,0,deny,manual,24,,true,true,4570030970988,https://ilercavonia.info/lovlory/imagenes-para-subir-125-productos/tenga/130555.jpg,1,Tenga Spinner Brick,false,Tenga Spinner Brick,"Spinner 06 Brick es un masturbador fabricado en elastómero y carcasa de Polipropileno. Tiene una bobina interna completamente novedosa, hace que el Spinner gire mientras lo insertas, enviando una sensación única e increíble con cada golpe. Su diseño interior es un espiral de azulejos audaces e impactantes, con forma de",,,adult,130555,new,false,,g,,12,draft
tenga-spinner-brick-130555,,,,,,,,,,,,,,,,,,,,,,,,,https://ilercavonia.info/lovlory/imagenes-para-subir-125-productos/tenga/130555b.jpg,2,Tenga Spinner Brick,,,,,,,,,,,,,,
tenga-spinner-brick-130555,,,,,,,,,,,,,,,,,,,,,,,,,https://ilercavonia.info/lovlory/imagenes-para-subir-125-productos/tenga/130555c.jpg,3,Tenga Spinner Brick,,,,,,,,,,,,,,
tenga-spinner-dx-01-drops-130801,TENGA SPINNER DX 01 DROPS,"<p>TENGA SPINNER DX es un masturbador diseñado para ofrecer sensaciones giratorias únicas y una experiencia de placer lujosa.Su innovador diseño incorpora un 40 % más de elastómero respecto al modelo original, creando texturas que se adaptan a todos los tamaños y proporcionan estímulos versátiles e intensos.Flexible pero con la firmeza justa, ofrece una agradable sensación esponjosa al contacto, estimulando con cada giro y movimiento. Además, es reutilizable y muy fácil de limpiar. Para una mayor higiene, se recomienda utilizar el soporte de secado.Para disfrutar de una experiencia óptima, se aconseja usarlo con lubricante a base de agua. El producto incluye una muestra de TENGA Lotion Regular (10 ml), para empezar a disfrutarlo desde el primer momento.Características principales:? Masturbador con diseño giratorio.? Incorpora un 40 % más de elastómero respecto al original.? Textura adaptable a todos los tamaños.? Sensación esponjosa y envolvente al contacto.? Flexible pero con la firmeza ideal para una estimulación intensa.? Estimula en cada giro y movimiento.? Reutilizable y fácil de limpiar.? Recomendado el uso del soporte de secado.? Compatible con lubricantes a base de agua.? Incluye muestra de TENGA Lotion Regular (10 ml).</p><ul><li><strong>Dimensiones:</strong> 130 mm × 58 mm × 58 mm</li><li><strong>Ingredientes:</strong> Elastómero</li></ul>",TENGA,,Masturbador masculino,"vendor-tenga, juguetes-eroticos, tipo-masturbador, novedad",false,Title,Default Title,,,,,130801,206,shopify,0,deny,manual,28,,true,true,4582655746077,https://ilercavonia.info/lovlory/imagenes-para-subir-125-productos/tenga/130801.jpg,1,TENGA SPINNER DX 01 DROPS,false,TENGA SPINNER DX 01 DROPS,"TENGA SPINNER DX es un masturbador diseñado para ofrecer sensaciones giratorias únicas y una experiencia de placer lujosa.Su innovador diseño incorpora un 40 % más de elastómero respecto al modelo original, creando texturas que se adaptan a todos los tamaños y proporcionan estímulos versátiles e intensos.Flexible pero ",,,adult,130801,new,false,,g,,14,draft
tenga-spinner-dx-01-drops-130801,,,,,,,,,,,,,,,,,,,,,,,,,https://ilercavonia.info/lovlory/imagenes-para-subir-125-productos/tenga/130801b.jpg,2,TENGA SPINNER DX 01 DROPS,,,,,,,,,,,,,,
tenga-spinner-dx-01-drops-130801,,,,,,,,,,,,,,,,,,,,,,,,,https://ilercavonia.info/lovlory/imagenes-para-subir-125-productos/tenga/130801c.jpg,3,TENGA SPINNER DX 01 DROPS,,,,,,,,,,,,,,
tenga-spinner-dx-02-bumps-130802,TENGA SPINNER DX 02 BUMPS,"<p>TENGA SPINNER DX es un masturbador diseñado para ofrecer sensaciones giratorias únicas y una experiencia de placer lujosa.Su innovador diseño incorpora un 40 % más de elastómero respecto al modelo original, creando texturas que se adaptan a todos los tamaños y proporcionan estímulos versátiles e intensos.Flexible pero con la firmeza justa, ofrece una agradable sensación esponjosa al contacto, estimulando con cada giro y movimiento. Además, es reutilizable y muy fácil de limpiar. Para una mayor higiene, se recomienda utilizar el soporte de secado.Para disfrutar de una experiencia óptima, se aconseja usarlo con lubricante a base de agua. El producto incluye una muestra de TENGA Lotion Regular (10 ml), para empezar a disfrutarlo desde el primer momento.Características principales:? Masturbador con diseño giratorio.? Incorpora un 40 % más de elastómero respecto al original.? Textura adaptable a todos los tamaños.? Sensación esponjosa y envolvente al contacto.? Flexible pero con la firmeza ideal para una estimulación intensa.? Estimula en cada giro y movimiento.? Reutilizable y fácil de limpiar.? Recomendado el uso del soporte de secado.? Compatible con lubricantes a base de agua.? Incluye muestra de TENGA Lotion Regular (10 ml).</p><ul><li><strong>Dimensiones:</strong> 130 mm × 58 mm × 58 mm</li><li><strong>Ingredientes:</strong> Elastómero</li></ul>",TENGA,,Masturbador masculino,"vendor-tenga, juguetes-eroticos, tipo-masturbador, novedad",false,Title,Default Title,,,,,130802,206,shopify,0,deny,manual,28,,true,true,4582655746084,https://ilercavonia.info/lovlory/imagenes-para-subir-125-productos/tenga/130802.jpg,1,TENGA SPINNER DX 02 BUMPS,false,TENGA SPINNER DX 02 BUMPS,"TENGA SPINNER DX es un masturbador diseñado para ofrecer sensaciones giratorias únicas y una experiencia de placer lujosa.Su innovador diseño incorpora un 40 % más de elastómero respecto al modelo original, creando texturas que se adaptan a todos los tamaños y proporcionan estímulos versátiles e intensos.Flexible pero ",,,adult,130802,new,false,,g,,14,draft
tenga-spinner-dx-02-bumps-130802,,,,,,,,,,,,,,,,,,,,,,,,,https://ilercavonia.info/lovlory/imagenes-para-subir-125-productos/tenga/130802b.jpg,2,TENGA SPINNER DX 02 BUMPS,,,,,,,,,,,,,,
tenga-spinner-dx-03-steps-130803,TENGA SPINNER DX 03 STEPS,"<p>TENGA SPINNER DX es un masturbador diseñado para ofrecer sensaciones giratorias únicas y una experiencia de placer lujosa.Su innovador diseño incorpora un 40 % más de elastómero respecto al modelo original, creando texturas que se adaptan a todos los tamaños y proporcionan estímulos versátiles e intensos.Flexible pero con la firmeza justa, ofrece una agradable sensación esponjosa al contacto, estimulando con cada giro y movimiento. Además, es reutilizable y muy fácil de limpiar. Para una mayor higiene, se recomienda utilizar el soporte de secado.Para disfrutar de una experiencia óptima, se aconseja usarlo con lubricante a base de agua. El producto incluye una muestra de TENGA Lotion Regular (10 ml), para empezar a disfrutarlo desde el primer momento.Características principales:? Masturbador con diseño giratorio.? Incorpora un 40 % más de elastómero respecto al original.? Textura adaptable a todos los tamaños.? Sensación esponjosa y envolvente al contacto.? Flexible pero con la firmeza ideal para una estimulación intensa.? Estimula en cada giro y movimiento.? Reutilizable y fácil de limpiar.? Recomendado el uso del soporte de secado.? Compatible con lubricantes a base de agua.? Incluye muestra de TENGA Lotion Regular (10 ml).</p><ul><li><strong>Dimensiones:</strong> 130 mm × 58 mm × 58 mm</li><li><strong>Ingredientes:</strong> Elastómero</li></ul>",TENGA,,Masturbador masculino,"vendor-tenga, juguetes-eroticos, tipo-masturbador, novedad",false,Title,Default Title,,,,,130803,206,shopify,0,deny,manual,28,,true,true,4582655746091,https://ilercavonia.info/lovlory/imagenes-para-subir-125-productos/tenga/130803.jpg,1,TENGA SPINNER DX 03 STEPS,false,TENGA SPINNER DX 03 STEPS,"TENGA SPINNER DX es un masturbador diseñado para ofrecer sensaciones giratorias únicas y una experiencia de placer lujosa.Su innovador diseño incorpora un 40 % más de elastómero respecto al modelo original, creando texturas que se adaptan a todos los tamaños y proporcionan estímulos versátiles e intensos.Flexible pero ",,,adult,130803,new,false,,g,,14,draft
tenga-spinner-dx-03-steps-130803,,,,,,,,,,,,,,,,,,,,,,,,,https://ilercavonia.info/lovlory/imagenes-para-subir-125-productos/tenga/130803b.jpg,2,TENGA SPINNER DX 03 STEPS,,,,,,,,,,,,,,
tenga-spinner-pixel-130553,Tenga Spinner Pixel,"<p>Spinner 04 Pixel es un masturbador fabricado en elastómero y carcasa de Polipropileno.     Tiene una bobina interna completamente novedosa, hace que el Spinner gire mientras lo insertas, enviando una sensación única e increíble con cada golpe. Su diseño interior es un hélice de nodos delicados y envolventes, en forma de costillas delicadas con estructura de escalón y borde de espiral muy agradable. Pixel te proporcionará sensaciones inigualables con cada movimiento que realices, es muy flexible y se adapta a cualquier tipo de pene (Longitud de inserción 17 cm y anchura de inserción 5,5 cm).     Dispone de una forma ergonómica que te asegurará un agarre perfecto para disfrutar del Spinner cada vez que te apetezca. Es un masturbador reutilizable y muy fácil de limpiar. Un poco de agua tibia y jabón con PH neutro, además su estuche si retiras la tapa inferior, encontrarás una estructura práctica que funciona para dejar secar el masturbador y una vez secado, taparlo y guardarlo en un lugar seco y lejos de la luz solar.     Cada modelo de Tenga Spinner tiene una estructura interior completamente diferente para brindarte sensaciones realmente exclusivas, con distintos materiales de dureza dependiendo de la experiencia brindada.    Características Principales:- Fabricado en elastómero y carcasa de Polipropileno.- Bobina interna novedosa.- Mientras que el Spinner gira, envía una sensación única e increíble en cada golpe.- Diseño interior con hélice de nodos delicados y envolventes.- Forma de costillas con estructura de escalón y borde en espiral muy agradable.- Se adapta a cualquier tipo de pene.- Longitud de inserción 17 cm y anchura de inserción 5,5 cm.- Forma ergonómica para un agarre perfecto.- Reutilizable y fácil de limpiar.- Tapa inferior diseñada para dejar secar el masturbador después de cada uso.</p><ul><li><strong>Material:</strong> Carcasa: PP, PS, PE.

Producto: Elastómero.</li><li><strong>Color:</strong> Azul</li><li><strong>Dimensiones:</strong> 45 mm (Ancho) x 45 mm (Largo) x 130 mm (Alto)</li></ul>",TENGA,,Masturbador masculino,"vendor-tenga, juguetes-eroticos, tipo-masturbador, novedad",false,Title,Default Title,,,,,130553,131,shopify,0,deny,manual,24,,true,true,4570030970964,https://ilercavonia.info/lovlory/imagenes-para-subir-125-productos/tenga/130553.jpg,1,Tenga Spinner Pixel,false,Tenga Spinner Pixel,"Spinner 04 Pixel es un masturbador fabricado en elastómero y carcasa de Polipropileno. Tiene una bobina interna completamente novedosa, hace que el Spinner gire mientras lo insertas, enviando una sensación única e increíble con cada golpe. Su diseño interior es un hélice de nodos delicados y envolventes, en forma de co",,,adult,130553,new,false,,g,,12,draft
tenga-spinner-pixel-130553,,,,,,,,,,,,,,,,,,,,,,,,,https://ilercavonia.info/lovlory/imagenes-para-subir-125-productos/tenga/130553b.jpg,2,Tenga Spinner Pixel,,,,,,,,,,,,,,
tenga-spinner-pixel-130553,,,,,,,,,,,,,,,,,,,,,,,,,https://ilercavonia.info/lovlory/imagenes-para-subir-125-productos/tenga/130553c.jpg,3,Tenga Spinner Pixel,,,,,,,,,,,,,,
tenga-svr-canyon-yellow-130454,TENGA SVR -CANYON YELLOW-,"<p>TENGA SVR CANYON YELLOW es una anilla vibradora de edición limitada diseñada para presionar el pene y estimular con potentes vibraciones el clítoris durante el coito, de manera simultanea. Fabricada en agradable silicona y ABS, una anilla muy elástica que se adapta perfectamente a gran variedad de penes, ejerciendo así un poco de presión para potenciar las erecciones y intensificar el momento de la eyaculación. Es muy discreta e ideal para llevar a cualquier lugar con el práctico estuche que incluye. Posee un único botón de control y una bala vibradora que abarca gran espacio para estimular. Es recargable con cable USB (incluido), totalmente resistente al agua y muy fácil de limpiar. Posee un total de 2 patrones de vibración y 5 intensidades, pasando por la más suave a la más estridente. Su tiempo de carga es de aprox. 60 min y su tiempo de uso aprox. 60 min, a máxima potencia. Se recomienda usar un poco de lubricante a base de agua para facilitar la fricción. No se recomienda llevar puesto más de 30 min seguidos.Características principales: Anilla vibradora.Edición limitada. Diseñada para presionar el pene y estimular el clítoris. Estimula de manera simultanea. Potentes vibraciones. Fabricado en silicona y ABS. Muy elástica y se adapta muy bien. Intensifica la eyaculación. Discreta e ideal para viajar con ella.Incluye un estuche de almacenamiento.Único botón de control.Recargable con cable USB (incluido). Resistente al agua. Fácil de limpiar. T. carga: 60 min. T. uso: 60 min.</p><ul><li><strong>Batería:</strong> Recargable cable USB (incluido)</li><li><strong>Material:</strong> Silicona/ABS</li><li><strong>Color:</strong> Amarillo</li><li><strong>Dimensiones:</strong> 90 mm x 38 mm x 16 mm</li></ul>",TENGA,,Masturbador masculino,"vendor-tenga, juguetes-eroticos, tipo-masturbador, novedad",false,Title,Default Title,,,,,130454,25,shopify,20,deny,manual,69,,true,true,4570030971022,https://ilercavonia.info/lovlory/imagenes-para-subir-125-productos/tenga/130454.jpg,1,TENGA SVR -CANYON YELLOW-,false,TENGA SVR -CANYON YELLOW-,"TENGA SVR CANYON YELLOW es una anilla vibradora de edición limitada diseñada para presionar el pene y estimular con potentes vibraciones el clítoris durante el coito, de manera simultanea. Fabricada en agradable silicona y ABS, una anilla muy elástica que se adapta perfectamente a gran variedad de penes, ejerciendo así",,,adult,130454,new,false,,g,,34.5,draft
tenga-svr-canyon-yellow-130454,,,,,,,,,,,,,,,,,,,,,,,,,https://ilercavonia.info/lovlory/imagenes-para-subir-125-productos/tenga/130454b.jpg,2,TENGA SVR -CANYON YELLOW-,,,,,,,,,,,,,,
tenga-svr-canyon-yellow-130454,,,,,,,,,,,,,,,,,,,,,,,,,https://ilercavonia.info/lovlory/imagenes-para-subir-125-productos/tenga/130454c.jpg,3,TENGA SVR -CANYON YELLOW-,,,,,,,,,,,,,,
tenga-svr-canyon-yellow-130454,,,,,,,,,,,,,,,,,,,,,,,,,https://ilercavonia.info/lovlory/imagenes-para-subir-125-productos/tenga/130454d.jpg,4,TENGA SVR -CANYON YELLOW-,,,,,,,,,,,,,,
tenga-svr-one-blue-130465,TENGA SVR ONE - BLUE,"<p>SVR One es una anilla en forma de C con vibración pensada para presionar la base del pene, potenciando así las erecciones y, durante el coito, estimular de manera simultánea el clítoris. Con un diseño discreto y futurista, muy ligero y alargado, para una estimulación adicional. Es muy versátil, ya que no solamente sirve como juguete para estimular dos personas simultáneamente, sino que también puede usarse como vibrador para zonas externas acomodándose a la anatomía de la mano, colocando los dedos en la anilla y direccionando de manera sencilla la vibración. La anilla es en forma de C, no cerrándose del todo adaptándose así a la base del pene más cómodamente y liberándolo más fácilmente. Un producto muy asequible, sencillo y muy funcional. Fabricado en TPE suave, un material no muy elástico pero lo suficiente para adaptarse y ejercer presión. Con un único botón de control, muy intuitivo y fácil de usar. Es resistente a salpicaduras, muy fácil de limpiar e incluye dos pilas LR44. Su tiempo de uso puede ser hasta los 60 minutos. Se recomienda utilizar lubricante a base de agua para mejorar la colocación y hacer la experiencia mucho más agradable.Características principales: Anilla con vibración para el pene.Con forma de C.Para estimular de manera simultánea durante el coito.Útil también para acomodar entre los dedos y estimular zonas erógenas.Discreto, futurista y muy ligero.Versátil.No se cierra completamente, de tal manera que es más fácil para liberar.Fabricado en suave TPE.No muy elástico, pero se adapta bien.Un único botón de control.Resistente a salpicaduras.Incluye dos pilas LR44.T. de uso: 60 minutos.</p><ul><li><strong>Dimensiones:</strong> 86 mm x 38 mm x 20 mm</li></ul>",TENGA,,Masturbador masculino,"vendor-tenga, juguetes-eroticos, tipo-masturbador, novedad",false,Title,Default Title,,,,,130465,,shopify,40,deny,manual,20,,true,true,4570030975976,https://ilercavonia.info/lovlory/imagenes-para-subir-125-productos/tenga/130465.jpg,1,TENGA SVR ONE - BLUE,false,TENGA SVR ONE - BLUE,"SVR One es una anilla en forma de C con vibración pensada para presionar la base del pene, potenciando así las erecciones y, durante el coito, estimular de manera simultánea el clítoris. Con un diseño discreto y futurista, muy ligero y alargado, para una estimulación adicional. Es muy versátil, ya que no solamente sirv",,,adult,130465,new,false,,g,,10,draft
tenga-svr-one-blue-130465,,,,,,,,,,,,,,,,,,,,,,,,,https://ilercavonia.info/lovlory/imagenes-para-subir-125-productos/tenga/130465b.jpg,2,TENGA SVR ONE - BLUE,,,,,,,,,,,,,,
tenga-svr-one-blue-130465,,,,,,,,,,,,,,,,,,,,,,,,,https://ilercavonia.info/lovlory/imagenes-para-subir-125-productos/tenga/130465c.jpg,3,TENGA SVR ONE - BLUE,,,,,,,,,,,,,,
tenga-svr-one-blue-130465,,,,,,,,,,,,,,,,,,,,,,,,,https://ilercavonia.info/lovlory/imagenes-para-subir-125-productos/tenga/130465d.jpg,4,TENGA SVR ONE - BLUE,,,,,,,,,,,,,,
tenga-svr-one-blue-130465,,,,,,,,,,,,,,,,,,,,,,,,,https://ilercavonia.info/lovlory/imagenes-para-subir-125-productos/tenga/130465e.jpg,5,TENGA SVR ONE - BLUE,,,,,,,,,,,,,,
tenga-svr-one-gray-130466,TENGA SVR ONE - GRAY,"<p>SVR One es una anilla en forma de C con vibración pensada para presionar la base del pene, potenciando así las erecciones y, durante el coito, estimular de manera simultánea el clítoris. Con un diseño discreto y futurista, muy ligero y alargado, para una estimulación adicional. Es muy versátil, ya que no solamente sirve como juguete para estimular dos personas simultáneamente, sino que también puede usarse como vibrador para zonas externas acomodándose a la anatomía de la mano, colocando los dedos en la anilla y direccionando de manera sencilla la vibración. La anilla es en forma de C, no cerrándose del todo adaptándose así a la base del pene más cómodamente y liberándolo más fácilmente. Un producto muy asequible, sencillo y muy funcional. Fabricado en TPE suave, un material no muy elástico pero lo suficiente para adaptarse y ejercer presión. Con un único botón de control, muy intuitivo y fácil de usar. Es resistente a salpicaduras, muy fácil de limpiar e incluye dos pilas LR44. Su tiempo de uso puede ser hasta los 60 minutos. Se recomienda utilizar lubricante a base de agua para mejorar la colocación y hacer la experiencia mucho más agradable.Características principales: Anilla con vibración para el pene.Con forma de C.Para estimular de manera simultánea durante el coito.Útil también para acomodar entre los dedos y estimular zonas erógenas.Discreto, futurista y muy ligero.Versátil.No se cierra completamente, de tal manera que es más fácil para liberar.Fabricado en suave TPE.No muy elástico, pero se adapta bien. Un único botón de control.Resistente a salpicaduras.Incluye dos pilas LR44.T. de uso: 60 minutos.</p>",TENGA,,Masturbador masculino,"vendor-tenga, juguetes-eroticos, tipo-masturbador, novedad",false,Title,Default Title,,,,,130466,,shopify,40,deny,manual,20,,true,true,4570030975983,https://ilercavonia.info/lovlory/imagenes-para-subir-125-productos/tenga/130466.jpg,1,TENGA SVR ONE - GRAY,false,TENGA SVR ONE - GRAY,"SVR One es una anilla en forma de C con vibración pensada para presionar la base del pene, potenciando así las erecciones y, durante el coito, estimular de manera simultánea el clítoris. Con un diseño discreto y futurista, muy ligero y alargado, para una estimulación adicional. Es muy versátil, ya que no solamente sirv",,,adult,130466,new,false,,g,,10,draft
tenga-svr-one-gray-130466,,,,,,,,,,,,,,,,,,,,,,,,,https://ilercavonia.info/lovlory/imagenes-para-subir-125-productos/tenga/130466b.jpg,2,TENGA SVR ONE - GRAY,,,,,,,,,,,,,,
tenga-svr-one-gray-130466,,,,,,,,,,,,,,,,,,,,,,,,,https://ilercavonia.info/lovlory/imagenes-para-subir-125-productos/tenga/130466c.jpg,3,TENGA SVR ONE - GRAY,,,,,,,,,,,,,,
tenga-svr-one-gray-130466,,,,,,,,,,,,,,,,,,,,,,,,,https://ilercavonia.info/lovlory/imagenes-para-subir-125-productos/tenga/130466d.jpg,4,TENGA SVR ONE - GRAY,,,,,,,,,,,,,,
tenga-svr-one-gray-130466,,,,,,,,,,,,,,,,,,,,,,,,,https://ilercavonia.info/lovlory/imagenes-para-subir-125-productos/tenga/130466e.jpg,5,TENGA SVR ONE - GRAY,,,,,,,,,,,,,,
tenga-vacuum-controller-130464,TENGA VACUUM CONTROLLER,"<p>Vacuum Controller es un controlador de vacío de alta potencia para añadir un efecto de succión extra a los masturbadores Tenga. Se trata de un aparato en color negro que se encaja en la parte superior de los masturbadores, donde se encuentra el agujero que manualmente ayuda a crear una leve sensación de vacío al cubrirse con el dedo. Es muy importante que a la hora de usar el Vacuum Controller este agujero quede destapado con el sello retirado. El Vacuum Controller ayuda a incrementar y regular el vacío creando así una sensacion más explosiva de succión durante la masturbación, regulando también la presión que abraza el pene durante la penetración. Incluye un adaptador regular para las series Original Vacuum CUP, Original Vacuum CUP Cool Edition, Keith Haring × TENGA Original Vacuum CUP y un adaptador Ultra Size para la serie U.S. Original Vacuum CUP. Es ideal para el uso a manos libres y muy fácil de controlar gracias a su botón de vacío y a su botón de liberación de presión. Requiere de 4 pilas AAA (no incluidas) y la unidad de control está fabricada de PC, ABS y los adaptadores de ABS y elastomero. Resulta muy práctico y el complemento perfecto para la serie de masturbadores de Tenga.Características principales:Controlador de la presión del vacío para masturbadores.Añade efecto de succión intensa controlada a la masturbación. Compatible con: Original Vacuum CUP, Original Vacuum CUP Cool Edition, Keith Haring × TENGA Original Vacuum CUP y U.S. Original Vacuum CUP.Muy práctico.Se encaja en la parte superior.Cubre el agujero de vacío.Incluye dos adaptadores: el Regular y el Ultra Size.Requiere de 4 pilas AAA (no incluidas).Apto para el uso de manos libres.Dos botones de control.Fabricado en PC, ABS (unidad de control) y ABS, elastomero (adaptadores).</p><ul><li><strong>Batería:</strong> Negro</li><li><strong>Material:</strong> Unidad de control: PC, ABS/Adaptadores: ABS, elastomero.</li></ul>",TENGA,,Masturbador masculino,"vendor-tenga, juguetes-eroticos, tipo-masturbador, novedad",false,Title,Default Title,,,,,130464,,shopify,17,deny,manual,90,,true,true,4560220554678,https://ilercavonia.info/lovlory/imagenes-para-subir-125-productos/tenga/130464.jpg,1,TENGA VACUUM CONTROLLER,false,TENGA VACUUM CONTROLLER,"Vacuum Controller es un controlador de vacío de alta potencia para añadir un efecto de succión extra a los masturbadores Tenga. Se trata de un aparato en color negro que se encaja en la parte superior de los masturbadores, donde se encuentra el agujero que manualmente ayuda a crear una leve sensación de vacío al cubrir",,,adult,130464,new,false,,g,,45,draft
tenga-vacuum-controller-130464,,,,,,,,,,,,,,,,,,,,,,,,,https://ilercavonia.info/lovlory/imagenes-para-subir-125-productos/tenga/130464b.jpg,2,TENGA VACUUM CONTROLLER,,,,,,,,,,,,,,
tenga-vacuum-controller-130464,,,,,,,,,,,,,,,,,,,,,,,,,https://ilercavonia.info/lovlory/imagenes-para-subir-125-productos/tenga/130464c.jpg,3,TENGA VACUUM CONTROLLER,,,,,,,,,,,,,,
tenga-vacuum-gyro-roller-130594,TENGA VACUUM GYRO ROLLER,"<p>El TENGA VACUUM GYRO ROLLER es un innovador succionador (CUP) combinado con un accesorio (VACUUM GYRO ROLLER) giratorio que ofrece una experiencia extraordinaria de placer.Este dispositivo incorpora un girosensor que permite una rotación controlada, fusionando una potente succión con una estimulación giratoria precisa y envolvente.Cuenta con 2 intensidades de vacío y 4 modos de vacio rítmico, cuya intensidad aumenta según el ángulo de inclinación durante el uso, adaptándose dinámicamente al movimiento.El pack incluye 1 CUP, pero existen varios modelos intercambiables, diseñados específicamente para acoplarse al sistema. Esta variedad permite personalizar la experiencia según las preferencias de cada usuario.El VACUUM GYRO ROLLER es recargable por USB-C, el CUP es reutilizable y muy fácil de limpiar.Ideal tanto para el autoplacer como para juegos en pareja.Para una experiencia óptima, se recomienda el uso de lubricante a base de agua. Incluye una loción lubricante para mayor comodidad y placer desde el primer uso.Características principales:? Tecnología de rotación con girosensor.?  Succión potente y dinámica.?  Estímulo inteligente y envolvente.?  CUPs intercambiables.?  Recargable por USB-C.?  Reutilizable y fácil de limpiar.?  Incluye loción lubricante a base de agua.?  Ideal para uso individual o en pareja.</p><ul><li><strong>Batería:</strong> USB-C</li><li><strong>Color:</strong> Negro y rojo</li><li><strong>Dimensiones:</strong> 210 mm × 100 mm × 230 mm</li><li><strong>Ingredientes:</strong> ABS, PC, Thermoplastic Elastomer (TPE), Li-ion Battery</li></ul>",TENGA,,Masturbador masculino,"vendor-tenga, juguetes-eroticos, tipo-masturbador, novedad",false,Title,Default Title,,,,,130594,530,shopify,2,deny,manual,330,,true,true,4582655740914,https://ilercavonia.info/lovlory/imagenes-para-subir-125-productos/tenga/130594.jpg,1,TENGA VACUUM GYRO ROLLER,false,TENGA VACUUM GYRO ROLLER,"El TENGA VACUUM GYRO ROLLER es un innovador succionador (CUP) combinado con un accesorio (VACUUM GYRO ROLLER) giratorio que ofrece una experiencia extraordinaria de placer.Este dispositivo incorpora un girosensor que permite una rotación controlada, fusionando una potente succión con una estimulación giratoria precisa ",,,adult,130594,new,false,,g,,165,draft
tenga-vacuum-gyro-roller-130594,,,,,,,,,,,,,,,,,,,,,,,,,https://ilercavonia.info/lovlory/imagenes-para-subir-125-productos/tenga/130594b.jpg,2,TENGA VACUUM GYRO ROLLER,,,,,,,,,,,,,,
tenga-vacuum-gyro-roller-130594,,,,,,,,,,,,,,,,,,,,,,,,,https://ilercavonia.info/lovlory/imagenes-para-subir-125-productos/tenga/130594c.jpg,3,TENGA VACUUM GYRO ROLLER,,,,,,,,,,,,,,
tenga-vacuum-gyro-roller-130594,,,,,,,,,,,,,,,,,,,,,,,,,https://ilercavonia.info/lovlory/imagenes-para-subir-125-productos/tenga/130594d.jpg,4,TENGA VACUUM GYRO ROLLER,,,,,,,,,,,,,,
u-s-original-vacuum-cup-130456,U.S. ORIGINAL VACUUM CUP,"<p>US Tenga Original es un masturbador manual para el pene con un diseño muy ergonómico y de tamaño especialmente más grande que el Tenga Original estándar. Ideal para aquellos penes de tamaño más alargado/ancho de la estándar. Se trata de un producto muy ligero y fácilmente transportable a cualquier lugar. Se adapta a la perfección a la anatomía de la mano para asegurar un agarre firme. Su interior está fabricado de TPE, muy suave y resbaladizo gracias al lubricante que tiene, envolviendo el pene con texturas. Posee un orificio en la parte superior que, al mantenerla tapada con el dedo, crea el vacío haciendo que la masturbación cree un efecto succión realmente agradable y placentero. Viene lubricado con lubricante suave a base de agua y está pensado para usarlo en una sola ocasión. Características principales: Masturbador manual.Diseño ergonómico y ligero.De tamaño más grande.Ideal para penes más largos/anchos que la medida estándar.Muy fácil de transportar.Agarre firme. Fabricado internamente en TPE.Con texturas que envuelven el pene.Orificio superior para regular la intensidad de succión durante el movimiento.Viene lubricado.Diseñado para usarse una vez.</p><ul><li><strong>Material:</strong> PE/PU/TPE

Lubricante: Agua, glicerina, poliacrilato de sodio, fenoxietanol, hidroxietilcelulosa, metilparabeno, hidroxipropil ciclodextrina, EDTA-2Na, IPBC.</li><li><strong>Dimensiones:</strong> 180 mm x 75 mm x 75 mm</li></ul>",TENGA,,Masturbador masculino,"vendor-tenga, juguetes-eroticos, tipo-masturbador, novedad",false,Title,Default Title,,,,,130456,,shopify,31,deny,manual,11,,true,true,4570030976430,https://ilercavonia.info/lovlory/imagenes-para-subir-125-productos/tenga/130456.jpg,1,U.S. ORIGINAL VACUUM CUP,false,U.S. ORIGINAL VACUUM CUP,US Tenga Original es un masturbador manual para el pene con un diseño muy ergonómico y de tamaño especialmente más grande que el Tenga Original estándar. Ideal para aquellos penes de tamaño más alargado/ancho de la estándar. Se trata de un producto muy ligero y fácilmente transportable a cualquier lugar. Se adapta a la,,,adult,130456,new,false,,g,,5.5,draft
u-s-original-vacuum-cup-130456,,,,,,,,,,,,,,,,,,,,,,,,,https://ilercavonia.info/lovlory/imagenes-para-subir-125-productos/tenga/130456b.jpg,2,U.S. ORIGINAL VACUUM CUP,,,,,,,,,,,,,,
u-s-original-vacuum-cup-130456,,,,,,,,,,,,,,,,,,,,,,,,,https://ilercavonia.info/lovlory/imagenes-para-subir-125-productos/tenga/130456c.jpg,3,U.S. ORIGINAL VACUUM CUP,,,,,,,,,,,,,,
u-s-original-vacuum-cup-130456,,,,,,,,,,,,,,,,,,,,,,,,,https://ilercavonia.info/lovlory/imagenes-para-subir-125-productos/tenga/130456d.jpg,4,U.S. ORIGINAL VACUUM CUP,,,,,,,,,,,,,,
u-s-original-vacuum-cup-gentle-130457,U.S. ORIGINAL VACUUM CUP GENTLE,"<p>US Tenga Original Gentle es un masturbador manual para el pene con un diseño muy ergonómico y de tamaño especialmente más grande que el Tenga Original estándar. Ideal para aquellos penes de tamaño más alargado/ancho de la estándar. Se trata de un producto muy ligero y fácilmente transportable a cualquier lugar. Se adapta a la perfección a la anatomía de la mano para asegurar un agarre firme. Su interior está fabricado de TPE, muy blando y resbaladizo gracias al lubricante que tiene, envolviendo el pene con texturas especialmente suaves. Posee un orificio en la parte superior que, al mantenerla tapada con el dedo, crea el vacío haciendo que la masturbación cree un efecto succión realmente agradable y placentero. Viene lubricado con lubricante suave a base de agua y está pensado para usarlo en una sola ocasión. Características principales: Masturbador manual.Diseño ergonómico y ligero.De tamaño más grande.Ideal para penes más largos/anchos que la medida estándar.Muy fácil de transportar.Agarre firme.Fabricado internamente en TPE.Con texturas muy suaves que envuelven el pene. Orificio superior para regular la intensidad de succión durante el movimiento.Viene lubricado.Diseñado para usarse una vez.</p><ul><li><strong>Material:</strong> PE/PU/TPE

Lubricante: Agua, glicerina, poliacrilato de sodio, fenoxietanol, hidroxietilcelulosa, metilparabeno, hidroxipropil ciclodextrina, EDTA-2Na, IPBC</li><li><strong>Dimensiones:</strong> 180 mm x 75 mm x 75 mm</li></ul>",TENGA,,Masturbador masculino,"vendor-tenga, juguetes-eroticos, tipo-masturbador, novedad",false,Title,Default Title,,,,,130457,,shopify,38,deny,manual,12,,true,true,4570030976447,https://ilercavonia.info/lovlory/imagenes-para-subir-125-productos/tenga/130457.jpg,1,U.S. ORIGINAL VACUUM CUP GENTLE,false,U.S. ORIGINAL VACUUM CUP GENTLE,US Tenga Original Gentle es un masturbador manual para el pene con un diseño muy ergonómico y de tamaño especialmente más grande que el Tenga Original estándar. Ideal para aquellos penes de tamaño más alargado/ancho de la estándar. Se trata de un producto muy ligero y fácilmente transportable a cualquier lugar. Se adap,,,adult,130457,new,false,,g,,6,draft
u-s-original-vacuum-cup-gentle-130457,,,,,,,,,,,,,,,,,,,,,,,,,https://ilercavonia.info/lovlory/imagenes-para-subir-125-productos/tenga/130457b.jpg,2,U.S. ORIGINAL VACUUM CUP GENTLE,,,,,,,,,,,,,,
u-s-original-vacuum-cup-gentle-130457,,,,,,,,,,,,,,,,,,,,,,,,,https://ilercavonia.info/lovlory/imagenes-para-subir-125-productos/tenga/130457c.jpg,3,U.S. ORIGINAL VACUUM CUP GENTLE,,,,,,,,,,,,,,
u-s-original-vacuum-cup-gentle-130457,,,,,,,,,,,,,,,,,,,,,,,,,https://ilercavonia.info/lovlory/imagenes-para-subir-125-productos/tenga/130457d.jpg,4,U.S. ORIGINAL VACUUM CUP GENTLE,,,,,,,,,,,,,,
u-s-original-vacuum-cup-strong-130458,U.S. ORIGINAL VACUUM CUP STRONG,"<p>US Tenga Original Strong es un masturbador manual para el pene con un diseño muy ergonómico y de tamaño especialmente más grande que el Tenga Original estándar. Ideal para aquellos penes de tamaño más alargado/ancho de la estándar. Se trata de un producto muy ligero y fácilmente transportable a cualquier lugar. Se adapta a la perfección a la anatomía de la mano para asegurar un agarre firme. Su interior está fabricado de TPE, muy suave y resbaladizo gracias al lubricante que tiene, envolviendo el pene con texturas intensas. Posee un orificio en la parte superior que, al mantenerla tapada con el dedo, crea el vacío haciendo que la masturbación cree un efecto succión realmente agradable y placentero. Viene lubricado con lubricante suave a base de agua y está pensado para usarlo en una sola ocasión. Características principales: Masturbador manual.Diseño ergonómico y ligero.De tamaño más grande.Ideal para penes más largos/anchos que la medida estándar.Muy fácil de transportar.Agarre firme. Fabricado internamente en TPE.Con texturas intensas que envuelven el pene. Orificio superior para regular la intensidad de succión durante el movimiento.Viene lubricado.Diseñado para usarse una vez.</p><ul><li><strong>Material:</strong> PE/PU/TPE

Lubricante: Agua, glicerina, poliacrilato de sodio, fenoxietanol, hidroxietilcelulosa, metilparabeno, hidroxipropil ciclodextrina, EDTA-2Na, IPBC.</li><li><strong>Dimensiones:</strong> 180 mm x 75 mm x 75 mm</li></ul>",TENGA,,Masturbador masculino,"vendor-tenga, juguetes-eroticos, tipo-masturbador, novedad",false,Title,Default Title,,,,,130458,,shopify,37,deny,manual,12,,true,true,4570030976454,https://ilercavonia.info/lovlory/imagenes-para-subir-125-productos/tenga/130458.jpg,1,U.S. ORIGINAL VACUUM CUP STRONG,false,U.S. ORIGINAL VACUUM CUP STRONG,US Tenga Original Strong es un masturbador manual para el pene con un diseño muy ergonómico y de tamaño especialmente más grande que el Tenga Original estándar. Ideal para aquellos penes de tamaño más alargado/ancho de la estándar. Se trata de un producto muy ligero y fácilmente transportable a cualquier lugar. Se adap,,,adult,130458,new,false,,g,,6,draft
u-s-original-vacuum-cup-strong-130458,,,,,,,,,,,,,,,,,,,,,,,,,https://ilercavonia.info/lovlory/imagenes-para-subir-125-productos/tenga/130458b.jpg,2,U.S. ORIGINAL VACUUM CUP STRONG,,,,,,,,,,,,,,
u-s-original-vacuum-cup-strong-130458,,,,,,,,,,,,,,,,,,,,,,,,,https://ilercavonia.info/lovlory/imagenes-para-subir-125-productos/tenga/130458c.jpg,3,U.S. ORIGINAL VACUUM CUP STRONG,,,,,,,,,,,,,,
u-s-original-vacuum-cup-strong-130458,,,,,,,,,,,,,,,,,,,,,,,,,https://ilercavonia.info/lovlory/imagenes-para-subir-125-productos/tenga/130458d.jpg,4,U.S. ORIGINAL VACUUM CUP STRONG,,,,,,,,,,,,,,
